user,day,usb_connect_count,usb_disconnect_count,usb_after_hours_count,usb_weekend_count,usb_unique_pcs,usb_file_transfer_ratio
AAB1302,2010-01-02,7,7,2,14,1,0.875
AAB1302,2010-01-04,7,7,0,0,1,0.875
AAB1302,2010-01-05,7,7,4,0,1,0.875
AAB1302,2010-01-06,9,9,3,0,1,0.9
AAB1302,2010-01-07,8,8,0,0,1,0.8888888888888888
AAB1302,2010-01-08,9,9,2,0,1,0.9
AAB1302,2010-01-09,7,7,5,14,1,0.875
AAB1302,2010-01-11,7,7,0,0,1,0.875
AAB1302,2010-01-12,8,7,2,0,1,0.8888888888888888
AAB1302,2010-01-13,8,8,3,0,1,0.8888888888888888
AAB1302,2010-01-14,8,8,0,0,1,0.8888888888888888
AAB1302,2010-01-15,7,7,4,0,1,0.875
AAB1302,2010-01-17,8,8,4,16,1,0.8888888888888888
AAB1302,2010-01-18,9,9,5,0,1,0.9
AAB1302,2010-01-19,8,8,2,0,1,0.8888888888888888
AAB1302,2010-01-20,9,9,5,0,1,0.9
AAB1302,2010-01-21,9,9,2,0,1,0.9
AAB1302,2010-01-22,7,7,4,0,1,0.875
AAB1302,2010-01-25,7,7,0,0,1,0.875
AAB1302,2010-01-26,8,8,5,0,1,0.8888888888888888
AAB1302,2010-01-27,7,7,2,0,1,0.875
AAB1302,2010-01-28,7,7,3,0,1,0.875
AAB1302,2010-01-29,6,6,0,0,1,0.8571428571428571
AAB1302,2010-01-30,9,9,0,18,1,0.9
AAB1302,2010-02-01,1,0,0,0,1,0.5
AAB1762,2010-01-04,1,1,0,0,1,0.5
AAB1762,2010-01-05,1,1,0,0,1,0.5
AAB1762,2010-01-06,1,1,0,0,1,0.5
AAB1762,2010-01-07,1,1,0,0,1,0.5
AAB1762,2010-01-11,1,1,0,0,1,0.5
AAB1762,2010-01-12,1,1,0,0,1,0.5
AAB1762,2010-01-13,1,1,0,0,1,0.5
AAB1762,2010-01-14,3,3,0,0,1,0.75
AAB1762,2010-01-15,2,2,0,0,1,0.6666666666666666
AAB1762,2010-01-19,3,3,2,0,1,0.75
AAB1762,2010-01-20,1,1,0,0,1,0.5
AAB1762,2010-01-22,1,1,1,0,1,0.5
AAB1762,2010-01-25,1,1,0,0,1,0.5
AAB1762,2010-01-27,1,1,0,0,1,0.5
AAB1762,2010-01-28,1,1,0,0,1,0.5
AAO1919,2010-01-08,1,1,0,0,1,0.5
AAO1919,2010-01-11,1,1,0,0,1,0.5
AAO1919,2010-01-12,1,1,0,0,1,0.5
AAO1919,2010-01-15,1,1,2,0,1,0.5
AAO1919,2010-01-18,1,1,0,0,1,0.5
AAO1919,2010-01-21,2,2,2,0,1,0.6666666666666666
AAO1919,2010-01-22,1,1,0,0,1,0.5
AAO1919,2010-01-25,1,1,0,0,1,0.5
AAO1919,2010-01-27,1,1,0,0,1,0.5
AAW0952,2010-01-04,1,1,0,0,1,0.5
AAW0952,2010-01-08,1,1,0,0,1,0.5
AAW0952,2010-01-12,1,1,0,0,1,0.5
AAW0952,2010-01-13,1,1,0,0,1,0.5
AAW0952,2010-01-15,1,1,0,0,1,0.5
AAW0952,2010-01-22,2,2,0,0,1,0.6666666666666666
AAW0952,2010-01-25,1,1,0,0,1,0.5
ABB0019,2010-01-04,9,9,0,0,1,0.9
ABB0019,2010-01-05,9,9,0,0,1,0.9
ABB0019,2010-01-06,6,5,0,0,1,0.8571428571428571
ABB0019,2010-01-07,9,9,0,0,1,0.9
ABB0019,2010-01-08,7,7,0,0,1,0.875
ABB0019,2010-01-11,6,6,0,0,1,0.8571428571428571
ABB0019,2010-01-12,9,9,0,0,1,0.9
ABB0019,2010-01-13,9,9,0,0,1,0.9
ABB0019,2010-01-14,6,6,0,0,1,0.8571428571428571
ABB0019,2010-01-15,8,8,0,0,1,0.8888888888888888
ABB0019,2010-01-18,8,7,0,0,1,0.8888888888888888
ABB0019,2010-01-19,8,8,0,0,1,0.8888888888888888
ABB0019,2010-01-20,9,9,0,0,1,0.9
ABB0019,2010-01-21,8,8,0,0,1,0.8888888888888888
ABB0019,2010-01-22,9,9,0,0,1,0.9
ABB0019,2010-01-25,9,9,0,0,1,0.9
ABB0019,2010-01-26,6,6,0,0,1,0.8571428571428571
ABB0019,2010-01-27,8,8,0,0,1,0.8888888888888888
ABB0019,2010-01-28,9,9,0,0,1,0.9
ABB0019,2010-01-29,6,6,0,0,1,0.8571428571428571
ABC1881,2010-01-04,2,2,0,0,1,0.6666666666666666
ABC1881,2010-01-08,1,1,0,0,1,0.5
ABC1881,2010-01-20,1,1,0,0,1,0.5
ABC1881,2010-01-22,2,2,0,0,1,0.6666666666666666
ABC1881,2010-01-28,1,1,0,0,1,0.5
ABC1881,2010-01-30,1,1,0,2,1,0.5
ADH0153,2010-01-04,10,10,0,0,1,0.9090909090909091
ADH0153,2010-01-05,7,7,0,0,1,0.875
ADH0153,2010-01-06,8,8,0,0,1,0.8888888888888888
ADH0153,2010-01-07,9,9,0,0,1,0.9
ADH0153,2010-01-08,8,8,1,0,1,0.8888888888888888
ADH0153,2010-01-11,9,9,0,0,1,0.9
ADH0153,2010-01-12,8,8,3,0,1,0.8888888888888888
ADH0153,2010-01-13,9,9,0,0,1,0.9
ADH0153,2010-01-14,9,9,0,0,1,0.9
ADH0153,2010-01-15,9,9,0,0,1,0.9
ADH0153,2010-01-18,8,8,0,0,1,0.8888888888888888
ADH0153,2010-01-19,9,9,0,0,1,0.9
ADH0153,2010-01-20,9,9,0,0,1,0.9
ADH0153,2010-01-21,9,9,0,0,1,0.9
ADH0153,2010-01-22,9,9,0,0,1,0.9
ADH0153,2010-01-25,9,9,0,0,1,0.9
ADH0153,2010-01-26,8,8,0,0,1,0.8888888888888888
ADH0153,2010-01-27,8,8,0,0,1,0.8888888888888888
ADH0153,2010-01-28,9,8,0,0,1,0.9
ADH0153,2010-01-29,8,8,0,0,1,0.8888888888888888
ADH0153,2010-02-01,1,1,0,0,1,0.5
AEG0962,2010-01-03,1,1,0,2,1,0.5
AEG0962,2010-01-05,1,1,0,0,1,0.5
AEG0962,2010-01-06,1,1,0,0,1,0.5
AEG0962,2010-01-07,2,2,0,0,1,0.6666666666666666
AEG0962,2010-01-11,1,1,0,0,1,0.5
AEG0962,2010-01-13,1,1,0,0,1,0.5
AEG0962,2010-01-17,1,1,0,2,1,0.5
AEG0962,2010-01-20,2,2,0,0,1,0.6666666666666666
AEG0962,2010-01-22,2,2,0,0,1,0.6666666666666666
AEG0962,2010-01-23,1,1,0,2,1,0.5
AEG0962,2010-01-25,1,1,0,0,1,0.5
AES1373,2010-01-04,3,3,0,0,1,0.75
AES1373,2010-01-05,3,3,0,0,1,0.75
AES1373,2010-01-06,2,2,0,0,1,0.6666666666666666
AES1373,2010-01-07,2,2,0,0,1,0.6666666666666666
AES1373,2010-01-08,3,3,0,0,1,0.75
AES1373,2010-01-11,2,2,0,0,1,0.6666666666666666
AES1373,2010-01-13,2,2,0,0,1,0.6666666666666666
AES1373,2010-01-18,2,2,1,0,1,0.6666666666666666
AES1373,2010-01-19,2,2,0,0,1,0.6666666666666666
AES1373,2010-01-20,1,1,0,0,1,0.5
AES1373,2010-01-21,1,1,0,0,1,0.5
AES1373,2010-01-22,1,1,0,0,1,0.5
AES1373,2010-01-25,1,1,0,0,1,0.5
AES1373,2010-01-26,2,2,0,0,1,0.6666666666666666
AES1373,2010-01-28,3,3,1,0,1,0.75
AES1373,2010-01-29,1,1,0,0,1,0.5
AES1373,2010-02-01,1,1,0,0,1,0.5
AFL1759,2010-01-05,1,1,1,0,1,0.5
AFL1759,2010-01-06,3,3,0,0,1,0.75
AFL1759,2010-01-07,1,1,0,0,1,0.5
AFL1759,2010-01-08,1,1,0,0,1,0.5
AFL1759,2010-01-11,3,3,0,0,1,0.75
AFL1759,2010-01-12,2,2,2,0,1,0.6666666666666666
AFL1759,2010-01-13,2,2,2,0,1,0.6666666666666666
AFL1759,2010-01-14,2,2,1,0,1,0.6666666666666666
AFL1759,2010-01-15,1,1,0,0,1,0.5
AFL1759,2010-01-19,1,1,0,0,1,0.5
AFL1759,2010-01-20,1,1,0,0,1,0.5
AFL1759,2010-01-21,2,2,1,0,1,0.6666666666666666
AFL1759,2010-01-25,1,1,0,0,1,0.5
AFL1759,2010-01-26,1,1,0,0,1,0.5
AFL1759,2010-01-29,2,2,1,0,1,0.6666666666666666
AGW1389,2010-01-04,1,1,0,0,1,0.5
AGW1389,2010-01-05,1,1,0,0,1,0.5
AGW1389,2010-01-06,1,1,0,0,1,0.5
AGW1389,2010-01-07,1,1,0,0,1,0.5
AGW1389,2010-01-11,1,1,0,0,1,0.5
AGW1389,2010-01-12,1,1,0,0,1,0.5
AGW1389,2010-01-13,2,2,0,0,1,0.6666666666666666
AGW1389,2010-01-14,1,1,0,0,1,0.5
AGW1389,2010-01-15,3,3,0,0,1,0.75
AGW1389,2010-01-18,2,2,0,0,1,0.6666666666666666
AGW1389,2010-01-19,2,2,0,0,1,0.6666666666666666
AGW1389,2010-01-20,2,2,0,0,1,0.6666666666666666
AGW1389,2010-01-21,1,1,0,0,1,0.5
AGW1389,2010-01-22,1,1,2,0,1,0.5
AGW1389,2010-01-27,1,1,0,0,1,0.5
AGW1389,2010-01-28,3,3,0,0,1,0.75
AGW1389,2010-01-29,1,1,0,0,1,0.5
AJH0724,2010-01-04,2,2,0,0,1,0.6666666666666666
AJH0724,2010-01-05,2,2,0,0,1,0.6666666666666666
AJH0724,2010-01-06,1,1,0,0,1,0.5
AJH0724,2010-01-07,1,1,0,0,1,0.5
AJH0724,2010-01-08,2,2,0,0,1,0.6666666666666666
AJH0724,2010-01-11,3,3,0,0,1,0.75
AJH0724,2010-01-12,3,3,0,0,1,0.75
AJH0724,2010-01-13,3,3,0,0,1,0.75
AJH0724,2010-01-14,2,2,0,0,1,0.6666666666666666
AJH0724,2010-01-15,2,2,0,0,1,0.6666666666666666
AJH0724,2010-01-18,3,3,0,0,1,0.75
AJH0724,2010-01-19,4,4,0,0,1,0.8
AJH0724,2010-01-20,3,3,0,0,1,0.75
AJH0724,2010-01-21,2,2,1,0,1,0.6666666666666666
AJH0724,2010-01-22,1,1,0,0,1,0.5
AJH0724,2010-01-25,2,2,0,0,1,0.6666666666666666
AJH0724,2010-01-26,2,2,0,0,1,0.6666666666666666
AJH0724,2010-01-27,1,1,0,0,1,0.5
AJH0724,2010-01-28,3,3,0,0,1,0.75
AJH0724,2010-01-29,3,3,0,0,1,0.75
AKS0448,2010-01-04,3,3,0,0,1,0.75
AKS0448,2010-01-05,4,4,0,0,1,0.8
AKS0448,2010-01-06,2,2,0,0,1,0.6666666666666666
AKS0448,2010-01-07,1,1,0,0,1,0.5
AKS0448,2010-01-08,1,1,0,0,1,0.5
AKS0448,2010-01-11,3,3,0,0,1,0.75
AKS0448,2010-01-12,3,3,0,0,1,0.75
AKS0448,2010-01-13,2,2,0,0,1,0.6666666666666666
AKS0448,2010-01-14,4,4,0,0,1,0.8
AKS0448,2010-01-15,2,2,0,0,1,0.6666666666666666
AKS0448,2010-01-18,2,1,0,0,1,0.6666666666666666
AKS0448,2010-01-19,4,4,0,0,1,0.8
AKS0448,2010-01-20,4,4,0,0,1,0.8
AKS0448,2010-01-21,4,4,0,0,1,0.8
AKS0448,2010-01-22,3,3,0,0,1,0.75
AKS0448,2010-01-25,1,1,0,0,1,0.5
AKS0448,2010-01-26,2,2,0,0,1,0.6666666666666666
AKS0448,2010-01-27,2,2,0,0,1,0.6666666666666666
AKS0448,2010-01-29,3,3,0,0,1,0.75
AKS0448,2010-02-01,1,0,0,0,1,0.5
AKS0586,2010-01-02,1,1,0,2,1,0.5
AKS0586,2010-01-03,1,1,0,2,1,0.5
AKS0586,2010-01-04,1,1,0,0,1,0.5
AKS0586,2010-01-05,2,2,0,0,1,0.6666666666666666
AKS0586,2010-01-06,1,1,0,0,1,0.5
AKS0586,2010-01-09,2,2,0,4,1,0.6666666666666666
AKS0586,2010-01-11,1,1,1,0,1,0.5
AKS0586,2010-01-12,1,1,0,0,1,0.5
AKS0586,2010-01-13,1,1,2,0,1,0.5
AKS0586,2010-01-14,1,1,0,0,1,0.5
AKS0586,2010-01-15,1,1,0,0,1,0.5
AKS0586,2010-01-16,3,3,0,6,1,0.75
AKS0586,2010-01-18,1,1,0,0,1,0.5
AKS0586,2010-01-19,1,1,0,0,1,0.5
AKS0586,2010-01-20,1,0,0,0,1,0.5
AKS0586,2010-01-21,2,2,0,0,1,0.6666666666666666
AKS0586,2010-01-22,1,1,0,0,1,0.5
AKS0586,2010-01-23,1,1,0,2,1,0.5
AKS0586,2010-01-24,2,2,0,4,1,0.6666666666666666
AKS0586,2010-01-25,1,1,0,0,1,0.5
AKS0586,2010-01-26,2,2,0,0,1,0.6666666666666666
AKS0586,2010-01-27,1,1,0,0,1,0.5
AKS0586,2010-01-29,3,3,1,0,1,0.75
AKS0586,2010-01-31,2,2,0,4,1,0.6666666666666666
AMG1628,2010-01-05,1,1,0,0,1,0.5
AMG1628,2010-01-06,1,1,0,0,1,0.5
AMG1628,2010-01-07,2,2,2,0,1,0.6666666666666666
AMG1628,2010-01-13,1,1,0,0,1,0.5
AMG1628,2010-01-14,1,1,0,0,1,0.5
AMG1628,2010-01-15,3,3,0,0,1,0.75
AMG1628,2010-01-18,1,1,0,0,1,0.5
AMG1628,2010-01-19,1,1,0,0,1,0.5
AMG1628,2010-01-20,1,1,0,0,1,0.5
AMG1628,2010-01-21,2,2,0,0,1,0.6666666666666666
AMG1628,2010-01-22,1,1,0,0,1,0.5
AMG1628,2010-01-26,2,2,2,0,1,0.6666666666666666
AMG1628,2010-01-27,3,3,0,0,1,0.75
AMG1628,2010-01-29,1,1,0,0,1,0.5
AML0268,2010-01-04,1,1,2,0,1,0.5
AML0268,2010-01-05,3,3,4,0,3,0.75
AML0268,2010-01-06,1,1,2,0,1,0.5
AML0268,2010-01-07,2,2,0,0,2,0.6666666666666666
AML0268,2010-01-08,2,2,4,0,2,0.6666666666666666
AML0268,2010-01-11,1,1,2,0,1,0.5
AML0268,2010-01-12,2,2,4,0,2,0.6666666666666666
AML0268,2010-01-13,2,2,2,0,2,0.6666666666666666
AML0268,2010-01-14,4,4,8,0,4,0.8
AML0268,2010-01-15,5,5,10,0,5,0.8333333333333334
AML0268,2010-01-18,2,2,4,0,2,0.6666666666666666
AML0268,2010-01-19,2,2,4,0,2,0.6666666666666666
AML0268,2010-01-20,2,2,4,0,2,0.6666666666666666
AML0268,2010-01-21,3,3,4,0,3,0.75
AML0268,2010-01-22,2,2,4,0,2,0.6666666666666666
AML0268,2010-01-25,2,2,4,0,2,0.6666666666666666
AML0268,2010-01-26,2,2,4,0,2,0.6666666666666666
AML0268,2010-01-27,1,1,2,0,1,0.5
AML0268,2010-01-28,5,5,10,0,5,0.8333333333333334
AML0268,2010-01-29,1,1,0,0,1,0.5
AML0268,2010-02-01,3,3,6,0,3,0.75
ANG0427,2010-01-04,2,2,0,0,1,0.6666666666666666
ANG0427,2010-01-05,2,2,2,0,1,0.6666666666666666
ANG0427,2010-01-06,3,3,0,0,1,0.75
ANG0427,2010-01-07,4,4,0,0,1,0.8
ANG0427,2010-01-08,3,3,0,0,1,0.75
ANG0427,2010-01-11,2,2,0,0,1,0.6666666666666666
ANG0427,2010-01-12,4,4,2,0,1,0.8
ANG0427,2010-01-13,2,2,0,0,1,0.6666666666666666
ANG0427,2010-01-14,2,2,0,0,1,0.6666666666666666
ANG0427,2010-01-15,2,2,0,0,1,0.6666666666666666
ANG0427,2010-01-18,2,2,0,0,1,0.6666666666666666
ANG0427,2010-01-19,2,2,2,0,1,0.6666666666666666
ANG0427,2010-01-21,2,2,1,0,1,0.6666666666666666
ANG0427,2010-01-22,3,3,0,0,1,0.75
ANG0427,2010-01-25,1,1,0,0,1,0.5
ANG0427,2010-01-26,3,3,0,0,1,0.75
ANG0427,2010-01-27,2,2,0,0,1,0.6666666666666666
ANG0427,2010-01-28,3,3,0,0,1,0.75
ANG0427,2010-01-29,2,2,2,0,1,0.6666666666666666
ANT0148,2010-01-06,1,1,2,0,1,0.5
ANT0148,2010-01-12,1,1,0,0,1,0.5
ANT0148,2010-01-14,2,2,0,0,1,0.6666666666666666
AOH0883,2010-01-05,1,1,2,0,1,0.5
AOH0883,2010-01-07,1,1,0,0,1,0.5
AOH0883,2010-01-13,1,1,0,0,1,0.5
AOH0883,2010-01-18,2,2,0,0,1,0.6666666666666666
AOH0883,2010-01-21,1,1,0,0,1,0.5
AOH0883,2010-01-27,1,1,0,0,1,0.5
ARB0626,2010-01-04,3,3,0,0,1,0.75
ARB0626,2010-01-05,3,3,0,0,1,0.75
ARB0626,2010-01-06,6,6,0,0,1,0.8571428571428571
ARB0626,2010-01-07,3,3,0,0,1,0.75
ARB0626,2010-01-08,3,3,0,0,1,0.75
ARB0626,2010-01-11,3,3,0,0,1,0.75
ARB0626,2010-01-12,3,3,0,0,1,0.75
ARB0626,2010-01-13,3,3,0,0,1,0.75
ARB0626,2010-01-14,5,5,0,0,1,0.8333333333333334
ARB0626,2010-01-15,4,4,0,0,1,0.8
ARB0626,2010-01-18,5,5,0,0,1,0.8333333333333334
ARB0626,2010-01-19,3,3,0,0,1,0.75
ARB0626,2010-01-20,4,4,0,0,1,0.8
ARB0626,2010-01-21,2,2,0,0,1,0.6666666666666666
ARB0626,2010-01-22,3,3,0,0,1,0.75
ARB0626,2010-01-25,3,3,0,0,1,0.75
ARB0626,2010-01-26,3,3,0,0,1,0.75
ARB0626,2010-01-27,3,3,1,0,1,0.75
ARB0626,2010-01-28,1,1,0,0,1,0.5
ARB0626,2010-01-29,2,2,0,0,1,0.6666666666666666
ARD0538,2010-01-03,1,1,0,2,1,0.5
ARD0538,2010-01-04,1,1,0,0,1,0.5
ARD0538,2010-01-05,2,2,0,0,1,0.6666666666666666
ARD0538,2010-01-07,2,2,0,0,1,0.6666666666666666
ARD0538,2010-01-08,1,1,0,0,1,0.5
ARD0538,2010-01-10,2,2,0,4,1,0.6666666666666666
ARD0538,2010-01-11,1,1,0,0,1,0.5
ARD0538,2010-01-12,3,3,0,0,1,0.75
ARD0538,2010-01-13,1,1,0,0,1,0.5
ARD0538,2010-01-14,1,1,0,0,1,0.5
ARD0538,2010-01-15,2,2,0,0,1,0.6666666666666666
ARD0538,2010-01-16,1,1,0,2,1,0.5
ARD0538,2010-01-17,2,2,0,4,1,0.6666666666666666
ARD0538,2010-01-18,2,2,0,0,1,0.6666666666666666
ARD0538,2010-01-19,1,1,0,0,1,0.5
ARD0538,2010-01-20,1,1,0,0,1,0.5
ARD0538,2010-01-21,3,3,1,0,1,0.75
ARD0538,2010-01-23,1,1,1,2,1,0.5
ARD0538,2010-01-24,1,1,0,2,1,0.5
ARD0538,2010-01-26,1,1,0,0,1,0.5
ARD0538,2010-01-28,2,2,0,0,1,0.6666666666666666
ARD0538,2010-01-29,1,1,0,0,1,0.5
ARD0538,2010-01-31,2,2,0,4,1,0.6666666666666666
ARM0805,2010-01-04,9,9,0,0,1,0.9
ARM0805,2010-01-05,8,8,1,0,1,0.8888888888888888
ARM0805,2010-01-06,8,8,0,0,1,0.8888888888888888
ARM0805,2010-01-07,9,9,0,0,1,0.9
ARM0805,2010-01-08,9,9,0,0,1,0.9
ARM0805,2010-01-11,9,9,0,0,1,0.9
ARM0805,2010-01-12,9,9,2,0,1,0.9
ARM0805,2010-01-13,9,9,1,0,1,0.9
ARM0805,2010-01-14,7,7,0,0,1,0.875
ARM0805,2010-01-15,9,9,0,0,1,0.9
ARM0805,2010-01-18,9,9,0,0,1,0.9
ARM0805,2010-01-19,8,8,0,0,1,0.8888888888888888
ARM0805,2010-01-20,9,9,1,0,1,0.9
ARM0805,2010-01-21,8,8,0,0,1,0.8888888888888888
ARM0805,2010-01-22,8,8,0,0,1,0.8888888888888888
ARM0805,2010-01-25,9,9,0,0,1,0.9
ARM0805,2010-01-26,9,9,0,0,1,0.9
ARM0805,2010-01-27,9,9,0,0,1,0.9
ARM0805,2010-01-28,9,9,1,0,1,0.9
ARM0805,2010-01-29,8,8,0,0,1,0.8888888888888888
ARM0805,2010-02-01,2,1,1,0,1,0.6666666666666666
ASR0150,2010-01-04,8,8,0,0,1,0.8888888888888888
ASR0150,2010-01-05,9,9,0,0,1,0.9
ASR0150,2010-01-06,9,9,0,0,1,0.9
ASR0150,2010-01-07,9,9,0,0,1,0.9
ASR0150,2010-01-08,8,8,0,0,1,0.8888888888888888
ASR0150,2010-01-11,9,9,2,0,1,0.9
ASR0150,2010-01-12,8,8,0,0,1,0.8888888888888888
ASR0150,2010-01-13,9,9,0,0,1,0.9
ASR0150,2010-01-14,8,8,0,0,1,0.8888888888888888
ASR0150,2010-01-15,8,8,0,0,1,0.8888888888888888
ASR0150,2010-01-18,8,8,0,0,1,0.8888888888888888
ASR0150,2010-01-19,8,8,1,0,1,0.8888888888888888
ASR0150,2010-01-20,8,8,0,0,1,0.8888888888888888
ASR0150,2010-01-21,7,7,1,0,1,0.875
ASR0150,2010-01-22,9,9,0,0,1,0.9
ASR0150,2010-01-25,8,8,0,0,1,0.8888888888888888
ASR0150,2010-01-26,9,9,0,0,1,0.9
ASR0150,2010-01-27,8,8,0,0,1,0.8888888888888888
ASR0150,2010-01-28,9,9,0,0,1,0.9
ASR0150,2010-01-29,9,9,0,0,1,0.9
ASR0150,2010-02-01,3,2,0,0,1,0.75
ATD0517,2010-01-02,9,9,0,18,1,0.9
ATD0517,2010-01-03,9,9,0,18,1,0.9
ATD0517,2010-01-04,9,9,0,0,1,0.9
ATD0517,2010-01-05,7,7,0,0,1,0.875
ATD0517,2010-01-06,9,9,0,0,1,0.9
ATD0517,2010-01-07,9,9,0,0,1,0.9
ATD0517,2010-01-08,9,9,0,0,1,0.9
ATD0517,2010-01-10,8,8,0,16,1,0.8888888888888888
ATD0517,2010-01-11,9,9,0,0,1,0.9
ATD0517,2010-01-12,9,9,0,0,1,0.9
ATD0517,2010-01-13,9,9,0,0,1,0.9
ATD0517,2010-01-14,9,9,0,0,1,0.9
ATD0517,2010-01-15,9,9,0,0,1,0.9
ATD0517,2010-01-16,8,8,0,16,1,0.8888888888888888
ATD0517,2010-01-18,9,9,0,0,1,0.9
ATD0517,2010-01-19,9,9,0,0,1,0.9
ATD0517,2010-01-20,7,7,0,0,1,0.875
ATD0517,2010-01-21,9,9,0,0,1,0.9
ATD0517,2010-01-22,7,7,0,0,1,0.875
ATD0517,2010-01-23,8,8,0,16,1,0.8888888888888888
ATD0517,2010-01-24,9,9,0,18,1,0.9
ATD0517,2010-01-25,8,8,0,0,1,0.8888888888888888
ATD0517,2010-01-26,9,9,0,0,1,0.9
ATD0517,2010-01-27,9,9,0,0,1,0.9
ATD0517,2010-01-28,8,8,0,0,1,0.8888888888888888
ATD0517,2010-01-29,9,9,0,0,1,0.9
ATD0517,2010-01-31,9,9,0,18,1,0.9
AVH1217,2010-01-03,1,1,0,2,1,0.5
AVH1217,2010-01-04,1,1,0,0,1,0.5
AVH1217,2010-01-06,1,1,0,0,1,0.5
AVH1217,2010-01-08,1,1,0,0,1,0.5
AVH1217,2010-01-14,2,2,0,0,1,0.6666666666666666
AVH1217,2010-01-18,2,2,0,0,1,0.6666666666666666
AVH1217,2010-01-22,2,2,0,0,1,0.6666666666666666
AVH1217,2010-01-27,3,3,0,0,1,0.75
AVH1217,2010-01-28,1,1,0,0,1,0.5
AVH1217,2010-01-31,1,1,0,2,1,0.5
AWB1661,2010-01-08,1,1,0,0,1,0.5
AWB1661,2010-01-10,1,1,0,2,1,0.5
AWB1661,2010-01-22,1,1,0,0,1,0.5
AWB1661,2010-01-26,1,1,0,0,1,0.5
AWC1213,2010-01-05,2,2,0,0,1,0.6666666666666666
AWC1213,2010-01-07,2,2,0,0,1,0.6666666666666666
AWC1213,2010-01-08,2,2,0,0,1,0.6666666666666666
AWC1213,2010-01-12,1,1,0,0,1,0.5
AWC1213,2010-01-13,1,1,0,0,1,0.5
AWC1213,2010-01-15,1,1,0,0,1,0.5
AWC1213,2010-01-18,3,3,0,0,1,0.75
AWC1213,2010-01-19,2,2,0,0,1,0.6666666666666666
AWC1213,2010-01-20,1,1,0,0,1,0.5
AWC1213,2010-01-21,2,2,0,0,1,0.6666666666666666
AWC1213,2010-01-25,3,3,0,0,1,0.75
AWC1213,2010-01-27,1,1,0,0,1,0.5
AWC1213,2010-01-28,1,1,0,0,1,0.5
AWC1213,2010-01-29,2,2,0,0,1,0.6666666666666666
AWC1213,2010-02-01,1,0,0,0,1,0.5
AXP1568,2010-01-08,1,1,0,0,1,0.5
AXP1568,2010-01-12,1,1,0,0,1,0.5
AXP1568,2010-01-15,1,1,1,0,1,0.5
AXP1568,2010-01-20,2,2,0,0,1,0.6666666666666666
AXP1568,2010-01-29,1,1,0,0,1,0.5
BAS0763,2010-01-04,4,4,0,0,1,0.8
BAS0763,2010-01-05,6,6,0,0,1,0.8571428571428571
BAS0763,2010-01-06,2,2,0,0,1,0.6666666666666666
BAS0763,2010-01-07,3,3,0,0,1,0.75
BAS0763,2010-01-08,3,3,0,0,1,0.75
BAS0763,2010-01-11,4,4,0,0,1,0.8
BAS0763,2010-01-12,4,4,0,0,1,0.8
BAS0763,2010-01-13,1,1,0,0,1,0.5
BAS0763,2010-01-14,3,3,0,0,1,0.75
BAS0763,2010-01-15,3,3,0,0,1,0.75
BAS0763,2010-01-18,3,3,0,0,1,0.75
BAS0763,2010-01-19,4,4,0,0,1,0.8
BAS0763,2010-01-20,3,3,0,0,1,0.75
BAS0763,2010-01-21,3,3,0,0,1,0.75
BAS0763,2010-01-22,3,3,0,0,1,0.75
BAS0763,2010-01-25,2,2,0,0,1,0.6666666666666666
BAS0763,2010-01-26,5,5,0,0,1,0.8333333333333334
BAS0763,2010-01-27,3,3,0,0,1,0.75
BAS0763,2010-01-28,2,2,0,0,1,0.6666666666666666
BAS0763,2010-01-29,2,2,0,0,1,0.6666666666666666
BAS0763,2010-02-01,1,0,0,0,1,0.5
BBF0480,2010-01-04,1,1,0,0,1,0.5
BBF0480,2010-01-05,2,2,0,0,1,0.6666666666666666
BBF0480,2010-01-06,1,1,0,0,1,0.5
BBF0480,2010-01-07,1,1,0,0,1,0.5
BBF0480,2010-01-11,2,2,0,0,1,0.6666666666666666
BBF0480,2010-01-13,2,2,0,0,1,0.6666666666666666
BBF0480,2010-01-14,1,1,0,0,1,0.5
BBF0480,2010-01-18,1,1,0,0,1,0.5
BBF0480,2010-01-19,1,1,0,0,1,0.5
BBF0480,2010-01-20,2,2,0,0,1,0.6666666666666666
BBF0480,2010-01-21,1,0,0,0,1,0.5
BBF0480,2010-01-22,1,1,0,0,1,0.5
BBF0480,2010-01-25,1,1,0,0,1,0.5
BBF0480,2010-01-26,1,1,0,0,1,0.5
BBF0480,2010-01-27,2,2,0,0,1,0.6666666666666666
BBF0480,2010-01-29,1,1,0,0,1,0.5
BCC1597,2010-01-02,7,7,6,14,1,0.875
BCC1597,2010-01-04,9,9,2,0,1,0.9
BCC1597,2010-01-05,9,9,3,0,1,0.9
BCC1597,2010-01-06,8,8,0,0,1,0.8888888888888888
BCC1597,2010-01-07,7,7,3,0,1,0.875
BCC1597,2010-01-08,9,8,4,0,1,0.9
BCC1597,2010-01-09,9,9,2,18,1,0.9
BCC1597,2010-01-11,9,9,3,0,1,0.9
BCC1597,2010-01-12,9,8,2,0,1,0.9
BCC1597,2010-01-13,8,8,3,0,1,0.8888888888888888
BCC1597,2010-01-14,9,9,4,0,1,0.9
BCC1597,2010-01-15,9,9,2,0,1,0.9
BCC1597,2010-01-17,9,9,4,18,1,0.9
BCC1597,2010-01-18,8,8,5,0,1,0.8888888888888888
BCC1597,2010-01-19,9,9,5,0,1,0.9
BCC1597,2010-01-20,9,9,3,0,1,0.9
BCC1597,2010-01-21,9,9,3,0,1,0.9
BCC1597,2010-01-22,8,8,2,0,1,0.8888888888888888
BCC1597,2010-01-25,9,9,2,0,1,0.9
BCC1597,2010-01-26,9,9,0,0,1,0.9
BCC1597,2010-01-27,9,9,1,0,1,0.9
BCC1597,2010-01-28,9,9,4,0,1,0.9
BCC1597,2010-01-29,9,9,3,0,1,0.9
BCC1597,2010-01-30,9,9,0,18,1,0.9
BCC1597,2010-02-01,2,1,2,0,1,0.6666666666666666
BCG0853,2010-01-04,1,1,0,0,1,0.5
BCG0853,2010-01-05,1,1,0,0,1,0.5
BCG0853,2010-01-06,2,2,0,0,1,0.6666666666666666
BCG0853,2010-01-13,1,1,0,0,1,0.5
BCG0853,2010-01-14,1,1,0,0,1,0.5
BCG0853,2010-01-29,1,1,0,0,1,0.5
BCR0747,2010-01-11,1,1,0,0,1,0.5
BCR0747,2010-01-12,1,1,0,0,1,0.5
BCR0747,2010-01-13,1,1,0,0,1,0.5
BCR0747,2010-01-14,1,1,0,0,1,0.5
BCR0747,2010-01-15,1,1,1,0,1,0.5
BDC0936,2010-01-07,3,3,0,0,1,0.75
BDC0936,2010-01-13,1,1,0,0,1,0.5
BDC0936,2010-01-14,2,2,0,0,1,0.6666666666666666
BDC0936,2010-01-19,1,1,0,0,1,0.5
BDC0936,2010-01-21,1,1,0,0,1,0.5
BDC0936,2010-01-25,1,1,0,0,1,0.5
BDF0015,2010-01-02,1,1,0,2,1,0.5
BDF0015,2010-01-05,2,2,0,0,1,0.6666666666666666
BDF0015,2010-01-06,2,2,0,0,1,0.6666666666666666
BDF0015,2010-01-07,1,1,0,0,1,0.5
BDF0015,2010-01-08,1,1,0,0,1,0.5
BDF0015,2010-01-09,1,1,0,2,1,0.5
BDF0015,2010-01-11,2,2,0,0,1,0.6666666666666666
BDF0015,2010-01-14,1,1,0,0,1,0.5
BDF0015,2010-01-15,1,1,0,0,1,0.5
BDF0015,2010-01-17,3,3,0,6,1,0.75
BDF0015,2010-01-19,1,1,0,0,1,0.5
BDF0015,2010-01-20,3,3,0,0,1,0.75
BDF0015,2010-01-25,2,2,0,0,1,0.6666666666666666
BDF0015,2010-01-27,2,2,0,0,1,0.6666666666666666
BDF0015,2010-01-28,1,1,0,0,1,0.5
BDM0442,2010-01-04,1,1,0,0,1,0.5
BDM0442,2010-01-05,1,1,0,0,1,0.5
BDM0442,2010-01-06,1,1,0,0,1,0.5
BDM0442,2010-01-07,2,2,0,0,1,0.6666666666666666
BDM0442,2010-01-08,3,3,0,0,1,0.75
BDM0442,2010-01-11,2,2,0,0,1,0.6666666666666666
BDM0442,2010-01-12,4,4,0,0,1,0.8
BDM0442,2010-01-14,1,1,0,0,1,0.5
BDM0442,2010-01-15,3,3,1,0,1,0.75
BDM0442,2010-01-18,3,3,0,0,1,0.75
BDM0442,2010-01-19,3,3,0,0,1,0.75
BDM0442,2010-01-20,2,2,0,0,1,0.6666666666666666
BDM0442,2010-01-21,2,2,0,0,1,0.6666666666666666
BDM0442,2010-01-22,2,2,0,0,1,0.6666666666666666
BDM0442,2010-01-26,2,2,0,0,1,0.6666666666666666
BDM0442,2010-01-27,2,2,0,0,1,0.6666666666666666
BDM0442,2010-01-28,3,3,0,0,1,0.75
BDM0442,2010-01-29,1,1,0,0,1,0.5
BDM1457,2010-01-04,9,9,0,0,1,0.9
BDM1457,2010-01-05,9,9,0,0,1,0.9
BDM1457,2010-01-06,5,5,0,0,1,0.8333333333333334
BDM1457,2010-01-07,6,6,0,0,1,0.8571428571428571
BDM1457,2010-01-08,8,8,0,0,1,0.8888888888888888
BDM1457,2010-01-11,9,9,0,0,1,0.9
BDM1457,2010-01-12,8,8,0,0,1,0.8888888888888888
BDM1457,2010-01-13,8,8,0,0,1,0.8888888888888888
BDM1457,2010-01-14,8,7,0,0,1,0.8888888888888888
BDM1457,2010-01-15,7,7,0,0,1,0.875
BDM1457,2010-01-18,9,9,0,0,1,0.9
BDM1457,2010-01-19,8,8,0,0,1,0.8888888888888888
BDM1457,2010-01-20,8,8,0,0,1,0.8888888888888888
BDM1457,2010-01-21,7,7,0,0,1,0.875
BDM1457,2010-01-22,7,7,0,0,1,0.875
BDM1457,2010-01-25,6,6,0,0,1,0.8571428571428571
BDM1457,2010-01-26,9,9,0,0,1,0.9
BDM1457,2010-01-27,9,9,5,0,1,0.9
BDM1457,2010-01-28,9,8,0,0,1,0.9
BDM1457,2010-01-29,7,7,0,0,1,0.875
BDP0096,2010-01-14,1,1,1,0,1,0.5
BDP0096,2010-01-15,2,2,0,0,1,0.6666666666666666
BDP0096,2010-01-18,2,2,2,0,1,0.6666666666666666
BDP0096,2010-01-20,1,1,1,0,1,0.5
BDP0096,2010-01-25,1,1,0,0,1,0.5
BDP0096,2010-01-27,1,1,0,0,1,0.5
BDP0096,2010-01-28,1,1,2,0,1,0.5
BDR0223,2010-01-07,1,1,0,0,1,0.5
BDR0223,2010-01-08,2,2,0,0,1,0.6666666666666666
BDR0223,2010-01-11,1,1,0,0,1,0.5
BDR0223,2010-01-14,1,1,0,0,1,0.5
BDR0223,2010-01-15,3,3,0,0,1,0.75
BDR0223,2010-01-18,1,1,0,0,1,0.5
BDR0223,2010-01-20,1,1,0,0,1,0.5
BDR0223,2010-01-22,1,1,0,0,1,0.5
BDR0223,2010-01-25,2,2,0,0,1,0.6666666666666666
BDR0223,2010-01-27,1,1,0,0,1,0.5
BIS1598,2010-01-04,9,9,3,0,1,0.9
BIS1598,2010-01-05,9,9,4,0,1,0.9
BIS1598,2010-01-06,9,9,10,0,1,0.9
BIS1598,2010-01-07,8,8,2,0,1,0.8888888888888888
BIS1598,2010-01-08,9,9,0,0,1,0.9
BIS1598,2010-01-11,9,8,2,0,1,0.9
BIS1598,2010-01-12,9,9,0,0,1,0.9
BIS1598,2010-01-13,9,9,3,0,1,0.9
BIS1598,2010-01-14,9,9,4,0,1,0.9
BIS1598,2010-01-15,9,9,2,0,1,0.9
BIS1598,2010-01-18,9,9,2,0,1,0.9
BIS1598,2010-01-19,9,9,8,0,1,0.9
BIS1598,2010-01-20,8,8,3,0,1,0.8888888888888888
BIS1598,2010-01-21,9,9,0,0,1,0.9
BIS1598,2010-01-22,9,9,0,0,1,0.9
BIS1598,2010-01-25,9,9,4,0,1,0.9
BIS1598,2010-01-26,9,9,4,0,1,0.9
BIS1598,2010-01-27,9,9,2,0,1,0.9
BIS1598,2010-01-28,8,8,3,0,1,0.8888888888888888
BIS1598,2010-01-29,9,9,0,0,1,0.9
BIS1598,2010-02-01,2,2,0,0,1,0.6666666666666666
BMC0650,2010-01-04,4,4,0,0,1,0.8
BMC0650,2010-01-05,3,3,0,0,1,0.75
BMC0650,2010-01-06,4,4,0,0,1,0.8
BMC0650,2010-01-07,1,1,0,0,1,0.5
BMC0650,2010-01-08,3,3,0,0,1,0.75
BMC0650,2010-01-11,3,3,0,0,1,0.75
BMC0650,2010-01-12,4,4,0,0,1,0.8
BMC0650,2010-01-13,3,3,0,0,1,0.75
BMC0650,2010-01-14,3,3,0,0,1,0.75
BMC0650,2010-01-15,4,4,0,0,1,0.8
BMC0650,2010-01-18,4,4,0,0,1,0.8
BMC0650,2010-01-19,3,3,0,0,1,0.75
BMC0650,2010-01-20,3,3,0,0,1,0.75
BMC0650,2010-01-21,4,4,0,0,1,0.8
BMC0650,2010-01-22,5,5,0,0,1,0.8333333333333334
BMC0650,2010-01-25,1,1,0,0,1,0.5
BMC0650,2010-01-26,5,5,0,0,1,0.8333333333333334
BMC0650,2010-01-27,2,2,0,0,1,0.6666666666666666
BMC0650,2010-01-28,1,1,0,0,1,0.5
BMC0650,2010-01-29,1,1,0,0,1,0.5
BNE1140,2010-01-04,4,4,0,0,1,0.8
BNE1140,2010-01-05,1,1,0,0,1,0.5
BNE1140,2010-01-06,2,2,0,0,1,0.6666666666666666
BNE1140,2010-01-07,3,3,0,0,1,0.75
BNE1140,2010-01-08,3,3,0,0,1,0.75
BNE1140,2010-01-11,2,2,2,0,1,0.6666666666666666
BNE1140,2010-01-12,2,2,0,0,1,0.6666666666666666
BNE1140,2010-01-13,2,2,0,0,1,0.6666666666666666
BNE1140,2010-01-14,2,2,0,0,1,0.6666666666666666
BNE1140,2010-01-15,2,2,0,0,1,0.6666666666666666
BNE1140,2010-01-18,2,2,0,0,1,0.6666666666666666
BNE1140,2010-01-19,3,3,1,0,1,0.75
BNE1140,2010-01-20,1,1,0,0,1,0.5
BNE1140,2010-01-21,1,1,0,0,1,0.5
BNE1140,2010-01-22,1,1,1,0,1,0.5
BNE1140,2010-01-25,1,1,2,0,1,0.5
BNE1140,2010-01-26,2,2,0,0,1,0.6666666666666666
BNE1140,2010-01-27,1,1,0,0,1,0.5
BNE1140,2010-01-28,1,1,0,0,1,0.5
BNE1140,2010-01-29,2,2,0,0,1,0.6666666666666666
BNS0484,2010-01-06,1,1,0,0,1,0.5
BNS0484,2010-01-11,1,1,0,0,1,0.5
BNS0484,2010-01-20,1,1,0,0,1,0.5
BNS0484,2010-01-21,1,1,0,0,1,0.5
BOS1170,2010-01-05,1,1,0,0,1,0.5
BOS1170,2010-01-06,1,1,0,0,1,0.5
BOS1170,2010-01-07,1,1,0,0,1,0.5
BOS1170,2010-01-11,3,3,0,0,1,0.75
BOS1170,2010-01-12,1,1,0,0,1,0.5
BOS1170,2010-01-13,2,2,0,0,1,0.6666666666666666
BOS1170,2010-01-15,2,2,0,0,1,0.6666666666666666
BOS1170,2010-01-19,2,2,0,0,1,0.6666666666666666
BOS1170,2010-01-21,1,1,1,0,1,0.5
BOS1170,2010-01-22,1,1,0,0,1,0.5
BOS1170,2010-01-26,2,2,1,0,1,0.6666666666666666
BOS1170,2010-01-27,2,2,2,0,1,0.6666666666666666
BOS1170,2010-01-28,2,2,0,0,1,0.6666666666666666
BOS1170,2010-01-29,1,1,2,0,1,0.5
BSS0847,2010-01-05,1,1,0,0,1,0.5
BSS0847,2010-01-07,1,1,0,0,1,0.5
BSS0847,2010-01-13,1,1,0,0,1,0.5
BSS0847,2010-01-14,2,2,0,0,1,0.6666666666666666
BSS0847,2010-01-19,1,1,0,0,1,0.5
BSS0847,2010-01-21,1,1,0,0,1,0.5
BSS0847,2010-01-28,1,1,0,0,1,0.5
BUE1561,2010-01-13,1,1,0,0,1,0.5
BUE1561,2010-01-14,1,1,0,0,1,0.5
BUE1561,2010-01-15,1,1,0,0,1,0.5
BUE1561,2010-01-17,1,1,1,2,1,0.5
BUE1561,2010-01-18,1,1,0,0,1,0.5
BUE1561,2010-01-19,1,1,0,0,1,0.5
BUE1561,2010-01-26,1,1,2,0,1,0.5
BUE1561,2010-01-30,2,2,0,4,1,0.6666666666666666
BWJ1539,2010-01-02,9,9,2,18,1,0.9
BWJ1539,2010-01-04,8,8,1,0,1,0.8888888888888888
BWJ1539,2010-01-05,9,9,0,0,1,0.9
BWJ1539,2010-01-06,9,9,3,0,1,0.9
BWJ1539,2010-01-07,9,9,1,0,1,0.9
BWJ1539,2010-01-08,8,8,1,0,1,0.8888888888888888
BWJ1539,2010-01-09,9,9,3,18,1,0.9
BWJ1539,2010-01-11,9,9,0,0,1,0.9
BWJ1539,2010-01-12,8,8,2,0,1,0.8888888888888888
BWJ1539,2010-01-13,7,7,0,0,1,0.875
BWJ1539,2010-01-14,9,9,3,0,1,0.9
BWJ1539,2010-01-15,8,8,1,0,1,0.8888888888888888
BWJ1539,2010-01-17,9,9,2,18,1,0.9
BWJ1539,2010-01-18,9,9,3,0,1,0.9
BWJ1539,2010-01-19,9,9,0,0,1,0.9
BWJ1539,2010-01-20,9,9,2,0,1,0.9
BWJ1539,2010-01-21,9,9,0,0,1,0.9
BWJ1539,2010-01-22,9,8,0,0,1,0.9
BWJ1539,2010-01-25,8,8,2,0,1,0.8888888888888888
BWJ1539,2010-01-26,7,7,1,0,1,0.875
BWJ1539,2010-01-27,9,9,0,0,1,0.9
BWJ1539,2010-01-28,9,9,0,0,1,0.9
BWJ1539,2010-01-29,9,9,2,0,1,0.9
BWJ1539,2010-01-30,7,7,0,14,1,0.875
BWJ1539,2010-02-01,1,0,0,0,1,0.5
BYO1846,2010-01-04,2,2,0,0,1,0.6666666666666666
BYO1846,2010-01-05,3,3,0,0,1,0.75
BYO1846,2010-01-06,4,4,0,0,1,0.8
BYO1846,2010-01-07,2,2,0,0,1,0.6666666666666666
BYO1846,2010-01-08,3,3,0,0,1,0.75
BYO1846,2010-01-11,4,4,0,0,1,0.8
BYO1846,2010-01-12,3,3,0,0,1,0.75
BYO1846,2010-01-13,5,5,0,0,1,0.8333333333333334
BYO1846,2010-01-14,4,4,0,0,1,0.8
BYO1846,2010-01-15,2,2,0,0,1,0.6666666666666666
BYO1846,2010-01-18,5,5,0,0,1,0.8333333333333334
BYO1846,2010-01-19,2,2,0,0,1,0.6666666666666666
BYO1846,2010-01-21,4,4,0,0,1,0.8
BYO1846,2010-01-22,2,2,0,0,1,0.6666666666666666
BYO1846,2010-01-25,4,4,0,0,1,0.8
BYO1846,2010-01-26,4,4,0,0,1,0.8
BYO1846,2010-01-27,5,5,0,0,1,0.8333333333333334
BYO1846,2010-01-28,4,4,0,0,1,0.8
BYO1846,2010-01-29,2,2,0,0,1,0.6666666666666666
BYV1695,2010-01-05,2,2,0,0,1,0.6666666666666666
BYV1695,2010-01-06,2,2,0,0,1,0.6666666666666666
BYV1695,2010-01-07,1,1,0,0,1,0.5
BYV1695,2010-01-08,2,2,0,0,1,0.6666666666666666
BYV1695,2010-01-09,1,1,0,2,1,0.5
BYV1695,2010-01-13,1,1,0,0,1,0.5
BYV1695,2010-01-15,1,1,0,0,1,0.5
BYV1695,2010-01-17,2,2,0,4,1,0.6666666666666666
BYV1695,2010-01-19,1,1,0,0,1,0.5
BYV1695,2010-01-20,2,2,0,0,1,0.6666666666666666
BYV1695,2010-01-25,1,1,0,0,1,0.5
BYV1695,2010-01-26,1,1,0,0,1,0.5
BYV1695,2010-01-28,1,1,0,0,1,0.5
BYV1695,2010-01-29,1,1,0,0,1,0.5
BYV1695,2010-02-01,1,0,0,0,1,0.5
CAC1083,2010-01-04,2,2,0,0,1,0.6666666666666666
CAC1083,2010-01-05,2,2,0,0,1,0.6666666666666666
CAC1083,2010-01-06,1,1,0,0,1,0.5
CAC1083,2010-01-08,2,2,0,0,1,0.6666666666666666
CAC1083,2010-01-11,1,1,0,0,1,0.5
CAC1083,2010-01-12,2,2,0,0,1,0.6666666666666666
CAC1083,2010-01-13,2,2,0,0,1,0.6666666666666666
CAC1083,2010-01-15,1,1,0,0,1,0.5
CAC1083,2010-01-18,1,1,0,0,1,0.5
CAC1083,2010-01-20,2,2,0,0,1,0.6666666666666666
CAC1083,2010-01-22,2,2,0,0,1,0.6666666666666666
CAC1083,2010-01-25,1,1,0,0,1,0.5
CAC1083,2010-01-26,2,2,0,0,1,0.6666666666666666
CAC1083,2010-01-27,3,3,0,0,1,0.75
CAC1083,2010-01-28,1,1,0,0,1,0.5
CAF0109,2010-01-05,1,1,0,0,1,0.5
CAF0109,2010-01-06,1,1,0,0,1,0.5
CAF0109,2010-01-07,1,1,0,0,1,0.5
CAF0109,2010-01-10,1,1,1,2,1,0.5
CAF0109,2010-01-11,1,1,1,0,1,0.5
CAF0109,2010-01-13,1,1,0,0,1,0.5
CAF0109,2010-01-15,3,3,2,0,1,0.75
CAF0109,2010-01-18,2,2,0,0,1,0.6666666666666666
CAF0109,2010-01-19,1,1,0,0,1,0.5
CAF0109,2010-01-20,2,2,0,0,1,0.6666666666666666
CAF0109,2010-01-21,2,2,0,0,1,0.6666666666666666
CAF0109,2010-01-22,2,2,2,0,1,0.6666666666666666
CAF0109,2010-01-23,2,2,2,4,1,0.6666666666666666
CAF0109,2010-01-24,1,1,2,2,1,0.5
CAF0109,2010-01-26,1,1,0,0,1,0.5
CAF0109,2010-01-27,1,1,0,0,1,0.5
CAF0109,2010-01-28,2,2,0,0,1,0.6666666666666666
CAF0109,2010-01-31,2,2,0,4,1,0.6666666666666666
CAM0158,2010-01-04,1,1,0,0,1,0.5
CAM0158,2010-01-05,1,1,0,0,1,0.5
CAM0158,2010-01-11,1,1,1,0,1,0.5
CAM0158,2010-01-25,2,2,1,0,1,0.6666666666666666
CAM0158,2010-01-29,1,1,0,0,1,0.5
CAM0158,2010-02-01,1,0,0,0,1,0.5
CAM1025,2010-01-04,3,3,0,0,1,0.75
CAM1025,2010-01-05,1,1,0,0,1,0.5
CAM1025,2010-01-07,2,2,0,0,1,0.6666666666666666
CAM1025,2010-01-11,3,3,2,0,1,0.75
CAM1025,2010-01-12,1,1,0,0,1,0.5
CAM1025,2010-01-13,2,2,0,0,1,0.6666666666666666
CAM1025,2010-01-14,5,5,0,0,1,0.8333333333333334
CAM1025,2010-01-15,4,4,0,0,1,0.8
CAM1025,2010-01-19,2,2,0,0,1,0.6666666666666666
CAM1025,2010-01-20,1,1,0,0,1,0.5
CAM1025,2010-01-21,2,2,0,0,1,0.6666666666666666
CAM1025,2010-01-22,2,2,0,0,1,0.6666666666666666
CAM1025,2010-01-25,3,3,0,0,1,0.75
CAM1025,2010-01-26,3,3,0,0,1,0.75
CAM1025,2010-01-27,1,1,1,0,1,0.5
CAM1025,2010-01-28,5,5,0,0,1,0.8333333333333334
CAM1025,2010-01-29,2,2,0,0,1,0.6666666666666666
CAS1068,2010-01-04,1,1,0,0,1,0.5
CAS1068,2010-01-05,2,2,0,0,1,0.6666666666666666
CAS1068,2010-01-06,3,3,2,0,1,0.75
CAS1068,2010-01-07,3,3,0,0,1,0.75
CAS1068,2010-01-08,2,2,0,0,1,0.6666666666666666
CAS1068,2010-01-11,1,1,0,0,1,0.5
CAS1068,2010-01-12,4,4,0,0,1,0.8
CAS1068,2010-01-13,3,3,0,0,1,0.75
CAS1068,2010-01-15,2,2,0,0,1,0.6666666666666666
CAS1068,2010-01-18,1,1,0,0,1,0.5
CAS1068,2010-01-19,2,2,0,0,1,0.6666666666666666
CAS1068,2010-01-20,2,2,0,0,1,0.6666666666666666
CAS1068,2010-01-21,4,4,0,0,1,0.8
CAS1068,2010-01-22,2,2,0,0,1,0.6666666666666666
CAS1068,2010-01-25,2,2,0,0,1,0.6666666666666666
CAS1068,2010-01-26,3,3,0,0,1,0.75
CAS1068,2010-01-27,1,1,0,0,1,0.5
CAS1068,2010-01-28,2,2,0,0,1,0.6666666666666666
CAS1068,2010-01-29,2,2,0,0,1,0.6666666666666666
CAS1068,2010-02-01,1,1,1,0,1,0.5
CBC1607,2010-01-04,8,8,3,0,1,0.8888888888888888
CBC1607,2010-01-05,9,9,3,0,1,0.9
CBC1607,2010-01-06,9,9,1,0,1,0.9
CBC1607,2010-01-07,9,9,2,0,1,0.9
CBC1607,2010-01-08,8,8,0,0,1,0.8888888888888888
CBC1607,2010-01-11,9,9,2,0,1,0.9
CBC1607,2010-01-12,9,9,0,0,1,0.9
CBC1607,2010-01-13,9,9,1,0,1,0.9
CBC1607,2010-01-14,8,8,2,0,1,0.8888888888888888
CBC1607,2010-01-15,9,9,4,0,1,0.9
CBC1607,2010-01-18,8,7,3,0,1,0.8888888888888888
CBC1607,2010-01-19,9,9,1,0,1,0.9
CBC1607,2010-01-20,9,9,2,0,1,0.9
CBC1607,2010-01-21,9,9,1,0,1,0.9
CBC1607,2010-01-22,9,9,2,0,1,0.9
CBC1607,2010-01-25,8,8,2,0,1,0.8888888888888888
CBC1607,2010-01-26,9,9,0,0,1,0.9
CBC1607,2010-01-27,9,9,2,0,1,0.9
CBC1607,2010-01-28,9,9,2,0,1,0.9
CBC1607,2010-01-29,9,9,2,0,1,0.9
CBD1574,2010-01-03,3,3,0,6,1,0.75
CBD1574,2010-01-04,4,4,0,0,1,0.8
CBD1574,2010-01-05,4,4,1,0,1,0.8
CBD1574,2010-01-07,2,2,0,0,1,0.6666666666666666
CBD1574,2010-01-10,2,2,0,4,1,0.6666666666666666
CBD1574,2010-01-11,3,3,0,0,1,0.75
CBD1574,2010-01-12,1,1,0,0,1,0.5
CBD1574,2010-01-13,3,3,0,0,1,0.75
CBD1574,2010-01-14,1,1,2,0,1,0.5
CBD1574,2010-01-15,3,3,0,0,1,0.75
CBD1574,2010-01-18,1,1,0,0,1,0.5
CBD1574,2010-01-19,2,2,0,0,1,0.6666666666666666
CBD1574,2010-01-20,2,2,0,0,1,0.6666666666666666
CBD1574,2010-01-21,2,2,0,0,1,0.6666666666666666
CBD1574,2010-01-24,2,2,0,4,1,0.6666666666666666
CBD1574,2010-01-25,3,3,0,0,1,0.75
CBD1574,2010-01-26,2,2,0,0,1,0.6666666666666666
CBD1574,2010-01-27,1,1,0,0,1,0.5
CBD1574,2010-01-28,5,5,0,0,1,0.8333333333333334
CBD1574,2010-01-29,4,4,0,0,1,0.8
CBD1574,2010-01-31,3,3,0,6,1,0.75
CBK1908,2010-01-08,1,1,0,0,1,0.5
CBK1908,2010-01-12,1,1,0,0,1,0.5
CBS1856,2010-01-04,9,9,0,0,1,0.9
CBS1856,2010-01-05,9,9,0,0,1,0.9
CBS1856,2010-01-06,9,9,0,0,1,0.9
CBS1856,2010-01-07,9,9,0,0,1,0.9
CBS1856,2010-01-08,9,9,0,0,1,0.9
CBS1856,2010-01-11,9,8,0,0,1,0.9
CBS1856,2010-01-12,9,9,0,0,1,0.9
CBS1856,2010-01-13,9,9,0,0,1,0.9
CBS1856,2010-01-14,9,9,1,0,1,0.9
CBS1856,2010-01-15,8,8,0,0,1,0.8888888888888888
CBS1856,2010-01-18,9,9,0,0,1,0.9
CBS1856,2010-01-19,9,9,0,0,1,0.9
CBS1856,2010-01-20,9,9,0,0,1,0.9
CBS1856,2010-01-21,8,8,0,0,1,0.8888888888888888
CBS1856,2010-01-22,9,9,0,0,1,0.9
CBS1856,2010-01-25,9,9,1,0,1,0.9
CBS1856,2010-01-26,9,9,0,0,1,0.9
CBS1856,2010-01-27,8,8,0,0,1,0.8888888888888888
CBS1856,2010-01-28,8,8,0,0,1,0.8888888888888888
CBS1856,2010-01-29,9,9,0,0,1,0.9
CBS1856,2010-02-01,1,1,0,0,1,0.5
CCB1836,2010-01-04,7,7,0,0,1,0.875
CCB1836,2010-01-05,9,9,0,0,1,0.9
CCB1836,2010-01-06,9,9,0,0,1,0.9
CCB1836,2010-01-07,7,7,0,0,1,0.875
CCB1836,2010-01-08,8,8,0,0,1,0.8888888888888888
CCB1836,2010-01-11,7,7,0,0,1,0.875
CCB1836,2010-01-12,8,8,0,0,1,0.8888888888888888
CCB1836,2010-01-13,9,9,0,0,1,0.9
CCB1836,2010-01-14,8,8,2,0,1,0.8888888888888888
CCB1836,2010-01-15,9,9,0,0,1,0.9
CCB1836,2010-01-18,8,8,0,0,1,0.8888888888888888
CCB1836,2010-01-19,8,8,0,0,1,0.8888888888888888
CCB1836,2010-01-20,8,8,0,0,1,0.8888888888888888
CCB1836,2010-01-21,9,9,0,0,1,0.9
CCB1836,2010-01-22,8,8,0,0,1,0.8888888888888888
CCB1836,2010-01-25,8,8,0,0,1,0.8888888888888888
CCB1836,2010-01-26,9,9,0,0,1,0.9
CCB1836,2010-01-27,7,7,0,0,1,0.875
CCB1836,2010-01-28,8,8,0,0,1,0.8888888888888888
CCB1836,2010-01-29,8,8,0,0,1,0.8888888888888888
CCC0569,2010-01-05,1,1,0,0,1,0.5
CCC0569,2010-01-06,1,1,0,0,1,0.5
CCC0569,2010-01-07,1,1,0,0,1,0.5
CCC0569,2010-01-20,1,1,2,0,1,0.5
CCC0569,2010-01-21,1,1,0,0,1,0.5
CCC0569,2010-01-26,1,1,0,0,1,0.5
CCC0569,2010-01-27,1,1,0,0,1,0.5
CCC0569,2010-01-28,1,1,0,0,1,0.5
CCG1347,2010-01-04,7,7,0,0,1,0.875
CCG1347,2010-01-05,9,9,0,0,1,0.9
CCG1347,2010-01-06,9,8,0,0,1,0.9
CCG1347,2010-01-07,9,9,0,0,1,0.9
CCG1347,2010-01-08,9,9,0,0,1,0.9
CCG1347,2010-01-11,9,9,0,0,1,0.9
CCG1347,2010-01-12,9,9,0,0,1,0.9
CCG1347,2010-01-13,9,9,0,0,1,0.9
CCG1347,2010-01-14,8,8,0,0,1,0.8888888888888888
CCG1347,2010-01-15,8,8,0,0,1,0.8888888888888888
CCG1347,2010-01-18,9,9,0,0,1,0.9
CCG1347,2010-01-19,9,9,0,0,1,0.9
CCG1347,2010-01-20,8,8,0,0,1,0.8888888888888888
CCG1347,2010-01-21,9,9,0,0,1,0.9
CCG1347,2010-01-22,9,8,0,0,1,0.9
CCG1347,2010-01-25,9,9,0,0,1,0.9
CCG1347,2010-01-26,9,9,0,0,1,0.9
CCG1347,2010-01-27,9,9,1,0,1,0.9
CCG1347,2010-01-28,9,9,0,0,1,0.9
CCG1347,2010-01-29,9,9,0,0,1,0.9
CCG1347,2010-02-01,2,2,0,0,1,0.6666666666666666
CDB1594,2010-01-06,2,2,1,0,1,0.6666666666666666
CDB1594,2010-01-07,2,2,0,0,1,0.6666666666666666
CDB1594,2010-01-14,1,1,0,0,1,0.5
CDB1594,2010-01-15,2,2,0,0,1,0.6666666666666666
CDB1594,2010-01-20,1,1,0,0,1,0.5
CDB1594,2010-01-21,2,2,0,0,1,0.6666666666666666
CDB1594,2010-01-22,1,1,0,0,1,0.5
CDB1594,2010-01-27,1,1,1,0,1,0.5
CDG0551,2010-01-04,1,1,0,0,1,0.5
CDG0551,2010-01-05,1,1,0,0,1,0.5
CDG0551,2010-01-08,2,2,0,0,1,0.6666666666666666
CDG0551,2010-01-15,1,1,0,0,1,0.5
CDG0551,2010-01-17,1,1,0,2,1,0.5
CDG0551,2010-01-19,1,1,0,0,1,0.5
CDG0551,2010-01-22,2,2,0,0,1,0.6666666666666666
CDG0551,2010-01-23,1,1,0,2,1,0.5
CDG0551,2010-01-24,3,3,0,6,1,0.75
CDG0551,2010-01-27,1,1,0,0,1,0.5
CDG0551,2010-01-29,1,1,0,0,1,0.5
CDL0189,2010-01-05,1,1,0,0,1,0.5
CDL0189,2010-01-07,2,2,0,0,1,0.6666666666666666
CDL0189,2010-01-26,1,1,0,0,1,0.5
CDL0189,2010-01-27,1,1,0,0,1,0.5
CDL0189,2010-01-29,1,1,0,0,1,0.5
CDO0684,2010-01-04,4,4,8,0,4,0.8
CDO0684,2010-01-05,4,4,8,0,4,0.8
CDO0684,2010-01-06,2,2,4,0,2,0.6666666666666666
CDO0684,2010-01-07,3,3,6,0,3,0.75
CDO0684,2010-01-08,4,4,8,0,4,0.8
CDO0684,2010-01-11,2,2,4,0,2,0.6666666666666666
CDO0684,2010-01-12,1,1,0,0,1,0.5
CDO0684,2010-01-13,1,1,2,0,1,0.5
CDO0684,2010-01-14,2,2,4,0,2,0.6666666666666666
CDO0684,2010-01-15,3,3,6,0,3,0.75
CDO0684,2010-01-18,2,2,4,0,2,0.6666666666666666
CDO0684,2010-01-19,2,2,2,0,2,0.6666666666666666
CDO0684,2010-01-20,2,2,4,0,2,0.6666666666666666
CDO0684,2010-01-21,1,1,0,0,1,0.5
CDO0684,2010-01-22,3,3,6,0,3,0.75
CDO0684,2010-01-25,4,4,8,0,4,0.8
CDO0684,2010-01-26,3,3,6,0,3,0.75
CDO0684,2010-01-27,4,4,8,0,4,0.8
CDO0684,2010-01-28,2,2,4,0,2,0.6666666666666666
CDO0684,2010-01-29,2,2,4,0,2,0.6666666666666666
CDO0684,2010-02-01,4,4,8,0,4,0.8
CGS0647,2010-01-04,9,9,0,0,1,0.9
CGS0647,2010-01-05,8,8,0,0,1,0.8888888888888888
CGS0647,2010-01-06,9,9,0,0,1,0.9
CGS0647,2010-01-07,9,9,0,0,1,0.9
CGS0647,2010-01-08,9,9,0,0,1,0.9
CGS0647,2010-01-09,8,8,0,16,1,0.8888888888888888
CGS0647,2010-01-11,9,9,0,0,1,0.9
CGS0647,2010-01-12,9,9,0,0,1,0.9
CGS0647,2010-01-13,9,8,0,0,1,0.9
CGS0647,2010-01-14,7,7,0,0,1,0.875
CGS0647,2010-01-15,9,8,0,0,1,0.9
CGS0647,2010-01-17,8,8,0,16,1,0.8888888888888888
CGS0647,2010-01-18,9,9,0,0,1,0.9
CGS0647,2010-01-19,7,7,0,0,1,0.875
CGS0647,2010-01-20,9,9,0,0,1,0.9
CGS0647,2010-01-21,9,9,0,0,1,0.9
CGS0647,2010-01-22,9,9,0,0,1,0.9
CGS0647,2010-01-25,9,9,0,0,1,0.9
CGS0647,2010-01-26,9,9,0,0,1,0.9
CGS0647,2010-01-27,9,9,0,0,1,0.9
CGS0647,2010-01-28,9,8,0,0,1,0.9
CGS0647,2010-01-29,8,8,0,0,1,0.8888888888888888
CGS0647,2010-02-01,1,1,0,0,1,0.5
CHM1312,2010-01-04,2,2,0,0,1,0.6666666666666666
CHM1312,2010-01-05,1,1,0,0,1,0.5
CHM1312,2010-01-07,1,1,0,0,1,0.5
CHM1312,2010-01-08,1,1,0,0,1,0.5
CHM1312,2010-01-11,1,1,0,0,1,0.5
CHM1312,2010-01-12,3,3,0,0,1,0.75
CHM1312,2010-01-13,3,3,0,0,1,0.75
CHM1312,2010-01-14,2,2,2,0,1,0.6666666666666666
CHM1312,2010-01-15,1,1,0,0,1,0.5
CHM1312,2010-01-18,2,2,0,0,1,0.6666666666666666
CHM1312,2010-01-19,1,1,0,0,1,0.5
CHM1312,2010-01-20,1,1,0,0,1,0.5
CHM1312,2010-01-21,1,1,0,0,1,0.5
CHM1312,2010-01-22,2,2,0,0,1,0.6666666666666666
CHM1312,2010-01-25,1,1,0,0,1,0.5
CHM1312,2010-01-27,1,1,0,0,1,0.5
CHM1312,2010-01-28,1,1,0,0,1,0.5
CHP1711,2010-01-04,5,5,1,0,1,0.8333333333333334
CHP1711,2010-01-05,5,5,0,0,1,0.8333333333333334
CHP1711,2010-01-06,4,4,0,0,1,0.8
CHP1711,2010-01-07,4,4,0,0,1,0.8
CHP1711,2010-01-08,3,3,0,0,1,0.75
CHP1711,2010-01-11,3,3,0,0,1,0.75
CHP1711,2010-01-12,3,3,0,0,1,0.75
CHP1711,2010-01-13,4,4,1,0,1,0.8
CHP1711,2010-01-14,3,3,0,0,1,0.75
CHP1711,2010-01-15,5,5,1,0,1,0.8333333333333334
CHP1711,2010-01-18,4,4,0,0,1,0.8
CHP1711,2010-01-19,5,5,2,0,1,0.8333333333333334
CHP1711,2010-01-20,3,3,0,0,1,0.75
CHP1711,2010-01-21,4,4,0,0,1,0.8
CHP1711,2010-01-22,5,4,0,0,1,0.8333333333333334
CHP1711,2010-01-25,4,4,0,0,1,0.8
CHP1711,2010-01-26,4,4,0,0,1,0.8
CHP1711,2010-01-27,3,3,0,0,1,0.75
CHP1711,2010-01-28,4,3,0,0,1,0.8
CHP1711,2010-01-29,3,3,0,0,1,0.75
CIF1430,2010-01-04,1,1,0,0,1,0.5
CIF1430,2010-01-05,2,2,0,0,1,0.6666666666666666
CIF1430,2010-01-06,3,3,0,0,1,0.75
CIF1430,2010-01-07,1,1,0,0,1,0.5
CIF1430,2010-01-08,2,2,0,0,1,0.6666666666666666
CIF1430,2010-01-11,4,4,0,0,1,0.8
CIF1430,2010-01-12,2,2,0,0,1,0.6666666666666666
CIF1430,2010-01-13,2,2,0,0,1,0.6666666666666666
CIF1430,2010-01-14,1,1,0,0,1,0.5
CIF1430,2010-01-15,3,3,0,0,1,0.75
CIF1430,2010-01-18,3,3,0,0,1,0.75
CIF1430,2010-01-19,4,4,0,0,1,0.8
CIF1430,2010-01-20,2,2,0,0,1,0.6666666666666666
CIF1430,2010-01-21,1,1,0,0,1,0.5
CIF1430,2010-01-25,3,2,0,0,1,0.75
CIF1430,2010-01-26,1,1,0,0,1,0.5
CIF1430,2010-01-27,2,2,0,0,1,0.6666666666666666
CIF1430,2010-01-28,1,1,0,0,1,0.5
CIF1430,2010-01-29,2,2,0,0,1,0.6666666666666666
CJM0410,2010-01-04,8,8,16,0,1,0.8888888888888888
CJM0410,2010-01-05,9,9,0,0,1,0.9
CJM0410,2010-01-06,8,8,0,0,1,0.8888888888888888
CJM0410,2010-01-07,9,9,3,0,1,0.9
CJM0410,2010-01-08,7,7,0,0,1,0.875
CJM0410,2010-01-11,7,7,2,0,1,0.875
CJM0410,2010-01-12,9,9,0,0,1,0.9
CJM0410,2010-01-13,9,9,0,0,1,0.9
CJM0410,2010-01-14,8,8,0,0,1,0.8888888888888888
CJM0410,2010-01-15,6,6,0,0,1,0.8571428571428571
CJM0410,2010-01-18,8,7,0,0,1,0.8888888888888888
CJM0410,2010-01-19,7,7,2,0,1,0.875
CJM0410,2010-01-20,8,8,0,0,1,0.8888888888888888
CJM0410,2010-01-21,7,7,0,0,1,0.875
CJM0410,2010-01-22,9,9,6,0,1,0.9
CJM0410,2010-01-25,9,9,2,0,1,0.9
CJM0410,2010-01-26,8,8,2,0,1,0.8888888888888888
CJM0410,2010-01-27,7,7,0,0,1,0.875
CJM0410,2010-01-28,8,8,0,0,1,0.8888888888888888
CJM0410,2010-01-29,8,8,2,0,1,0.8888888888888888
CKB0245,2010-01-05,1,1,0,0,1,0.5
CKB0245,2010-01-08,1,1,0,0,1,0.5
CKB0245,2010-01-11,1,1,0,0,1,0.5
CKB0245,2010-01-12,2,2,0,0,1,0.6666666666666666
CKB0245,2010-01-13,3,3,0,0,1,0.75
CKB0245,2010-01-14,1,1,0,0,1,0.5
CKB0245,2010-01-15,1,1,0,0,1,0.5
CKB0245,2010-01-19,2,2,0,0,1,0.6666666666666666
CKB0245,2010-01-20,1,1,0,0,1,0.5
CKB0245,2010-01-22,1,1,0,0,1,0.5
CKB0245,2010-01-25,1,1,0,0,1,0.5
CKB0245,2010-01-26,2,2,0,0,1,0.6666666666666666
CKB0245,2010-01-27,2,2,0,0,1,0.6666666666666666
CKB0245,2010-01-29,1,1,0,0,1,0.5
CKP0630,2010-01-04,5,5,1,0,1,0.8333333333333334
CKP0630,2010-01-05,5,5,0,0,1,0.8333333333333334
CKP0630,2010-01-06,5,5,0,0,1,0.8333333333333334
CKP0630,2010-01-07,5,5,0,0,1,0.8333333333333334
CKP0630,2010-01-08,5,5,1,0,1,0.8333333333333334
CKP0630,2010-01-11,5,4,0,0,1,0.8333333333333334
CKP0630,2010-01-12,5,5,0,0,1,0.8333333333333334
CKP0630,2010-01-13,5,5,0,0,1,0.8333333333333334
CKP0630,2010-01-14,5,5,2,0,1,0.8333333333333334
CKP0630,2010-01-15,5,5,0,0,1,0.8333333333333334
CKP0630,2010-01-18,5,4,1,0,1,0.8333333333333334
CKP0630,2010-01-19,5,5,0,0,1,0.8333333333333334
CKP0630,2010-01-20,5,5,1,0,1,0.8333333333333334
CKP0630,2010-01-21,5,5,0,0,1,0.8333333333333334
CKP0630,2010-01-22,5,5,0,0,1,0.8333333333333334
CKP0630,2010-01-25,5,5,1,0,1,0.8333333333333334
CKP0630,2010-01-26,5,5,1,0,1,0.8333333333333334
CKP0630,2010-01-27,5,5,0,0,1,0.8333333333333334
CKP0630,2010-01-28,5,5,0,0,1,0.8333333333333334
CKP0630,2010-01-29,5,5,0,0,1,0.8333333333333334
CKP0630,2010-02-01,1,1,0,0,1,0.5
CKW0915,2010-01-04,2,2,4,0,2,0.6666666666666666
CKW0915,2010-01-05,2,2,4,0,2,0.6666666666666666
CKW0915,2010-01-06,2,2,4,0,2,0.6666666666666666
CKW0915,2010-01-07,2,2,2,0,2,0.6666666666666666
CKW0915,2010-01-08,3,3,6,0,3,0.75
CKW0915,2010-01-11,1,1,2,0,1,0.5
CKW0915,2010-01-12,3,3,6,0,3,0.75
CKW0915,2010-01-13,4,4,8,0,4,0.8
CKW0915,2010-01-14,3,3,4,0,3,0.75
CKW0915,2010-01-15,4,4,8,0,4,0.8
CKW0915,2010-01-18,2,2,4,0,2,0.6666666666666666
CKW0915,2010-01-19,2,2,2,0,2,0.6666666666666666
CKW0915,2010-01-20,5,5,10,0,5,0.8333333333333334
CKW0915,2010-01-21,4,4,8,0,4,0.8
CKW0915,2010-01-22,2,2,4,0,2,0.6666666666666666
CKW0915,2010-01-25,1,1,2,0,1,0.5
CKW0915,2010-01-26,4,4,6,0,4,0.8
CKW0915,2010-01-27,5,5,8,0,5,0.8333333333333334
CKW0915,2010-01-28,4,4,6,0,4,0.8
CKW0915,2010-01-29,2,2,4,0,2,0.6666666666666666
CKW0915,2010-02-01,2,2,4,0,2,0.6666666666666666
CLF1981,2010-01-04,3,3,0,0,1,0.75
CLF1981,2010-01-05,1,1,0,0,1,0.5
CLF1981,2010-01-06,3,3,0,0,1,0.75
CLF1981,2010-01-08,1,1,0,0,1,0.5
CLF1981,2010-01-11,2,2,0,0,1,0.6666666666666666
CLF1981,2010-01-12,2,2,0,0,1,0.6666666666666666
CLF1981,2010-01-13,1,1,0,0,1,0.5
CLF1981,2010-01-14,2,2,0,0,1,0.6666666666666666
CLF1981,2010-01-15,3,3,0,0,1,0.75
CLF1981,2010-01-18,2,2,0,0,1,0.6666666666666666
CLF1981,2010-01-19,2,2,0,0,1,0.6666666666666666
CLF1981,2010-01-20,2,2,0,0,1,0.6666666666666666
CLF1981,2010-01-21,3,3,0,0,1,0.75
CLF1981,2010-01-22,1,1,0,0,1,0.5
CLF1981,2010-01-25,2,2,0,0,1,0.6666666666666666
CLF1981,2010-01-26,2,2,0,0,1,0.6666666666666666
CLF1981,2010-01-28,2,2,0,0,1,0.6666666666666666
CLF1981,2010-01-29,2,2,0,0,1,0.6666666666666666
CLG0114,2010-01-04,1,1,0,0,1,0.5
CLG0114,2010-01-05,1,1,0,0,1,0.5
CLG0114,2010-01-06,1,1,0,0,1,0.5
CLG0114,2010-01-07,1,1,0,0,1,0.5
CLG0114,2010-01-11,1,1,2,0,1,0.5
CLG0114,2010-01-12,1,1,1,0,1,0.5
CLG0114,2010-01-14,1,1,0,0,1,0.5
CLG0114,2010-01-15,1,1,0,0,1,0.5
CLG0114,2010-01-18,1,1,0,0,1,0.5
CLG0114,2010-01-19,2,2,0,0,1,0.6666666666666666
CLG0114,2010-01-20,2,2,1,0,1,0.6666666666666666
CLG0114,2010-01-21,1,1,0,0,1,0.5
CLG0114,2010-01-27,2,2,0,0,1,0.6666666666666666
CLG0114,2010-01-28,2,2,0,0,1,0.6666666666666666
CLG0114,2010-01-29,3,3,0,0,1,0.75
CLG0114,2010-02-01,1,1,1,0,1,0.5
CLZ1937,2010-01-04,4,4,2,0,1,0.8
CLZ1937,2010-01-05,3,3,0,0,1,0.75
CLZ1937,2010-01-06,2,2,1,0,1,0.6666666666666666
CLZ1937,2010-01-07,3,3,0,0,1,0.75
CLZ1937,2010-01-08,1,1,0,0,1,0.5
CLZ1937,2010-01-11,2,2,0,0,1,0.6666666666666666
CLZ1937,2010-01-12,2,2,0,0,1,0.6666666666666666
CLZ1937,2010-01-13,1,1,0,0,1,0.5
CLZ1937,2010-01-14,2,2,0,0,1,0.6666666666666666
CLZ1937,2010-01-18,1,1,1,0,1,0.5
CLZ1937,2010-01-19,2,2,0,0,1,0.6666666666666666
CLZ1937,2010-01-21,1,1,0,0,1,0.5
CLZ1937,2010-01-22,1,1,0,0,1,0.5
CLZ1937,2010-01-25,1,1,1,0,1,0.5
CLZ1937,2010-01-26,2,2,0,0,1,0.6666666666666666
CLZ1937,2010-01-27,3,3,0,0,1,0.75
CLZ1937,2010-01-28,1,1,1,0,1,0.5
CLZ1937,2010-01-29,3,3,0,0,1,0.75
CLZ1937,2010-02-01,2,2,2,0,1,0.6666666666666666
CRB0648,2010-01-04,2,2,0,0,1,0.6666666666666666
CRB0648,2010-01-05,1,1,0,0,1,0.5
CRB0648,2010-01-07,2,2,0,0,1,0.6666666666666666
CRB0648,2010-01-08,3,3,0,0,1,0.75
CRB0648,2010-01-11,2,2,0,0,1,0.6666666666666666
CRB0648,2010-01-12,3,3,0,0,1,0.75
CRB0648,2010-01-13,2,2,0,0,1,0.6666666666666666
CRB0648,2010-01-14,3,3,0,0,1,0.75
CRB0648,2010-01-15,1,1,0,0,1,0.5
CRB0648,2010-01-18,1,1,0,0,1,0.5
CRB0648,2010-01-19,3,3,0,0,1,0.75
CRB0648,2010-01-20,2,2,0,0,1,0.6666666666666666
CRB0648,2010-01-21,2,2,0,0,1,0.6666666666666666
CRB0648,2010-01-22,2,2,0,0,1,0.6666666666666666
CRB0648,2010-01-25,2,2,0,0,1,0.6666666666666666
CRB0648,2010-01-26,1,1,0,0,1,0.5
CRB0648,2010-01-27,2,2,0,0,1,0.6666666666666666
CRB0648,2010-01-28,3,3,0,0,1,0.75
CRB0648,2010-01-29,3,3,0,0,1,0.75
CRC0217,2010-01-07,1,1,0,0,1,0.5
CRC0217,2010-01-11,1,1,0,0,1,0.5
CRC0217,2010-01-20,3,3,0,0,1,0.75
CRC0217,2010-01-27,1,1,0,0,1,0.5
CRD0987,2010-01-04,1,1,0,0,1,0.5
CRD0987,2010-01-05,1,1,0,0,1,0.5
CRD0987,2010-01-07,2,2,0,0,1,0.6666666666666666
CRD0987,2010-01-08,3,3,1,0,1,0.75
CRD0987,2010-01-11,2,2,0,0,1,0.6666666666666666
CRD0987,2010-01-13,1,1,0,0,1,0.5
CRD0987,2010-01-14,3,3,2,0,1,0.75
CRD0987,2010-01-18,1,1,0,0,1,0.5
CRD0987,2010-01-19,1,1,0,0,1,0.5
CRD0987,2010-01-20,2,2,1,0,1,0.6666666666666666
CRD0987,2010-01-21,1,1,0,0,1,0.5
CRD0987,2010-01-26,2,2,1,0,1,0.6666666666666666
CRD0987,2010-01-28,2,2,0,0,1,0.6666666666666666
CRD0987,2010-01-29,1,1,0,0,1,0.5
CRD0987,2010-02-01,1,1,0,0,1,0.5
CRM0907,2010-01-06,1,1,0,0,1,0.5
CRM0907,2010-01-08,1,1,0,0,1,0.5
CRM0907,2010-01-09,2,2,0,4,1,0.6666666666666666
CRM0907,2010-01-22,1,1,0,0,1,0.5
CRM0907,2010-01-25,1,1,0,0,1,0.5
CRM0907,2010-01-26,1,1,0,0,1,0.5
CRM0907,2010-01-29,1,1,0,0,1,0.5
CRW0627,2010-01-04,2,2,0,0,1,0.6666666666666666
CRW0627,2010-01-05,2,2,0,0,1,0.6666666666666666
CRW0627,2010-01-07,1,1,0,0,1,0.5
CRW0627,2010-01-11,1,1,0,0,1,0.5
CRW0627,2010-01-12,4,4,0,0,1,0.8
CRW0627,2010-01-14,1,1,0,0,1,0.5
CRW0627,2010-01-15,1,1,0,0,1,0.5
CRW0627,2010-01-18,2,2,0,0,1,0.6666666666666666
CRW0627,2010-01-19,2,2,0,0,1,0.6666666666666666
CRW0627,2010-01-21,1,1,0,0,1,0.5
CRW0627,2010-01-22,1,1,0,0,1,0.5
CRW0627,2010-01-25,4,4,1,0,1,0.8
CRW0627,2010-01-26,2,2,0,0,1,0.6666666666666666
CRW0627,2010-01-27,2,2,0,0,1,0.6666666666666666
CRW0627,2010-01-28,1,1,0,0,1,0.5
CTK0037,2010-01-12,1,1,0,0,1,0.5
CTK0037,2010-01-20,1,1,0,0,1,0.5
CTK0037,2010-01-21,2,2,0,0,1,0.6666666666666666
CTK0037,2010-01-22,1,1,2,0,1,0.5
CTK0037,2010-01-25,1,1,2,0,1,0.5
CTT0639,2010-01-04,2,2,0,0,1,0.6666666666666666
CTT0639,2010-01-05,1,1,0,0,1,0.5
CTT0639,2010-01-06,2,2,0,0,1,0.6666666666666666
CTT0639,2010-01-07,1,1,0,0,1,0.5
CTT0639,2010-01-08,1,1,0,0,1,0.5
CTT0639,2010-01-11,1,0,0,0,1,0.5
CTT0639,2010-01-13,1,1,0,0,1,0.5
CTT0639,2010-01-15,1,1,0,0,1,0.5
CTT0639,2010-01-18,1,1,0,0,1,0.5
CTT0639,2010-01-19,1,1,0,0,1,0.5
CTT0639,2010-01-20,2,2,0,0,1,0.6666666666666666
CTT0639,2010-01-21,2,2,0,0,1,0.6666666666666666
CTT0639,2010-01-22,1,1,0,0,1,0.5
CTT0639,2010-01-25,2,2,0,0,1,0.6666666666666666
CTT0639,2010-01-26,1,1,0,0,1,0.5
CTT0639,2010-01-27,2,2,0,0,1,0.6666666666666666
CTT0639,2010-01-28,1,1,0,0,1,0.5
CTT0639,2010-01-29,1,1,0,0,1,0.5
CWC0006,2010-01-04,2,2,2,0,1,0.6666666666666666
CWC0006,2010-01-05,3,3,0,0,1,0.75
CWC0006,2010-01-06,3,3,2,0,1,0.75
CWC0006,2010-01-07,4,4,0,0,1,0.8
CWC0006,2010-01-08,2,2,1,0,1,0.6666666666666666
CWC0006,2010-01-11,4,4,1,0,1,0.8
CWC0006,2010-01-12,3,3,0,0,1,0.75
CWC0006,2010-01-13,3,3,2,0,1,0.75
CWC0006,2010-01-14,3,3,2,0,1,0.75
CWC0006,2010-01-15,2,2,0,0,1,0.6666666666666666
CWC0006,2010-01-18,1,1,0,0,1,0.5
CWC0006,2010-01-19,2,2,0,0,1,0.6666666666666666
CWC0006,2010-01-21,3,3,0,0,1,0.75
CWC0006,2010-01-22,5,5,3,0,1,0.8333333333333334
CWC0006,2010-01-25,1,1,0,0,1,0.5
CWC0006,2010-01-26,2,2,1,0,1,0.6666666666666666
CWC0006,2010-01-27,1,1,0,0,1,0.5
CWC0006,2010-01-28,2,2,2,0,1,0.6666666666666666
CWC0006,2010-01-29,2,2,0,0,1,0.6666666666666666
CWR0696,2010-01-08,1,1,0,0,1,0.5
CWR0696,2010-01-11,3,3,0,0,1,0.75
CWR0696,2010-01-13,1,1,0,0,1,0.5
CWR0696,2010-01-15,2,2,0,0,1,0.6666666666666666
CWR0696,2010-01-18,1,1,0,0,1,0.5
CWR0696,2010-01-21,2,1,0,0,1,0.6666666666666666
CWR0696,2010-01-22,2,2,0,0,1,0.6666666666666666
CWR0696,2010-01-25,1,1,1,0,1,0.5
CWR0696,2010-01-27,1,1,0,0,1,0.5
CWR0696,2010-01-28,1,1,0,0,1,0.5
DAL0795,2010-01-06,1,1,0,0,1,0.5
DAL0795,2010-01-11,1,1,0,0,1,0.5
DAL0795,2010-01-13,1,1,0,0,1,0.5
DAL0795,2010-01-19,2,2,4,0,1,0.6666666666666666
DBS0048,2010-01-04,1,1,2,0,1,0.5
DBS0048,2010-01-05,2,2,2,0,2,0.6666666666666666
DBS0048,2010-01-06,2,2,2,0,2,0.6666666666666666
DBS0048,2010-01-07,2,2,4,0,2,0.6666666666666666
DBS0048,2010-01-08,3,3,6,0,3,0.75
DBS0048,2010-01-11,5,5,10,0,5,0.8333333333333334
DBS0048,2010-01-12,5,5,10,0,5,0.8333333333333334
DBS0048,2010-01-13,2,2,4,0,2,0.6666666666666666
DBS0048,2010-01-14,1,1,0,0,1,0.5
DBS0048,2010-01-15,4,4,6,0,4,0.8
DBS0048,2010-01-18,1,1,2,0,1,0.5
DBS0048,2010-01-19,3,3,6,0,3,0.75
DBS0048,2010-01-20,4,4,6,0,4,0.8
DBS0048,2010-01-21,1,1,2,0,1,0.5
DBS0048,2010-01-22,2,2,4,0,2,0.6666666666666666
DBS0048,2010-01-25,4,4,8,0,4,0.8
DBS0048,2010-01-26,3,3,6,0,3,0.75
DBS0048,2010-01-27,2,2,4,0,2,0.6666666666666666
DBS0048,2010-01-28,2,2,4,0,2,0.6666666666666666
DBS0048,2010-01-29,3,3,5,0,3,0.75
DBS0048,2010-02-01,1,1,2,0,1,0.5
DCC1119,2010-01-04,4,4,6,0,4,0.8
DCC1119,2010-01-05,2,2,2,0,2,0.6666666666666666
DCC1119,2010-01-06,4,4,8,0,4,0.8
DCC1119,2010-01-07,3,3,2,0,3,0.75
DCC1119,2010-01-08,5,5,10,0,5,0.8333333333333334
DCC1119,2010-01-11,4,4,8,0,4,0.8
DCC1119,2010-01-12,1,1,2,0,1,0.5
DCC1119,2010-01-13,2,2,2,0,2,0.6666666666666666
DCC1119,2010-01-14,3,3,6,0,3,0.75
DCC1119,2010-01-18,2,2,2,0,2,0.6666666666666666
DCC1119,2010-01-19,2,2,2,0,2,0.6666666666666666
DCC1119,2010-01-20,1,1,2,0,1,0.5
DCC1119,2010-01-21,4,4,8,0,4,0.8
DCC1119,2010-01-22,5,5,8,0,5,0.8333333333333334
DCC1119,2010-01-25,3,3,4,0,3,0.75
DCC1119,2010-01-26,4,4,8,0,4,0.8
DCC1119,2010-01-27,3,3,4,0,3,0.75
DCC1119,2010-01-28,1,1,0,0,1,0.5
DCC1119,2010-01-29,4,4,4,0,4,0.8
DCC1119,2010-02-01,3,3,6,0,3,0.75
DCF1479,2010-01-07,1,1,0,0,1,0.5
DCF1479,2010-01-13,1,1,0,0,1,0.5
DCF1479,2010-01-14,1,1,0,0,1,0.5
DCF1479,2010-01-19,1,1,0,0,1,0.5
DCF1479,2010-01-21,1,1,0,0,1,0.5
DCR1648,2010-01-02,1,1,0,2,1,0.5
DCR1648,2010-01-03,2,2,0,4,1,0.6666666666666666
DCR1648,2010-01-04,2,2,0,0,1,0.6666666666666666
DCR1648,2010-01-07,2,2,2,0,1,0.6666666666666666
DCR1648,2010-01-08,2,2,0,0,1,0.6666666666666666
DCR1648,2010-01-14,1,1,0,0,1,0.5
DCR1648,2010-01-16,2,2,0,4,1,0.6666666666666666
DCR1648,2010-01-18,1,1,0,0,1,0.5
DCR1648,2010-01-20,1,1,0,0,1,0.5
DCR1648,2010-01-21,1,1,0,0,1,0.5
DCR1648,2010-01-22,1,1,0,0,1,0.5
DCR1648,2010-01-23,3,3,0,6,1,0.75
DCR1648,2010-01-25,1,1,0,0,1,0.5
DCR1648,2010-01-26,2,2,0,0,1,0.6666666666666666
DCR1648,2010-01-27,1,1,0,0,1,0.5
DCR1648,2010-01-28,2,2,0,0,1,0.6666666666666666
DCR1648,2010-01-29,3,3,0,0,1,0.75
DCR1648,2010-01-31,2,2,0,4,1,0.6666666666666666
DDK0995,2010-01-04,1,1,0,0,1,0.5
DDK0995,2010-01-05,1,1,0,0,1,0.5
DDK0995,2010-01-07,1,1,0,0,1,0.5
DDK0995,2010-01-11,2,2,0,0,1,0.6666666666666666
DDK0995,2010-01-12,1,1,0,0,1,0.5
DDK0995,2010-01-13,2,2,0,0,1,0.6666666666666666
DDK0995,2010-01-14,2,2,2,0,1,0.6666666666666666
DDK0995,2010-01-15,1,1,0,0,1,0.5
DDK0995,2010-01-19,1,1,0,0,1,0.5
DDK0995,2010-01-20,1,1,0,0,1,0.5
DDK0995,2010-01-22,1,1,0,0,1,0.5
DDK0995,2010-01-25,2,2,1,0,1,0.6666666666666666
DDK0995,2010-01-26,3,3,0,0,1,0.75
DDK0995,2010-01-29,1,1,0,0,1,0.5
DDR1876,2010-01-02,4,4,0,8,1,0.8
DDR1876,2010-01-04,2,2,0,0,1,0.6666666666666666
DDR1876,2010-01-05,3,3,0,0,1,0.75
DDR1876,2010-01-06,1,1,0,0,1,0.5
DDR1876,2010-01-07,2,2,0,0,1,0.6666666666666666
DDR1876,2010-01-08,4,4,0,0,1,0.8
DDR1876,2010-01-09,3,3,0,6,1,0.75
DDR1876,2010-01-12,1,1,0,0,1,0.5
DDR1876,2010-01-13,3,3,0,0,1,0.75
DDR1876,2010-01-14,3,3,0,0,1,0.75
DDR1876,2010-01-15,3,2,0,0,1,0.75
DDR1876,2010-01-16,2,2,0,4,1,0.6666666666666666
DDR1876,2010-01-17,3,3,0,6,1,0.75
DDR1876,2010-01-18,4,4,0,0,1,0.8
DDR1876,2010-01-19,2,1,0,0,1,0.6666666666666666
DDR1876,2010-01-21,3,3,0,0,1,0.75
DDR1876,2010-01-22,3,3,0,0,1,0.75
DDR1876,2010-01-23,5,5,0,10,1,0.8333333333333334
DDR1876,2010-01-25,1,1,0,0,1,0.5
DDR1876,2010-01-26,2,2,0,0,1,0.6666666666666666
DDR1876,2010-01-27,3,3,0,0,1,0.75
DDR1876,2010-01-28,4,4,0,0,1,0.8
DDR1876,2010-01-30,1,1,0,2,1,0.5
DEB0727,2010-01-04,1,1,0,0,1,0.5
DEB0727,2010-01-06,2,2,0,0,1,0.6666666666666666
DEB0727,2010-01-12,1,1,0,0,1,0.5
DEB0727,2010-01-19,1,1,0,0,1,0.5
DEB0727,2010-01-20,1,1,0,0,1,0.5
DEB0727,2010-01-26,2,2,1,0,1,0.6666666666666666
DEC1939,2010-01-04,2,2,0,0,1,0.6666666666666666
DEC1939,2010-01-06,2,2,0,0,1,0.6666666666666666
DEC1939,2010-01-08,1,1,0,0,1,0.5
DEC1939,2010-01-12,2,2,1,0,1,0.6666666666666666
DEC1939,2010-01-13,3,3,1,0,1,0.75
DEC1939,2010-01-15,2,2,0,0,1,0.6666666666666666
DEC1939,2010-01-18,1,1,0,0,1,0.5
DEC1939,2010-01-19,2,2,0,0,1,0.6666666666666666
DEC1939,2010-01-20,2,2,0,0,1,0.6666666666666666
DEC1939,2010-01-21,1,1,2,0,1,0.5
DEC1939,2010-01-22,3,3,2,0,1,0.75
DEC1939,2010-01-28,2,2,0,0,1,0.6666666666666666
DEO1964,2010-01-02,1,1,0,2,1,0.5
DEO1964,2010-01-03,1,1,0,2,1,0.5
DEO1964,2010-01-05,2,2,0,0,1,0.6666666666666666
DEO1964,2010-01-08,2,2,0,0,1,0.6666666666666666
DEO1964,2010-01-16,1,1,0,2,1,0.5
DEO1964,2010-01-17,1,1,0,2,1,0.5
DEO1964,2010-01-20,1,1,0,0,1,0.5
DEO1964,2010-01-22,1,1,0,0,1,0.5
DEO1964,2010-01-23,2,2,0,4,1,0.6666666666666666
DEO1964,2010-01-24,1,1,0,2,1,0.5
DEO1964,2010-01-27,2,2,0,0,1,0.6666666666666666
DEO1964,2010-01-29,1,1,0,0,1,0.5
DEW0384,2010-01-04,3,3,0,0,1,0.75
DEW0384,2010-01-05,2,2,0,0,1,0.6666666666666666
DEW0384,2010-01-06,1,1,0,0,1,0.5
DEW0384,2010-01-07,3,3,1,0,1,0.75
DEW0384,2010-01-12,1,1,0,0,1,0.5
DEW0384,2010-01-13,2,2,1,0,1,0.6666666666666666
DEW0384,2010-01-14,2,2,0,0,1,0.6666666666666666
DEW0384,2010-01-15,3,3,1,0,1,0.75
DEW0384,2010-01-17,2,2,0,4,1,0.6666666666666666
DEW0384,2010-01-18,3,3,0,0,1,0.75
DEW0384,2010-01-19,2,2,0,0,1,0.6666666666666666
DEW0384,2010-01-20,1,1,0,0,1,0.5
DEW0384,2010-01-21,2,2,0,0,1,0.6666666666666666
DEW0384,2010-01-22,2,2,0,0,1,0.6666666666666666
DEW0384,2010-01-25,1,1,0,0,1,0.5
DEW0384,2010-01-26,2,2,0,0,1,0.6666666666666666
DEW0384,2010-01-27,2,2,0,0,1,0.6666666666666666
DEW0384,2010-01-28,2,2,0,0,1,0.6666666666666666
DEW0384,2010-01-29,2,2,2,0,1,0.6666666666666666
DHS0204,2010-01-02,1,1,1,2,1,0.5
DHS0204,2010-01-04,2,2,2,0,1,0.6666666666666666
DHS0204,2010-01-05,2,2,2,0,1,0.6666666666666666
DHS0204,2010-01-06,2,2,0,0,1,0.6666666666666666
DHS0204,2010-01-07,1,1,0,0,1,0.5
DHS0204,2010-01-08,1,1,0,0,1,0.5
DHS0204,2010-01-12,1,1,0,0,1,0.5
DHS0204,2010-01-13,3,3,2,0,1,0.75
DHS0204,2010-01-15,1,1,0,0,1,0.5
DHS0204,2010-01-16,2,2,0,4,1,0.6666666666666666
DHS0204,2010-01-17,2,2,0,4,1,0.6666666666666666
DHS0204,2010-01-19,2,2,0,0,1,0.6666666666666666
DHS0204,2010-01-21,1,1,0,0,1,0.5
DHS0204,2010-01-22,2,2,0,0,1,0.6666666666666666
DHS0204,2010-01-25,2,2,3,0,1,0.6666666666666666
DHS0204,2010-01-28,3,3,1,0,1,0.75
DHS0204,2010-01-30,3,3,3,6,1,0.75
DJT1534,2010-01-06,1,1,0,0,1,0.5
DJT1534,2010-01-07,1,1,1,0,1,0.5
DJT1534,2010-01-08,1,1,1,0,1,0.5
DJT1534,2010-01-11,1,1,0,0,1,0.5
DJT1534,2010-01-14,1,1,0,0,1,0.5
DJT1534,2010-01-21,2,2,0,0,1,0.6666666666666666
DJT1534,2010-01-22,1,1,0,0,1,0.5
DJT1534,2010-01-25,3,3,0,0,1,0.75
DJT1534,2010-01-28,1,1,0,0,1,0.5
DKG0161,2010-01-04,3,3,0,0,1,0.75
DKG0161,2010-01-05,2,2,0,0,1,0.6666666666666666
DKG0161,2010-01-06,3,3,0,0,1,0.75
DKG0161,2010-01-07,2,2,0,0,1,0.6666666666666666
DKG0161,2010-01-08,2,2,1,0,1,0.6666666666666666
DKG0161,2010-01-11,1,1,0,0,1,0.5
DKG0161,2010-01-12,3,3,1,0,1,0.75
DKG0161,2010-01-13,2,2,0,0,1,0.6666666666666666
DKG0161,2010-01-14,1,1,1,0,1,0.5
DKG0161,2010-01-15,3,3,0,0,1,0.75
DKG0161,2010-01-18,3,3,0,0,1,0.75
DKG0161,2010-01-19,2,2,0,0,1,0.6666666666666666
DKG0161,2010-01-20,1,1,0,0,1,0.5
DKG0161,2010-01-21,1,1,0,0,1,0.5
DKG0161,2010-01-22,1,1,0,0,1,0.5
DKG0161,2010-01-27,3,3,0,0,1,0.75
DKG0161,2010-01-28,3,3,0,0,1,0.75
DKG0161,2010-01-29,2,2,0,0,1,0.6666666666666666
DKG0161,2010-02-01,1,1,0,0,1,0.5
DKG0637,2010-01-13,1,1,0,0,1,0.5
DKG0637,2010-01-14,1,1,0,0,1,0.5
DKG0637,2010-01-18,2,2,0,0,1,0.6666666666666666
DKG0637,2010-01-19,1,1,0,0,1,0.5
DKG0637,2010-01-21,1,1,0,0,1,0.5
DLB0401,2010-01-04,2,2,0,0,1,0.6666666666666666
DLB0401,2010-01-05,3,3,0,0,1,0.75
DLB0401,2010-01-07,3,3,0,0,1,0.75
DLB0401,2010-01-08,2,2,0,0,1,0.6666666666666666
DLB0401,2010-01-12,2,2,0,0,1,0.6666666666666666
DLB0401,2010-01-14,1,1,0,0,1,0.5
DLB0401,2010-01-18,2,2,0,0,1,0.6666666666666666
DLB0401,2010-01-19,3,3,0,0,1,0.75
DLB0401,2010-01-21,2,2,0,0,1,0.6666666666666666
DLB0401,2010-01-25,1,1,0,0,1,0.5
DLB0401,2010-01-26,1,1,0,0,1,0.5
DLB0401,2010-01-27,2,2,0,0,1,0.6666666666666666
DLB0401,2010-01-28,2,2,0,0,1,0.6666666666666666
DMD1197,2010-01-04,9,9,0,0,1,0.9
DMD1197,2010-01-05,9,9,0,0,1,0.9
DMD1197,2010-01-06,8,8,0,0,1,0.8888888888888888
DMD1197,2010-01-07,9,9,0,0,1,0.9
DMD1197,2010-01-08,9,9,0,0,1,0.9
DMD1197,2010-01-11,9,9,0,0,1,0.9
DMD1197,2010-01-12,8,8,0,0,1,0.8888888888888888
DMD1197,2010-01-13,9,9,0,0,1,0.9
DMD1197,2010-01-14,9,9,2,0,1,0.9
DMD1197,2010-01-15,9,9,0,0,1,0.9
DMD1197,2010-01-18,9,9,0,0,1,0.9
DMD1197,2010-01-19,8,8,0,0,1,0.8888888888888888
DMD1197,2010-01-20,9,9,0,0,1,0.9
DMD1197,2010-01-21,9,9,0,0,1,0.9
DMD1197,2010-01-22,8,8,4,0,1,0.8888888888888888
DMD1197,2010-01-25,9,9,2,0,1,0.9
DMD1197,2010-01-26,8,8,0,0,1,0.8888888888888888
DMD1197,2010-01-27,9,9,0,0,1,0.9
DMD1197,2010-01-28,9,9,0,0,1,0.9
DMD1197,2010-01-29,9,9,0,0,1,0.9
DMD1197,2010-02-01,1,1,0,0,1,0.5
DMJ0222,2010-01-04,8,8,0,0,1,0.8888888888888888
DMJ0222,2010-01-05,8,8,0,0,1,0.8888888888888888
DMJ0222,2010-01-06,8,8,0,0,1,0.8888888888888888
DMJ0222,2010-01-07,9,9,0,0,1,0.9
DMJ0222,2010-01-08,9,9,0,0,1,0.9
DMJ0222,2010-01-11,9,9,0,0,1,0.9
DMJ0222,2010-01-12,9,9,0,0,1,0.9
DMJ0222,2010-01-13,9,9,0,0,1,0.9
DMJ0222,2010-01-14,8,8,2,0,1,0.8888888888888888
DMJ0222,2010-01-15,9,9,0,0,1,0.9
DMJ0222,2010-01-18,8,8,0,0,1,0.8888888888888888
DMJ0222,2010-01-19,9,9,0,0,1,0.9
DMJ0222,2010-01-20,9,9,1,0,1,0.9
DMJ0222,2010-01-21,8,8,0,0,1,0.8888888888888888
DMJ0222,2010-01-22,9,9,1,0,1,0.9
DMJ0222,2010-01-25,9,9,0,0,1,0.9
DMJ0222,2010-01-26,8,8,0,0,1,0.8888888888888888
DMJ0222,2010-01-27,8,8,0,0,1,0.8888888888888888
DMJ0222,2010-01-28,7,7,0,0,1,0.875
DMJ0222,2010-01-29,9,9,0,0,1,0.9
DMW1849,2010-01-12,1,1,0,0,1,0.5
DMW1849,2010-01-13,1,1,0,0,1,0.5
DMW1849,2010-01-21,1,1,0,0,1,0.5
DMW1849,2010-01-22,1,1,0,0,1,0.5
DMW1849,2010-01-26,2,2,0,0,1,0.6666666666666666
DMW1849,2010-01-29,1,1,0,0,1,0.5
DMW1849,2010-02-01,1,1,0,0,1,0.5
DNF0876,2010-01-04,8,8,0,0,1,0.8888888888888888
DNF0876,2010-01-05,8,8,3,0,1,0.8888888888888888
DNF0876,2010-01-06,7,7,2,0,1,0.875
DNF0876,2010-01-07,9,9,3,0,1,0.9
DNF0876,2010-01-08,10,10,3,0,1,0.9090909090909091
DNF0876,2010-01-11,8,8,2,0,1,0.8888888888888888
DNF0876,2010-01-12,9,9,2,0,1,0.9
DNF0876,2010-01-13,8,8,1,0,1,0.8888888888888888
DNF0876,2010-01-14,7,7,0,0,1,0.875
DNF0876,2010-01-15,8,8,2,0,1,0.8888888888888888
DNF0876,2010-01-18,8,8,3,0,1,0.8888888888888888
DNF0876,2010-01-19,6,6,0,0,1,0.8571428571428571
DNF0876,2010-01-20,9,9,3,0,1,0.9
DNF0876,2010-01-21,9,9,0,0,1,0.9
DNF0876,2010-01-22,7,7,0,0,1,0.875
DNF0876,2010-01-25,9,9,1,0,1,0.9
DNF0876,2010-01-26,9,9,0,0,1,0.9
DNF0876,2010-01-27,8,8,0,0,1,0.8888888888888888
DNF0876,2010-01-28,9,9,0,0,1,0.9
DNF0876,2010-01-29,8,8,2,0,1,0.8888888888888888
DNF0876,2010-02-01,1,1,0,0,1,0.5
DNW0899,2010-01-04,9,9,5,0,1,0.9
DNW0899,2010-01-05,9,9,3,0,1,0.9
DNW0899,2010-01-06,9,9,0,0,1,0.9
DNW0899,2010-01-07,8,8,0,0,1,0.8888888888888888
DNW0899,2010-01-08,9,9,2,0,1,0.9
DNW0899,2010-01-11,9,9,2,0,1,0.9
DNW0899,2010-01-12,9,9,3,0,1,0.9
DNW0899,2010-01-13,7,7,2,0,1,0.875
DNW0899,2010-01-14,9,9,3,0,1,0.9
DNW0899,2010-01-15,9,9,0,0,1,0.9
DNW0899,2010-01-18,9,9,0,0,1,0.9
DNW0899,2010-01-19,9,9,6,0,1,0.9
DNW0899,2010-01-20,9,9,3,0,1,0.9
DNW0899,2010-01-21,7,7,0,0,1,0.875
DNW0899,2010-01-22,9,9,2,0,1,0.9
DNW0899,2010-01-25,9,9,3,0,1,0.9
DNW0899,2010-01-26,9,9,4,0,1,0.9
DNW0899,2010-01-27,9,9,0,0,1,0.9
DNW0899,2010-01-28,9,9,0,0,1,0.9
DNW0899,2010-01-29,9,9,0,0,1,0.9
DNW0899,2010-02-01,1,1,2,0,1,0.5
DPC1618,2010-01-04,1,1,0,0,1,0.5
DPC1618,2010-01-05,5,5,0,0,1,0.8333333333333334
DPC1618,2010-01-06,2,2,0,0,1,0.6666666666666666
DPC1618,2010-01-07,1,1,0,0,1,0.5
DPC1618,2010-01-08,2,2,0,0,1,0.6666666666666666
DPC1618,2010-01-11,1,1,0,0,1,0.5
DPC1618,2010-01-12,1,1,0,0,1,0.5
DPC1618,2010-01-13,2,2,0,0,1,0.6666666666666666
DPC1618,2010-01-14,1,1,0,0,1,0.5
DPC1618,2010-01-15,3,3,2,0,1,0.75
DPC1618,2010-01-18,3,3,2,0,1,0.75
DPC1618,2010-01-19,1,1,0,0,1,0.5
DPC1618,2010-01-20,2,2,1,0,1,0.6666666666666666
DPC1618,2010-01-21,1,1,0,0,1,0.5
DPC1618,2010-01-22,3,3,0,0,1,0.75
DPC1618,2010-01-25,1,1,0,0,1,0.5
DPC1618,2010-01-26,2,2,2,0,1,0.6666666666666666
DPC1618,2010-01-27,3,3,0,0,1,0.75
DPC1618,2010-01-28,2,2,1,0,1,0.6666666666666666
DPC1618,2010-01-29,3,3,2,0,1,0.75
DPN1990,2010-01-04,1,1,2,0,1,0.5
DPN1990,2010-01-05,3,3,2,0,1,0.75
DPN1990,2010-01-06,4,4,4,0,1,0.8
DPN1990,2010-01-07,1,1,0,0,1,0.5
DPN1990,2010-01-08,4,4,0,0,1,0.8
DPN1990,2010-01-11,1,1,0,0,1,0.5
DPN1990,2010-01-12,3,3,2,0,1,0.75
DPN1990,2010-01-13,3,3,2,0,1,0.75
DPN1990,2010-01-14,2,2,0,0,1,0.6666666666666666
DPN1990,2010-01-15,3,3,0,0,1,0.75
DPN1990,2010-01-18,1,1,0,0,1,0.5
DPN1990,2010-01-19,2,2,0,0,1,0.6666666666666666
DPN1990,2010-01-20,2,2,0,0,1,0.6666666666666666
DPN1990,2010-01-21,1,1,0,0,1,0.5
DPN1990,2010-01-22,2,2,0,0,1,0.6666666666666666
DPN1990,2010-01-25,1,1,0,0,1,0.5
DPN1990,2010-01-26,1,1,0,0,1,0.5
DPN1990,2010-01-27,2,2,0,0,1,0.6666666666666666
DPN1990,2010-01-28,1,1,0,0,1,0.5
DPN1990,2010-01-29,1,1,0,0,1,0.5
DSH1074,2010-01-04,1,1,0,0,1,0.5
DSH1074,2010-01-05,3,3,0,0,1,0.75
DSH1074,2010-01-06,2,2,0,0,1,0.6666666666666666
DSH1074,2010-01-07,3,3,0,0,1,0.75
DSH1074,2010-01-08,3,3,0,0,1,0.75
DSH1074,2010-01-11,2,2,0,0,1,0.6666666666666666
DSH1074,2010-01-12,2,2,1,0,1,0.6666666666666666
DSH1074,2010-01-13,3,3,0,0,1,0.75
DSH1074,2010-01-14,3,2,0,0,1,0.75
DSH1074,2010-01-15,2,2,0,0,1,0.6666666666666666
DSH1074,2010-01-18,1,1,0,0,1,0.5
DSH1074,2010-01-19,2,2,0,0,1,0.6666666666666666
DSH1074,2010-01-20,2,2,0,0,1,0.6666666666666666
DSH1074,2010-01-21,3,3,0,0,1,0.75
DSH1074,2010-01-22,2,2,0,0,1,0.6666666666666666
DSH1074,2010-01-25,2,2,0,0,1,0.6666666666666666
DSH1074,2010-01-26,3,3,0,0,1,0.75
DSH1074,2010-01-27,1,1,0,0,1,0.5
DSH1074,2010-01-28,3,3,0,0,1,0.75
DSH1074,2010-01-29,2,2,0,0,1,0.6666666666666666
DZA0195,2010-01-04,3,3,0,0,1,0.75
DZA0195,2010-01-05,2,2,0,0,1,0.6666666666666666
DZA0195,2010-01-06,1,1,0,0,1,0.5
DZA0195,2010-01-07,2,2,0,0,1,0.6666666666666666
DZA0195,2010-01-08,1,1,0,0,1,0.5
DZA0195,2010-01-11,2,2,0,0,1,0.6666666666666666
DZA0195,2010-01-12,2,2,0,0,1,0.6666666666666666
DZA0195,2010-01-13,3,3,0,0,1,0.75
DZA0195,2010-01-14,2,2,0,0,1,0.6666666666666666
DZA0195,2010-01-15,2,2,0,0,1,0.6666666666666666
DZA0195,2010-01-18,1,1,0,0,1,0.5
DZA0195,2010-01-19,2,2,0,0,1,0.6666666666666666
DZA0195,2010-01-20,3,3,0,0,1,0.75
DZA0195,2010-01-21,4,4,0,0,1,0.8
DZA0195,2010-01-22,3,3,0,0,1,0.75
DZA0195,2010-01-25,1,1,0,0,1,0.5
DZA0195,2010-01-26,1,1,0,0,1,0.5
DZA0195,2010-01-27,1,1,0,0,1,0.5
DZA0195,2010-01-28,3,3,0,0,1,0.75
DZA0195,2010-01-29,2,2,0,0,1,0.6666666666666666
DZH1867,2010-01-04,9,9,1,0,1,0.9
DZH1867,2010-01-05,8,8,0,0,1,0.8888888888888888
DZH1867,2010-01-06,9,9,0,0,1,0.9
DZH1867,2010-01-07,8,8,0,0,1,0.8888888888888888
DZH1867,2010-01-08,9,9,0,0,1,0.9
DZH1867,2010-01-11,9,9,0,0,1,0.9
DZH1867,2010-01-12,8,8,0,0,1,0.8888888888888888
DZH1867,2010-01-13,8,8,0,0,1,0.8888888888888888
DZH1867,2010-01-14,9,9,0,0,1,0.9
DZH1867,2010-01-15,9,9,0,0,1,0.9
DZH1867,2010-01-18,9,9,0,0,1,0.9
DZH1867,2010-01-19,8,8,1,0,1,0.8888888888888888
DZH1867,2010-01-20,9,9,2,0,1,0.9
DZH1867,2010-01-21,9,9,0,0,1,0.9
DZH1867,2010-01-22,9,9,0,0,1,0.9
DZH1867,2010-01-25,9,9,0,0,1,0.9
DZH1867,2010-01-26,8,8,0,0,1,0.8888888888888888
DZH1867,2010-01-27,7,7,0,0,1,0.875
DZH1867,2010-01-28,9,9,0,0,1,0.9
DZH1867,2010-01-29,9,9,0,0,1,0.9
DZO0999,2010-01-04,1,1,0,0,1,0.5
DZO0999,2010-01-05,1,1,0,0,1,0.5
DZO0999,2010-01-11,1,1,2,0,1,0.5
DZO0999,2010-01-12,1,1,0,0,1,0.5
DZO0999,2010-01-13,2,2,0,0,1,0.6666666666666666
DZO0999,2010-01-14,3,3,0,0,1,0.75
DZO0999,2010-01-15,1,1,0,0,1,0.5
DZO0999,2010-01-18,1,1,0,0,1,0.5
DZO0999,2010-01-19,1,1,0,0,1,0.5
DZO0999,2010-01-20,2,2,0,0,1,0.6666666666666666
DZO0999,2010-01-21,3,2,0,0,1,0.75
DZO0999,2010-01-25,1,1,0,0,1,0.5
DZO0999,2010-01-27,2,2,0,0,1,0.6666666666666666
DZO0999,2010-01-29,1,1,0,0,1,0.5
EAC0769,2010-01-04,7,7,0,0,1,0.875
EAC0769,2010-01-05,8,8,0,0,1,0.8888888888888888
EAC0769,2010-01-06,9,9,0,0,1,0.9
EAC0769,2010-01-07,8,8,0,0,1,0.8888888888888888
EAC0769,2010-01-08,5,5,0,0,1,0.8333333333333334
EAC0769,2010-01-11,8,8,0,0,1,0.8888888888888888
EAC0769,2010-01-12,8,8,0,0,1,0.8888888888888888
EAC0769,2010-01-13,9,9,0,0,1,0.9
EAC0769,2010-01-14,8,8,0,0,1,0.8888888888888888
EAC0769,2010-01-15,7,7,0,0,1,0.875
EAC0769,2010-01-18,8,8,0,0,1,0.8888888888888888
EAC0769,2010-01-19,8,8,0,0,1,0.8888888888888888
EAC0769,2010-01-20,8,8,0,0,1,0.8888888888888888
EAC0769,2010-01-21,7,7,0,0,1,0.875
EAC0769,2010-01-22,9,9,10,0,1,0.9
EAC0769,2010-01-25,8,8,0,0,1,0.8888888888888888
EAC0769,2010-01-26,8,8,0,0,1,0.8888888888888888
EAC0769,2010-01-27,8,8,0,0,1,0.8888888888888888
EAC0769,2010-01-28,9,9,0,0,1,0.9
EAC0769,2010-01-29,7,7,0,0,1,0.875
EAM1308,2010-01-04,1,1,0,0,1,0.5
EAM1308,2010-01-05,2,2,0,0,1,0.6666666666666666
EAM1308,2010-01-06,4,4,2,0,1,0.8
EAM1308,2010-01-07,1,1,0,0,1,0.5
EAM1308,2010-01-08,2,2,0,0,1,0.6666666666666666
EAM1308,2010-01-09,1,1,2,2,1,0.5
EAM1308,2010-01-11,3,3,2,0,1,0.75
EAM1308,2010-01-12,1,1,0,0,1,0.5
EAM1308,2010-01-13,3,2,0,0,1,0.75
EAM1308,2010-01-14,3,3,0,0,1,0.75
EAM1308,2010-01-15,2,2,0,0,1,0.6666666666666666
EAM1308,2010-01-18,3,3,2,0,1,0.75
EAM1308,2010-01-19,2,2,0,0,1,0.6666666666666666
EAM1308,2010-01-20,2,2,1,0,1,0.6666666666666666
EAM1308,2010-01-21,2,2,1,0,1,0.6666666666666666
EAM1308,2010-01-22,3,3,0,0,1,0.75
EAM1308,2010-01-25,2,2,0,0,1,0.6666666666666666
EAM1308,2010-01-26,2,2,2,0,1,0.6666666666666666
EAM1308,2010-01-27,1,1,0,0,1,0.5
EAM1308,2010-01-28,2,2,0,0,1,0.6666666666666666
EAM1308,2010-01-29,2,2,0,0,1,0.6666666666666666
EAM1308,2010-01-30,2,2,0,4,1,0.6666666666666666
EAS1970,2010-01-04,3,3,0,0,1,0.75
EAS1970,2010-01-05,3,3,0,0,1,0.75
EAS1970,2010-01-06,1,1,0,0,1,0.5
EAS1970,2010-01-07,3,3,0,0,1,0.75
EAS1970,2010-01-08,2,2,0,0,1,0.6666666666666666
EAS1970,2010-01-11,2,2,0,0,1,0.6666666666666666
EAS1970,2010-01-12,2,2,0,0,1,0.6666666666666666
EAS1970,2010-01-13,2,2,0,0,1,0.6666666666666666
EAS1970,2010-01-14,3,3,0,0,1,0.75
EAS1970,2010-01-15,2,2,0,0,1,0.6666666666666666
EAS1970,2010-01-18,2,2,0,0,1,0.6666666666666666
EAS1970,2010-01-19,4,4,0,0,1,0.8
EAS1970,2010-01-20,4,4,0,0,1,0.8
EAS1970,2010-01-21,1,1,0,0,1,0.5
EAS1970,2010-01-22,1,1,0,0,1,0.5
EAS1970,2010-01-25,1,1,0,0,1,0.5
EAS1970,2010-01-26,3,3,0,0,1,0.75
EAS1970,2010-01-27,3,3,0,0,1,0.75
EAS1970,2010-01-28,3,3,0,0,1,0.75
EAS1970,2010-01-29,3,3,0,0,1,0.75
EGF1305,2010-01-06,2,2,0,0,1,0.6666666666666666
EGF1305,2010-01-07,2,2,0,0,1,0.6666666666666666
EGF1305,2010-01-12,1,1,0,0,1,0.5
EGF1305,2010-01-13,1,1,0,0,1,0.5
EGF1305,2010-01-14,1,1,0,0,1,0.5
EGF1305,2010-01-15,1,1,0,0,1,0.5
EGF1305,2010-01-18,2,2,0,0,1,0.6666666666666666
EGF1305,2010-01-27,1,1,0,0,1,0.5
EGF1305,2010-01-29,1,1,1,0,1,0.5
EGG1466,2010-01-05,1,1,0,0,1,0.5
EGG1466,2010-01-07,2,2,0,0,1,0.6666666666666666
EGG1466,2010-01-08,2,2,0,0,1,0.6666666666666666
EGG1466,2010-01-11,2,2,0,0,1,0.6666666666666666
EGG1466,2010-01-12,2,2,0,0,1,0.6666666666666666
EGG1466,2010-01-14,1,1,0,0,1,0.5
EGG1466,2010-01-18,2,2,0,0,1,0.6666666666666666
EGG1466,2010-01-19,1,1,0,0,1,0.5
EGG1466,2010-01-21,2,2,0,0,1,0.6666666666666666
EGG1466,2010-01-22,2,2,0,0,1,0.6666666666666666
EGG1466,2010-01-27,1,1,0,0,1,0.5
EGG1466,2010-01-29,1,1,0,0,1,0.5
EGM1222,2010-01-04,1,1,0,0,1,0.5
EGM1222,2010-01-11,1,1,0,0,1,0.5
EGM1222,2010-01-14,1,1,0,0,1,0.5
EGM1222,2010-01-15,1,1,0,0,1,0.5
EGM1222,2010-01-22,1,1,0,0,1,0.5
EGM1222,2010-01-28,2,2,0,0,1,0.6666666666666666
EJB0241,2010-01-04,1,1,0,0,1,0.5
EJB0241,2010-01-05,1,1,0,0,1,0.5
EJB0241,2010-01-07,1,1,2,0,1,0.5
EJB0241,2010-01-08,1,1,0,0,1,0.5
EJB0241,2010-01-13,1,1,1,0,1,0.5
EJB0241,2010-01-14,1,1,0,0,1,0.5
EJB0241,2010-01-18,1,1,0,0,1,0.5
EJB0241,2010-01-20,3,3,0,0,1,0.75
EJB0241,2010-01-22,2,2,0,0,1,0.6666666666666666
EJB0241,2010-01-25,1,1,0,0,1,0.5
EJB0241,2010-01-26,1,1,0,0,1,0.5
EJB0241,2010-01-28,1,1,0,0,1,0.5
EJB0241,2010-01-29,1,1,1,0,1,0.5
EJB0241,2010-02-01,1,1,2,0,1,0.5
EKS1182,2010-01-04,8,8,3,0,1,0.8888888888888888
EKS1182,2010-01-05,9,9,0,0,1,0.9
EKS1182,2010-01-06,9,8,7,0,1,0.9
EKS1182,2010-01-07,8,8,4,0,1,0.8888888888888888
EKS1182,2010-01-08,8,8,2,0,1,0.8888888888888888
EKS1182,2010-01-11,9,8,0,0,1,0.9
EKS1182,2010-01-12,9,9,0,0,1,0.9
EKS1182,2010-01-13,9,9,2,0,1,0.9
EKS1182,2010-01-14,9,9,3,0,1,0.9
EKS1182,2010-01-15,7,7,0,0,1,0.875
EKS1182,2010-01-18,7,7,6,0,1,0.875
EKS1182,2010-01-19,9,9,4,0,1,0.9
EKS1182,2010-01-20,9,9,4,0,1,0.9
EKS1182,2010-01-21,9,9,3,0,1,0.9
EKS1182,2010-01-22,9,9,0,0,1,0.9
EKS1182,2010-01-25,9,9,3,0,1,0.9
EKS1182,2010-01-26,9,9,1,0,1,0.9
EKS1182,2010-01-27,9,9,2,0,1,0.9
EKS1182,2010-01-28,7,7,1,0,1,0.875
EKS1182,2010-01-29,8,8,1,0,1,0.8888888888888888
EKS1182,2010-02-01,3,3,1,0,1,0.75
ELC1173,2010-01-04,3,3,0,0,1,0.75
ELC1173,2010-01-06,3,3,2,0,1,0.75
ELC1173,2010-01-07,4,4,2,0,1,0.8
ELC1173,2010-01-08,3,3,4,0,1,0.75
ELC1173,2010-01-11,2,2,0,0,1,0.6666666666666666
ELC1173,2010-01-12,4,4,2,0,1,0.8
ELC1173,2010-01-13,3,3,2,0,1,0.75
ELC1173,2010-01-14,1,1,0,0,1,0.5
ELC1173,2010-01-15,1,1,0,0,1,0.5
ELC1173,2010-01-18,1,1,0,0,1,0.5
ELC1173,2010-01-19,2,2,0,0,1,0.6666666666666666
ELC1173,2010-01-20,3,3,0,0,1,0.75
ELC1173,2010-01-21,3,3,0,0,1,0.75
ELC1173,2010-01-22,2,2,1,0,1,0.6666666666666666
ELC1173,2010-01-25,1,1,0,0,1,0.5
ELC1173,2010-01-26,2,2,0,0,1,0.6666666666666666
ELC1173,2010-01-27,3,3,1,0,1,0.75
ELC1173,2010-01-28,1,1,0,0,1,0.5
ELC1173,2010-02-01,1,1,0,0,1,0.5
EMB0902,2010-01-06,2,2,0,0,1,0.6666666666666666
EMB0902,2010-01-13,1,1,0,0,1,0.5
EMB0902,2010-01-14,1,1,0,0,1,0.5
EMB0902,2010-01-18,1,1,0,0,1,0.5
EMB0902,2010-01-20,1,1,0,0,1,0.5
EMB0902,2010-01-27,1,1,1,0,1,0.5
EMB0902,2010-01-28,1,1,2,0,1,0.5
EMR0269,2010-01-02,1,1,2,2,1,0.5
EMR0269,2010-01-03,1,1,2,2,1,0.5
EMR0269,2010-01-04,3,3,2,0,3,0.75
EMR0269,2010-01-05,4,4,8,0,4,0.8
EMR0269,2010-01-06,2,2,4,0,2,0.6666666666666666
EMR0269,2010-01-07,3,3,4,0,3,0.75
EMR0269,2010-01-08,3,3,4,0,3,0.75
EMR0269,2010-01-10,3,3,6,6,3,0.75
EMR0269,2010-01-11,5,5,6,0,5,0.8333333333333334
EMR0269,2010-01-12,5,5,8,0,5,0.8333333333333334
EMR0269,2010-01-13,3,3,6,0,3,0.75
EMR0269,2010-01-14,4,4,8,0,4,0.8
EMR0269,2010-01-15,5,5,10,0,5,0.8333333333333334
EMR0269,2010-01-16,1,1,0,2,1,0.5
EMR0269,2010-01-18,4,4,6,0,4,0.8
EMR0269,2010-01-19,1,1,0,0,1,0.5
EMR0269,2010-01-20,3,3,6,0,3,0.75
EMR0269,2010-01-21,2,2,4,0,2,0.6666666666666666
EMR0269,2010-01-22,3,3,6,0,3,0.75
EMR0269,2010-01-23,4,4,8,8,4,0.8
EMR0269,2010-01-24,1,1,0,2,1,0.5
EMR0269,2010-01-25,1,1,2,0,1,0.5
EMR0269,2010-01-26,4,4,6,0,4,0.8
EMR0269,2010-01-27,3,3,4,0,3,0.75
EMR0269,2010-01-28,4,4,6,0,4,0.8
EMR0269,2010-01-29,3,3,6,0,3,0.75
EMR0269,2010-01-31,5,5,6,10,5,0.8333333333333334
ENM1861,2010-01-04,3,3,0,0,1,0.75
ENM1861,2010-01-05,2,2,0,0,1,0.6666666666666666
ENM1861,2010-01-06,2,2,0,0,1,0.6666666666666666
ENM1861,2010-01-08,4,4,0,0,1,0.8
ENM1861,2010-01-11,1,1,0,0,1,0.5
ENM1861,2010-01-12,1,1,0,0,1,0.5
ENM1861,2010-01-13,4,4,0,0,1,0.8
ENM1861,2010-01-14,1,1,0,0,1,0.5
ENM1861,2010-01-15,3,3,0,0,1,0.75
ENM1861,2010-01-18,2,2,0,0,1,0.6666666666666666
ENM1861,2010-01-20,4,4,0,0,1,0.8
ENM1861,2010-01-21,2,2,0,0,1,0.6666666666666666
ENM1861,2010-01-22,3,3,0,0,1,0.75
ENM1861,2010-01-25,3,3,0,0,1,0.75
ENM1861,2010-01-26,4,4,0,0,1,0.8
ENM1861,2010-01-27,1,1,0,0,1,0.5
ENM1861,2010-01-29,1,1,0,0,1,0.5
ERM1590,2010-01-04,1,1,0,0,1,0.5
ERM1590,2010-01-05,2,2,0,0,1,0.6666666666666666
ERM1590,2010-01-06,1,1,0,0,1,0.5
ERM1590,2010-01-07,2,2,0,0,1,0.6666666666666666
ERM1590,2010-01-11,1,1,0,0,1,0.5
ERM1590,2010-01-12,2,2,0,0,1,0.6666666666666666
ERM1590,2010-01-14,2,2,0,0,1,0.6666666666666666
ERM1590,2010-01-15,1,1,0,0,1,0.5
ERM1590,2010-01-19,1,1,0,0,1,0.5
ERM1590,2010-01-20,1,1,0,0,1,0.5
ERM1590,2010-01-21,3,3,1,0,1,0.75
ERM1590,2010-01-22,1,1,1,0,1,0.5
ERM1590,2010-01-25,2,2,0,0,1,0.6666666666666666
ERM1590,2010-01-26,1,1,1,0,1,0.5
ERM1590,2010-01-27,1,1,0,0,1,0.5
ERM1590,2010-01-29,1,1,1,0,1,0.5
ERR0525,2010-01-05,1,1,0,0,1,0.5
ERR0525,2010-01-06,1,1,0,0,1,0.5
ERR0525,2010-01-07,1,1,0,0,1,0.5
ERR0525,2010-01-08,2,2,0,0,1,0.6666666666666666
ERR0525,2010-01-11,2,2,0,0,1,0.6666666666666666
ERR0525,2010-01-22,2,2,0,0,1,0.6666666666666666
ERR0525,2010-01-26,2,2,0,0,1,0.6666666666666666
ERR0525,2010-02-01,1,0,0,0,1,0.5
ESM1828,2010-01-02,1,1,0,2,1,0.5
ESM1828,2010-01-06,1,1,0,0,1,0.5
ESM1828,2010-01-11,1,1,0,0,1,0.5
ESM1828,2010-01-17,1,1,0,2,1,0.5
ESM1828,2010-01-22,2,2,0,0,1,0.6666666666666666
ESM1828,2010-01-25,1,1,0,0,1,0.5
ESM1828,2010-01-26,1,1,0,0,1,0.5
ESM1828,2010-01-29,1,1,0,0,1,0.5
ESM1828,2010-01-30,1,1,0,2,1,0.5
EUN1870,2010-01-04,9,9,0,0,1,0.9
EUN1870,2010-01-05,8,8,0,0,1,0.8888888888888888
EUN1870,2010-01-06,8,7,0,0,1,0.8888888888888888
EUN1870,2010-01-07,7,7,0,0,1,0.875
EUN1870,2010-01-08,9,9,0,0,1,0.9
EUN1870,2010-01-11,7,7,0,0,1,0.875
EUN1870,2010-01-12,9,9,0,0,1,0.9
EUN1870,2010-01-13,9,9,0,0,1,0.9
EUN1870,2010-01-14,9,9,0,0,1,0.9
EUN1870,2010-01-15,7,7,0,0,1,0.875
EUN1870,2010-01-18,8,8,0,0,1,0.8888888888888888
EUN1870,2010-01-19,7,7,0,0,1,0.875
EUN1870,2010-01-20,9,9,0,0,1,0.9
EUN1870,2010-01-21,7,7,0,0,1,0.875
EUN1870,2010-01-22,8,8,0,0,1,0.8888888888888888
EUN1870,2010-01-25,8,8,0,0,1,0.8888888888888888
EUN1870,2010-01-26,9,9,0,0,1,0.9
EUN1870,2010-01-27,8,8,0,0,1,0.8888888888888888
EUN1870,2010-01-28,8,8,0,0,1,0.8888888888888888
EUN1870,2010-01-29,7,7,0,0,1,0.875
EUN1870,2010-02-01,6,5,1,0,1,0.8571428571428571
EWA0156,2010-01-04,1,1,0,0,1,0.5
EWA0156,2010-01-08,2,2,0,0,1,0.6666666666666666
EWA0156,2010-01-15,1,1,0,0,1,0.5
EWA0156,2010-01-20,1,1,0,0,1,0.5
EWA0156,2010-01-21,2,2,0,0,1,0.6666666666666666
EWA0156,2010-01-22,1,1,1,0,1,0.5
EWA0156,2010-01-27,1,1,0,0,1,0.5
EZB0925,2010-01-03,1,1,0,2,1,0.5
EZB0925,2010-01-04,3,3,6,0,3,0.75
EZB0925,2010-01-05,2,2,2,0,2,0.6666666666666666
EZB0925,2010-01-06,1,1,2,0,1,0.5
EZB0925,2010-01-07,2,2,4,0,2,0.6666666666666666
EZB0925,2010-01-08,1,1,2,0,1,0.5
EZB0925,2010-01-09,2,2,2,4,2,0.6666666666666666
EZB0925,2010-01-10,2,2,2,4,2,0.6666666666666666
EZB0925,2010-01-11,3,3,6,0,3,0.75
EZB0925,2010-01-12,2,2,0,0,2,0.6666666666666666
EZB0925,2010-01-13,3,3,6,0,3,0.75
EZB0925,2010-01-14,1,1,2,0,1,0.5
EZB0925,2010-01-15,4,4,8,0,4,0.8
EZB0925,2010-01-16,1,1,2,2,1,0.5
EZB0925,2010-01-18,1,1,2,0,1,0.5
EZB0925,2010-01-19,4,4,6,0,4,0.8
EZB0925,2010-01-20,4,4,6,0,4,0.8
EZB0925,2010-01-21,1,1,0,0,1,0.5
EZB0925,2010-01-22,4,4,6,0,4,0.8
EZB0925,2010-01-23,4,4,2,8,4,0.8
EZB0925,2010-01-24,4,4,2,8,4,0.8
EZB0925,2010-01-25,3,3,6,0,3,0.75
EZB0925,2010-01-26,4,4,8,0,4,0.8
EZB0925,2010-01-27,1,1,2,0,1,0.5
EZB0925,2010-01-28,5,5,10,0,5,0.8333333333333334
EZB0925,2010-01-29,2,2,2,0,2,0.6666666666666666
EZB0925,2010-01-31,2,2,2,4,2,0.6666666666666666
FAJ1122,2010-01-04,3,3,6,0,3,0.75
FAJ1122,2010-01-05,3,3,6,0,3,0.75
FAJ1122,2010-01-06,2,2,4,0,2,0.6666666666666666
FAJ1122,2010-01-07,1,1,2,0,1,0.5
FAJ1122,2010-01-08,1,1,2,0,1,0.5
FAJ1122,2010-01-11,1,1,2,0,1,0.5
FAJ1122,2010-01-12,4,4,8,0,4,0.8
FAJ1122,2010-01-13,3,3,6,0,3,0.75
FAJ1122,2010-01-14,1,1,2,0,1,0.5
FAJ1122,2010-01-15,5,5,10,0,5,0.8333333333333334
FAJ1122,2010-01-18,5,5,8,0,5,0.8333333333333334
FAJ1122,2010-01-19,4,4,6,0,4,0.8
FAJ1122,2010-01-20,5,5,8,0,5,0.8333333333333334
FAJ1122,2010-01-21,3,3,6,0,3,0.75
FAJ1122,2010-01-22,5,5,10,0,5,0.8333333333333334
FAJ1122,2010-01-25,3,3,6,0,3,0.75
FAJ1122,2010-01-26,4,4,8,0,4,0.8
FAJ1122,2010-01-27,2,2,4,0,2,0.6666666666666666
FAJ1122,2010-01-28,5,5,8,0,5,0.8333333333333334
FAJ1122,2010-01-29,3,3,4,0,3,0.75
FAJ1122,2010-02-01,3,3,6,0,3,0.75
FCG0693,2010-01-06,1,1,0,0,1,0.5
FCG0693,2010-01-07,1,1,0,0,1,0.5
FCG0693,2010-01-13,1,1,0,0,1,0.5
FCG0693,2010-01-19,1,1,0,0,1,0.5
FCG0693,2010-01-20,1,1,0,0,1,0.5
FCG0693,2010-01-21,1,1,0,0,1,0.5
FCG0693,2010-01-28,1,1,0,0,1,0.5
FDS1841,2010-01-04,2,2,0,0,1,0.6666666666666666
FDS1841,2010-01-05,3,3,0,0,1,0.75
FDS1841,2010-01-06,4,4,0,0,1,0.8
FDS1841,2010-01-07,1,1,0,0,1,0.5
FDS1841,2010-01-08,2,2,0,0,1,0.6666666666666666
FDS1841,2010-01-11,3,3,0,0,1,0.75
FDS1841,2010-01-12,3,3,0,0,1,0.75
FDS1841,2010-01-13,4,4,0,0,1,0.8
FDS1841,2010-01-14,4,3,0,0,1,0.8
FDS1841,2010-01-15,4,4,0,0,1,0.8
FDS1841,2010-01-18,4,4,0,0,1,0.8
FDS1841,2010-01-19,3,3,0,0,1,0.75
FDS1841,2010-01-20,3,3,0,0,1,0.75
FDS1841,2010-01-21,2,2,0,0,1,0.6666666666666666
FDS1841,2010-01-22,2,2,0,0,1,0.6666666666666666
FDS1841,2010-01-25,3,3,0,0,1,0.75
FDS1841,2010-01-26,3,3,0,0,1,0.75
FDS1841,2010-01-27,4,4,0,0,1,0.8
FDS1841,2010-01-28,3,3,0,0,1,0.75
FDS1841,2010-01-29,4,4,0,0,1,0.8
FDS1841,2010-02-01,1,1,0,0,1,0.5
FMG1549,2010-01-06,1,1,0,0,1,0.5
FMG1549,2010-01-11,1,1,0,0,1,0.5
FMG1549,2010-01-14,2,2,1,0,1,0.6666666666666666
FMG1549,2010-01-18,1,1,2,0,1,0.5
FMP0459,2010-01-04,1,1,0,0,1,0.5
FMP0459,2010-01-05,3,3,1,0,1,0.75
FMP0459,2010-01-06,2,2,0,0,1,0.6666666666666666
FMP0459,2010-01-07,1,1,0,0,1,0.5
FMP0459,2010-01-11,1,1,0,0,1,0.5
FMP0459,2010-01-12,1,1,0,0,1,0.5
FMP0459,2010-01-20,1,1,0,0,1,0.5
FMP0459,2010-01-21,1,1,0,0,1,0.5
FMP0459,2010-01-22,1,1,0,0,1,0.5
FMP0459,2010-01-28,1,1,0,0,1,0.5
FRS0694,2010-01-04,3,3,0,0,1,0.75
FRS0694,2010-01-05,2,2,2,0,1,0.6666666666666666
FRS0694,2010-01-06,2,2,0,0,1,0.6666666666666666
FRS0694,2010-01-07,3,3,3,0,1,0.75
FRS0694,2010-01-08,1,1,0,0,1,0.5
FRS0694,2010-01-11,1,1,0,0,1,0.5
FRS0694,2010-01-13,1,1,0,0,1,0.5
FRS0694,2010-01-14,2,2,1,0,1,0.6666666666666666
FRS0694,2010-01-15,2,2,0,0,1,0.6666666666666666
FRS0694,2010-01-20,1,1,0,0,1,0.5
FRS0694,2010-01-25,3,3,2,0,1,0.75
FRS0694,2010-01-29,3,3,0,0,1,0.75
FRS0694,2010-02-01,1,0,0,0,1,0.5
FWB1999,2010-01-04,9,9,3,0,1,0.9
FWB1999,2010-01-05,7,7,4,0,1,0.875
FWB1999,2010-01-06,7,7,3,0,1,0.875
FWB1999,2010-01-07,8,8,0,0,1,0.8888888888888888
FWB1999,2010-01-08,6,6,2,0,1,0.8571428571428571
FWB1999,2010-01-11,9,9,2,0,1,0.9
FWB1999,2010-01-12,8,8,3,0,1,0.8888888888888888
FWB1999,2010-01-13,8,8,0,0,1,0.8888888888888888
FWB1999,2010-01-14,10,10,0,0,1,0.9090909090909091
FWB1999,2010-01-15,8,8,3,0,1,0.8888888888888888
FWB1999,2010-01-18,7,7,0,0,1,0.875
FWB1999,2010-01-19,8,8,2,0,1,0.8888888888888888
FWB1999,2010-01-20,8,8,0,0,1,0.8888888888888888
FWB1999,2010-01-21,6,6,0,0,1,0.8571428571428571
FWB1999,2010-01-22,9,9,4,0,1,0.9
FWB1999,2010-01-25,9,9,3,0,1,0.9
FWB1999,2010-01-26,9,9,2,0,1,0.9
FWB1999,2010-01-27,5,5,2,0,1,0.8333333333333334
FWB1999,2010-01-28,8,8,2,0,1,0.8888888888888888
FWB1999,2010-01-29,9,9,2,0,1,0.9
GAD0664,2010-01-05,2,2,0,0,1,0.6666666666666666
GAD0664,2010-01-06,2,2,2,0,1,0.6666666666666666
GAD0664,2010-01-07,3,3,2,0,1,0.75
GAD0664,2010-01-08,1,1,0,0,1,0.5
GAD0664,2010-01-11,4,4,0,0,1,0.8
GAD0664,2010-01-12,3,3,2,0,1,0.75
GAD0664,2010-01-13,2,2,0,0,1,0.6666666666666666
GAD0664,2010-01-14,3,3,1,0,1,0.75
GAD0664,2010-01-15,4,4,0,0,1,0.8
GAD0664,2010-01-18,2,2,1,0,1,0.6666666666666666
GAD0664,2010-01-19,2,2,0,0,1,0.6666666666666666
GAD0664,2010-01-20,3,3,0,0,1,0.75
GAD0664,2010-01-21,4,4,2,0,1,0.8
GAD0664,2010-01-22,2,2,0,0,1,0.6666666666666666
GAD0664,2010-01-25,1,1,0,0,1,0.5
GAD0664,2010-01-27,3,3,2,0,1,0.75
GAD0664,2010-01-28,2,2,1,0,1,0.6666666666666666
GAD0664,2010-01-29,3,3,0,0,1,0.75
GAT1343,2010-01-02,8,8,0,16,1,0.8888888888888888
GAT1343,2010-01-03,9,9,0,18,1,0.9
GAT1343,2010-01-04,9,9,0,0,1,0.9
GAT1343,2010-01-05,8,8,0,0,1,0.8888888888888888
GAT1343,2010-01-06,9,9,0,0,1,0.9
GAT1343,2010-01-07,8,8,0,0,1,0.8888888888888888
GAT1343,2010-01-08,9,9,0,0,1,0.9
GAT1343,2010-01-09,8,8,0,16,1,0.8888888888888888
GAT1343,2010-01-10,9,9,0,18,1,0.9
GAT1343,2010-01-11,9,9,0,0,1,0.9
GAT1343,2010-01-12,8,8,0,0,1,0.8888888888888888
GAT1343,2010-01-13,8,8,0,0,1,0.8888888888888888
GAT1343,2010-01-14,9,9,0,0,1,0.9
GAT1343,2010-01-15,8,8,0,0,1,0.8888888888888888
GAT1343,2010-01-16,9,9,0,18,1,0.9
GAT1343,2010-01-17,9,9,0,18,1,0.9
GAT1343,2010-01-18,9,9,0,0,1,0.9
GAT1343,2010-01-19,9,9,1,0,1,0.9
GAT1343,2010-01-20,9,9,0,0,1,0.9
GAT1343,2010-01-21,8,8,0,0,1,0.8888888888888888
GAT1343,2010-01-22,9,8,0,0,1,0.9
GAT1343,2010-01-23,9,9,0,18,1,0.9
GAT1343,2010-01-24,9,9,0,18,1,0.9
GAT1343,2010-01-25,9,9,0,0,1,0.9
GAT1343,2010-01-26,9,8,0,0,1,0.9
GAT1343,2010-01-27,9,9,0,0,1,0.9
GAT1343,2010-01-28,8,8,0,0,1,0.8888888888888888
GAT1343,2010-01-29,9,9,0,0,1,0.9
GAT1343,2010-01-31,9,8,1,17,1,0.9
GAT1343,2010-02-01,1,1,0,0,1,0.5
GBV0440,2010-01-06,1,1,0,0,1,0.5
GBV0440,2010-01-13,2,2,0,0,1,0.6666666666666666
GBV0440,2010-01-18,1,1,0,0,1,0.5
GBV0440,2010-01-29,1,1,0,0,1,0.5
GFS0750,2010-01-04,9,9,1,0,1,0.9
GFS0750,2010-01-05,9,9,0,0,1,0.9
GFS0750,2010-01-06,8,8,3,0,1,0.8888888888888888
GFS0750,2010-01-07,9,9,0,0,1,0.9
GFS0750,2010-01-08,8,8,1,0,1,0.8888888888888888
GFS0750,2010-01-11,9,8,0,0,1,0.9
GFS0750,2010-01-12,10,10,0,0,1,0.9090909090909091
GFS0750,2010-01-13,9,9,1,0,1,0.9
GFS0750,2010-01-14,8,7,3,0,1,0.8888888888888888
GFS0750,2010-01-15,8,8,0,0,1,0.8888888888888888
GFS0750,2010-01-18,9,9,3,0,1,0.9
GFS0750,2010-01-19,8,8,3,0,1,0.8888888888888888
GFS0750,2010-01-20,8,8,0,0,1,0.8888888888888888
GFS0750,2010-01-21,9,9,3,0,1,0.9
GFS0750,2010-01-22,9,9,1,0,1,0.9
GFS0750,2010-01-25,9,9,3,0,1,0.9
GFS0750,2010-01-26,8,8,3,0,1,0.8888888888888888
GFS0750,2010-01-27,9,9,2,0,1,0.9
GFS0750,2010-01-28,9,9,1,0,1,0.9
GFS0750,2010-01-29,9,9,2,0,1,0.9
GFS0750,2010-02-01,2,2,1,0,1,0.6666666666666666
GGD1545,2010-01-04,2,2,0,0,1,0.6666666666666666
GGD1545,2010-01-06,1,1,0,0,1,0.5
GGD1545,2010-01-07,1,1,0,0,1,0.5
GGD1545,2010-01-08,2,2,0,0,1,0.6666666666666666
GGD1545,2010-01-11,3,3,0,0,1,0.75
GGD1545,2010-01-13,1,1,0,0,1,0.5
GGD1545,2010-01-14,2,2,0,0,1,0.6666666666666666
GGD1545,2010-01-18,1,1,0,0,1,0.5
GGD1545,2010-01-19,1,1,2,0,1,0.5
GGD1545,2010-01-22,1,1,0,0,1,0.5
GGD1545,2010-01-25,2,2,2,0,1,0.6666666666666666
GGD1545,2010-01-26,1,1,0,0,1,0.5
GGD1545,2010-01-27,1,1,0,0,1,0.5
GGM1604,2010-01-04,4,4,0,0,1,0.8
GGM1604,2010-01-05,3,3,0,0,1,0.75
GGM1604,2010-01-07,1,1,0,0,1,0.5
GGM1604,2010-01-10,1,1,0,2,1,0.5
GGM1604,2010-01-11,1,1,0,0,1,0.5
GGM1604,2010-01-13,1,1,0,0,1,0.5
GGM1604,2010-01-14,1,1,0,0,1,0.5
GGM1604,2010-01-15,3,3,0,0,1,0.75
GGM1604,2010-01-16,3,3,0,6,1,0.75
GGM1604,2010-01-18,1,1,0,0,1,0.5
GGM1604,2010-01-19,1,1,2,0,1,0.5
GGM1604,2010-01-20,1,1,0,0,1,0.5
GGM1604,2010-01-22,3,3,0,0,1,0.75
GGM1604,2010-01-23,1,1,0,2,1,0.5
GGM1604,2010-01-24,2,2,1,4,1,0.6666666666666666
GGM1604,2010-01-25,1,1,0,0,1,0.5
GGM1604,2010-01-26,2,2,0,0,1,0.6666666666666666
GGM1604,2010-01-28,1,1,0,0,1,0.5
GGM1604,2010-01-29,2,2,2,0,1,0.6666666666666666
GGM1604,2010-01-31,1,1,0,2,1,0.5
GIA1171,2010-01-04,1,1,0,0,1,0.5
GIA1171,2010-01-05,1,1,0,0,1,0.5
GIA1171,2010-01-07,2,2,0,0,1,0.6666666666666666
GIA1171,2010-01-10,1,1,0,2,1,0.5
GIA1171,2010-01-13,1,1,1,0,1,0.5
GIA1171,2010-01-14,1,1,0,0,1,0.5
GIA1171,2010-01-15,3,3,2,0,1,0.75
GIA1171,2010-01-19,1,1,0,0,1,0.5
GIA1171,2010-01-20,2,2,2,0,1,0.6666666666666666
GIA1171,2010-01-22,2,2,0,0,1,0.6666666666666666
GIA1171,2010-01-25,1,1,0,0,1,0.5
GIA1171,2010-01-27,1,1,0,0,1,0.5
GIA1171,2010-01-28,1,1,0,0,1,0.5
GIA1171,2010-01-29,1,1,0,0,1,0.5
GIA1171,2010-01-31,1,1,0,2,1,0.5
GIB0314,2010-01-04,3,3,0,0,1,0.75
GIB0314,2010-01-05,2,2,0,0,1,0.6666666666666666
GIB0314,2010-01-06,1,1,0,0,1,0.5
GIB0314,2010-01-08,2,2,1,0,1,0.6666666666666666
GIB0314,2010-01-11,4,4,1,0,1,0.8
GIB0314,2010-01-12,2,2,0,0,1,0.6666666666666666
GIB0314,2010-01-13,1,1,2,0,1,0.5
GIB0314,2010-01-14,1,1,1,0,1,0.5
GIB0314,2010-01-15,3,3,0,0,1,0.75
GIB0314,2010-01-19,2,2,2,0,1,0.6666666666666666
GIB0314,2010-01-20,1,0,0,0,1,0.5
GIB0314,2010-01-21,1,1,0,0,1,0.5
GIB0314,2010-01-22,2,2,0,0,1,0.6666666666666666
GIB0314,2010-01-25,1,1,1,0,1,0.5
GIB0314,2010-01-26,1,1,0,0,1,0.5
GIB0314,2010-01-28,1,1,0,0,1,0.5
GIB0314,2010-01-29,3,3,0,0,1,0.75
GIB0314,2010-02-01,1,0,0,0,1,0.5
GJM1409,2010-01-06,1,1,0,0,1,0.5
GJM1409,2010-01-12,1,1,0,0,1,0.5
GJM1409,2010-01-13,1,1,0,0,1,0.5
GJM1409,2010-01-22,1,1,0,0,1,0.5
GJM1409,2010-01-26,1,1,0,0,1,0.5
GMR1399,2010-01-07,1,1,0,0,1,0.5
GMR1399,2010-01-08,1,1,0,0,1,0.5
GMR1399,2010-01-10,1,1,0,2,1,0.5
GMR1399,2010-01-12,1,1,0,0,1,0.5
GMR1399,2010-01-18,1,1,0,0,1,0.5
GMR1399,2010-01-27,1,1,0,0,1,0.5
GMR1399,2010-01-28,1,1,0,0,1,0.5
GSA1925,2010-01-13,1,1,0,0,1,0.5
GSA1925,2010-01-15,1,1,1,0,1,0.5
GSA1925,2010-01-18,1,1,0,0,1,0.5
GSA1925,2010-01-19,2,2,1,0,1,0.6666666666666666
GSA1925,2010-01-20,1,1,0,0,1,0.5
GSA1925,2010-01-22,1,1,0,0,1,0.5
GSB0173,2010-01-04,2,2,0,0,1,0.6666666666666666
GSB0173,2010-01-06,2,2,0,0,1,0.6666666666666666
GSB0173,2010-01-14,1,1,0,0,1,0.5
GSB0173,2010-01-15,2,2,0,0,1,0.6666666666666666
GSB0173,2010-01-18,1,1,0,0,1,0.5
GSB0173,2010-01-21,1,1,0,0,1,0.5
GSB0173,2010-01-25,1,1,0,0,1,0.5
GSB0173,2010-01-27,2,2,0,0,1,0.6666666666666666
GTC0081,2010-01-04,9,9,0,0,1,0.9
GTC0081,2010-01-05,9,9,0,0,1,0.9
GTC0081,2010-01-06,8,8,0,0,1,0.8888888888888888
GTC0081,2010-01-07,9,9,0,0,1,0.9
GTC0081,2010-01-08,8,8,0,0,1,0.8888888888888888
GTC0081,2010-01-11,9,9,0,0,1,0.9
GTC0081,2010-01-12,9,9,0,0,1,0.9
GTC0081,2010-01-13,9,9,0,0,1,0.9
GTC0081,2010-01-14,8,8,0,0,1,0.8888888888888888
GTC0081,2010-01-15,9,9,0,0,1,0.9
GTC0081,2010-01-18,9,8,0,0,1,0.9
GTC0081,2010-01-19,9,9,0,0,1,0.9
GTC0081,2010-01-20,9,9,0,0,1,0.9
GTC0081,2010-01-21,9,9,0,0,1,0.9
GTC0081,2010-01-22,8,8,0,0,1,0.8888888888888888
GTC0081,2010-01-25,8,8,0,0,1,0.8888888888888888
GTC0081,2010-01-26,9,9,0,0,1,0.9
GTC0081,2010-01-27,9,9,0,0,1,0.9
GTC0081,2010-01-28,8,8,0,0,1,0.8888888888888888
GTC0081,2010-01-29,8,8,0,0,1,0.8888888888888888
GTF1464,2010-01-04,8,8,2,0,1,0.8888888888888888
GTF1464,2010-01-05,9,9,0,0,1,0.9
GTF1464,2010-01-06,9,9,0,0,1,0.9
GTF1464,2010-01-07,8,8,0,0,1,0.8888888888888888
GTF1464,2010-01-08,9,9,0,0,1,0.9
GTF1464,2010-01-11,10,10,1,0,1,0.9090909090909091
GTF1464,2010-01-12,9,9,0,0,1,0.9
GTF1464,2010-01-13,9,9,0,0,1,0.9
GTF1464,2010-01-14,9,9,0,0,1,0.9
GTF1464,2010-01-15,9,9,0,0,1,0.9
GTF1464,2010-01-18,9,9,0,0,1,0.9
GTF1464,2010-01-19,8,8,0,0,1,0.8888888888888888
GTF1464,2010-01-20,9,9,0,0,1,0.9
GTF1464,2010-01-21,8,8,0,0,1,0.8888888888888888
GTF1464,2010-01-22,9,9,1,0,1,0.9
GTF1464,2010-01-25,9,9,0,0,1,0.9
GTF1464,2010-01-26,9,9,0,0,1,0.9
GTF1464,2010-01-27,9,9,0,0,1,0.9
GTF1464,2010-01-28,8,8,0,0,1,0.8888888888888888
GTF1464,2010-01-29,9,9,0,0,1,0.9
GUT1619,2010-01-04,3,3,0,0,1,0.75
GUT1619,2010-01-05,1,1,0,0,1,0.5
GUT1619,2010-01-06,2,2,0,0,1,0.6666666666666666
GUT1619,2010-01-07,2,2,0,0,1,0.6666666666666666
GUT1619,2010-01-08,2,2,0,0,1,0.6666666666666666
GUT1619,2010-01-11,2,2,1,0,1,0.6666666666666666
GUT1619,2010-01-12,5,5,0,0,1,0.8333333333333334
GUT1619,2010-01-13,1,1,0,0,1,0.5
GUT1619,2010-01-14,2,2,2,0,1,0.6666666666666666
GUT1619,2010-01-15,3,3,2,0,1,0.75
GUT1619,2010-01-18,2,2,0,0,1,0.6666666666666666
GUT1619,2010-01-19,4,4,2,0,1,0.8
GUT1619,2010-01-20,4,4,1,0,1,0.8
GUT1619,2010-01-21,3,3,0,0,1,0.75
GUT1619,2010-01-22,2,2,0,0,1,0.6666666666666666
GUT1619,2010-01-25,3,3,0,0,1,0.75
GUT1619,2010-01-26,4,4,0,0,1,0.8
GUT1619,2010-01-27,5,5,3,0,1,0.8333333333333334
GUT1619,2010-01-28,4,4,2,0,1,0.8
GUT1619,2010-01-29,3,3,0,0,1,0.75
GVM1337,2010-01-05,1,1,0,0,1,0.5
GVM1337,2010-01-07,1,1,0,0,1,0.5
GVM1337,2010-01-08,1,1,0,0,1,0.5
GVM1337,2010-01-10,1,1,0,2,1,0.5
GVM1337,2010-01-11,1,1,0,0,1,0.5
GVM1337,2010-01-13,1,1,0,0,1,0.5
GVM1337,2010-01-19,1,1,0,0,1,0.5
GVM1337,2010-01-22,1,1,0,0,1,0.5
GVM1337,2010-01-28,2,2,0,0,1,0.6666666666666666
GVM1337,2010-01-30,2,2,0,4,1,0.6666666666666666
GVM1337,2010-01-31,1,1,0,2,1,0.5
GWG0497,2010-01-04,5,5,0,0,1,0.8333333333333334
GWG0497,2010-01-05,5,5,0,0,1,0.8333333333333334
GWG0497,2010-01-06,5,5,0,0,1,0.8333333333333334
GWG0497,2010-01-07,5,5,0,0,1,0.8333333333333334
GWG0497,2010-01-08,5,5,0,0,1,0.8333333333333334
GWG0497,2010-01-11,5,5,0,0,1,0.8333333333333334
GWG0497,2010-01-12,5,5,0,0,1,0.8333333333333334
GWG0497,2010-01-13,5,5,0,0,1,0.8333333333333334
GWG0497,2010-01-14,5,4,0,0,1,0.8333333333333334
GWG0497,2010-01-15,5,5,0,0,1,0.8333333333333334
GWG0497,2010-01-18,5,5,0,0,1,0.8333333333333334
GWG0497,2010-01-19,5,5,0,0,1,0.8333333333333334
GWG0497,2010-01-20,5,5,0,0,1,0.8333333333333334
GWG0497,2010-01-21,5,5,0,0,1,0.8333333333333334
GWG0497,2010-01-22,5,5,0,0,1,0.8333333333333334
GWG0497,2010-01-25,5,5,0,0,1,0.8333333333333334
GWG0497,2010-01-26,5,5,0,0,1,0.8333333333333334
GWG0497,2010-01-27,5,5,0,0,1,0.8333333333333334
GWG0497,2010-01-28,5,5,0,0,1,0.8333333333333334
GWG0497,2010-01-29,5,5,0,0,1,0.8333333333333334
GYP1321,2010-01-04,2,2,0,0,1,0.6666666666666666
GYP1321,2010-01-05,1,1,0,0,1,0.5
GYP1321,2010-01-07,2,1,0,0,1,0.6666666666666666
GYP1321,2010-01-08,3,3,1,0,1,0.75
GYP1321,2010-01-11,2,2,0,0,1,0.6666666666666666
GYP1321,2010-01-14,1,1,0,0,1,0.5
GYP1321,2010-01-15,3,3,0,0,1,0.75
GYP1321,2010-01-18,1,1,0,0,1,0.5
GYP1321,2010-01-19,2,1,0,0,1,0.6666666666666666
GYP1321,2010-01-20,1,1,0,0,1,0.5
GYP1321,2010-01-21,1,1,0,0,1,0.5
GYP1321,2010-01-22,2,2,0,0,1,0.6666666666666666
GYP1321,2010-01-25,2,2,0,0,1,0.6666666666666666
GYP1321,2010-01-26,1,1,0,0,1,0.5
GYP1321,2010-01-27,2,2,2,0,1,0.6666666666666666
GYP1321,2010-01-28,1,1,0,0,1,0.5
HAD0702,2010-01-04,3,3,0,0,1,0.75
HAD0702,2010-01-05,2,2,0,0,1,0.6666666666666666
HAD0702,2010-01-07,3,3,0,0,1,0.75
HAD0702,2010-01-08,4,4,0,0,1,0.8
HAD0702,2010-01-11,3,3,0,0,1,0.75
HAD0702,2010-01-12,3,3,0,0,1,0.75
HAD0702,2010-01-13,4,4,0,0,1,0.8
HAD0702,2010-01-14,1,1,0,0,1,0.5
HAD0702,2010-01-15,2,2,4,0,1,0.6666666666666666
HAD0702,2010-01-18,3,3,0,0,1,0.75
HAD0702,2010-01-19,1,1,0,0,1,0.5
HAD0702,2010-01-20,1,1,0,0,1,0.5
HAD0702,2010-01-21,2,2,0,0,1,0.6666666666666666
HAD0702,2010-01-22,3,3,0,0,1,0.75
HAD0702,2010-01-25,5,5,1,0,1,0.8333333333333334
HAD0702,2010-01-26,4,4,1,0,1,0.8
HAD0702,2010-01-27,3,3,0,0,1,0.75
HAD0702,2010-01-28,2,2,0,0,1,0.6666666666666666
HAD0702,2010-01-29,3,3,0,0,1,0.75
HAE0105,2010-01-04,8,8,1,0,1,0.8888888888888888
HAE0105,2010-01-05,7,7,0,0,1,0.875
HAE0105,2010-01-06,8,8,2,0,1,0.8888888888888888
HAE0105,2010-01-07,8,8,0,0,1,0.8888888888888888
HAE0105,2010-01-08,10,10,2,0,1,0.9090909090909091
HAE0105,2010-01-09,7,7,0,14,1,0.875
HAE0105,2010-01-11,8,8,0,0,1,0.8888888888888888
HAE0105,2010-01-12,7,7,1,0,1,0.875
HAE0105,2010-01-13,8,7,1,0,1,0.8888888888888888
HAE0105,2010-01-14,8,8,1,0,1,0.8888888888888888
HAE0105,2010-01-15,7,7,0,0,1,0.875
HAE0105,2010-01-18,9,9,0,0,1,0.9
HAE0105,2010-01-19,8,8,3,0,1,0.8888888888888888
HAE0105,2010-01-20,8,8,1,0,1,0.8888888888888888
HAE0105,2010-01-21,8,8,1,0,1,0.8888888888888888
HAE0105,2010-01-22,8,8,0,0,1,0.8888888888888888
HAE0105,2010-01-25,8,8,2,0,1,0.8888888888888888
HAE0105,2010-01-26,9,9,1,0,1,0.9
HAE0105,2010-01-27,6,6,3,0,1,0.8571428571428571
HAE0105,2010-01-28,8,8,1,0,1,0.8888888888888888
HAE0105,2010-01-29,8,7,2,0,1,0.8888888888888888
HAE0105,2010-02-01,1,1,0,0,1,0.5
HBR1528,2010-01-03,9,9,0,18,1,0.9
HBR1528,2010-01-04,9,9,0,0,1,0.9
HBR1528,2010-01-05,9,9,2,0,1,0.9
HBR1528,2010-01-06,8,8,0,0,1,0.8888888888888888
HBR1528,2010-01-07,9,9,3,0,1,0.9
HBR1528,2010-01-08,9,9,1,0,1,0.9
HBR1528,2010-01-09,9,9,2,18,1,0.9
HBR1528,2010-01-10,9,9,2,18,1,0.9
HBR1528,2010-01-11,9,9,2,0,1,0.9
HBR1528,2010-01-12,8,8,1,0,1,0.8888888888888888
HBR1528,2010-01-13,9,9,0,0,1,0.9
HBR1528,2010-01-14,9,9,1,0,1,0.9
HBR1528,2010-01-15,8,8,0,0,1,0.8888888888888888
HBR1528,2010-01-16,9,9,1,18,1,0.9
HBR1528,2010-01-17,9,9,2,18,1,0.9
HBR1528,2010-01-18,9,9,0,0,1,0.9
HBR1528,2010-01-19,9,9,3,0,1,0.9
HBR1528,2010-01-20,9,9,1,0,1,0.9
HBR1528,2010-01-21,8,8,2,0,1,0.8888888888888888
HBR1528,2010-01-22,8,8,0,0,1,0.8888888888888888
HBR1528,2010-01-23,10,10,1,20,1,0.9090909090909091
HBR1528,2010-01-24,9,9,0,18,1,0.9
HBR1528,2010-01-25,9,9,2,0,1,0.9
HBR1528,2010-01-26,9,9,1,0,1,0.9
HBR1528,2010-01-27,9,9,1,0,1,0.9
HBR1528,2010-01-28,9,9,1,0,1,0.9
HBR1528,2010-01-29,7,7,0,0,1,0.875
HBR1528,2010-01-31,8,8,0,16,1,0.8888888888888888
HBR1528,2010-02-01,1,1,1,0,1,0.5
HDL1230,2010-01-06,2,2,0,0,1,0.6666666666666666
HDL1230,2010-01-07,1,1,0,0,1,0.5
HDL1230,2010-01-14,2,2,0,0,1,0.6666666666666666
HDL1230,2010-01-18,2,2,0,0,1,0.6666666666666666
HDL1230,2010-01-19,1,1,0,0,1,0.5
HDL1230,2010-01-25,1,1,0,0,1,0.5
HDL1230,2010-01-28,1,1,0,0,1,0.5
HDW0743,2010-01-04,1,1,0,0,1,0.5
HDW0743,2010-01-06,2,2,0,0,1,0.6666666666666666
HDW0743,2010-01-08,2,2,2,0,1,0.6666666666666666
HDW0743,2010-01-11,2,2,0,0,1,0.6666666666666666
HDW0743,2010-01-12,2,2,0,0,1,0.6666666666666666
HDW0743,2010-01-18,1,1,0,0,1,0.5
HDW0743,2010-01-19,2,2,1,0,1,0.6666666666666666
HDW0743,2010-01-22,1,1,0,0,1,0.5
HDW0743,2010-01-25,2,1,0,0,1,0.6666666666666666
HDW0743,2010-01-26,2,2,0,0,1,0.6666666666666666
HDW0743,2010-01-27,1,1,0,0,1,0.5
HDW0743,2010-01-29,1,1,0,0,1,0.5
HFM0465,2010-01-04,1,1,2,0,1,0.5
HFM0465,2010-01-05,3,3,6,0,3,0.75
HFM0465,2010-01-06,2,2,4,0,2,0.6666666666666666
HFM0465,2010-01-07,1,1,2,0,1,0.5
HFM0465,2010-01-08,3,3,4,0,3,0.75
HFM0465,2010-01-11,2,2,4,0,2,0.6666666666666666
HFM0465,2010-01-12,4,4,6,0,4,0.8
HFM0465,2010-01-13,3,3,6,0,3,0.75
HFM0465,2010-01-14,3,3,6,0,3,0.75
HFM0465,2010-01-15,5,5,10,0,5,0.8333333333333334
HFM0465,2010-01-18,3,3,6,0,3,0.75
HFM0465,2010-01-19,1,1,2,0,1,0.5
HFM0465,2010-01-20,3,3,6,0,3,0.75
HFM0465,2010-01-21,1,1,2,0,1,0.5
HFM0465,2010-01-22,1,1,2,0,1,0.5
HFM0465,2010-01-25,5,5,10,0,5,0.8333333333333334
HFM0465,2010-01-26,1,1,0,0,1,0.5
HFM0465,2010-01-27,3,3,6,0,3,0.75
HFM0465,2010-01-28,4,4,8,0,4,0.8
HFM0465,2010-01-29,1,1,0,0,1,0.5
HFM0465,2010-02-01,5,5,10,0,5,0.8333333333333334
HGG0535,2010-01-04,3,3,0,0,1,0.75
HGG0535,2010-01-05,4,4,0,0,1,0.8
HGG0535,2010-01-06,2,2,0,0,1,0.6666666666666666
HGG0535,2010-01-07,3,3,0,0,1,0.75
HGG0535,2010-01-08,4,4,2,0,1,0.8
HGG0535,2010-01-11,4,4,1,0,1,0.8
HGG0535,2010-01-12,4,4,2,0,1,0.8
HGG0535,2010-01-13,4,4,0,0,1,0.8
HGG0535,2010-01-14,3,3,0,0,1,0.75
HGG0535,2010-01-15,4,4,0,0,1,0.8
HGG0535,2010-01-18,2,2,0,0,1,0.6666666666666666
HGG0535,2010-01-19,2,2,0,0,1,0.6666666666666666
HGG0535,2010-01-20,3,3,0,0,1,0.75
HGG0535,2010-01-21,2,2,0,0,1,0.6666666666666666
HGG0535,2010-01-22,2,2,0,0,1,0.6666666666666666
HGG0535,2010-01-25,4,4,0,0,1,0.8
HGG0535,2010-01-26,3,3,1,0,1,0.75
HGG0535,2010-01-27,2,2,0,0,1,0.6666666666666666
HGG0535,2010-01-28,2,2,0,0,1,0.6666666666666666
HGG0535,2010-01-29,3,3,0,0,1,0.75
HGG0535,2010-02-01,2,2,1,0,1,0.6666666666666666
HGS0888,2010-01-04,1,1,0,0,1,0.5
HGS0888,2010-01-13,1,1,0,0,1,0.5
HGS0888,2010-01-14,1,1,0,0,1,0.5
HGS0888,2010-01-18,1,1,0,0,1,0.5
HGS0888,2010-01-26,1,1,0,0,1,0.5
HGS0888,2010-01-29,1,1,0,0,1,0.5
HIS1394,2010-01-04,2,2,0,0,1,0.6666666666666666
HIS1394,2010-01-05,1,1,0,0,1,0.5
HIS1394,2010-01-06,2,2,0,0,1,0.6666666666666666
HIS1394,2010-01-07,2,2,0,0,1,0.6666666666666666
HIS1394,2010-01-08,2,2,0,0,1,0.6666666666666666
HIS1394,2010-01-11,2,2,0,0,1,0.6666666666666666
HIS1394,2010-01-13,4,4,0,0,1,0.8
HIS1394,2010-01-15,1,1,0,0,1,0.5
HIS1394,2010-01-18,1,1,0,0,1,0.5
HIS1394,2010-01-19,2,2,0,0,1,0.6666666666666666
HIS1394,2010-01-20,2,1,0,0,1,0.6666666666666666
HIS1394,2010-01-21,3,3,0,0,1,0.75
HIS1394,2010-01-22,2,2,0,0,1,0.6666666666666666
HIS1394,2010-01-25,3,3,0,0,1,0.75
HIS1394,2010-01-26,2,2,0,0,1,0.6666666666666666
HIS1394,2010-01-27,3,3,1,0,1,0.75
HIS1394,2010-01-28,2,2,0,0,1,0.6666666666666666
HIS1394,2010-01-29,3,3,0,0,1,0.75
HJA1954,2010-01-14,1,1,0,0,1,0.5
HJA1954,2010-01-21,1,1,0,0,1,0.5
HJA1954,2010-01-22,1,1,0,0,1,0.5
HJA1954,2010-01-26,1,1,0,0,1,0.5
HLH0682,2010-01-04,5,5,10,0,5,0.8333333333333334
HLH0682,2010-01-05,3,3,6,0,3,0.75
HLH0682,2010-01-06,5,5,10,0,5,0.8333333333333334
HLH0682,2010-01-07,3,3,6,0,3,0.75
HLH0682,2010-01-08,3,3,6,0,3,0.75
HLH0682,2010-01-09,2,2,4,4,2,0.6666666666666666
HLH0682,2010-01-11,4,4,8,0,4,0.8
HLH0682,2010-01-12,1,1,2,0,1,0.5
HLH0682,2010-01-13,1,1,2,0,1,0.5
HLH0682,2010-01-14,1,1,2,0,1,0.5
HLH0682,2010-01-15,4,4,8,0,4,0.8
HLH0682,2010-01-17,1,1,0,2,1,0.5
HLH0682,2010-01-18,1,1,2,0,1,0.5
HLH0682,2010-01-19,1,1,2,0,1,0.5
HLH0682,2010-01-20,3,3,4,0,3,0.75
HLH0682,2010-01-21,4,4,6,0,4,0.8
HLH0682,2010-01-22,4,4,8,0,4,0.8
HLH0682,2010-01-25,5,5,10,0,5,0.8333333333333334
HLH0682,2010-01-26,3,3,6,0,3,0.75
HLH0682,2010-01-27,4,4,6,0,4,0.8
HLH0682,2010-01-28,2,2,2,0,2,0.6666666666666666
HLH0682,2010-01-29,5,5,10,0,5,0.8333333333333334
HLH0682,2010-01-30,3,3,2,6,3,0.75
HLH0682,2010-02-01,1,1,2,0,1,0.5
HMS1658,2010-01-04,4,4,0,0,1,0.8
HMS1658,2010-01-05,4,4,0,0,1,0.8
HMS1658,2010-01-06,5,5,0,0,1,0.8333333333333334
HMS1658,2010-01-07,5,5,0,0,1,0.8333333333333334
HMS1658,2010-01-08,4,4,0,0,1,0.8
HMS1658,2010-01-11,3,3,0,0,1,0.75
HMS1658,2010-01-12,5,5,0,0,1,0.8333333333333334
HMS1658,2010-01-13,5,5,0,0,1,0.8333333333333334
HMS1658,2010-01-14,5,5,0,0,1,0.8333333333333334
HMS1658,2010-01-15,5,5,0,0,1,0.8333333333333334
HMS1658,2010-01-18,5,5,0,0,1,0.8333333333333334
HMS1658,2010-01-19,5,5,0,0,1,0.8333333333333334
HMS1658,2010-01-20,5,5,0,0,1,0.8333333333333334
HMS1658,2010-01-21,5,5,0,0,1,0.8333333333333334
HMS1658,2010-01-22,5,5,0,0,1,0.8333333333333334
HMS1658,2010-01-25,4,4,0,0,1,0.8
HMS1658,2010-01-26,4,4,0,0,1,0.8
HMS1658,2010-01-27,5,4,0,0,1,0.8333333333333334
HMS1658,2010-01-28,5,4,0,0,1,0.8333333333333334
HMS1658,2010-01-29,5,5,0,0,1,0.8333333333333334
HMW0602,2010-01-02,1,1,0,2,1,0.5
HMW0602,2010-01-04,2,2,0,0,1,0.6666666666666666
HMW0602,2010-01-05,1,1,0,0,1,0.5
HMW0602,2010-01-06,2,2,0,0,1,0.6666666666666666
HMW0602,2010-01-07,2,2,0,0,1,0.6666666666666666
HMW0602,2010-01-08,1,1,0,0,1,0.5
HMW0602,2010-01-13,1,1,0,0,1,0.5
HMW0602,2010-01-15,1,1,0,0,1,0.5
HMW0602,2010-01-17,2,2,0,4,1,0.6666666666666666
HMW0602,2010-01-19,1,1,0,0,1,0.5
HMW0602,2010-01-20,2,2,0,0,1,0.6666666666666666
HMW0602,2010-01-22,2,2,0,0,1,0.6666666666666666
HMW0602,2010-01-25,1,1,0,0,1,0.5
HMW0602,2010-01-26,1,1,0,0,1,0.5
HMW0602,2010-01-27,1,1,0,0,1,0.5
HMW0602,2010-01-28,1,1,0,0,1,0.5
HMW0602,2010-01-29,2,2,0,0,1,0.6666666666666666
HMW0602,2010-01-30,1,1,0,2,1,0.5
HPC1941,2010-01-04,4,4,2,0,1,0.8
HPC1941,2010-01-05,2,2,0,0,1,0.6666666666666666
HPC1941,2010-01-06,1,1,0,0,1,0.5
HPC1941,2010-01-08,3,3,0,0,1,0.75
HPC1941,2010-01-11,3,3,2,0,1,0.75
HPC1941,2010-01-12,1,1,0,0,1,0.5
HPC1941,2010-01-13,2,2,0,0,1,0.6666666666666666
HPC1941,2010-01-14,5,5,0,0,1,0.8333333333333334
HPC1941,2010-01-15,2,2,0,0,1,0.6666666666666666
HPC1941,2010-01-18,2,2,0,0,1,0.6666666666666666
HPC1941,2010-01-19,1,1,2,0,1,0.5
HPC1941,2010-01-20,2,2,1,0,1,0.6666666666666666
HPC1941,2010-01-21,2,2,0,0,1,0.6666666666666666
HPC1941,2010-01-22,2,2,0,0,1,0.6666666666666666
HPC1941,2010-01-25,2,2,0,0,1,0.6666666666666666
HPC1941,2010-01-26,2,2,0,0,1,0.6666666666666666
HPC1941,2010-01-27,2,2,2,0,1,0.6666666666666666
HPC1941,2010-01-28,2,2,0,0,1,0.6666666666666666
HPC1941,2010-01-29,2,2,0,0,1,0.6666666666666666
HRB1725,2010-01-04,2,2,0,0,1,0.6666666666666666
HRB1725,2010-01-05,4,4,0,0,1,0.8
HRB1725,2010-01-06,3,3,0,0,1,0.75
HRB1725,2010-01-07,2,2,0,0,1,0.6666666666666666
HRB1725,2010-01-08,3,3,0,0,1,0.75
HRB1725,2010-01-11,2,2,0,0,1,0.6666666666666666
HRB1725,2010-01-12,3,3,0,0,1,0.75
HRB1725,2010-01-13,4,4,0,0,1,0.8
HRB1725,2010-01-14,3,3,0,0,1,0.75
HRB1725,2010-01-15,2,2,0,0,1,0.6666666666666666
HRB1725,2010-01-18,3,3,0,0,1,0.75
HRB1725,2010-01-19,4,4,0,0,1,0.8
HRB1725,2010-01-20,4,4,0,0,1,0.8
HRB1725,2010-01-21,3,3,0,0,1,0.75
HRB1725,2010-01-22,3,3,0,0,1,0.75
HRB1725,2010-01-25,2,2,0,0,1,0.6666666666666666
HRB1725,2010-01-26,4,4,0,0,1,0.8
HRB1725,2010-01-27,6,6,0,0,1,0.8571428571428571
HRB1725,2010-01-28,4,4,2,0,1,0.8
HRB1725,2010-01-29,4,4,1,0,1,0.8
HRE0297,2010-01-04,2,2,0,0,1,0.6666666666666666
HRE0297,2010-01-11,1,1,0,0,1,0.5
HRE0297,2010-01-12,1,1,0,0,1,0.5
HRE0297,2010-01-15,1,1,0,0,1,0.5
HRE0297,2010-01-19,1,1,0,0,1,0.5
HRE0297,2010-01-22,1,1,0,0,1,0.5
HRE0297,2010-01-25,1,1,0,0,1,0.5
HRE0297,2010-01-28,1,1,0,0,1,0.5
HRE0297,2010-01-29,1,1,0,0,1,0.5
HRE1950,2010-01-02,9,9,2,18,1,0.9
HRE1950,2010-01-03,8,8,1,16,1,0.8888888888888888
HRE1950,2010-01-04,9,9,2,0,1,0.9
HRE1950,2010-01-05,8,8,4,0,1,0.8888888888888888
HRE1950,2010-01-06,8,8,2,0,1,0.8888888888888888
HRE1950,2010-01-07,9,8,2,0,1,0.9
HRE1950,2010-01-08,9,9,0,0,1,0.9
HRE1950,2010-01-09,9,9,0,18,1,0.9
HRE1950,2010-01-10,9,9,0,18,1,0.9
HRE1950,2010-01-11,7,7,0,0,1,0.875
HRE1950,2010-01-12,9,9,2,0,1,0.9
HRE1950,2010-01-13,9,9,0,0,1,0.9
HRE1950,2010-01-14,7,7,2,0,1,0.875
HRE1950,2010-01-15,9,9,4,0,1,0.9
HRE1950,2010-01-16,8,8,0,16,1,0.8888888888888888
HRE1950,2010-01-17,9,9,1,18,1,0.9
HRE1950,2010-01-18,9,9,4,0,1,0.9
HRE1950,2010-01-19,9,9,4,0,1,0.9
HRE1950,2010-01-20,9,9,2,0,1,0.9
HRE1950,2010-01-21,9,9,0,0,1,0.9
HRE1950,2010-01-22,8,8,1,0,1,0.8888888888888888
HRE1950,2010-01-23,9,9,0,18,1,0.9
HRE1950,2010-01-24,9,9,2,18,1,0.9
HRE1950,2010-01-25,9,9,2,0,1,0.9
HRE1950,2010-01-26,9,9,6,0,1,0.9
HRE1950,2010-01-27,9,9,0,0,1,0.9
HRE1950,2010-01-28,8,8,1,0,1,0.8888888888888888
HRE1950,2010-01-29,8,8,2,0,1,0.8888888888888888
HRE1950,2010-01-30,9,9,3,18,1,0.9
HRE1950,2010-01-31,9,9,2,18,1,0.9
HRE1950,2010-02-01,3,3,2,0,1,0.75
HRR1154,2010-01-02,9,9,0,18,1,0.9
HRR1154,2010-01-04,9,9,0,0,1,0.9
HRR1154,2010-01-05,8,8,3,0,1,0.8888888888888888
HRR1154,2010-01-06,9,9,2,0,1,0.9
HRR1154,2010-01-07,9,9,2,0,1,0.9
HRR1154,2010-01-08,9,9,0,0,1,0.9
HRR1154,2010-01-11,8,8,0,0,1,0.8888888888888888
HRR1154,2010-01-12,8,8,0,0,1,0.8888888888888888
HRR1154,2010-01-13,6,6,1,0,1,0.8571428571428571
HRR1154,2010-01-14,9,9,4,0,1,0.9
HRR1154,2010-01-15,9,9,2,0,1,0.9
HRR1154,2010-01-18,9,9,2,0,1,0.9
HRR1154,2010-01-19,7,7,2,0,1,0.875
HRR1154,2010-01-20,9,9,1,0,1,0.9
HRR1154,2010-01-21,7,7,3,0,1,0.875
HRR1154,2010-01-22,6,6,2,0,1,0.8571428571428571
HRR1154,2010-01-25,9,9,2,0,1,0.9
HRR1154,2010-01-26,8,8,0,0,1,0.8888888888888888
HRR1154,2010-01-27,8,8,2,0,1,0.8888888888888888
HRR1154,2010-01-28,8,8,0,0,1,0.8888888888888888
HRR1154,2010-01-29,7,7,2,0,1,0.875
HRR1154,2010-01-30,9,9,0,18,1,0.9
HRR1154,2010-02-01,2,2,0,0,1,0.6666666666666666
HSF1115,2010-01-04,1,1,1,0,1,0.5
HSF1115,2010-01-05,2,2,0,0,1,0.6666666666666666
HSF1115,2010-01-06,3,3,2,0,1,0.75
HSF1115,2010-01-07,2,2,0,0,1,0.6666666666666666
HSF1115,2010-01-08,1,1,0,0,1,0.5
HSF1115,2010-01-11,2,2,0,0,1,0.6666666666666666
HSF1115,2010-01-12,1,1,0,0,1,0.5
HSF1115,2010-01-13,2,2,0,0,1,0.6666666666666666
HSF1115,2010-01-14,2,2,2,0,1,0.6666666666666666
HSF1115,2010-01-15,1,1,0,0,1,0.5
HSF1115,2010-01-18,3,3,2,0,1,0.75
HSF1115,2010-01-19,3,3,0,0,1,0.75
HSF1115,2010-01-20,1,1,0,0,1,0.5
HSF1115,2010-01-21,2,2,0,0,1,0.6666666666666666
HSF1115,2010-01-22,1,1,0,0,1,0.5
HSF1115,2010-01-25,2,2,2,0,1,0.6666666666666666
HSF1115,2010-01-26,2,2,2,0,1,0.6666666666666666
HSF1115,2010-01-27,2,2,1,0,1,0.6666666666666666
HSF1115,2010-01-28,1,1,0,0,1,0.5
HSF1115,2010-01-29,1,1,2,0,1,0.5
HSF1115,2010-02-01,1,1,0,0,1,0.5
HSN0675,2010-01-04,4,4,0,0,1,0.8
HSN0675,2010-01-05,5,5,0,0,1,0.8333333333333334
HSN0675,2010-01-06,3,3,0,0,1,0.75
HSN0675,2010-01-07,3,3,0,0,1,0.75
HSN0675,2010-01-08,2,2,0,0,1,0.6666666666666666
HSN0675,2010-01-11,5,5,0,0,1,0.8333333333333334
HSN0675,2010-01-12,4,4,0,0,1,0.8
HSN0675,2010-01-13,5,5,0,0,1,0.8333333333333334
HSN0675,2010-01-14,4,4,0,0,1,0.8
HSN0675,2010-01-15,3,3,0,0,1,0.75
HSN0675,2010-01-18,3,3,0,0,1,0.75
HSN0675,2010-01-19,5,5,1,0,1,0.8333333333333334
HSN0675,2010-01-20,3,3,0,0,1,0.75
HSN0675,2010-01-21,4,4,0,0,1,0.8
HSN0675,2010-01-22,3,3,0,0,1,0.75
HSN0675,2010-01-25,5,5,1,0,1,0.8333333333333334
HSN0675,2010-01-26,2,2,0,0,1,0.6666666666666666
HSN0675,2010-01-27,4,4,0,0,1,0.8
HSN0675,2010-01-28,4,3,0,0,1,0.8
HSN0675,2010-01-29,4,4,0,0,1,0.8
HSN0675,2010-02-01,1,0,0,0,1,0.5
HST0084,2010-01-02,2,2,0,4,1,0.6666666666666666
HST0084,2010-01-03,2,2,0,4,1,0.6666666666666666
HST0084,2010-01-05,3,3,0,0,1,0.75
HST0084,2010-01-06,3,3,0,0,1,0.75
HST0084,2010-01-07,4,4,0,0,1,0.8
HST0084,2010-01-08,2,2,0,0,1,0.6666666666666666
HST0084,2010-01-10,3,3,0,6,1,0.75
HST0084,2010-01-11,2,2,0,0,1,0.6666666666666666
HST0084,2010-01-12,1,1,0,0,1,0.5
HST0084,2010-01-13,3,3,0,0,1,0.75
HST0084,2010-01-14,3,3,0,0,1,0.75
HST0084,2010-01-15,1,1,0,0,1,0.5
HST0084,2010-01-16,3,3,0,6,1,0.75
HST0084,2010-01-18,1,1,0,0,1,0.5
HST0084,2010-01-19,2,2,0,0,1,0.6666666666666666
HST0084,2010-01-20,3,3,0,0,1,0.75
HST0084,2010-01-21,2,2,0,0,1,0.6666666666666666
HST0084,2010-01-22,1,1,0,0,1,0.5
HST0084,2010-01-23,3,3,0,6,1,0.75
HST0084,2010-01-24,1,1,0,2,1,0.5
HST0084,2010-01-26,3,3,0,0,1,0.75
HST0084,2010-01-27,4,4,0,0,1,0.8
HST0084,2010-01-28,4,4,0,0,1,0.8
HST0084,2010-01-29,2,2,0,0,1,0.6666666666666666
HST0084,2010-01-30,1,1,0,2,1,0.5
HST0084,2010-01-31,1,1,0,2,1,0.5
HST0084,2010-02-01,1,0,0,0,1,0.5
HSV0878,2010-01-04,8,8,2,0,1,0.8888888888888888
HSV0878,2010-01-05,8,8,0,0,1,0.8888888888888888
HSV0878,2010-01-06,9,9,8,0,1,0.9
HSV0878,2010-01-07,7,7,4,0,1,0.875
HSV0878,2010-01-08,8,8,2,0,1,0.8888888888888888
HSV0878,2010-01-11,8,8,4,0,1,0.8888888888888888
HSV0878,2010-01-12,7,7,14,0,1,0.875
HSV0878,2010-01-13,7,7,0,0,1,0.875
HSV0878,2010-01-14,8,8,1,0,1,0.8888888888888888
HSV0878,2010-01-15,9,9,0,0,1,0.9
HSV0878,2010-01-18,8,8,16,0,1,0.8888888888888888
HSV0878,2010-01-19,8,8,1,0,1,0.8888888888888888
HSV0878,2010-01-20,7,7,0,0,1,0.875
HSV0878,2010-01-21,7,7,0,0,1,0.875
HSV0878,2010-01-22,7,7,2,0,1,0.875
HSV0878,2010-01-25,7,7,3,0,1,0.875
HSV0878,2010-01-26,8,8,4,0,1,0.8888888888888888
HSV0878,2010-01-27,9,9,0,0,1,0.9
HSV0878,2010-01-28,6,6,3,0,1,0.8571428571428571
HSV0878,2010-01-29,8,8,0,0,1,0.8888888888888888
HSV0878,2010-02-01,1,0,0,0,1,0.5
HTM1498,2010-01-02,2,2,0,4,1,0.6666666666666666
HTM1498,2010-01-03,1,1,0,2,1,0.5
HTM1498,2010-01-04,1,1,1,0,1,0.5
HTM1498,2010-01-10,1,1,0,2,1,0.5
HTM1498,2010-01-12,1,1,0,0,1,0.5
HTM1498,2010-01-13,1,1,0,0,1,0.5
HTM1498,2010-01-14,1,1,0,0,1,0.5
HTM1498,2010-01-15,1,1,0,0,1,0.5
HTM1498,2010-01-16,1,1,0,2,1,0.5
HTM1498,2010-01-18,1,1,0,0,1,0.5
HTM1498,2010-01-20,1,1,0,0,1,0.5
HTM1498,2010-01-22,1,1,0,0,1,0.5
HTM1498,2010-01-23,1,1,0,2,1,0.5
HTM1498,2010-01-24,2,2,0,4,1,0.6666666666666666
HTM1498,2010-01-26,1,1,0,0,1,0.5
HTM1498,2010-01-28,1,1,0,0,1,0.5
HTM1498,2010-01-29,1,1,0,0,1,0.5
HTM1498,2010-01-30,3,3,0,6,1,0.75
HXP0976,2010-01-04,5,5,2,0,1,0.8333333333333334
HXP0976,2010-01-05,5,5,2,0,1,0.8333333333333334
HXP0976,2010-01-06,5,5,0,0,1,0.8333333333333334
HXP0976,2010-01-07,5,5,2,0,1,0.8333333333333334
HXP0976,2010-01-08,5,5,0,0,1,0.8333333333333334
HXP0976,2010-01-11,5,5,1,0,1,0.8333333333333334
HXP0976,2010-01-12,5,5,0,0,1,0.8333333333333334
HXP0976,2010-01-13,5,5,0,0,1,0.8333333333333334
HXP0976,2010-01-14,5,5,0,0,1,0.8333333333333334
HXP0976,2010-01-15,5,5,0,0,1,0.8333333333333334
HXP0976,2010-01-18,5,5,0,0,1,0.8333333333333334
HXP0976,2010-01-19,5,5,0,0,1,0.8333333333333334
HXP0976,2010-01-20,5,5,0,0,1,0.8333333333333334
HXP0976,2010-01-21,5,5,1,0,1,0.8333333333333334
HXP0976,2010-01-22,5,5,0,0,1,0.8333333333333334
HXP0976,2010-01-25,5,5,1,0,1,0.8333333333333334
HXP0976,2010-01-26,5,5,0,0,1,0.8333333333333334
HXP0976,2010-01-27,5,5,1,0,1,0.8333333333333334
HXP0976,2010-01-28,5,5,0,0,1,0.8333333333333334
HXP0976,2010-01-29,5,5,1,0,1,0.8333333333333334
HXP0976,2010-02-01,1,0,0,0,1,0.5
ICB1354,2010-01-04,5,5,0,0,1,0.8333333333333334
ICB1354,2010-01-05,5,5,1,0,1,0.8333333333333334
ICB1354,2010-01-06,5,5,0,0,1,0.8333333333333334
ICB1354,2010-01-07,5,5,0,0,1,0.8333333333333334
ICB1354,2010-01-08,5,5,0,0,1,0.8333333333333334
ICB1354,2010-01-11,5,5,1,0,1,0.8333333333333334
ICB1354,2010-01-12,5,5,0,0,1,0.8333333333333334
ICB1354,2010-01-13,5,5,0,0,1,0.8333333333333334
ICB1354,2010-01-14,5,5,0,0,1,0.8333333333333334
ICB1354,2010-01-15,5,5,0,0,1,0.8333333333333334
ICB1354,2010-01-18,5,5,0,0,1,0.8333333333333334
ICB1354,2010-01-19,5,5,0,0,1,0.8333333333333334
ICB1354,2010-01-20,5,5,0,0,1,0.8333333333333334
ICB1354,2010-01-21,5,5,0,0,1,0.8333333333333334
ICB1354,2010-01-22,5,5,0,0,1,0.8333333333333334
ICB1354,2010-01-25,5,5,2,0,1,0.8333333333333334
ICB1354,2010-01-26,5,5,0,0,1,0.8333333333333334
ICB1354,2010-01-27,5,5,0,0,1,0.8333333333333334
ICB1354,2010-01-28,5,5,0,0,1,0.8333333333333334
ICB1354,2010-01-29,5,5,0,0,1,0.8333333333333334
ICB1354,2010-02-01,3,2,0,0,1,0.75
ICB1890,2010-01-12,2,2,0,0,1,0.6666666666666666
ICB1890,2010-01-14,2,2,0,0,1,0.6666666666666666
ICB1890,2010-01-19,1,1,0,0,1,0.5
ICB1890,2010-01-20,1,1,0,0,1,0.5
ICB1890,2010-01-27,1,1,0,0,1,0.5
ICB1890,2010-01-28,1,1,0,0,1,0.5
ICH1810,2010-01-04,1,1,0,0,1,0.5
ICH1810,2010-01-05,1,1,0,0,1,0.5
ICH1810,2010-01-06,2,2,0,0,1,0.6666666666666666
ICH1810,2010-01-07,2,2,0,0,1,0.6666666666666666
ICH1810,2010-01-08,2,2,0,0,1,0.6666666666666666
ICH1810,2010-01-11,2,2,0,0,1,0.6666666666666666
ICH1810,2010-01-13,2,2,0,0,1,0.6666666666666666
ICH1810,2010-01-14,2,2,0,0,1,0.6666666666666666
ICH1810,2010-01-15,1,1,0,0,1,0.5
ICH1810,2010-01-18,1,1,0,0,1,0.5
ICH1810,2010-01-19,2,2,0,0,1,0.6666666666666666
ICH1810,2010-01-20,1,1,0,0,1,0.5
ICH1810,2010-01-21,4,4,0,0,1,0.8
ICH1810,2010-01-22,1,1,0,0,1,0.5
ICH1810,2010-01-25,2,2,0,0,1,0.6666666666666666
ICH1810,2010-01-26,1,1,0,0,1,0.5
ICH1810,2010-01-27,1,1,0,0,1,0.5
ICH1810,2010-01-28,3,3,0,0,1,0.75
ICH1810,2010-01-29,3,3,0,0,1,0.75
IDC0249,2010-01-04,3,3,0,0,1,0.75
IDC0249,2010-01-05,2,2,0,0,1,0.6666666666666666
IDC0249,2010-01-06,2,2,0,0,1,0.6666666666666666
IDC0249,2010-01-07,1,1,0,0,1,0.5
IDC0249,2010-01-08,1,1,0,0,1,0.5
IDC0249,2010-01-11,2,2,1,0,1,0.6666666666666666
IDC0249,2010-01-20,2,2,0,0,1,0.6666666666666666
IDC0249,2010-01-21,1,1,0,0,1,0.5
IDC0249,2010-01-22,1,1,0,0,1,0.5
IDC0249,2010-01-25,1,1,0,0,1,0.5
IDC0249,2010-01-26,1,1,0,0,1,0.5
IDC0249,2010-01-27,1,1,0,0,1,0.5
IDC0249,2010-01-29,1,1,0,0,1,0.5
IDC1744,2010-01-04,8,8,2,0,1,0.8888888888888888
IDC1744,2010-01-05,9,9,1,0,1,0.9
IDC1744,2010-01-06,9,9,4,0,1,0.9
IDC1744,2010-01-07,8,8,3,0,1,0.8888888888888888
IDC1744,2010-01-08,9,9,5,0,1,0.9
IDC1744,2010-01-11,9,9,4,0,1,0.9
IDC1744,2010-01-12,9,9,2,0,1,0.9
IDC1744,2010-01-13,9,9,4,0,1,0.9
IDC1744,2010-01-14,9,9,2,0,1,0.9
IDC1744,2010-01-15,9,9,5,0,1,0.9
IDC1744,2010-01-18,9,8,0,0,1,0.9
IDC1744,2010-01-19,9,9,0,0,1,0.9
IDC1744,2010-01-20,8,8,2,0,1,0.8888888888888888
IDC1744,2010-01-21,9,9,0,0,1,0.9
IDC1744,2010-01-22,9,9,6,0,1,0.9
IDC1744,2010-01-25,9,9,3,0,1,0.9
IDC1744,2010-01-26,9,9,0,0,1,0.9
IDC1744,2010-01-27,9,9,4,0,1,0.9
IDC1744,2010-01-28,6,6,1,0,1,0.8571428571428571
IDC1744,2010-01-29,9,9,0,0,1,0.9
IDC1775,2010-01-04,9,9,0,0,1,0.9
IDC1775,2010-01-05,9,9,0,0,1,0.9
IDC1775,2010-01-06,8,8,0,0,1,0.8888888888888888
IDC1775,2010-01-07,9,9,0,0,1,0.9
IDC1775,2010-01-08,9,9,0,0,1,0.9
IDC1775,2010-01-11,10,10,0,0,1,0.9090909090909091
IDC1775,2010-01-12,9,9,0,0,1,0.9
IDC1775,2010-01-13,8,8,0,0,1,0.8888888888888888
IDC1775,2010-01-14,9,9,0,0,1,0.9
IDC1775,2010-01-15,9,9,0,0,1,0.9
IDC1775,2010-01-18,8,8,0,0,1,0.8888888888888888
IDC1775,2010-01-19,9,9,0,0,1,0.9
IDC1775,2010-01-20,9,9,0,0,1,0.9
IDC1775,2010-01-21,8,8,0,0,1,0.8888888888888888
IDC1775,2010-01-22,9,9,0,0,1,0.9
IDC1775,2010-01-25,9,9,0,0,1,0.9
IDC1775,2010-01-26,9,9,0,0,1,0.9
IDC1775,2010-01-27,9,9,1,0,1,0.9
IDC1775,2010-01-28,9,8,0,0,1,0.9
IDC1775,2010-01-29,8,8,0,0,1,0.8888888888888888
IDC1775,2010-02-01,2,2,0,0,1,0.6666666666666666
IEH0412,2010-01-06,3,3,0,0,1,0.75
IEH0412,2010-01-07,1,1,0,0,1,0.5
IEH0412,2010-01-08,1,1,0,0,1,0.5
IEH0412,2010-01-11,3,3,0,0,1,0.75
IEH0412,2010-01-12,1,1,0,0,1,0.5
IEH0412,2010-01-13,1,1,0,0,1,0.5
IEH0412,2010-01-14,1,1,0,0,1,0.5
IEH0412,2010-01-15,2,2,0,0,1,0.6666666666666666
IEH0412,2010-01-19,1,1,0,0,1,0.5
IEH0412,2010-01-20,2,2,0,0,1,0.6666666666666666
IEH0412,2010-01-27,1,0,0,0,1,0.5
IEH0412,2010-01-29,2,2,0,0,1,0.6666666666666666
IGG1571,2010-01-05,1,1,0,0,1,0.5
IGG1571,2010-01-06,1,1,0,0,1,0.5
IGG1571,2010-01-11,2,1,0,0,1,0.6666666666666666
IGG1571,2010-01-12,1,1,0,0,1,0.5
IGG1571,2010-01-18,2,2,0,0,1,0.6666666666666666
IGG1571,2010-01-19,1,1,0,0,1,0.5
IGG1571,2010-01-20,1,1,0,0,1,0.5
IGG1571,2010-01-21,3,3,3,0,1,0.75
IGG1571,2010-01-22,2,2,1,0,1,0.6666666666666666
IGG1571,2010-01-25,2,2,0,0,1,0.6666666666666666
IGG1571,2010-01-27,1,1,0,0,1,0.5
IGG1571,2010-01-29,1,1,0,0,1,0.5
IIM0781,2010-01-04,2,2,0,0,1,0.6666666666666666
IIM0781,2010-01-05,1,1,0,0,1,0.5
IIM0781,2010-01-07,2,2,0,0,1,0.6666666666666666
IIM0781,2010-01-08,2,2,0,0,1,0.6666666666666666
IIM0781,2010-01-11,1,1,0,0,1,0.5
IIM0781,2010-01-12,1,1,0,0,1,0.5
IIM0781,2010-01-15,1,1,0,0,1,0.5
IIM0781,2010-01-18,3,3,0,0,1,0.75
IIM0781,2010-01-19,1,1,0,0,1,0.5
IIM0781,2010-01-22,1,1,0,0,1,0.5
IIM0781,2010-01-25,3,3,0,0,1,0.75
IIM0781,2010-01-26,1,1,0,0,1,0.5
IIM0781,2010-01-28,2,2,0,0,1,0.6666666666666666
IIM0781,2010-01-29,2,2,0,0,1,0.6666666666666666
IKS0136,2010-01-07,1,1,0,0,1,0.5
IKS0136,2010-01-12,1,1,0,0,1,0.5
IKS0136,2010-01-15,1,1,0,0,1,0.5
IKS0136,2010-01-18,1,1,0,0,1,0.5
IKS0136,2010-01-20,2,2,1,0,1,0.6666666666666666
IKS0136,2010-01-22,1,1,0,0,1,0.5
IKS0136,2010-01-27,1,1,2,0,1,0.5
IKW0678,2010-01-04,1,1,0,0,1,0.5
IKW0678,2010-01-08,1,1,0,0,1,0.5
IKW0678,2010-01-11,1,1,0,0,1,0.5
IKW0678,2010-01-12,1,1,0,0,1,0.5
IKW0678,2010-01-14,1,1,0,0,1,0.5
IKW0678,2010-01-19,1,1,0,0,1,0.5
IKW0678,2010-01-20,2,2,0,0,1,0.6666666666666666
IKW0678,2010-01-26,2,2,0,0,1,0.6666666666666666
ILM1441,2010-01-04,1,1,0,0,1,0.5
ILM1441,2010-01-05,1,1,0,0,1,0.5
ILM1441,2010-01-15,1,1,0,0,1,0.5
ILM1441,2010-01-18,1,1,0,0,1,0.5
ILM1441,2010-01-24,1,1,0,2,1,0.5
ILM1441,2010-01-25,1,1,0,0,1,0.5
ILM1441,2010-02-01,1,1,0,0,1,0.5
IQT0352,2010-01-03,1,1,1,2,1,0.5
IQT0352,2010-01-04,1,1,0,0,1,0.5
IQT0352,2010-01-07,1,1,0,0,1,0.5
IQT0352,2010-01-10,2,2,0,4,1,0.6666666666666666
IQT0352,2010-01-12,2,2,0,0,1,0.6666666666666666
IQT0352,2010-01-16,1,1,0,2,1,0.5
IQT0352,2010-01-21,1,1,0,0,1,0.5
IQT0352,2010-01-25,2,2,0,0,1,0.6666666666666666
IQT0352,2010-01-28,1,1,0,0,1,0.5
IQT0352,2010-01-31,2,2,0,4,1,0.6666666666666666
ITA0159,2010-01-04,5,5,0,0,1,0.8333333333333334
ITA0159,2010-01-05,5,5,0,0,1,0.8333333333333334
ITA0159,2010-01-06,5,5,0,0,1,0.8333333333333334
ITA0159,2010-01-07,5,5,0,0,1,0.8333333333333334
ITA0159,2010-01-08,5,5,0,0,1,0.8333333333333334
ITA0159,2010-01-11,5,5,0,0,1,0.8333333333333334
ITA0159,2010-01-12,5,5,0,0,1,0.8333333333333334
ITA0159,2010-01-13,5,5,1,0,1,0.8333333333333334
ITA0159,2010-01-14,5,5,0,0,1,0.8333333333333334
ITA0159,2010-01-15,5,5,0,0,1,0.8333333333333334
ITA0159,2010-01-18,5,5,1,0,1,0.8333333333333334
ITA0159,2010-01-19,5,5,0,0,1,0.8333333333333334
ITA0159,2010-01-20,5,5,1,0,1,0.8333333333333334
ITA0159,2010-01-21,5,5,0,0,1,0.8333333333333334
ITA0159,2010-01-22,5,5,0,0,1,0.8333333333333334
ITA0159,2010-01-25,5,5,0,0,1,0.8333333333333334
ITA0159,2010-01-26,5,5,0,0,1,0.8333333333333334
ITA0159,2010-01-27,5,5,0,0,1,0.8333333333333334
ITA0159,2010-01-28,5,5,0,0,1,0.8333333333333334
ITA0159,2010-01-29,5,5,0,0,1,0.8333333333333334
ITA0159,2010-02-01,1,1,0,0,1,0.5
ITV0200,2010-01-04,4,4,0,0,1,0.8
ITV0200,2010-01-05,2,2,0,0,1,0.6666666666666666
ITV0200,2010-01-06,3,3,0,0,1,0.75
ITV0200,2010-01-07,4,4,0,0,1,0.8
ITV0200,2010-01-08,3,3,1,0,1,0.75
ITV0200,2010-01-11,4,4,1,0,1,0.8
ITV0200,2010-01-12,5,5,0,0,1,0.8333333333333334
ITV0200,2010-01-13,4,4,3,0,1,0.8
ITV0200,2010-01-14,5,5,0,0,1,0.8333333333333334
ITV0200,2010-01-15,3,3,0,0,1,0.75
ITV0200,2010-01-18,4,4,0,0,1,0.8
ITV0200,2010-01-19,1,1,0,0,1,0.5
ITV0200,2010-01-20,4,4,2,0,1,0.8
ITV0200,2010-01-21,3,3,0,0,1,0.75
ITV0200,2010-01-22,4,4,0,0,1,0.8
ITV0200,2010-01-25,2,2,0,0,1,0.6666666666666666
ITV0200,2010-01-26,3,3,0,0,1,0.75
ITV0200,2010-01-27,1,1,0,0,1,0.5
ITV0200,2010-01-28,3,3,0,0,1,0.75
ITV0200,2010-01-29,3,3,0,0,1,0.75
JAC1275,2010-01-05,2,2,0,0,1,0.6666666666666666
JAC1275,2010-01-07,1,1,0,0,1,0.5
JAC1275,2010-01-12,1,1,0,0,1,0.5
JAC1275,2010-01-13,2,2,0,0,1,0.6666666666666666
JAC1275,2010-01-20,1,1,0,0,1,0.5
JAG0106,2010-01-07,1,1,0,0,1,0.5
JAG0106,2010-01-13,1,1,0,0,1,0.5
JAG0106,2010-01-14,1,1,0,0,1,0.5
JAG0106,2010-01-15,1,1,0,0,1,0.5
JAG0106,2010-01-22,1,1,0,0,1,0.5
JAG0106,2010-01-27,2,2,0,0,1,0.6666666666666666
JAL0811,2010-01-04,5,5,0,0,1,0.8333333333333334
JAL0811,2010-01-05,4,4,0,0,1,0.8
JAL0811,2010-01-06,4,4,0,0,1,0.8
JAL0811,2010-01-07,3,3,0,0,1,0.75
JAL0811,2010-01-08,4,4,0,0,1,0.8
JAL0811,2010-01-11,5,5,0,0,1,0.8333333333333334
JAL0811,2010-01-12,5,5,0,0,1,0.8333333333333334
JAL0811,2010-01-13,4,4,1,0,1,0.8
JAL0811,2010-01-14,2,2,0,0,1,0.6666666666666666
JAL0811,2010-01-15,4,4,0,0,1,0.8
JAL0811,2010-01-18,4,4,0,0,1,0.8
JAL0811,2010-01-19,3,3,0,0,1,0.75
JAL0811,2010-01-20,4,4,1,0,1,0.8
JAL0811,2010-01-21,5,5,1,0,1,0.8333333333333334
JAL0811,2010-01-22,3,3,0,0,1,0.75
JAL0811,2010-01-25,5,5,0,0,1,0.8333333333333334
JAL0811,2010-01-26,5,5,1,0,1,0.8333333333333334
JAL0811,2010-01-27,4,4,0,0,1,0.8
JAL0811,2010-01-28,3,3,0,0,1,0.75
JAL0811,2010-01-29,4,4,0,0,1,0.8
JAL0811,2010-02-01,1,0,0,0,1,0.5
JAR1708,2010-01-04,1,1,0,0,1,0.5
JAR1708,2010-01-05,2,2,0,0,1,0.6666666666666666
JAR1708,2010-01-06,2,2,0,0,1,0.6666666666666666
JAR1708,2010-01-07,1,1,0,0,1,0.5
JAR1708,2010-01-13,1,1,0,0,1,0.5
JAR1708,2010-01-14,1,1,0,0,1,0.5
JAR1708,2010-01-15,2,2,0,0,1,0.6666666666666666
JAR1708,2010-01-18,1,1,0,0,1,0.5
JAR1708,2010-01-19,2,2,0,0,1,0.6666666666666666
JAR1708,2010-01-20,2,2,0,0,1,0.6666666666666666
JAR1708,2010-01-21,2,2,0,0,1,0.6666666666666666
JAR1708,2010-01-22,1,1,0,0,1,0.5
JAR1708,2010-01-25,1,1,0,0,1,0.5
JAR1708,2010-01-26,2,2,0,0,1,0.6666666666666666
JAR1708,2010-01-29,1,1,0,0,1,0.5
JBB1333,2010-01-04,2,2,2,0,1,0.6666666666666666
JBB1333,2010-01-05,1,1,0,0,1,0.5
JBB1333,2010-01-07,2,2,0,0,1,0.6666666666666666
JBB1333,2010-01-08,1,1,0,0,1,0.5
JBB1333,2010-01-11,1,1,0,0,1,0.5
JBB1333,2010-01-12,3,3,0,0,1,0.75
JBB1333,2010-01-13,2,2,0,0,1,0.6666666666666666
JBB1333,2010-01-15,3,3,0,0,1,0.75
JBB1333,2010-01-18,3,3,0,0,1,0.75
JBB1333,2010-01-19,1,1,0,0,1,0.5
JBB1333,2010-01-21,2,2,0,0,1,0.6666666666666666
JBB1333,2010-01-22,2,2,3,0,1,0.6666666666666666
JBB1333,2010-01-26,1,1,0,0,1,0.5
JBB1333,2010-01-27,1,1,0,0,1,0.5
JBB1333,2010-01-29,1,1,0,0,1,0.5
JBL0615,2010-01-04,8,8,0,0,1,0.8888888888888888
JBL0615,2010-01-05,8,8,1,0,1,0.8888888888888888
JBL0615,2010-01-06,8,8,0,0,1,0.8888888888888888
JBL0615,2010-01-07,7,7,0,0,1,0.875
JBL0615,2010-01-08,9,9,0,0,1,0.9
JBL0615,2010-01-11,7,7,0,0,1,0.875
JBL0615,2010-01-12,8,8,0,0,1,0.8888888888888888
JBL0615,2010-01-13,8,8,0,0,1,0.8888888888888888
JBL0615,2010-01-14,9,9,2,0,1,0.9
JBL0615,2010-01-15,9,9,1,0,1,0.9
JBL0615,2010-01-18,8,8,0,0,1,0.8888888888888888
JBL0615,2010-01-19,9,9,0,0,1,0.9
JBL0615,2010-01-20,9,9,0,0,1,0.9
JBL0615,2010-01-21,9,9,0,0,1,0.9
JBL0615,2010-01-22,8,8,0,0,1,0.8888888888888888
JBL0615,2010-01-25,9,9,0,0,1,0.9
JBL0615,2010-01-26,6,6,0,0,1,0.8571428571428571
JBL0615,2010-01-27,8,8,0,0,1,0.8888888888888888
JBL0615,2010-01-28,9,9,1,0,1,0.9
JBL0615,2010-01-29,8,8,1,0,1,0.8888888888888888
JBL1657,2010-01-04,1,1,0,0,1,0.5
JBL1657,2010-01-05,3,3,0,0,1,0.75
JBL1657,2010-01-06,3,3,0,0,1,0.75
JBL1657,2010-01-07,2,2,0,0,1,0.6666666666666666
JBL1657,2010-01-08,2,2,0,0,1,0.6666666666666666
JBL1657,2010-01-11,2,2,0,0,1,0.6666666666666666
JBL1657,2010-01-12,2,2,0,0,1,0.6666666666666666
JBL1657,2010-01-13,1,1,0,0,1,0.5
JBL1657,2010-01-14,1,1,0,0,1,0.5
JBL1657,2010-01-15,2,2,0,0,1,0.6666666666666666
JBL1657,2010-01-18,2,2,0,0,1,0.6666666666666666
JBL1657,2010-01-19,1,1,0,0,1,0.5
JBL1657,2010-01-20,1,1,0,0,1,0.5
JBL1657,2010-01-21,3,3,0,0,1,0.75
JBL1657,2010-01-22,1,1,0,0,1,0.5
JBL1657,2010-01-25,2,2,0,0,1,0.6666666666666666
JBL1657,2010-01-26,3,3,0,0,1,0.75
JBL1657,2010-01-27,4,4,0,0,1,0.8
JBL1657,2010-01-28,3,3,0,0,1,0.75
JBL1657,2010-01-29,3,3,0,0,1,0.75
JBR1940,2010-01-04,1,1,0,0,1,0.5
JBR1940,2010-01-05,1,1,2,0,1,0.5
JBR1940,2010-01-07,1,1,0,0,1,0.5
JBR1940,2010-01-11,1,1,1,0,1,0.5
JBR1940,2010-01-19,1,1,1,0,1,0.5
JBR1940,2010-01-26,2,1,0,0,1,0.6666666666666666
JCB0544,2010-01-05,1,1,2,0,1,0.5
JCB0544,2010-01-06,1,1,0,0,1,0.5
JCB0544,2010-01-07,1,1,0,0,1,0.5
JCB0544,2010-01-09,1,1,0,2,1,0.5
JCB0544,2010-01-12,1,1,1,0,1,0.5
JCB0544,2010-01-13,1,1,2,0,1,0.5
JCB0544,2010-01-19,2,2,1,0,1,0.6666666666666666
JCB0544,2010-01-20,2,2,2,0,1,0.6666666666666666
JCB0544,2010-01-27,1,1,0,0,1,0.5
JCB0544,2010-01-29,1,1,0,0,1,0.5
JDB1163,2010-01-03,1,1,0,2,1,0.5
JDB1163,2010-01-06,2,2,1,0,1,0.6666666666666666
JDB1163,2010-01-09,1,1,0,2,1,0.5
JDB1163,2010-01-15,1,1,0,0,1,0.5
JDB1163,2010-01-18,1,1,0,0,1,0.5
JDB1163,2010-01-27,1,0,0,0,1,0.5
JDB1163,2010-01-29,1,1,0,0,1,0.5
JDB1163,2010-01-31,1,1,0,2,1,0.5
JDS0177,2010-01-05,3,3,0,0,1,0.75
JDS0177,2010-01-06,2,2,2,0,1,0.6666666666666666
JDS0177,2010-01-07,1,1,0,0,1,0.5
JDS0177,2010-01-08,2,2,0,0,1,0.6666666666666666
JDS0177,2010-01-12,1,1,0,0,1,0.5
JDS0177,2010-01-13,2,2,0,0,1,0.6666666666666666
JDS0177,2010-01-15,2,2,0,0,1,0.6666666666666666
JDS0177,2010-01-18,5,5,2,0,1,0.8333333333333334
JDS0177,2010-01-19,1,1,0,0,1,0.5
JDS0177,2010-01-20,3,3,1,0,1,0.75
JDS0177,2010-01-21,2,2,0,0,1,0.6666666666666666
JDS0177,2010-01-22,2,2,0,0,1,0.6666666666666666
JDS0177,2010-01-25,2,2,0,0,1,0.6666666666666666
JDS0177,2010-01-26,2,2,0,0,1,0.6666666666666666
JDS0177,2010-01-27,1,1,0,0,1,0.5
JDS0177,2010-01-28,2,2,0,0,1,0.6666666666666666
JDS0177,2010-01-29,2,2,0,0,1,0.6666666666666666
JFC0075,2010-01-04,3,3,0,0,1,0.75
JFC0075,2010-01-05,4,4,0,0,1,0.8
JFC0075,2010-01-06,4,4,0,0,1,0.8
JFC0075,2010-01-07,5,5,0,0,1,0.8333333333333334
JFC0075,2010-01-08,2,2,0,0,1,0.6666666666666666
JFC0075,2010-01-11,3,3,1,0,1,0.75
JFC0075,2010-01-12,2,2,0,0,1,0.6666666666666666
JFC0075,2010-01-13,2,2,0,0,1,0.6666666666666666
JFC0075,2010-01-14,5,5,2,0,1,0.8333333333333334
JFC0075,2010-01-15,4,4,2,0,1,0.8
JFC0075,2010-01-18,3,3,0,0,1,0.75
JFC0075,2010-01-19,4,4,0,0,1,0.8
JFC0075,2010-01-20,4,4,1,0,1,0.8
JFC0075,2010-01-21,3,3,1,0,1,0.75
JFC0075,2010-01-22,4,4,0,0,1,0.8
JFC0075,2010-01-25,2,2,1,0,1,0.6666666666666666
JFC0075,2010-01-26,4,4,1,0,1,0.8
JFC0075,2010-01-27,3,3,2,0,1,0.75
JFC0075,2010-01-28,3,3,0,0,1,0.75
JFC0075,2010-01-29,3,3,1,0,1,0.75
JHP1654,2010-01-04,1,1,0,0,1,0.5
JHP1654,2010-01-05,1,1,0,0,1,0.5
JHP1654,2010-01-06,1,1,0,0,1,0.5
JHP1654,2010-01-08,1,1,0,0,1,0.5
JHP1654,2010-01-11,1,1,0,0,1,0.5
JHP1654,2010-01-12,2,2,0,0,1,0.6666666666666666
JHP1654,2010-01-18,1,1,0,0,1,0.5
JHP1654,2010-01-19,1,1,0,0,1,0.5
JHP1654,2010-01-20,1,1,0,0,1,0.5
JHP1654,2010-01-21,1,1,0,0,1,0.5
JHP1654,2010-01-22,1,1,0,0,1,0.5
JHP1654,2010-01-25,1,1,0,0,1,0.5
JHP1654,2010-01-27,2,2,0,0,1,0.6666666666666666
JHP1654,2010-01-29,3,3,0,0,1,0.75
JJH0862,2010-01-04,1,1,2,0,1,0.5
JJH0862,2010-01-05,2,2,0,0,1,0.6666666666666666
JJH0862,2010-01-06,1,1,0,0,1,0.5
JJH0862,2010-01-11,1,1,0,0,1,0.5
JJH0862,2010-01-13,1,1,1,0,1,0.5
JJH0862,2010-01-14,1,1,0,0,1,0.5
JJH0862,2010-01-15,1,1,0,0,1,0.5
JJH0862,2010-01-20,1,1,0,0,1,0.5
JJH0862,2010-01-25,1,1,2,0,1,0.5
JJH0862,2010-01-28,1,1,0,0,1,0.5
JJW1785,2010-01-05,1,1,0,0,1,0.5
JJW1785,2010-01-13,1,1,0,0,1,0.5
JJW1785,2010-01-18,1,1,0,0,1,0.5
JJW1785,2010-01-22,1,1,0,0,1,0.5
JJW1785,2010-01-26,1,1,0,0,1,0.5
JJW1785,2010-01-27,2,1,0,0,1,0.6666666666666666
JKB1843,2010-01-07,1,1,0,0,1,0.5
JKB1843,2010-01-08,1,1,0,0,1,0.5
JKB1843,2010-01-13,2,2,0,0,1,0.6666666666666666
JKB1843,2010-01-14,2,2,0,0,1,0.6666666666666666
JKB1843,2010-01-20,1,1,0,0,1,0.5
JKB1843,2010-01-22,2,2,0,0,1,0.6666666666666666
JLC0558,2010-01-11,2,2,0,0,1,0.6666666666666666
JLC0558,2010-01-18,1,1,0,0,1,0.5
JLC0558,2010-01-19,1,1,0,0,1,0.5
JLC0558,2010-01-27,1,1,0,0,1,0.5
JLC1301,2010-01-04,3,3,1,0,1,0.75
JLC1301,2010-01-05,1,1,0,0,1,0.5
JLC1301,2010-01-06,2,2,0,0,1,0.6666666666666666
JLC1301,2010-01-07,2,2,0,0,1,0.6666666666666666
JLC1301,2010-01-08,1,1,2,0,1,0.5
JLC1301,2010-01-11,2,2,2,0,1,0.6666666666666666
JLC1301,2010-01-12,1,1,0,0,1,0.5
JLC1301,2010-01-13,2,2,0,0,1,0.6666666666666666
JLC1301,2010-01-14,2,2,0,0,1,0.6666666666666666
JLC1301,2010-01-15,4,4,2,0,1,0.8
JLC1301,2010-01-18,1,1,0,0,1,0.5
JLC1301,2010-01-19,1,1,0,0,1,0.5
JLC1301,2010-01-20,2,2,0,0,1,0.6666666666666666
JLC1301,2010-01-21,2,2,0,0,1,0.6666666666666666
JLC1301,2010-01-22,2,2,0,0,1,0.6666666666666666
JLC1301,2010-01-25,5,5,1,0,1,0.8333333333333334
JLC1301,2010-01-26,3,3,0,0,1,0.75
JLC1301,2010-01-27,3,3,2,0,1,0.75
JLC1301,2010-01-28,3,3,0,0,1,0.75
JLC1301,2010-01-29,3,3,1,0,1,0.75
JLD1666,2010-01-06,1,1,0,0,1,0.5
JLD1666,2010-01-07,1,1,0,0,1,0.5
JLD1666,2010-01-13,1,1,0,0,1,0.5
JLD1666,2010-01-22,1,1,0,0,1,0.5
JLD1666,2010-01-26,1,1,0,0,1,0.5
JLD1666,2010-01-28,2,2,0,0,1,0.6666666666666666
JLF1315,2010-01-05,2,2,0,0,1,0.6666666666666666
JLF1315,2010-01-14,1,1,0,0,1,0.5
JLF1315,2010-01-15,1,1,0,0,1,0.5
JLF1315,2010-01-20,1,1,0,0,1,0.5
JLF1315,2010-01-21,1,1,0,0,1,0.5
JLF1315,2010-01-25,1,1,0,0,1,0.5
JLF1315,2010-01-26,2,2,2,0,1,0.6666666666666666
JMK1531,2010-01-04,8,8,0,0,1,0.8888888888888888
JMK1531,2010-01-05,7,7,0,0,1,0.875
JMK1531,2010-01-06,9,9,0,0,1,0.9
JMK1531,2010-01-07,8,8,3,0,1,0.8888888888888888
JMK1531,2010-01-08,8,8,2,0,1,0.8888888888888888
JMK1531,2010-01-11,8,8,1,0,1,0.8888888888888888
JMK1531,2010-01-12,9,9,4,0,1,0.9
JMK1531,2010-01-13,8,8,0,0,1,0.8888888888888888
JMK1531,2010-01-14,9,9,0,0,1,0.9
JMK1531,2010-01-15,9,9,1,0,1,0.9
JMK1531,2010-01-18,9,9,3,0,1,0.9
JMK1531,2010-01-19,8,8,2,0,1,0.8888888888888888
JMK1531,2010-01-20,9,9,2,0,1,0.9
JMK1531,2010-01-21,7,7,4,0,1,0.875
JMK1531,2010-01-22,9,9,2,0,1,0.9
JMK1531,2010-01-25,9,9,2,0,1,0.9
JMK1531,2010-01-26,9,9,0,0,1,0.9
JMK1531,2010-01-27,9,9,0,0,1,0.9
JMK1531,2010-01-28,9,8,1,0,1,0.9
JMK1531,2010-01-29,9,9,0,0,1,0.9
JMK1531,2010-02-01,2,2,0,0,1,0.6666666666666666
JMM0613,2010-01-07,2,2,0,0,1,0.6666666666666666
JMM0613,2010-01-10,1,1,0,2,1,0.5
JMM0613,2010-01-13,2,2,0,0,1,0.6666666666666666
JMM0613,2010-01-14,2,2,0,0,1,0.6666666666666666
JMM0613,2010-01-16,1,1,1,2,1,0.5
JMM0613,2010-01-18,1,1,0,0,1,0.5
JMM0613,2010-01-23,1,1,0,2,1,0.5
JMM0613,2010-01-24,1,1,0,2,1,0.5
JMM0613,2010-01-29,1,1,0,0,1,0.5
JMS0859,2010-01-05,1,1,0,0,1,0.5
JMS0859,2010-01-08,1,1,0,0,1,0.5
JMS0859,2010-01-12,1,1,0,0,1,0.5
JMS0859,2010-01-13,2,2,2,0,1,0.6666666666666666
JMS0859,2010-01-14,2,2,0,0,1,0.6666666666666666
JMS0859,2010-01-21,1,1,0,0,1,0.5
JMS0859,2010-01-26,1,1,0,0,1,0.5
JMS0859,2010-01-27,1,1,0,0,1,0.5
JMS0859,2010-01-28,2,2,0,0,1,0.6666666666666666
JOR1495,2010-01-04,2,2,0,0,1,0.6666666666666666
JOR1495,2010-01-06,1,1,0,0,1,0.5
JOR1495,2010-01-08,2,2,0,0,1,0.6666666666666666
JOR1495,2010-01-11,2,2,0,0,1,0.6666666666666666
JOR1495,2010-01-12,2,2,0,0,1,0.6666666666666666
JOR1495,2010-01-14,2,2,0,0,1,0.6666666666666666
JOR1495,2010-01-18,1,1,0,0,1,0.5
JOR1495,2010-01-20,2,2,0,0,1,0.6666666666666666
JOR1495,2010-01-21,2,2,0,0,1,0.6666666666666666
JOR1495,2010-01-26,1,1,0,0,1,0.5
JOR1495,2010-01-27,2,2,0,0,1,0.6666666666666666
JOR1495,2010-01-28,1,1,0,0,1,0.5
JOR1495,2010-01-29,4,4,0,0,1,0.8
JPW0533,2010-01-06,3,3,0,0,1,0.75
JPW0533,2010-01-07,1,1,0,0,1,0.5
JPW0533,2010-01-08,1,1,0,0,1,0.5
JPW0533,2010-01-12,2,2,0,0,1,0.6666666666666666
JPW0533,2010-01-21,1,1,0,0,1,0.5
JPW0533,2010-01-22,1,1,0,0,1,0.5
JPW0533,2010-01-25,1,1,0,0,1,0.5
JPW0533,2010-01-26,2,2,0,0,1,0.6666666666666666
JPW0533,2010-01-27,2,2,0,0,1,0.6666666666666666
JPW0533,2010-01-28,2,2,0,0,1,0.6666666666666666
JPW0533,2010-01-29,1,1,0,0,1,0.5
JPW0533,2010-02-01,1,1,0,0,1,0.5
JRC0238,2010-01-04,9,9,0,0,1,0.9
JRC0238,2010-01-05,8,8,0,0,1,0.8888888888888888
JRC0238,2010-01-06,8,8,0,0,1,0.8888888888888888
JRC0238,2010-01-07,9,9,0,0,1,0.9
JRC0238,2010-01-08,9,9,1,0,1,0.9
JRC0238,2010-01-11,8,8,0,0,1,0.8888888888888888
JRC0238,2010-01-12,9,9,0,0,1,0.9
JRC0238,2010-01-13,8,8,0,0,1,0.8888888888888888
JRC0238,2010-01-14,9,8,0,0,1,0.9
JRC0238,2010-01-15,9,9,0,0,1,0.9
JRC0238,2010-01-18,7,7,0,0,1,0.875
JRC0238,2010-01-19,8,8,0,0,1,0.8888888888888888
JRC0238,2010-01-20,9,9,0,0,1,0.9
JRC0238,2010-01-21,8,8,0,0,1,0.8888888888888888
JRC0238,2010-01-22,9,9,0,0,1,0.9
JRC0238,2010-01-25,9,9,0,0,1,0.9
JRC0238,2010-01-26,9,9,0,0,1,0.9
JRC0238,2010-01-27,9,9,0,0,1,0.9
JRC0238,2010-01-28,9,9,0,0,1,0.9
JRC0238,2010-01-29,9,9,0,0,1,0.9
JRS0674,2010-01-02,1,1,2,2,1,0.5
JRS0674,2010-01-05,1,1,0,0,1,0.5
JRS0674,2010-01-07,1,1,0,0,1,0.5
JRS0674,2010-01-12,2,2,0,0,1,0.6666666666666666
JRS0674,2010-01-14,1,1,0,0,1,0.5
JRS0674,2010-01-15,1,1,0,0,1,0.5
JRS0674,2010-01-18,1,1,0,0,1,0.5
JRS0674,2010-01-20,1,1,0,0,1,0.5
JRS0674,2010-01-21,2,2,0,0,1,0.6666666666666666
JRS0674,2010-01-25,1,1,0,0,1,0.5
JRS0674,2010-01-26,1,1,0,0,1,0.5
JRS0674,2010-01-27,1,1,0,0,1,0.5
JRS0674,2010-01-30,2,2,0,4,1,0.6666666666666666
JRS0674,2010-02-01,1,0,0,0,1,0.5
JSH1678,2010-01-04,1,1,0,0,1,0.5
JSH1678,2010-01-05,2,2,0,0,1,0.6666666666666666
JSH1678,2010-01-06,1,1,0,0,1,0.5
JSH1678,2010-01-08,2,2,0,0,1,0.6666666666666666
JSH1678,2010-01-11,2,2,0,0,1,0.6666666666666666
JSH1678,2010-01-12,1,1,0,0,1,0.5
JSH1678,2010-01-13,2,2,0,0,1,0.6666666666666666
JSH1678,2010-01-14,1,1,0,0,1,0.5
JSH1678,2010-01-15,3,3,0,0,1,0.75
JSH1678,2010-01-18,3,3,0,0,1,0.75
JSH1678,2010-01-19,3,3,0,0,1,0.75
JSH1678,2010-01-20,2,2,0,0,1,0.6666666666666666
JSH1678,2010-01-21,3,3,0,0,1,0.75
JSH1678,2010-01-22,3,3,0,0,1,0.75
JSH1678,2010-01-25,2,1,0,0,1,0.6666666666666666
JSH1678,2010-01-26,1,1,0,0,1,0.5
JSH1678,2010-01-27,2,2,0,0,1,0.6666666666666666
JSH1678,2010-01-28,2,2,0,0,1,0.6666666666666666
JSH1678,2010-01-29,2,2,0,0,1,0.6666666666666666
JTB0163,2010-01-04,3,3,1,0,1,0.75
JTB0163,2010-01-06,2,2,0,0,1,0.6666666666666666
JTB0163,2010-01-08,1,1,0,0,1,0.5
JTB0163,2010-01-12,2,2,0,0,1,0.6666666666666666
JTB0163,2010-01-13,1,1,0,0,1,0.5
JTB0163,2010-01-14,2,2,0,0,1,0.6666666666666666
JTB0163,2010-01-15,2,2,0,0,1,0.6666666666666666
JTB0163,2010-01-18,2,2,0,0,1,0.6666666666666666
JTB0163,2010-01-19,1,0,0,0,1,0.5
JTB0163,2010-01-21,1,1,0,0,1,0.5
JTB0163,2010-01-25,1,1,0,0,1,0.5
JTB0163,2010-01-26,3,3,0,0,1,0.75
JTB0163,2010-01-28,1,1,0,0,1,0.5
JTB0163,2010-01-29,3,3,0,0,1,0.75
JUW1135,2010-01-04,1,1,2,0,1,0.5
JUW1135,2010-01-05,1,1,2,0,1,0.5
JUW1135,2010-01-06,4,4,8,0,4,0.8
JUW1135,2010-01-07,1,1,0,0,1,0.5
JUW1135,2010-01-08,5,5,10,0,5,0.8333333333333334
JUW1135,2010-01-11,4,4,8,0,4,0.8
JUW1135,2010-01-12,3,3,4,0,3,0.75
JUW1135,2010-01-13,2,2,4,0,2,0.6666666666666666
JUW1135,2010-01-14,3,3,6,0,3,0.75
JUW1135,2010-01-15,5,5,10,0,5,0.8333333333333334
JUW1135,2010-01-18,4,4,8,0,4,0.8
JUW1135,2010-01-19,3,3,6,0,3,0.75
JUW1135,2010-01-20,5,5,10,0,5,0.8333333333333334
JUW1135,2010-01-21,1,1,2,0,1,0.5
JUW1135,2010-01-22,4,4,6,0,4,0.8
JUW1135,2010-01-25,2,2,4,0,2,0.6666666666666666
JUW1135,2010-01-26,1,1,2,0,1,0.5
JUW1135,2010-01-27,3,3,6,0,3,0.75
JUW1135,2010-01-28,2,2,4,0,2,0.6666666666666666
JUW1135,2010-01-29,3,3,6,0,3,0.75
JVH1575,2010-01-04,9,9,2,0,1,0.9
JVH1575,2010-01-05,7,7,1,0,1,0.875
JVH1575,2010-01-06,9,9,4,0,1,0.9
JVH1575,2010-01-07,9,9,0,0,1,0.9
JVH1575,2010-01-08,9,9,3,0,1,0.9
JVH1575,2010-01-11,8,8,1,0,1,0.8888888888888888
JVH1575,2010-01-12,8,8,2,0,1,0.8888888888888888
JVH1575,2010-01-13,7,7,0,0,1,0.875
JVH1575,2010-01-14,8,8,2,0,1,0.8888888888888888
JVH1575,2010-01-15,8,8,4,0,1,0.8888888888888888
JVH1575,2010-01-18,8,8,3,0,1,0.8888888888888888
JVH1575,2010-01-19,9,9,4,0,1,0.9
JVH1575,2010-01-20,9,9,3,0,1,0.9
JVH1575,2010-01-21,9,9,2,0,1,0.9
JVH1575,2010-01-22,9,9,3,0,1,0.9
JVH1575,2010-01-25,9,9,0,0,1,0.9
JVH1575,2010-01-26,9,9,4,0,1,0.9
JVH1575,2010-01-27,9,9,2,0,1,0.9
JVH1575,2010-01-28,8,8,4,0,1,0.8888888888888888
JVH1575,2010-01-29,9,9,1,0,1,0.9
JVH1575,2010-02-01,3,2,0,0,1,0.75
JXH1061,2010-01-04,2,2,0,0,1,0.6666666666666666
JXH1061,2010-01-13,1,1,0,0,1,0.5
JXH1061,2010-01-15,1,1,0,0,1,0.5
JXH1061,2010-01-21,1,1,0,0,1,0.5
JXH1061,2010-01-26,1,1,0,0,1,0.5
JXH1061,2010-01-27,1,1,0,0,1,0.5
JXH1061,2010-01-28,1,1,0,0,1,0.5
JXH1061,2010-02-01,1,0,0,0,1,0.5
KAC1209,2010-01-04,2,2,0,0,1,0.6666666666666666
KAC1209,2010-01-05,4,4,0,0,1,0.8
KAC1209,2010-01-06,2,2,0,0,1,0.6666666666666666
KAC1209,2010-01-07,3,3,0,0,1,0.75
KAC1209,2010-01-08,3,3,0,0,1,0.75
KAC1209,2010-01-11,5,4,0,0,1,0.8333333333333334
KAC1209,2010-01-12,3,3,0,0,1,0.75
KAC1209,2010-01-13,2,2,0,0,1,0.6666666666666666
KAC1209,2010-01-14,2,2,0,0,1,0.6666666666666666
KAC1209,2010-01-15,4,4,0,0,1,0.8
KAC1209,2010-01-18,3,3,2,0,1,0.75
KAC1209,2010-01-19,4,4,0,0,1,0.8
KAC1209,2010-01-20,1,1,0,0,1,0.5
KAC1209,2010-01-21,2,2,0,0,1,0.6666666666666666
KAC1209,2010-01-22,3,3,0,0,1,0.75
KAC1209,2010-01-25,2,2,0,0,1,0.6666666666666666
KAC1209,2010-01-26,1,1,0,0,1,0.5
KAC1209,2010-01-27,5,5,0,0,1,0.8333333333333334
KAC1209,2010-01-28,3,3,0,0,1,0.75
KAC1209,2010-01-29,1,1,0,0,1,0.5
KAC1209,2010-02-01,1,0,0,0,1,0.5
KAD0387,2010-01-02,8,8,2,16,1,0.8888888888888888
KAD0387,2010-01-03,9,9,4,18,1,0.9
KAD0387,2010-01-04,8,8,1,0,1,0.8888888888888888
KAD0387,2010-01-05,9,9,0,0,1,0.9
KAD0387,2010-01-06,8,8,4,0,1,0.8888888888888888
KAD0387,2010-01-07,6,6,0,0,1,0.8571428571428571
KAD0387,2010-01-08,9,9,4,0,1,0.9
KAD0387,2010-01-10,9,9,2,18,1,0.9
KAD0387,2010-01-11,8,8,0,0,1,0.8888888888888888
KAD0387,2010-01-12,8,8,4,0,1,0.8888888888888888
KAD0387,2010-01-13,7,7,0,0,1,0.875
KAD0387,2010-01-14,9,9,0,0,1,0.9
KAD0387,2010-01-15,9,9,0,0,1,0.9
KAD0387,2010-01-16,9,9,0,18,1,0.9
KAD0387,2010-01-18,8,8,1,0,1,0.8888888888888888
KAD0387,2010-01-19,9,9,2,0,1,0.9
KAD0387,2010-01-20,9,9,0,0,1,0.9
KAD0387,2010-01-21,9,9,0,0,1,0.9
KAD0387,2010-01-22,8,8,0,0,1,0.8888888888888888
KAD0387,2010-01-23,9,9,6,18,1,0.9
KAD0387,2010-01-24,9,9,0,18,1,0.9
KAD0387,2010-01-25,9,9,0,0,1,0.9
KAD0387,2010-01-26,8,8,2,0,1,0.8888888888888888
KAD0387,2010-01-27,9,9,0,0,1,0.9
KAD0387,2010-01-28,8,8,0,0,1,0.8888888888888888
KAD0387,2010-01-29,9,9,0,0,1,0.9
KAD0387,2010-01-31,9,9,0,18,1,0.9
KAD0817,2010-01-06,2,2,0,0,1,0.6666666666666666
KAD0817,2010-01-11,1,1,0,0,1,0.5
KAD0817,2010-01-12,1,1,0,0,1,0.5
KAD0817,2010-01-14,3,3,2,0,1,0.75
KAD0817,2010-01-15,1,1,0,0,1,0.5
KAD0817,2010-01-21,1,1,0,0,1,0.5
KAD0817,2010-01-27,1,1,2,0,1,0.5
KAG0547,2010-01-04,2,2,1,0,1,0.6666666666666666
KAG0547,2010-01-05,2,2,0,0,1,0.6666666666666666
KAG0547,2010-01-06,2,2,0,0,1,0.6666666666666666
KAG0547,2010-01-07,4,4,3,0,1,0.8
KAG0547,2010-01-08,4,4,0,0,1,0.8
KAG0547,2010-01-11,2,2,0,0,1,0.6666666666666666
KAG0547,2010-01-12,3,3,3,0,1,0.75
KAG0547,2010-01-13,2,2,0,0,1,0.6666666666666666
KAG0547,2010-01-14,1,1,0,0,1,0.5
KAG0547,2010-01-15,2,2,0,0,1,0.6666666666666666
KAG0547,2010-01-18,2,2,2,0,1,0.6666666666666666
KAG0547,2010-01-19,1,1,1,0,1,0.5
KAG0547,2010-01-20,1,1,0,0,1,0.5
KAG0547,2010-01-21,2,2,2,0,1,0.6666666666666666
KAG0547,2010-01-22,1,1,0,0,1,0.5
KAG0547,2010-01-25,3,3,0,0,1,0.75
KAG0547,2010-01-26,3,3,0,0,1,0.75
KAG0547,2010-01-27,3,3,0,0,1,0.75
KAG0547,2010-01-28,3,3,0,0,1,0.75
KAG0547,2010-01-29,2,2,0,0,1,0.6666666666666666
KAG0566,2010-01-04,8,8,4,0,1,0.8888888888888888
KAG0566,2010-01-05,6,6,4,0,1,0.8571428571428571
KAG0566,2010-01-06,9,9,4,0,1,0.9
KAG0566,2010-01-07,6,6,2,0,1,0.8571428571428571
KAG0566,2010-01-08,8,8,6,0,1,0.8888888888888888
KAG0566,2010-01-11,8,8,5,0,1,0.8888888888888888
KAG0566,2010-01-12,8,8,1,0,1,0.8888888888888888
KAG0566,2010-01-13,9,9,0,0,1,0.9
KAG0566,2010-01-14,8,7,1,0,1,0.8888888888888888
KAG0566,2010-01-15,9,9,0,0,1,0.9
KAG0566,2010-01-18,8,8,6,0,1,0.8888888888888888
KAG0566,2010-01-19,9,9,2,0,1,0.9
KAG0566,2010-01-20,8,8,4,0,1,0.8888888888888888
KAG0566,2010-01-21,9,9,7,0,1,0.9
KAG0566,2010-01-22,8,7,0,0,1,0.8888888888888888
KAG0566,2010-01-25,8,8,0,0,1,0.8888888888888888
KAG0566,2010-01-26,8,8,6,0,1,0.8888888888888888
KAG0566,2010-01-27,7,7,3,0,1,0.875
KAG0566,2010-01-28,8,8,4,0,1,0.8888888888888888
KAG0566,2010-01-29,8,8,0,0,1,0.8888888888888888
KAJ1413,2010-01-04,9,9,0,0,1,0.9
KAJ1413,2010-01-05,9,9,0,0,1,0.9
KAJ1413,2010-01-06,9,9,0,0,1,0.9
KAJ1413,2010-01-07,7,7,0,0,1,0.875
KAJ1413,2010-01-08,9,9,0,0,1,0.9
KAJ1413,2010-01-11,9,9,0,0,1,0.9
KAJ1413,2010-01-12,8,8,0,0,1,0.8888888888888888
KAJ1413,2010-01-13,8,8,0,0,1,0.8888888888888888
KAJ1413,2010-01-14,9,9,0,0,1,0.9
KAJ1413,2010-01-15,9,9,0,0,1,0.9
KAJ1413,2010-01-18,9,8,0,0,1,0.9
KAJ1413,2010-01-19,7,7,1,0,1,0.875
KAJ1413,2010-01-20,9,9,0,0,1,0.9
KAJ1413,2010-01-21,9,9,0,0,1,0.9
KAJ1413,2010-01-22,8,8,0,0,1,0.8888888888888888
KAJ1413,2010-01-25,8,8,0,0,1,0.8888888888888888
KAJ1413,2010-01-26,9,9,0,0,1,0.9
KAJ1413,2010-01-27,9,9,1,0,1,0.9
KAJ1413,2010-01-28,9,9,0,0,1,0.9
KAJ1413,2010-01-29,9,9,0,0,1,0.9
KAJ1413,2010-02-01,1,1,0,0,1,0.5
KBB1294,2010-01-04,9,9,0,0,1,0.9
KBB1294,2010-01-05,9,9,0,0,1,0.9
KBB1294,2010-01-06,7,7,0,0,1,0.875
KBB1294,2010-01-07,9,9,0,0,1,0.9
KBB1294,2010-01-08,9,9,0,0,1,0.9
KBB1294,2010-01-11,8,8,0,0,1,0.8888888888888888
KBB1294,2010-01-12,8,8,0,0,1,0.8888888888888888
KBB1294,2010-01-13,9,9,0,0,1,0.9
KBB1294,2010-01-14,9,9,0,0,1,0.9
KBB1294,2010-01-15,9,9,0,0,1,0.9
KBB1294,2010-01-18,9,9,0,0,1,0.9
KBB1294,2010-01-19,9,9,4,0,1,0.9
KBB1294,2010-01-20,9,9,0,0,1,0.9
KBB1294,2010-01-21,9,9,0,0,1,0.9
KBB1294,2010-01-22,9,9,0,0,1,0.9
KBB1294,2010-01-25,7,7,0,0,1,0.875
KBB1294,2010-01-26,7,7,0,0,1,0.875
KBB1294,2010-01-27,8,8,2,0,1,0.8888888888888888
KBB1294,2010-01-28,10,10,0,0,1,0.9090909090909091
KBB1294,2010-01-29,8,8,0,0,1,0.8888888888888888
KBC1680,2010-01-04,3,3,0,0,1,0.75
KBC1680,2010-01-05,3,3,0,0,1,0.75
KBC1680,2010-01-06,3,3,0,0,1,0.75
KBC1680,2010-01-07,4,4,0,0,1,0.8
KBC1680,2010-01-08,5,5,0,0,1,0.8333333333333334
KBC1680,2010-01-11,2,2,0,0,1,0.6666666666666666
KBC1680,2010-01-12,3,3,0,0,1,0.75
KBC1680,2010-01-13,3,3,0,0,1,0.75
KBC1680,2010-01-14,4,4,0,0,1,0.8
KBC1680,2010-01-15,2,2,0,0,1,0.6666666666666666
KBC1680,2010-01-18,4,4,0,0,1,0.8
KBC1680,2010-01-19,4,4,0,0,1,0.8
KBC1680,2010-01-20,4,4,0,0,1,0.8
KBC1680,2010-01-21,2,2,0,0,1,0.6666666666666666
KBC1680,2010-01-22,5,5,0,0,1,0.8333333333333334
KBC1680,2010-01-25,3,3,0,0,1,0.75
KBC1680,2010-01-26,2,2,0,0,1,0.6666666666666666
KBC1680,2010-01-27,1,1,0,0,1,0.5
KBC1680,2010-01-28,4,4,0,0,1,0.8
KBC1680,2010-01-29,1,1,0,0,1,0.5
KBL0908,2010-01-04,3,3,1,0,1,0.75
KBL0908,2010-01-05,4,4,2,0,1,0.8
KBL0908,2010-01-06,4,4,2,0,1,0.8
KBL0908,2010-01-07,3,3,0,0,1,0.75
KBL0908,2010-01-08,5,5,2,0,1,0.8333333333333334
KBL0908,2010-01-11,3,2,0,0,1,0.75
KBL0908,2010-01-12,3,3,0,0,1,0.75
KBL0908,2010-01-13,3,3,0,0,1,0.75
KBL0908,2010-01-14,3,3,0,0,1,0.75
KBL0908,2010-01-15,3,3,0,0,1,0.75
KBL0908,2010-01-18,2,1,0,0,1,0.6666666666666666
KBL0908,2010-01-19,3,3,1,0,1,0.75
KBL0908,2010-01-20,3,3,1,0,1,0.75
KBL0908,2010-01-21,3,3,1,0,1,0.75
KBL0908,2010-01-22,3,3,0,0,1,0.75
KBL0908,2010-01-25,5,5,2,0,1,0.8333333333333334
KBL0908,2010-01-26,3,3,2,0,1,0.75
KBL0908,2010-01-27,3,3,2,0,1,0.75
KBL0908,2010-01-28,1,0,0,0,1,0.5
KBL0908,2010-01-29,4,4,2,0,1,0.8
KBP0124,2010-01-04,2,2,0,0,1,0.6666666666666666
KBP0124,2010-01-05,3,3,1,0,1,0.75
KBP0124,2010-01-06,4,4,2,0,1,0.8
KBP0124,2010-01-08,2,2,0,0,1,0.6666666666666666
KBP0124,2010-01-11,3,3,0,0,1,0.75
KBP0124,2010-01-12,1,1,0,0,1,0.5
KBP0124,2010-01-13,2,2,0,0,1,0.6666666666666666
KBP0124,2010-01-14,1,1,0,0,1,0.5
KBP0124,2010-01-15,2,2,0,0,1,0.6666666666666666
KBP0124,2010-01-18,2,2,0,0,1,0.6666666666666666
KBP0124,2010-01-19,1,1,0,0,1,0.5
KBP0124,2010-01-20,1,1,0,0,1,0.5
KBP0124,2010-01-22,1,1,0,0,1,0.5
KBP0124,2010-01-25,1,1,0,0,1,0.5
KBP0124,2010-01-26,2,1,0,0,1,0.6666666666666666
KBP0124,2010-01-27,2,2,2,0,1,0.6666666666666666
KBP0124,2010-01-28,2,2,3,0,1,0.6666666666666666
KBP0124,2010-01-29,2,2,0,0,1,0.6666666666666666
KBP0124,2010-02-01,1,0,0,0,1,0.5
KCG0044,2010-01-04,2,2,2,0,2,0.6666666666666666
KCG0044,2010-01-05,3,3,4,0,3,0.75
KCG0044,2010-01-06,1,1,2,0,1,0.5
KCG0044,2010-01-07,5,5,6,0,5,0.8333333333333334
KCG0044,2010-01-08,2,2,4,0,2,0.6666666666666666
KCG0044,2010-01-11,2,2,4,0,2,0.6666666666666666
KCG0044,2010-01-12,5,5,8,0,5,0.8333333333333334
KCG0044,2010-01-13,4,4,8,0,4,0.8
KCG0044,2010-01-14,5,5,10,0,5,0.8333333333333334
KCG0044,2010-01-15,2,2,2,0,2,0.6666666666666666
KCG0044,2010-01-18,1,1,2,0,1,0.5
KCG0044,2010-01-19,3,3,6,0,3,0.75
KCG0044,2010-01-20,4,4,8,0,4,0.8
KCG0044,2010-01-21,4,4,8,0,4,0.8
KCG0044,2010-01-22,5,5,10,0,5,0.8333333333333334
KCG0044,2010-01-25,4,4,6,0,4,0.8
KCG0044,2010-01-26,2,2,4,0,2,0.6666666666666666
KCG0044,2010-01-27,4,4,8,0,4,0.8
KCG0044,2010-01-28,4,4,8,0,4,0.8
KCG0044,2010-01-29,3,3,6,0,3,0.75
KCG0044,2010-02-01,1,1,2,0,1,0.5
KCJ1788,2010-01-04,2,2,0,0,1,0.6666666666666666
KCJ1788,2010-01-05,2,2,0,0,1,0.6666666666666666
KCJ1788,2010-01-06,1,1,0,0,1,0.5
KCJ1788,2010-01-07,2,2,0,0,1,0.6666666666666666
KCJ1788,2010-01-08,1,1,0,0,1,0.5
KCJ1788,2010-01-11,3,3,0,0,1,0.75
KCJ1788,2010-01-12,3,3,0,0,1,0.75
KCJ1788,2010-01-13,1,1,0,0,1,0.5
KCJ1788,2010-01-14,2,2,0,0,1,0.6666666666666666
KCJ1788,2010-01-15,2,2,0,0,1,0.6666666666666666
KCJ1788,2010-01-18,1,1,0,0,1,0.5
KCJ1788,2010-01-19,1,1,0,0,1,0.5
KCJ1788,2010-01-20,2,2,0,0,1,0.6666666666666666
KCJ1788,2010-01-21,1,1,0,0,1,0.5
KCJ1788,2010-01-22,4,4,0,0,1,0.8
KCJ1788,2010-01-25,3,3,0,0,1,0.75
KCJ1788,2010-01-26,2,2,0,0,1,0.6666666666666666
KCJ1788,2010-01-27,1,1,0,0,1,0.5
KCJ1788,2010-01-28,2,2,0,0,1,0.6666666666666666
KCJ1788,2010-01-29,2,2,0,0,1,0.6666666666666666
KCR1118,2010-01-04,1,1,0,0,1,0.5
KCR1118,2010-01-06,2,2,1,0,1,0.6666666666666666
KCR1118,2010-01-07,3,3,0,0,1,0.75
KCR1118,2010-01-08,1,1,0,0,1,0.5
KCR1118,2010-01-11,1,1,0,0,1,0.5
KCR1118,2010-01-12,1,1,0,0,1,0.5
KCR1118,2010-01-14,3,3,0,0,1,0.75
KCR1118,2010-01-15,1,1,0,0,1,0.5
KCR1118,2010-01-18,1,1,1,0,1,0.5
KCR1118,2010-01-19,1,1,0,0,1,0.5
KCR1118,2010-01-20,1,1,0,0,1,0.5
KCR1118,2010-01-22,1,1,0,0,1,0.5
KCR1118,2010-01-26,1,1,0,0,1,0.5
KDC1240,2010-01-02,1,1,0,2,1,0.5
KDC1240,2010-01-03,1,1,0,2,1,0.5
KDC1240,2010-01-04,2,2,0,0,1,0.6666666666666666
KDC1240,2010-01-06,2,2,0,0,1,0.6666666666666666
KDC1240,2010-01-08,1,1,0,0,1,0.5
KDC1240,2010-01-09,1,1,0,2,1,0.5
KDC1240,2010-01-10,3,3,1,6,1,0.75
KDC1240,2010-01-12,2,2,0,0,1,0.6666666666666666
KDC1240,2010-01-14,2,2,0,0,1,0.6666666666666666
KDC1240,2010-01-15,2,2,0,0,1,0.6666666666666666
KDC1240,2010-01-17,1,1,0,2,1,0.5
KDC1240,2010-01-19,1,1,0,0,1,0.5
KDC1240,2010-01-20,1,1,0,0,1,0.5
KDC1240,2010-01-21,3,3,0,0,1,0.75
KDC1240,2010-01-22,2,2,0,0,1,0.6666666666666666
KDC1240,2010-01-24,2,2,0,4,1,0.6666666666666666
KDC1240,2010-01-25,1,1,0,0,1,0.5
KDC1240,2010-01-27,1,1,0,0,1,0.5
KDC1240,2010-01-28,3,3,0,0,1,0.75
KDC1240,2010-01-29,1,1,0,0,1,0.5
KDC1240,2010-01-30,1,1,0,2,1,0.5
KDC1240,2010-01-31,1,1,0,2,1,0.5
KEO0202,2010-01-04,5,5,2,0,1,0.8333333333333334
KEO0202,2010-01-05,2,2,1,0,1,0.6666666666666666
KEO0202,2010-01-06,4,4,2,0,1,0.8
KEO0202,2010-01-07,3,3,2,0,1,0.75
KEO0202,2010-01-08,3,3,2,0,1,0.75
KEO0202,2010-01-11,4,4,0,0,1,0.8
KEO0202,2010-01-12,3,3,2,0,1,0.75
KEO0202,2010-01-13,4,4,2,0,1,0.8
KEO0202,2010-01-14,3,3,0,0,1,0.75
KEO0202,2010-01-15,4,4,2,0,1,0.8
KEO0202,2010-01-18,2,2,2,0,1,0.6666666666666666
KEO0202,2010-01-19,1,1,0,0,1,0.5
KEO0202,2010-01-20,3,3,1,0,1,0.75
KEO0202,2010-01-22,5,5,2,0,1,0.8333333333333334
KEO0202,2010-01-25,3,3,1,0,1,0.75
KEO0202,2010-01-26,2,2,1,0,1,0.6666666666666666
KEO0202,2010-01-27,4,4,2,0,1,0.8
KEO0202,2010-01-28,2,2,2,0,1,0.6666666666666666
KEO0202,2010-01-29,3,3,3,0,1,0.75
KGL0178,2010-01-11,1,1,0,0,1,0.5
KGL0178,2010-01-13,1,1,0,0,1,0.5
KGL0178,2010-01-15,1,0,0,0,1,0.5
KGL0178,2010-01-18,1,1,0,0,1,0.5
KGL0178,2010-01-20,1,1,0,0,1,0.5
KGL0178,2010-01-21,1,0,0,0,1,0.5
KGL0178,2010-01-22,2,2,0,0,1,0.6666666666666666
KGL0178,2010-01-26,1,1,0,0,1,0.5
KGL0178,2010-01-28,1,1,0,0,1,0.5
KGL0178,2010-01-29,1,1,0,0,1,0.5
KHG0205,2010-01-02,9,9,4,18,1,0.9
KHG0205,2010-01-04,7,7,4,0,1,0.875
KHG0205,2010-01-05,9,9,4,0,1,0.9
KHG0205,2010-01-06,9,9,4,0,1,0.9
KHG0205,2010-01-07,9,9,4,0,1,0.9
KHG0205,2010-01-08,9,9,3,0,1,0.9
KHG0205,2010-01-09,8,8,2,16,1,0.8888888888888888
KHG0205,2010-01-11,9,9,0,0,1,0.9
KHG0205,2010-01-12,9,8,6,0,1,0.9
KHG0205,2010-01-13,9,9,3,0,1,0.9
KHG0205,2010-01-14,9,9,6,0,1,0.9
KHG0205,2010-01-15,9,9,4,0,1,0.9
KHG0205,2010-01-17,9,9,6,18,1,0.9
KHG0205,2010-01-18,9,9,0,0,1,0.9
KHG0205,2010-01-19,9,9,4,0,1,0.9
KHG0205,2010-01-20,8,8,4,0,1,0.8888888888888888
KHG0205,2010-01-21,9,9,5,0,1,0.9
KHG0205,2010-01-22,9,9,6,0,1,0.9
KHG0205,2010-01-25,9,9,2,0,1,0.9
KHG0205,2010-01-26,9,9,0,0,1,0.9
KHG0205,2010-01-27,9,8,2,0,1,0.9
KHG0205,2010-01-28,8,8,0,0,1,0.8888888888888888
KHG0205,2010-01-29,9,9,4,0,1,0.9
KIF0951,2010-01-04,8,8,0,0,1,0.8888888888888888
KIF0951,2010-01-05,8,8,0,0,1,0.8888888888888888
KIF0951,2010-01-06,8,8,3,0,1,0.8888888888888888
KIF0951,2010-01-07,9,9,0,0,1,0.9
KIF0951,2010-01-08,7,7,2,0,1,0.875
KIF0951,2010-01-11,8,8,0,0,1,0.8888888888888888
KIF0951,2010-01-12,9,9,3,0,1,0.9
KIF0951,2010-01-13,8,8,0,0,1,0.8888888888888888
KIF0951,2010-01-14,8,8,0,0,1,0.8888888888888888
KIF0951,2010-01-15,9,9,4,0,1,0.9
KIF0951,2010-01-18,7,7,2,0,1,0.875
KIF0951,2010-01-19,9,9,2,0,1,0.9
KIF0951,2010-01-20,8,8,0,0,1,0.8888888888888888
KIF0951,2010-01-21,5,5,0,0,1,0.8333333333333334
KIF0951,2010-01-22,8,8,2,0,1,0.8888888888888888
KIF0951,2010-01-25,8,8,0,0,1,0.8888888888888888
KIF0951,2010-01-26,7,7,0,0,1,0.875
KIF0951,2010-01-27,7,7,3,0,1,0.875
KIF0951,2010-01-28,9,9,4,0,1,0.9
KIF0951,2010-01-29,6,6,0,0,1,0.8571428571428571
KIF0951,2010-02-01,2,1,0,0,1,0.6666666666666666
KIS1205,2010-01-02,2,2,0,4,1,0.6666666666666666
KIS1205,2010-01-05,1,1,0,0,1,0.5
KIS1205,2010-01-06,1,1,0,0,1,0.5
KIS1205,2010-01-07,2,2,0,0,1,0.6666666666666666
KIS1205,2010-01-11,2,2,0,0,1,0.6666666666666666
KIS1205,2010-01-12,2,2,0,0,1,0.6666666666666666
KIS1205,2010-01-13,1,1,0,0,1,0.5
KIS1205,2010-01-14,2,2,0,0,1,0.6666666666666666
KIS1205,2010-01-15,2,2,0,0,1,0.6666666666666666
KIS1205,2010-01-17,1,1,0,2,1,0.5
KIS1205,2010-01-18,1,1,0,0,1,0.5
KIS1205,2010-01-22,2,2,0,0,1,0.6666666666666666
KIS1205,2010-01-28,2,2,0,0,1,0.6666666666666666
KIS1205,2010-01-29,1,1,0,0,1,0.5
KIS1205,2010-01-30,1,1,0,2,1,0.5
KJH0872,2010-01-07,1,1,0,0,1,0.5
KJH0872,2010-01-11,1,1,0,0,1,0.5
KJH0872,2010-01-12,1,1,0,0,1,0.5
KJH0872,2010-01-14,1,1,0,0,1,0.5
KJH0872,2010-01-19,1,1,2,0,1,0.5
KJH0872,2010-01-20,1,1,0,0,1,0.5
KJH0872,2010-01-21,1,1,0,0,1,0.5
KJH0872,2010-01-25,2,2,0,0,1,0.6666666666666666
KJH0872,2010-01-28,3,3,0,0,1,0.75
KJM0889,2010-01-10,1,1,0,2,1,0.5
KJM0889,2010-01-15,2,2,0,0,1,0.6666666666666666
KJM0889,2010-01-18,1,1,0,0,1,0.5
KJM0889,2010-01-21,1,1,0,0,1,0.5
KJM0889,2010-01-23,1,1,0,2,1,0.5
KJM0889,2010-01-24,1,1,0,2,1,0.5
KJM0889,2010-01-25,2,2,0,0,1,0.6666666666666666
KJM0889,2010-01-26,2,2,0,0,1,0.6666666666666666
KJM0889,2010-01-27,1,1,0,0,1,0.5
KJM0889,2010-01-29,1,1,0,0,1,0.5
KJM0889,2010-01-30,2,2,0,4,1,0.6666666666666666
KJW1664,2010-01-07,1,1,2,0,1,0.5
KJW1664,2010-01-13,1,1,0,0,1,0.5
KJW1664,2010-01-19,1,1,0,0,1,0.5
KJW1664,2010-01-20,1,1,0,0,1,0.5
KJW1664,2010-01-27,3,3,0,0,1,0.75
KLR0112,2010-01-04,2,2,1,0,1,0.6666666666666666
KLR0112,2010-01-05,2,2,0,0,1,0.6666666666666666
KLR0112,2010-01-07,2,2,0,0,1,0.6666666666666666
KLR0112,2010-01-08,2,2,0,0,1,0.6666666666666666
KLR0112,2010-01-11,3,3,0,0,1,0.75
KLR0112,2010-01-12,2,2,0,0,1,0.6666666666666666
KLR0112,2010-01-14,1,1,0,0,1,0.5
KLR0112,2010-01-15,2,2,0,0,1,0.6666666666666666
KLR0112,2010-01-18,2,2,0,0,1,0.6666666666666666
KLR0112,2010-01-20,1,1,0,0,1,0.5
KLR0112,2010-01-22,2,2,0,0,1,0.6666666666666666
KLR0112,2010-01-25,1,1,0,0,1,0.5
KLR0112,2010-01-26,1,1,0,0,1,0.5
KLR0112,2010-01-27,2,2,1,0,1,0.6666666666666666
KLR0112,2010-01-28,2,2,2,0,1,0.6666666666666666
KMC1934,2010-01-04,1,1,0,0,1,0.5
KMC1934,2010-01-07,1,1,0,0,1,0.5
KMC1934,2010-01-08,1,1,0,0,1,0.5
KMC1934,2010-01-12,1,1,0,0,1,0.5
KMC1934,2010-01-13,1,1,0,0,1,0.5
KMC1934,2010-01-14,1,0,1,0,1,0.5
KMC1934,2010-01-20,2,2,2,0,1,0.6666666666666666
KMC1934,2010-01-23,1,1,0,2,1,0.5
KMC1934,2010-01-24,2,2,2,4,1,0.6666666666666666
KOG1386,2010-01-04,7,7,0,0,1,0.875
KOG1386,2010-01-05,8,8,0,0,1,0.8888888888888888
KOG1386,2010-01-06,8,7,0,0,1,0.8888888888888888
KOG1386,2010-01-07,8,8,0,0,1,0.8888888888888888
KOG1386,2010-01-08,9,9,0,0,1,0.9
KOG1386,2010-01-11,9,9,0,0,1,0.9
KOG1386,2010-01-12,9,9,0,0,1,0.9
KOG1386,2010-01-13,8,8,0,0,1,0.8888888888888888
KOG1386,2010-01-14,9,9,0,0,1,0.9
KOG1386,2010-01-15,8,8,0,0,1,0.8888888888888888
KOG1386,2010-01-18,9,9,0,0,1,0.9
KOG1386,2010-01-19,8,8,0,0,1,0.8888888888888888
KOG1386,2010-01-20,9,9,0,0,1,0.9
KOG1386,2010-01-21,8,8,0,0,1,0.8888888888888888
KOG1386,2010-01-22,9,9,0,0,1,0.9
KOG1386,2010-01-25,9,9,2,0,1,0.9
KOG1386,2010-01-26,9,9,0,0,1,0.9
KOG1386,2010-01-27,9,9,0,0,1,0.9
KOG1386,2010-01-28,9,9,0,0,1,0.9
KOG1386,2010-01-29,9,9,0,0,1,0.9
KRC0441,2010-01-04,1,1,0,0,1,0.5
KRC0441,2010-01-05,2,2,0,0,1,0.6666666666666666
KRC0441,2010-01-06,1,1,0,0,1,0.5
KRC0441,2010-01-07,1,1,0,0,1,0.5
KRC0441,2010-01-11,1,1,0,0,1,0.5
KRC0441,2010-01-12,1,1,1,0,1,0.5
KRC0441,2010-01-13,1,1,0,0,1,0.5
KRC0441,2010-01-14,1,1,0,0,1,0.5
KRC0441,2010-01-15,2,2,1,0,1,0.6666666666666666
KRC0441,2010-01-19,3,3,0,0,1,0.75
KRC0441,2010-01-20,1,1,0,0,1,0.5
KRC0441,2010-01-21,1,1,0,0,1,0.5
KRC0441,2010-01-25,4,4,0,0,1,0.8
KRC0441,2010-01-26,1,1,0,0,1,0.5
KRC0441,2010-01-28,1,1,0,0,1,0.5
KSS1005,2010-01-03,5,5,2,10,1,0.8333333333333334
KSS1005,2010-01-04,5,5,2,0,1,0.8333333333333334
KSS1005,2010-01-05,5,5,2,0,1,0.8333333333333334
KSS1005,2010-01-06,5,5,0,0,1,0.8333333333333334
KSS1005,2010-01-07,5,5,1,0,1,0.8333333333333334
KSS1005,2010-01-08,5,5,1,0,1,0.8333333333333334
KSS1005,2010-01-10,5,5,2,10,1,0.8333333333333334
KSS1005,2010-01-11,5,5,0,0,1,0.8333333333333334
KSS1005,2010-01-12,5,5,0,0,1,0.8333333333333334
KSS1005,2010-01-13,5,5,0,0,1,0.8333333333333334
KSS1005,2010-01-14,5,5,0,0,1,0.8333333333333334
KSS1005,2010-01-15,5,5,2,0,1,0.8333333333333334
KSS1005,2010-01-16,5,5,2,10,1,0.8333333333333334
KSS1005,2010-01-18,5,5,0,0,1,0.8333333333333334
KSS1005,2010-01-19,5,5,0,0,1,0.8333333333333334
KSS1005,2010-01-20,5,5,0,0,1,0.8333333333333334
KSS1005,2010-01-21,5,5,0,0,1,0.8333333333333334
KSS1005,2010-01-22,5,5,0,0,1,0.8333333333333334
KSS1005,2010-01-24,5,5,0,10,1,0.8333333333333334
KSS1005,2010-01-25,5,5,2,0,1,0.8333333333333334
KSS1005,2010-01-26,5,5,1,0,1,0.8333333333333334
KSS1005,2010-01-27,5,5,0,0,1,0.8333333333333334
KSS1005,2010-01-28,5,5,0,0,1,0.8333333333333334
KSS1005,2010-01-29,5,5,0,0,1,0.8333333333333334
KSS1005,2010-01-30,5,5,0,10,1,0.8333333333333334
KSS1005,2010-01-31,5,5,0,10,1,0.8333333333333334
KTS0058,2010-01-06,3,3,0,0,1,0.75
KTS0058,2010-01-07,1,1,0,0,1,0.5
KTS0058,2010-01-08,1,1,0,0,1,0.5
KTS0058,2010-01-11,2,2,0,0,1,0.6666666666666666
KTS0058,2010-01-12,1,1,0,0,1,0.5
KTS0058,2010-01-13,1,1,0,0,1,0.5
KTS0058,2010-01-15,1,1,0,0,1,0.5
KTS0058,2010-01-18,4,4,0,0,1,0.8
KTS0058,2010-01-19,1,1,0,0,1,0.5
KTS0058,2010-01-21,2,2,0,0,1,0.6666666666666666
KTS0058,2010-01-25,1,1,0,0,1,0.5
KTS0058,2010-01-26,1,1,0,0,1,0.5
KTS0058,2010-01-27,2,2,0,0,1,0.6666666666666666
KTS0058,2010-01-28,1,1,0,0,1,0.5
LHA0303,2010-01-06,3,3,2,0,1,0.75
LHA0303,2010-01-07,3,3,0,0,1,0.75
LHA0303,2010-01-12,2,2,0,0,1,0.6666666666666666
LHA0303,2010-01-14,2,2,0,0,1,0.6666666666666666
LHA0303,2010-01-15,1,1,0,0,1,0.5
LHA0303,2010-01-17,1,1,0,2,1,0.5
LHA0303,2010-01-18,3,3,1,0,1,0.75
LHA0303,2010-01-19,2,2,0,0,1,0.6666666666666666
LHA0303,2010-01-20,1,1,0,0,1,0.5
LHA0303,2010-01-22,1,1,0,0,1,0.5
LHA0303,2010-01-25,2,2,0,0,1,0.6666666666666666
LHA0303,2010-01-26,1,1,0,0,1,0.5
LHP0320,2010-01-04,1,1,0,0,1,0.5
LHP0320,2010-01-06,2,2,0,0,1,0.6666666666666666
LHP0320,2010-01-07,1,1,0,0,1,0.5
LHP0320,2010-01-08,2,2,0,0,1,0.6666666666666666
LHP0320,2010-01-18,1,1,0,0,1,0.5
LHP0320,2010-01-20,2,2,0,0,1,0.6666666666666666
LHP0320,2010-01-27,1,1,0,0,1,0.5
LHP0320,2010-01-29,1,1,0,0,1,0.5
LHP0320,2010-02-01,1,0,0,0,1,0.5
LIG1756,2010-01-04,3,3,2,0,1,0.75
LIG1756,2010-01-05,2,2,2,0,1,0.6666666666666666
LIG1756,2010-01-06,2,2,0,0,1,0.6666666666666666
LIG1756,2010-01-07,2,2,2,0,1,0.6666666666666666
LIG1756,2010-01-08,2,2,0,0,1,0.6666666666666666
LIG1756,2010-01-11,3,2,1,0,1,0.75
LIG1756,2010-01-12,4,4,2,0,1,0.8
LIG1756,2010-01-13,2,2,0,0,1,0.6666666666666666
LIG1756,2010-01-14,2,2,0,0,1,0.6666666666666666
LIG1756,2010-01-15,3,3,0,0,1,0.75
LIG1756,2010-01-18,3,3,1,0,1,0.75
LIG1756,2010-01-19,3,3,0,0,1,0.75
LIG1756,2010-01-21,2,2,0,0,1,0.6666666666666666
LIG1756,2010-01-22,4,4,0,0,1,0.8
LIG1756,2010-01-25,2,2,0,0,1,0.6666666666666666
LIG1756,2010-01-26,2,2,0,0,1,0.6666666666666666
LIG1756,2010-01-27,2,2,0,0,1,0.6666666666666666
LIG1756,2010-01-28,1,1,0,0,1,0.5
LIG1756,2010-01-29,3,3,0,0,1,0.75
LIJ1581,2010-01-02,1,1,0,2,1,0.5
LIJ1581,2010-01-04,1,1,0,0,1,0.5
LIJ1581,2010-01-06,1,1,0,0,1,0.5
LIJ1581,2010-01-07,1,1,0,0,1,0.5
LIJ1581,2010-01-08,1,1,0,0,1,0.5
LIJ1581,2010-01-11,1,1,0,0,1,0.5
LIJ1581,2010-01-13,1,1,0,0,1,0.5
LIJ1581,2010-01-16,1,1,0,2,1,0.5
LIJ1581,2010-01-20,1,1,0,0,1,0.5
LIJ1581,2010-01-22,1,1,0,0,1,0.5
LIJ1581,2010-01-23,3,3,2,6,1,0.75
LIJ1581,2010-01-24,2,2,0,4,1,0.6666666666666666
LIJ1581,2010-02-01,1,0,0,0,1,0.5
LJL1891,2010-01-04,2,2,0,0,1,0.6666666666666666
LJL1891,2010-01-06,1,1,0,0,1,0.5
LJL1891,2010-01-07,1,1,0,0,1,0.5
LJL1891,2010-01-08,1,1,0,0,1,0.5
LJL1891,2010-01-13,1,1,0,0,1,0.5
LJL1891,2010-01-14,2,2,1,0,1,0.6666666666666666
LJL1891,2010-01-15,2,2,0,0,1,0.6666666666666666
LJL1891,2010-01-18,1,1,0,0,1,0.5
LJL1891,2010-01-19,2,2,0,0,1,0.6666666666666666
LJL1891,2010-01-22,1,1,0,0,1,0.5
LJL1891,2010-01-28,1,1,0,0,1,0.5
LJL1891,2010-01-29,2,2,0,0,1,0.6666666666666666
LJP1584,2010-01-04,1,1,0,0,1,0.5
LJP1584,2010-01-07,1,1,0,0,1,0.5
LJP1584,2010-01-08,1,1,0,0,1,0.5
LJP1584,2010-01-11,1,1,0,0,1,0.5
LJP1584,2010-01-12,1,1,0,0,1,0.5
LJP1584,2010-01-15,2,2,0,0,1,0.6666666666666666
LJP1584,2010-01-18,1,1,0,0,1,0.5
LJP1584,2010-01-19,1,1,0,0,1,0.5
LJP1584,2010-01-20,2,2,0,0,1,0.6666666666666666
LJP1584,2010-01-25,1,1,0,0,1,0.5
LJP1584,2010-01-26,1,1,0,0,1,0.5
LJP1584,2010-01-28,1,1,0,0,1,0.5
LJP1584,2010-02-01,1,0,0,0,1,0.5
LJV1620,2010-01-04,9,9,2,0,1,0.9
LJV1620,2010-01-05,9,9,2,0,1,0.9
LJV1620,2010-01-06,9,9,2,0,1,0.9
LJV1620,2010-01-07,9,9,0,0,1,0.9
LJV1620,2010-01-08,9,9,2,0,1,0.9
LJV1620,2010-01-09,9,9,0,18,1,0.9
LJV1620,2010-01-11,8,8,2,0,1,0.8888888888888888
LJV1620,2010-01-12,9,9,2,0,1,0.9
LJV1620,2010-01-13,9,9,18,0,1,0.9
LJV1620,2010-01-14,8,8,0,0,1,0.8888888888888888
LJV1620,2010-01-15,9,9,2,0,1,0.9
LJV1620,2010-01-17,8,8,1,16,1,0.8888888888888888
LJV1620,2010-01-18,9,9,0,0,1,0.9
LJV1620,2010-01-19,9,9,4,0,1,0.9
LJV1620,2010-01-20,8,8,2,0,1,0.8888888888888888
LJV1620,2010-01-21,9,9,2,0,1,0.9
LJV1620,2010-01-22,7,7,0,0,1,0.875
LJV1620,2010-01-25,9,9,2,0,1,0.9
LJV1620,2010-01-26,9,9,2,0,1,0.9
LJV1620,2010-01-27,9,9,2,0,1,0.9
LJV1620,2010-01-28,9,9,0,0,1,0.9
LJV1620,2010-01-29,9,9,0,0,1,0.9
LJV1620,2010-01-30,9,9,1,18,1,0.9
LJV1620,2010-02-01,1,0,0,0,1,0.5
LMG0065,2010-01-04,1,1,0,0,1,0.5
LMG0065,2010-01-07,1,1,0,0,1,0.5
LMG0065,2010-01-11,3,3,2,0,1,0.75
LMG0065,2010-01-12,1,1,0,0,1,0.5
LMG0065,2010-01-13,1,1,0,0,1,0.5
LMG0065,2010-01-15,2,2,1,0,1,0.6666666666666666
LMG0065,2010-01-18,2,2,0,0,1,0.6666666666666666
LMG0065,2010-01-19,2,2,0,0,1,0.6666666666666666
LMG0065,2010-01-20,2,2,2,0,1,0.6666666666666666
LMG0065,2010-01-21,1,1,0,0,1,0.5
LMG0065,2010-01-22,1,1,2,0,1,0.5
LMG0065,2010-01-25,2,2,0,0,1,0.6666666666666666
LMG0065,2010-01-26,1,1,0,0,1,0.5
LMG0065,2010-01-27,2,2,0,0,1,0.6666666666666666
LMG0065,2010-01-29,1,1,0,0,1,0.5
LNS0317,2010-01-02,9,9,1,18,1,0.9
LNS0317,2010-01-03,8,8,0,16,1,0.8888888888888888
LNS0317,2010-01-04,8,7,0,0,1,0.8888888888888888
LNS0317,2010-01-05,9,9,0,0,1,0.9
LNS0317,2010-01-06,9,9,0,0,1,0.9
LNS0317,2010-01-07,8,8,2,0,1,0.8888888888888888
LNS0317,2010-01-08,7,7,0,0,1,0.875
LNS0317,2010-01-10,9,9,2,18,1,0.9
LNS0317,2010-01-11,9,9,1,0,1,0.9
LNS0317,2010-01-12,9,9,3,0,1,0.9
LNS0317,2010-01-13,9,9,2,0,1,0.9
LNS0317,2010-01-14,9,9,4,0,1,0.9
LNS0317,2010-01-15,7,7,0,0,1,0.875
LNS0317,2010-01-16,9,9,0,18,1,0.9
LNS0317,2010-01-17,9,9,1,18,1,0.9
LNS0317,2010-01-18,9,9,2,0,1,0.9
LNS0317,2010-01-19,9,9,0,0,1,0.9
LNS0317,2010-01-20,9,9,4,0,1,0.9
LNS0317,2010-01-21,9,9,0,0,1,0.9
LNS0317,2010-01-22,9,9,2,0,1,0.9
LNS0317,2010-01-23,9,9,1,18,1,0.9
LNS0317,2010-01-24,9,9,0,18,1,0.9
LNS0317,2010-01-25,8,8,4,0,1,0.8888888888888888
LNS0317,2010-01-26,9,9,0,0,1,0.9
LNS0317,2010-01-27,9,9,3,0,1,0.9
LNS0317,2010-01-28,9,9,0,0,1,0.9
LNS0317,2010-01-29,9,9,0,0,1,0.9
LNS0317,2010-01-31,9,9,0,18,1,0.9
LPL0877,2010-01-04,3,3,2,0,1,0.75
LPL0877,2010-01-05,3,3,2,0,1,0.75
LPL0877,2010-01-06,2,2,0,0,1,0.6666666666666666
LPL0877,2010-01-07,4,4,2,0,1,0.8
LPL0877,2010-01-08,6,6,0,0,1,0.8571428571428571
LPL0877,2010-01-11,3,3,0,0,1,0.75
LPL0877,2010-01-12,3,3,0,0,1,0.75
LPL0877,2010-01-13,4,4,0,0,1,0.8
LPL0877,2010-01-14,3,3,0,0,1,0.75
LPL0877,2010-01-15,4,4,0,0,1,0.8
LPL0877,2010-01-19,3,2,1,0,1,0.75
LPL0877,2010-01-20,3,3,0,0,1,0.75
LPL0877,2010-01-21,2,2,2,0,1,0.6666666666666666
LPL0877,2010-01-22,4,4,2,0,1,0.8
LPL0877,2010-01-25,3,3,0,0,1,0.75
LPL0877,2010-01-26,4,4,0,0,1,0.8
LPL0877,2010-01-27,4,4,2,0,1,0.8
LPL0877,2010-01-28,5,5,3,0,1,0.8333333333333334
LPL0877,2010-01-29,4,4,2,0,1,0.8
LRV1554,2010-01-02,2,2,0,4,1,0.6666666666666666
LRV1554,2010-01-03,3,3,0,6,1,0.75
LRV1554,2010-01-05,1,1,0,0,1,0.5
LRV1554,2010-01-06,2,2,0,0,1,0.6666666666666666
LRV1554,2010-01-07,1,1,0,0,1,0.5
LRV1554,2010-01-08,1,1,0,0,1,0.5
LRV1554,2010-01-11,1,1,0,0,1,0.5
LRV1554,2010-01-12,1,1,1,0,1,0.5
LRV1554,2010-01-14,1,1,0,0,1,0.5
LRV1554,2010-01-15,1,1,0,0,1,0.5
LRV1554,2010-01-16,2,2,0,4,1,0.6666666666666666
LRV1554,2010-01-17,1,1,0,2,1,0.5
LRV1554,2010-01-18,2,2,2,0,1,0.6666666666666666
LRV1554,2010-01-19,2,2,0,0,1,0.6666666666666666
LRV1554,2010-01-22,2,2,0,0,1,0.6666666666666666
LRV1554,2010-01-23,1,1,2,2,1,0.5
LRV1554,2010-01-26,2,2,1,0,1,0.6666666666666666
LRV1554,2010-01-27,2,2,0,0,1,0.6666666666666666
LRV1554,2010-01-28,1,1,0,0,1,0.5
LRV1554,2010-01-31,1,1,2,2,1,0.5
LSB1588,2010-01-04,9,9,4,0,1,0.9
LSB1588,2010-01-05,9,9,0,0,1,0.9
LSB1588,2010-01-06,8,8,1,0,1,0.8888888888888888
LSB1588,2010-01-07,9,9,3,0,1,0.9
LSB1588,2010-01-08,9,9,2,0,1,0.9
LSB1588,2010-01-11,9,9,6,0,1,0.9
LSB1588,2010-01-12,9,9,4,0,1,0.9
LSB1588,2010-01-13,9,9,2,0,1,0.9
LSB1588,2010-01-14,8,8,2,0,1,0.8888888888888888
LSB1588,2010-01-15,8,8,2,0,1,0.8888888888888888
LSB1588,2010-01-18,9,9,1,0,1,0.9
LSB1588,2010-01-19,9,9,5,0,1,0.9
LSB1588,2010-01-20,7,7,1,0,1,0.875
LSB1588,2010-01-21,9,9,1,0,1,0.9
LSB1588,2010-01-22,9,9,4,0,1,0.9
LSB1588,2010-01-25,9,9,2,0,1,0.9
LSB1588,2010-01-26,9,9,0,0,1,0.9
LSB1588,2010-01-27,9,9,1,0,1,0.9
LSB1588,2010-01-28,9,9,1,0,1,0.9
LSB1588,2010-01-29,7,7,2,0,1,0.875
LSJ0979,2010-01-08,2,2,0,0,1,0.6666666666666666
LSJ0979,2010-01-11,3,3,0,0,1,0.75
LSJ0979,2010-01-14,3,3,0,0,1,0.75
LSJ0979,2010-01-19,2,2,1,0,1,0.6666666666666666
LSJ0979,2010-01-25,2,2,0,0,1,0.6666666666666666
LSJ0979,2010-01-26,3,3,0,0,1,0.75
LSJ0979,2010-01-29,1,1,0,0,1,0.5
LSM1382,2010-01-04,1,1,0,0,1,0.5
LSM1382,2010-01-05,1,1,0,0,1,0.5
LSM1382,2010-01-06,2,2,0,0,1,0.6666666666666666
LSM1382,2010-01-08,2,2,0,0,1,0.6666666666666666
LSM1382,2010-01-11,2,2,0,0,1,0.6666666666666666
LSM1382,2010-01-12,1,1,0,0,1,0.5
LSM1382,2010-01-13,1,1,0,0,1,0.5
LSM1382,2010-01-14,1,1,0,0,1,0.5
LSM1382,2010-01-15,1,1,0,0,1,0.5
LSM1382,2010-01-18,1,1,0,0,1,0.5
LSM1382,2010-01-21,1,1,0,0,1,0.5
LSM1382,2010-01-26,1,1,0,0,1,0.5
LSM1382,2010-01-27,1,1,0,0,1,0.5
LSM1382,2010-01-28,1,1,0,0,1,0.5
LTS1378,2010-01-03,2,2,0,4,1,0.6666666666666666
LTS1378,2010-01-04,4,4,0,0,1,0.8
LTS1378,2010-01-05,3,3,0,0,1,0.75
LTS1378,2010-01-06,3,3,0,0,1,0.75
LTS1378,2010-01-07,2,2,0,0,1,0.6666666666666666
LTS1378,2010-01-08,4,4,0,0,1,0.8
LTS1378,2010-01-09,1,1,0,2,1,0.5
LTS1378,2010-01-10,4,4,0,8,1,0.8
LTS1378,2010-01-11,4,4,0,0,1,0.8
LTS1378,2010-01-12,4,4,0,0,1,0.8
LTS1378,2010-01-13,2,1,0,0,1,0.6666666666666666
LTS1378,2010-01-14,2,2,0,0,1,0.6666666666666666
LTS1378,2010-01-15,3,3,0,0,1,0.75
LTS1378,2010-01-16,3,3,0,6,1,0.75
LTS1378,2010-01-18,3,3,0,0,1,0.75
LTS1378,2010-01-19,3,3,0,0,1,0.75
LTS1378,2010-01-20,4,4,0,0,1,0.8
LTS1378,2010-01-21,2,2,0,0,1,0.6666666666666666
LTS1378,2010-01-22,3,3,0,0,1,0.75
LTS1378,2010-01-24,2,2,0,4,1,0.6666666666666666
LTS1378,2010-01-25,3,3,1,0,1,0.75
LTS1378,2010-01-26,3,3,0,0,1,0.75
LTS1378,2010-01-27,2,2,0,0,1,0.6666666666666666
LTS1378,2010-01-28,3,3,0,0,1,0.75
LTS1378,2010-01-29,3,3,0,0,1,0.75
LTS1378,2010-01-31,2,2,0,4,1,0.6666666666666666
LVF1626,2010-01-04,4,4,1,0,1,0.8
LVF1626,2010-01-05,5,5,2,0,1,0.8333333333333334
LVF1626,2010-01-06,5,5,0,0,1,0.8333333333333334
LVF1626,2010-01-07,5,5,10,0,1,0.8333333333333334
LVF1626,2010-01-08,5,5,2,0,1,0.8333333333333334
LVF1626,2010-01-11,5,4,1,0,1,0.8333333333333334
LVF1626,2010-01-12,5,5,0,0,1,0.8333333333333334
LVF1626,2010-01-13,5,5,0,0,1,0.8333333333333334
LVF1626,2010-01-14,5,5,10,0,1,0.8333333333333334
LVF1626,2010-01-15,5,5,1,0,1,0.8333333333333334
LVF1626,2010-01-18,5,5,0,0,1,0.8333333333333334
LVF1626,2010-01-19,5,5,2,0,1,0.8333333333333334
LVF1626,2010-01-20,5,5,1,0,1,0.8333333333333334
LVF1626,2010-01-21,5,5,0,0,1,0.8333333333333334
LVF1626,2010-01-22,5,5,1,0,1,0.8333333333333334
LVF1626,2010-01-25,5,5,0,0,1,0.8333333333333334
LVF1626,2010-01-26,5,5,2,0,1,0.8333333333333334
LVF1626,2010-01-27,5,5,3,0,1,0.8333333333333334
LVF1626,2010-01-28,5,5,2,0,1,0.8333333333333334
LVF1626,2010-01-29,5,5,0,0,1,0.8333333333333334
MAB1340,2010-01-03,2,2,0,4,1,0.6666666666666666
MAB1340,2010-01-04,3,3,0,0,1,0.75
MAB1340,2010-01-05,1,1,0,0,1,0.5
MAB1340,2010-01-06,3,3,0,0,1,0.75
MAB1340,2010-01-07,2,2,0,0,1,0.6666666666666666
MAB1340,2010-01-08,2,2,0,0,1,0.6666666666666666
MAB1340,2010-01-09,3,3,0,6,1,0.75
MAB1340,2010-01-10,1,1,0,2,1,0.5
MAB1340,2010-01-11,2,2,0,0,1,0.6666666666666666
MAB1340,2010-01-12,4,4,0,0,1,0.8
MAB1340,2010-01-14,3,3,0,0,1,0.75
MAB1340,2010-01-16,1,1,0,2,1,0.5
MAB1340,2010-01-18,1,1,0,0,1,0.5
MAB1340,2010-01-19,4,4,0,0,1,0.8
MAB1340,2010-01-20,4,3,0,0,1,0.8
MAB1340,2010-01-21,1,1,0,0,1,0.5
MAB1340,2010-01-22,1,1,0,0,1,0.5
MAB1340,2010-01-24,3,3,0,6,1,0.75
MAB1340,2010-01-25,2,2,0,0,1,0.6666666666666666
MAB1340,2010-01-27,3,3,0,0,1,0.75
MAB1340,2010-01-28,4,4,0,0,1,0.8
MAB1340,2010-01-29,2,2,0,0,1,0.6666666666666666
MAB1340,2010-01-31,1,1,0,2,1,0.5
MAF0293,2010-01-04,8,8,4,0,1,0.8888888888888888
MAF0293,2010-01-05,9,9,0,0,1,0.9
MAF0293,2010-01-06,8,8,4,0,1,0.8888888888888888
MAF0293,2010-01-07,8,8,6,0,1,0.8888888888888888
MAF0293,2010-01-08,8,8,6,0,1,0.8888888888888888
MAF0293,2010-01-11,7,7,2,0,1,0.875
MAF0293,2010-01-12,8,8,4,0,1,0.8888888888888888
MAF0293,2010-01-13,8,8,5,0,1,0.8888888888888888
MAF0293,2010-01-14,6,6,1,0,1,0.8571428571428571
MAF0293,2010-01-15,7,7,5,0,1,0.875
MAF0293,2010-01-18,7,7,4,0,1,0.875
MAF0293,2010-01-19,8,8,11,0,1,0.8888888888888888
MAF0293,2010-01-20,8,8,3,0,1,0.8888888888888888
MAF0293,2010-01-21,7,7,0,0,1,0.875
MAF0293,2010-01-22,8,8,0,0,1,0.8888888888888888
MAF0293,2010-01-25,9,9,4,0,1,0.9
MAF0293,2010-01-26,9,9,3,0,1,0.9
MAF0293,2010-01-27,8,8,2,0,1,0.8888888888888888
MAF0293,2010-01-28,8,8,4,0,1,0.8888888888888888
MAF0293,2010-01-29,7,7,2,0,1,0.875
MCB0227,2010-01-04,7,7,0,0,1,0.875
MCB0227,2010-01-05,9,9,2,0,1,0.9
MCB0227,2010-01-06,8,8,0,0,1,0.8888888888888888
MCB0227,2010-01-07,9,9,0,0,1,0.9
MCB0227,2010-01-08,9,9,2,0,1,0.9
MCB0227,2010-01-11,9,9,0,0,1,0.9
MCB0227,2010-01-12,9,9,0,0,1,0.9
MCB0227,2010-01-13,9,9,0,0,1,0.9
MCB0227,2010-01-14,8,8,0,0,1,0.8888888888888888
MCB0227,2010-01-15,9,9,2,0,1,0.9
MCB0227,2010-01-18,8,8,1,0,1,0.8888888888888888
MCB0227,2010-01-19,8,8,0,0,1,0.8888888888888888
MCB0227,2010-01-20,9,9,0,0,1,0.9
MCB0227,2010-01-21,8,8,0,0,1,0.8888888888888888
MCB0227,2010-01-22,8,8,1,0,1,0.8888888888888888
MCB0227,2010-01-25,9,9,1,0,1,0.9
MCB0227,2010-01-26,9,9,0,0,1,0.9
MCB0227,2010-01-27,9,9,0,0,1,0.9
MCB0227,2010-01-28,8,8,1,0,1,0.8888888888888888
MCB0227,2010-01-29,9,9,0,0,1,0.9
MCB0227,2010-02-01,1,1,0,0,1,0.5
MCB1145,2010-01-04,9,9,2,0,1,0.9
MCB1145,2010-01-05,8,8,2,0,1,0.8888888888888888
MCB1145,2010-01-06,9,9,0,0,1,0.9
MCB1145,2010-01-07,7,7,0,0,1,0.875
MCB1145,2010-01-08,9,9,1,0,1,0.9
MCB1145,2010-01-11,9,8,3,0,1,0.9
MCB1145,2010-01-12,9,9,0,0,1,0.9
MCB1145,2010-01-13,7,7,2,0,1,0.875
MCB1145,2010-01-14,9,9,1,0,1,0.9
MCB1145,2010-01-15,8,8,1,0,1,0.8888888888888888
MCB1145,2010-01-18,9,8,2,0,1,0.9
MCB1145,2010-01-19,9,9,2,0,1,0.9
MCB1145,2010-01-20,9,9,2,0,1,0.9
MCB1145,2010-01-21,8,8,0,0,1,0.8888888888888888
MCB1145,2010-01-22,9,9,0,0,1,0.9
MCB1145,2010-01-25,9,9,2,0,1,0.9
MCB1145,2010-01-26,9,9,2,0,1,0.9
MCB1145,2010-01-27,9,9,1,0,1,0.9
MCB1145,2010-01-28,9,9,0,0,1,0.9
MCB1145,2010-01-29,7,7,0,0,1,0.875
MCB1145,2010-02-01,4,4,3,0,1,0.8
MCH0620,2010-01-04,1,1,0,0,1,0.5
MCH0620,2010-01-05,1,1,1,0,1,0.5
MCH0620,2010-01-06,3,3,0,0,1,0.75
MCH0620,2010-01-08,2,2,0,0,1,0.6666666666666666
MCH0620,2010-01-11,1,1,0,0,1,0.5
MCH0620,2010-01-13,1,1,0,0,1,0.5
MCH0620,2010-01-14,1,1,0,0,1,0.5
MCH0620,2010-01-18,1,1,0,0,1,0.5
MCH0620,2010-01-19,1,1,0,0,1,0.5
MCH0620,2010-01-20,3,3,0,0,1,0.75
MCH0620,2010-01-21,1,1,1,0,1,0.5
MCH0620,2010-01-26,1,1,0,0,1,0.5
MCH0620,2010-01-27,2,2,0,0,1,0.6666666666666666
MCH0620,2010-01-28,1,1,0,0,1,0.5
MCP0611,2010-01-04,5,5,0,0,1,0.8333333333333334
MCP0611,2010-01-05,5,5,0,0,1,0.8333333333333334
MCP0611,2010-01-06,5,5,0,0,1,0.8333333333333334
MCP0611,2010-01-07,5,5,0,0,1,0.8333333333333334
MCP0611,2010-01-08,5,5,1,0,1,0.8333333333333334
MCP0611,2010-01-11,5,5,0,0,1,0.8333333333333334
MCP0611,2010-01-12,5,5,0,0,1,0.8333333333333334
MCP0611,2010-01-13,5,5,0,0,1,0.8333333333333334
MCP0611,2010-01-14,5,5,0,0,1,0.8333333333333334
MCP0611,2010-01-15,5,5,2,0,1,0.8333333333333334
MCP0611,2010-01-18,5,5,0,0,1,0.8333333333333334
MCP0611,2010-01-19,5,5,0,0,1,0.8333333333333334
MCP0611,2010-01-20,5,5,0,0,1,0.8333333333333334
MCP0611,2010-01-21,5,5,0,0,1,0.8333333333333334
MCP0611,2010-01-22,5,5,0,0,1,0.8333333333333334
MCP0611,2010-01-25,5,5,1,0,1,0.8333333333333334
MCP0611,2010-01-26,5,5,0,0,1,0.8333333333333334
MCP0611,2010-01-27,5,5,0,0,1,0.8333333333333334
MCP0611,2010-01-28,5,5,0,0,1,0.8333333333333334
MCP0611,2010-01-29,5,5,0,0,1,0.8333333333333334
MCV1046,2010-01-04,1,1,0,0,1,0.5
MCV1046,2010-01-05,2,2,0,0,1,0.6666666666666666
MCV1046,2010-01-06,3,3,0,0,1,0.75
MCV1046,2010-01-07,2,2,0,0,1,0.6666666666666666
MCV1046,2010-01-08,1,1,0,0,1,0.5
MCV1046,2010-01-11,3,3,1,0,1,0.75
MCV1046,2010-01-12,3,3,0,0,1,0.75
MCV1046,2010-01-13,3,3,0,0,1,0.75
MCV1046,2010-01-14,3,3,0,0,1,0.75
MCV1046,2010-01-15,2,2,0,0,1,0.6666666666666666
MCV1046,2010-01-18,2,2,0,0,1,0.6666666666666666
MCV1046,2010-01-19,3,3,0,0,1,0.75
MCV1046,2010-01-20,2,2,0,0,1,0.6666666666666666
MCV1046,2010-01-21,1,1,0,0,1,0.5
MCV1046,2010-01-22,2,2,0,0,1,0.6666666666666666
MCV1046,2010-01-25,2,2,0,0,1,0.6666666666666666
MCV1046,2010-01-26,2,2,0,0,1,0.6666666666666666
MCV1046,2010-01-27,3,3,0,0,1,0.75
MCV1046,2010-01-28,3,3,2,0,1,0.75
MCV1046,2010-01-29,2,2,0,0,1,0.6666666666666666
MDC0520,2010-01-04,9,9,0,0,1,0.9
MDC0520,2010-01-05,9,9,0,0,1,0.9
MDC0520,2010-01-06,9,9,0,0,1,0.9
MDC0520,2010-01-07,9,9,0,0,1,0.9
MDC0520,2010-01-08,8,8,0,0,1,0.8888888888888888
MDC0520,2010-01-11,8,7,0,0,1,0.8888888888888888
MDC0520,2010-01-12,9,9,0,0,1,0.9
MDC0520,2010-01-13,9,9,0,0,1,0.9
MDC0520,2010-01-14,9,9,0,0,1,0.9
MDC0520,2010-01-15,8,8,0,0,1,0.8888888888888888
MDC0520,2010-01-18,9,9,0,0,1,0.9
MDC0520,2010-01-19,8,8,0,0,1,0.8888888888888888
MDC0520,2010-01-20,9,9,0,0,1,0.9
MDC0520,2010-01-21,9,9,0,0,1,0.9
MDC0520,2010-01-22,8,7,0,0,1,0.8888888888888888
MDC0520,2010-01-25,9,9,0,0,1,0.9
MDC0520,2010-01-26,9,9,0,0,1,0.9
MDC0520,2010-01-27,8,8,0,0,1,0.8888888888888888
MDC0520,2010-01-28,9,9,0,0,1,0.9
MDC0520,2010-01-29,9,9,0,0,1,0.9
MDC0520,2010-02-01,2,1,0,0,1,0.6666666666666666
MDS0680,2010-01-04,5,5,0,0,1,0.8333333333333334
MDS0680,2010-01-05,4,4,0,0,1,0.8
MDS0680,2010-01-06,5,5,1,0,1,0.8333333333333334
MDS0680,2010-01-07,5,5,0,0,1,0.8333333333333334
MDS0680,2010-01-08,4,4,0,0,1,0.8
MDS0680,2010-01-11,4,4,1,0,1,0.8
MDS0680,2010-01-12,5,5,0,0,1,0.8333333333333334
MDS0680,2010-01-13,5,5,0,0,1,0.8333333333333334
MDS0680,2010-01-14,5,5,0,0,1,0.8333333333333334
MDS0680,2010-01-15,4,4,0,0,1,0.8
MDS0680,2010-01-18,5,5,0,0,1,0.8333333333333334
MDS0680,2010-01-19,5,5,0,0,1,0.8333333333333334
MDS0680,2010-01-20,5,5,2,0,1,0.8333333333333334
MDS0680,2010-01-21,5,5,1,0,1,0.8333333333333334
MDS0680,2010-01-22,5,4,0,0,1,0.8333333333333334
MDS0680,2010-01-25,5,5,0,0,1,0.8333333333333334
MDS0680,2010-01-26,5,5,0,0,1,0.8333333333333334
MDS0680,2010-01-27,5,5,1,0,1,0.8333333333333334
MDS0680,2010-01-28,5,4,0,0,1,0.8333333333333334
MDS0680,2010-01-29,4,4,0,0,1,0.8
MEB1743,2010-01-04,9,9,0,0,1,0.9
MEB1743,2010-01-05,8,8,0,0,1,0.8888888888888888
MEB1743,2010-01-06,9,9,0,0,1,0.9
MEB1743,2010-01-07,9,9,3,0,1,0.9
MEB1743,2010-01-08,9,9,0,0,1,0.9
MEB1743,2010-01-11,9,9,0,0,1,0.9
MEB1743,2010-01-12,9,9,2,0,1,0.9
MEB1743,2010-01-13,7,7,3,0,1,0.875
MEB1743,2010-01-14,9,9,4,0,1,0.9
MEB1743,2010-01-15,9,9,1,0,1,0.9
MEB1743,2010-01-18,7,6,1,0,1,0.875
MEB1743,2010-01-19,9,9,0,0,1,0.9
MEB1743,2010-01-20,9,9,0,0,1,0.9
MEB1743,2010-01-21,9,9,2,0,1,0.9
MEB1743,2010-01-22,6,6,0,0,1,0.8571428571428571
MEB1743,2010-01-25,9,9,2,0,1,0.9
MEB1743,2010-01-26,9,9,3,0,1,0.9
MEB1743,2010-01-27,9,9,2,0,1,0.9
MEB1743,2010-01-28,9,8,0,0,1,0.9
MEB1743,2010-01-29,9,9,1,0,1,0.9
MEH0029,2010-01-04,8,8,4,0,1,0.8888888888888888
MEH0029,2010-01-05,9,9,1,0,1,0.9
MEH0029,2010-01-06,7,7,0,0,1,0.875
MEH0029,2010-01-07,8,8,0,0,1,0.8888888888888888
MEH0029,2010-01-08,9,9,4,0,1,0.9
MEH0029,2010-01-11,9,9,12,0,1,0.9
MEH0029,2010-01-12,8,8,4,0,1,0.8888888888888888
MEH0029,2010-01-13,10,10,0,0,1,0.9090909090909091
MEH0029,2010-01-14,9,9,4,0,1,0.9
MEH0029,2010-01-15,8,8,1,0,1,0.8888888888888888
MEH0029,2010-01-18,8,8,5,0,1,0.8888888888888888
MEH0029,2010-01-19,8,8,2,0,1,0.8888888888888888
MEH0029,2010-01-20,7,7,0,0,1,0.875
MEH0029,2010-01-21,7,7,5,0,1,0.875
MEH0029,2010-01-22,7,7,0,0,1,0.875
MEH0029,2010-01-25,9,9,0,0,1,0.9
MEH0029,2010-01-26,9,9,2,0,1,0.9
MEH0029,2010-01-27,8,8,3,0,1,0.8888888888888888
MEH0029,2010-01-28,9,9,1,0,1,0.9
MEH0029,2010-01-29,8,8,4,0,1,0.8888888888888888
MEH0029,2010-02-01,2,2,0,0,1,0.6666666666666666
MGB1235,2010-01-04,5,5,1,0,1,0.8333333333333334
MGB1235,2010-01-05,5,5,1,0,1,0.8333333333333334
MGB1235,2010-01-06,5,5,0,0,1,0.8333333333333334
MGB1235,2010-01-07,5,5,0,0,1,0.8333333333333334
MGB1235,2010-01-08,5,5,0,0,1,0.8333333333333334
MGB1235,2010-01-11,5,5,0,0,1,0.8333333333333334
MGB1235,2010-01-12,5,5,4,0,1,0.8333333333333334
MGB1235,2010-01-13,5,5,1,0,1,0.8333333333333334
MGB1235,2010-01-14,5,5,0,0,1,0.8333333333333334
MGB1235,2010-01-15,5,5,0,0,1,0.8333333333333334
MGB1235,2010-01-18,5,5,1,0,1,0.8333333333333334
MGB1235,2010-01-19,5,5,2,0,1,0.8333333333333334
MGB1235,2010-01-20,5,5,2,0,1,0.8333333333333334
MGB1235,2010-01-21,5,5,0,0,1,0.8333333333333334
MGB1235,2010-01-22,5,5,0,0,1,0.8333333333333334
MGB1235,2010-01-25,5,5,2,0,1,0.8333333333333334
MGB1235,2010-01-26,5,5,0,0,1,0.8333333333333334
MGB1235,2010-01-27,5,5,2,0,1,0.8333333333333334
MGB1235,2010-01-28,5,5,0,0,1,0.8333333333333334
MGB1235,2010-01-29,5,5,1,0,1,0.8333333333333334
MGB1235,2010-02-01,2,1,0,0,1,0.6666666666666666
MKC0869,2010-01-04,9,9,2,0,1,0.9
MKC0869,2010-01-05,9,9,0,0,1,0.9
MKC0869,2010-01-06,8,8,4,0,1,0.8888888888888888
MKC0869,2010-01-07,9,9,1,0,1,0.9
MKC0869,2010-01-08,9,9,0,0,1,0.9
MKC0869,2010-01-11,8,8,2,0,1,0.8888888888888888
MKC0869,2010-01-12,9,9,5,0,1,0.9
MKC0869,2010-01-13,9,9,3,0,1,0.9
MKC0869,2010-01-14,9,9,2,0,1,0.9
MKC0869,2010-01-15,7,7,2,0,1,0.875
MKC0869,2010-01-18,8,8,1,0,1,0.8888888888888888
MKC0869,2010-01-19,9,9,6,0,1,0.9
MKC0869,2010-01-20,9,9,1,0,1,0.9
MKC0869,2010-01-21,9,9,3,0,1,0.9
MKC0869,2010-01-22,9,9,4,0,1,0.9
MKC0869,2010-01-25,9,9,2,0,1,0.9
MKC0869,2010-01-26,7,7,11,0,1,0.875
MKC0869,2010-01-27,9,9,2,0,1,0.9
MKC0869,2010-01-28,9,9,0,0,1,0.9
MKC0869,2010-01-29,8,8,0,0,1,0.8888888888888888
MKC0869,2010-02-01,2,2,0,0,1,0.6666666666666666
MKW1422,2010-01-04,1,1,0,0,1,0.5
MKW1422,2010-01-08,1,1,0,0,1,0.5
MKW1422,2010-01-11,1,1,0,0,1,0.5
MKW1422,2010-01-20,1,1,0,0,1,0.5
MKW1422,2010-01-29,2,2,0,0,1,0.6666666666666666
MLC0141,2010-01-04,3,3,0,0,1,0.75
MLC0141,2010-01-05,2,2,0,0,1,0.6666666666666666
MLC0141,2010-01-06,2,2,0,0,1,0.6666666666666666
MLC0141,2010-01-07,2,2,0,0,1,0.6666666666666666
MLC0141,2010-01-11,1,1,0,0,1,0.5
MLC0141,2010-01-15,1,1,0,0,1,0.5
MLC0141,2010-01-20,2,2,0,0,1,0.6666666666666666
MLC0141,2010-01-22,2,2,0,0,1,0.6666666666666666
MLC0141,2010-01-26,1,1,0,0,1,0.5
MLC0141,2010-01-28,2,2,0,0,1,0.6666666666666666
MLC0141,2010-01-29,1,1,0,0,1,0.5
MMC1008,2010-01-04,6,6,1,0,1,0.8571428571428571
MMC1008,2010-01-05,7,7,0,0,1,0.875
MMC1008,2010-01-06,8,7,2,0,1,0.8888888888888888
MMC1008,2010-01-07,7,7,1,0,1,0.875
MMC1008,2010-01-08,6,6,0,0,1,0.8571428571428571
MMC1008,2010-01-11,8,8,0,0,1,0.8888888888888888
MMC1008,2010-01-12,6,6,0,0,1,0.8571428571428571
MMC1008,2010-01-13,7,7,0,0,1,0.875
MMC1008,2010-01-14,9,9,0,0,1,0.9
MMC1008,2010-01-15,6,6,2,0,1,0.8571428571428571
MMC1008,2010-01-18,7,7,1,0,1,0.875
MMC1008,2010-01-19,6,6,2,0,1,0.8571428571428571
MMC1008,2010-01-20,6,6,2,0,1,0.8571428571428571
MMC1008,2010-01-21,7,7,2,0,1,0.875
MMC1008,2010-01-22,9,9,2,0,1,0.9
MMC1008,2010-01-25,6,6,1,0,1,0.8571428571428571
MMC1008,2010-01-26,8,8,0,0,1,0.8888888888888888
MMC1008,2010-01-27,6,6,1,0,1,0.8571428571428571
MMC1008,2010-01-28,6,6,2,0,1,0.8571428571428571
MMC1008,2010-01-29,6,6,0,0,1,0.8571428571428571
MNM1948,2010-01-04,8,8,2,0,1,0.8888888888888888
MNM1948,2010-01-05,9,9,3,0,1,0.9
MNM1948,2010-01-06,8,8,0,0,1,0.8888888888888888
MNM1948,2010-01-07,9,9,4,0,1,0.9
MNM1948,2010-01-08,9,9,3,0,1,0.9
MNM1948,2010-01-11,9,9,2,0,1,0.9
MNM1948,2010-01-12,8,8,2,0,1,0.8888888888888888
MNM1948,2010-01-13,8,8,2,0,1,0.8888888888888888
MNM1948,2010-01-14,9,9,1,0,1,0.9
MNM1948,2010-01-15,9,9,2,0,1,0.9
MNM1948,2010-01-18,9,9,0,0,1,0.9
MNM1948,2010-01-19,9,9,4,0,1,0.9
MNM1948,2010-01-20,9,9,1,0,1,0.9
MNM1948,2010-01-21,8,8,1,0,1,0.8888888888888888
MNM1948,2010-01-22,9,9,4,0,1,0.9
MNM1948,2010-01-25,9,9,1,0,1,0.9
MNM1948,2010-01-26,9,9,0,0,1,0.9
MNM1948,2010-01-27,9,9,2,0,1,0.9
MNM1948,2010-01-28,9,9,4,0,1,0.9
MNM1948,2010-01-29,9,9,2,0,1,0.9
MNM1948,2010-02-01,2,2,0,0,1,0.6666666666666666
MOD1927,2010-01-04,1,1,0,0,1,0.5
MOD1927,2010-01-07,1,1,0,0,1,0.5
MOD1927,2010-01-08,2,2,0,0,1,0.6666666666666666
MOD1927,2010-01-12,4,4,2,0,1,0.8
MOD1927,2010-01-13,1,1,2,0,1,0.5
MOD1927,2010-01-14,1,1,0,0,1,0.5
MOD1927,2010-01-15,1,1,0,0,1,0.5
MOD1927,2010-01-17,1,1,0,2,1,0.5
MOD1927,2010-01-18,1,1,2,0,1,0.5
MOD1927,2010-01-19,1,1,0,0,1,0.5
MOD1927,2010-01-21,1,1,0,0,1,0.5
MOD1927,2010-01-22,1,1,0,0,1,0.5
MOD1927,2010-01-25,2,2,0,0,1,0.6666666666666666
MOD1927,2010-01-26,1,1,0,0,1,0.5
MOD1927,2010-01-27,3,3,0,0,1,0.75
MOD1927,2010-01-28,1,1,0,0,1,0.5
MOD1927,2010-01-29,1,1,2,0,1,0.5
MOD1927,2010-01-30,1,1,0,2,1,0.5
MTD0971,2010-01-05,1,1,0,0,1,0.5
MTD0971,2010-01-06,1,1,0,0,1,0.5
MTD0971,2010-01-07,1,1,0,0,1,0.5
MTD0971,2010-01-11,3,3,0,0,1,0.75
MTD0971,2010-01-12,2,2,0,0,1,0.6666666666666666
MTD0971,2010-01-13,1,1,0,0,1,0.5
MTD0971,2010-01-14,1,1,0,0,1,0.5
MTD0971,2010-01-18,2,2,0,0,1,0.6666666666666666
MTD0971,2010-01-20,3,3,1,0,1,0.75
MTD0971,2010-01-22,3,3,0,0,1,0.75
MTD0971,2010-01-25,2,2,1,0,1,0.6666666666666666
MTD0971,2010-01-27,1,1,0,0,1,0.5
MTD0971,2010-01-28,2,2,0,0,1,0.6666666666666666
MTD0971,2010-01-29,1,1,0,0,1,0.5
MTD0971,2010-02-01,1,1,0,0,1,0.5
MTS0958,2010-01-05,1,1,0,0,1,0.5
MTS0958,2010-01-07,1,1,1,0,1,0.5
MTS0958,2010-01-08,1,1,0,0,1,0.5
MTS0958,2010-01-11,1,1,0,0,1,0.5
MTS0958,2010-01-12,3,3,2,0,1,0.75
MTS0958,2010-01-14,2,2,0,0,1,0.6666666666666666
MTS0958,2010-01-15,3,3,2,0,1,0.75
MTS0958,2010-01-18,1,1,0,0,1,0.5
MTS0958,2010-01-20,1,1,0,0,1,0.5
MTS0958,2010-01-21,1,1,0,0,1,0.5
MTS0958,2010-01-22,3,3,0,0,1,0.75
MTS0958,2010-01-25,2,2,0,0,1,0.6666666666666666
MTS0958,2010-01-28,1,1,0,0,1,0.5
MTS0958,2010-01-29,3,3,0,0,1,0.75
MWB0225,2010-01-04,1,1,0,0,1,0.5
MWB0225,2010-01-12,2,2,0,0,1,0.6666666666666666
MWB0225,2010-01-21,1,1,0,0,1,0.5
MWB0225,2010-01-28,2,2,0,0,1,0.6666666666666666
NAB1673,2010-01-04,1,1,0,0,1,0.5
NAB1673,2010-01-05,2,2,0,0,1,0.6666666666666666
NAB1673,2010-01-07,3,3,0,0,1,0.75
NAB1673,2010-01-12,2,2,0,0,1,0.6666666666666666
NAB1673,2010-01-13,3,3,0,0,1,0.75
NAB1673,2010-01-14,2,2,0,0,1,0.6666666666666666
NAB1673,2010-01-15,3,3,2,0,1,0.75
NAB1673,2010-01-19,1,1,0,0,1,0.5
NAB1673,2010-01-20,1,1,0,0,1,0.5
NAB1673,2010-01-21,1,1,0,0,1,0.5
NAB1673,2010-01-25,1,1,0,0,1,0.5
NAB1673,2010-01-28,1,1,0,0,1,0.5
NAB1673,2010-01-29,2,2,0,0,1,0.6666666666666666
NAH1366,2010-01-04,3,3,0,0,1,0.75
NAH1366,2010-01-05,3,3,0,0,1,0.75
NAH1366,2010-01-06,3,3,0,0,1,0.75
NAH1366,2010-01-07,4,4,0,0,1,0.8
NAH1366,2010-01-08,4,4,0,0,1,0.8
NAH1366,2010-01-11,3,3,0,0,1,0.75
NAH1366,2010-01-12,4,4,1,0,1,0.8
NAH1366,2010-01-13,3,3,0,0,1,0.75
NAH1366,2010-01-14,5,5,2,0,1,0.8333333333333334
NAH1366,2010-01-15,3,3,0,0,1,0.75
NAH1366,2010-01-18,2,1,0,0,1,0.6666666666666666
NAH1366,2010-01-19,4,4,1,0,1,0.8
NAH1366,2010-01-20,4,4,0,0,1,0.8
NAH1366,2010-01-21,4,4,0,0,1,0.8
NAH1366,2010-01-22,3,3,0,0,1,0.75
NAH1366,2010-01-25,2,2,1,0,1,0.6666666666666666
NAH1366,2010-01-26,2,2,0,0,1,0.6666666666666666
NAH1366,2010-01-27,4,4,1,0,1,0.8
NAH1366,2010-01-28,4,4,0,0,1,0.8
NAH1366,2010-01-29,4,4,0,0,1,0.8
NAH1366,2010-02-01,2,1,0,0,1,0.6666666666666666
NBL1490,2010-01-04,9,9,1,0,1,0.9
NBL1490,2010-01-05,9,9,0,0,1,0.9
NBL1490,2010-01-06,9,9,0,0,1,0.9
NBL1490,2010-01-07,9,9,0,0,1,0.9
NBL1490,2010-01-08,9,9,0,0,1,0.9
NBL1490,2010-01-11,10,10,0,0,1,0.9090909090909091
NBL1490,2010-01-12,7,7,0,0,1,0.875
NBL1490,2010-01-13,9,9,0,0,1,0.9
NBL1490,2010-01-14,7,7,0,0,1,0.875
NBL1490,2010-01-15,8,8,0,0,1,0.8888888888888888
NBL1490,2010-01-18,9,9,0,0,1,0.9
NBL1490,2010-01-19,9,9,0,0,1,0.9
NBL1490,2010-01-20,9,9,2,0,1,0.9
NBL1490,2010-01-21,9,9,0,0,1,0.9
NBL1490,2010-01-22,9,9,4,0,1,0.9
NBL1490,2010-01-25,9,9,0,0,1,0.9
NBL1490,2010-01-26,9,9,0,0,1,0.9
NBL1490,2010-01-27,9,9,0,0,1,0.9
NBL1490,2010-01-28,8,8,0,0,1,0.8888888888888888
NBL1490,2010-01-29,9,9,0,0,1,0.9
NBL1490,2010-02-01,1,0,0,0,1,0.5
NCC0454,2010-01-04,1,1,0,0,1,0.5
NCC0454,2010-01-05,2,2,0,0,1,0.6666666666666666
NCC0454,2010-01-06,2,1,0,0,1,0.6666666666666666
NCC0454,2010-01-07,3,3,0,0,1,0.75
NCC0454,2010-01-08,3,3,0,0,1,0.75
NCC0454,2010-01-11,3,3,0,0,1,0.75
NCC0454,2010-01-12,1,1,0,0,1,0.5
NCC0454,2010-01-13,2,2,0,0,1,0.6666666666666666
NCC0454,2010-01-14,3,3,0,0,1,0.75
NCC0454,2010-01-15,3,3,0,0,1,0.75
NCC0454,2010-01-18,3,3,0,0,1,0.75
NCC0454,2010-01-19,3,3,0,0,1,0.75
NCC0454,2010-01-20,3,3,0,0,1,0.75
NCC0454,2010-01-21,3,3,0,0,1,0.75
NCC0454,2010-01-22,2,2,0,0,1,0.6666666666666666
NCC0454,2010-01-25,2,2,1,0,1,0.6666666666666666
NCC0454,2010-01-26,1,1,0,0,1,0.5
NCC0454,2010-01-27,1,1,0,0,1,0.5
NCC0454,2010-01-28,1,1,0,0,1,0.5
NCC0454,2010-01-29,2,2,0,0,1,0.6666666666666666
NIM1203,2010-01-04,3,3,0,0,1,0.75
NIM1203,2010-01-05,3,3,0,0,1,0.75
NIM1203,2010-01-06,4,4,0,0,1,0.8
NIM1203,2010-01-07,1,1,0,0,1,0.5
NIM1203,2010-01-08,2,2,0,0,1,0.6666666666666666
NIM1203,2010-01-11,3,3,0,0,1,0.75
NIM1203,2010-01-12,3,3,0,0,1,0.75
NIM1203,2010-01-13,3,3,0,0,1,0.75
NIM1203,2010-01-14,4,4,0,0,1,0.8
NIM1203,2010-01-15,5,5,0,0,1,0.8333333333333334
NIM1203,2010-01-18,3,3,0,0,1,0.75
NIM1203,2010-01-19,2,2,0,0,1,0.6666666666666666
NIM1203,2010-01-20,5,5,0,0,1,0.8333333333333334
NIM1203,2010-01-21,2,2,0,0,1,0.6666666666666666
NIM1203,2010-01-22,5,5,0,0,1,0.8333333333333334
NIM1203,2010-01-25,4,4,0,0,1,0.8
NIM1203,2010-01-26,4,4,0,0,1,0.8
NIM1203,2010-01-27,2,2,0,0,1,0.6666666666666666
NIM1203,2010-01-28,3,2,0,0,1,0.75
NIM1203,2010-01-29,3,3,0,0,1,0.75
NIM1282,2010-01-15,2,2,0,0,1,0.6666666666666666
NIM1282,2010-01-19,1,1,0,0,1,0.5
NIM1282,2010-01-26,2,2,0,0,1,0.6666666666666666
NJB0011,2010-01-03,2,2,0,4,1,0.6666666666666666
NJB0011,2010-01-10,1,1,0,2,1,0.5
NJB0011,2010-01-15,2,2,2,0,1,0.6666666666666666
NJB0011,2010-01-19,2,2,0,0,1,0.6666666666666666
NJB0011,2010-01-20,2,2,1,0,1,0.6666666666666666
NJB0011,2010-01-26,1,1,0,0,1,0.5
NJB0011,2010-01-31,1,1,0,2,1,0.5
NJC0003,2010-01-04,2,2,0,0,1,0.6666666666666666
NJC0003,2010-01-05,1,1,0,0,1,0.5
NJC0003,2010-01-06,4,4,0,0,1,0.8
NJC0003,2010-01-07,2,2,0,0,1,0.6666666666666666
NJC0003,2010-01-08,1,1,0,0,1,0.5
NJC0003,2010-01-14,1,1,0,0,1,0.5
NJC0003,2010-01-15,3,3,0,0,1,0.75
NJC0003,2010-01-18,1,1,0,0,1,0.5
NJC0003,2010-01-19,2,1,0,0,1,0.6666666666666666
NJC0003,2010-01-20,2,2,0,0,1,0.6666666666666666
NJC0003,2010-01-21,1,1,0,0,1,0.5
NJC0003,2010-01-25,2,2,0,0,1,0.6666666666666666
NJC0003,2010-01-26,1,1,0,0,1,0.5
NJC0003,2010-01-27,1,1,0,0,1,0.5
NJC0003,2010-01-28,3,3,0,0,1,0.75
NJC0003,2010-02-01,1,1,0,0,1,0.5
NOB1015,2010-01-04,1,1,0,0,1,0.5
NOB1015,2010-01-05,3,3,0,0,1,0.75
NOB1015,2010-01-06,3,2,0,0,1,0.75
NOB1015,2010-01-07,4,4,0,0,1,0.8
NOB1015,2010-01-08,3,3,0,0,1,0.75
NOB1015,2010-01-11,3,3,0,0,1,0.75
NOB1015,2010-01-12,2,2,0,0,1,0.6666666666666666
NOB1015,2010-01-13,2,2,0,0,1,0.6666666666666666
NOB1015,2010-01-14,2,1,0,0,1,0.6666666666666666
NOB1015,2010-01-15,4,4,0,0,1,0.8
NOB1015,2010-01-18,4,4,0,0,1,0.8
NOB1015,2010-01-19,2,2,0,0,1,0.6666666666666666
NOB1015,2010-01-20,3,3,0,0,1,0.75
NOB1015,2010-01-21,1,1,0,0,1,0.5
NOB1015,2010-01-22,3,3,0,0,1,0.75
NOB1015,2010-01-25,5,5,0,0,1,0.8333333333333334
NOB1015,2010-01-26,4,4,0,0,1,0.8
NOB1015,2010-01-27,1,1,0,0,1,0.5
NOB1015,2010-01-28,3,3,0,0,1,0.75
NOB1015,2010-01-29,2,2,0,0,1,0.6666666666666666
NOB1015,2010-02-01,1,1,0,0,1,0.5
NRH0510,2010-01-05,1,1,0,0,1,0.5
NRH0510,2010-01-07,1,1,0,0,1,0.5
NRH0510,2010-01-11,1,1,0,0,1,0.5
NRH0510,2010-01-13,1,1,1,0,1,0.5
NRH0510,2010-01-20,1,1,0,0,1,0.5
NRH0510,2010-01-25,1,1,0,0,1,0.5
NRH0510,2010-01-27,1,1,0,0,1,0.5
NTB0710,2010-01-04,7,7,1,0,1,0.875
NTB0710,2010-01-05,9,9,0,0,1,0.9
NTB0710,2010-01-06,8,7,0,0,1,0.8888888888888888
NTB0710,2010-01-07,9,9,1,0,1,0.9
NTB0710,2010-01-08,8,8,0,0,1,0.8888888888888888
NTB0710,2010-01-11,7,7,0,0,1,0.875
NTB0710,2010-01-12,7,7,0,0,1,0.875
NTB0710,2010-01-13,9,9,0,0,1,0.9
NTB0710,2010-01-14,7,7,0,0,1,0.875
NTB0710,2010-01-15,7,7,1,0,1,0.875
NTB0710,2010-01-18,9,9,0,0,1,0.9
NTB0710,2010-01-19,9,9,2,0,1,0.9
NTB0710,2010-01-20,8,8,1,0,1,0.8888888888888888
NTB0710,2010-01-21,6,6,0,0,1,0.8571428571428571
NTB0710,2010-01-22,8,8,0,0,1,0.8888888888888888
NTB0710,2010-01-25,9,9,1,0,1,0.9
NTB0710,2010-01-26,7,7,0,0,1,0.875
NTB0710,2010-01-27,7,7,0,0,1,0.875
NTB0710,2010-01-28,8,8,0,0,1,0.8888888888888888
NTB0710,2010-01-29,9,9,4,0,1,0.9
NTM0305,2010-01-04,4,4,2,0,1,0.8
NTM0305,2010-01-05,2,2,0,0,1,0.6666666666666666
NTM0305,2010-01-06,2,1,0,0,1,0.6666666666666666
NTM0305,2010-01-07,3,3,2,0,1,0.75
NTM0305,2010-01-08,2,2,0,0,1,0.6666666666666666
NTM0305,2010-01-11,1,1,0,0,1,0.5
NTM0305,2010-01-12,2,2,2,0,1,0.6666666666666666
NTM0305,2010-01-13,3,3,2,0,1,0.75
NTM0305,2010-01-14,3,3,0,0,1,0.75
NTM0305,2010-01-15,2,2,0,0,1,0.6666666666666666
NTM0305,2010-01-18,2,2,0,0,1,0.6666666666666666
NTM0305,2010-01-20,2,2,1,0,1,0.6666666666666666
NTM0305,2010-01-21,2,2,0,0,1,0.6666666666666666
NTM0305,2010-01-22,2,2,0,0,1,0.6666666666666666
NTM0305,2010-01-25,1,1,0,0,1,0.5
NTM0305,2010-01-26,3,3,0,0,1,0.75
NTM0305,2010-01-27,2,2,0,0,1,0.6666666666666666
NTM0305,2010-01-28,2,2,0,0,1,0.6666666666666666
NTM0305,2010-01-29,4,4,0,0,1,0.8
NTM0305,2010-02-01,1,1,0,0,1,0.5
NVA1748,2010-01-02,9,9,0,18,1,0.9
NVA1748,2010-01-04,8,8,4,0,1,0.8888888888888888
NVA1748,2010-01-05,9,9,2,0,1,0.9
NVA1748,2010-01-06,9,9,3,0,1,0.9
NVA1748,2010-01-07,9,9,0,0,1,0.9
NVA1748,2010-01-08,8,7,2,0,1,0.8888888888888888
NVA1748,2010-01-09,9,9,2,18,1,0.9
NVA1748,2010-01-11,9,9,2,0,1,0.9
NVA1748,2010-01-12,8,7,0,0,1,0.8888888888888888
NVA1748,2010-01-13,9,9,3,0,1,0.9
NVA1748,2010-01-14,8,8,4,0,1,0.8888888888888888
NVA1748,2010-01-15,9,9,4,0,1,0.9
NVA1748,2010-01-16,9,9,3,18,1,0.9
NVA1748,2010-01-17,8,8,2,16,1,0.8888888888888888
NVA1748,2010-01-18,8,8,4,0,1,0.8888888888888888
NVA1748,2010-01-19,8,8,2,0,1,0.8888888888888888
NVA1748,2010-01-20,9,9,3,0,1,0.9
NVA1748,2010-01-21,9,9,0,0,1,0.9
NVA1748,2010-01-22,9,8,4,0,1,0.9
NVA1748,2010-01-23,9,9,1,18,1,0.9
NVA1748,2010-01-25,7,7,0,0,1,0.875
NVA1748,2010-01-26,8,8,4,0,1,0.8888888888888888
NVA1748,2010-01-27,9,9,0,0,1,0.9
NVA1748,2010-01-28,9,9,0,0,1,0.9
NVA1748,2010-01-29,8,7,0,0,1,0.8888888888888888
NVA1748,2010-01-30,7,7,2,14,1,0.875
OCL1245,2010-01-04,3,3,0,0,1,0.75
OCL1245,2010-01-05,3,3,0,0,1,0.75
OCL1245,2010-01-07,1,1,0,0,1,0.5
OCL1245,2010-01-08,3,3,0,0,1,0.75
OCL1245,2010-01-11,2,2,0,0,1,0.6666666666666666
OCL1245,2010-01-12,2,2,0,0,1,0.6666666666666666
OCL1245,2010-01-13,3,3,0,0,1,0.75
OCL1245,2010-01-14,2,2,1,0,1,0.6666666666666666
OCL1245,2010-01-15,2,2,0,0,1,0.6666666666666666
OCL1245,2010-01-18,1,1,0,0,1,0.5
OCL1245,2010-01-19,2,2,0,0,1,0.6666666666666666
OCL1245,2010-01-20,3,3,0,0,1,0.75
OCL1245,2010-01-21,3,3,0,0,1,0.75
OCL1245,2010-01-22,3,3,0,0,1,0.75
OCL1245,2010-01-25,1,1,0,0,1,0.5
OCL1245,2010-01-26,3,3,0,0,1,0.75
OCL1245,2010-01-27,2,2,0,0,1,0.6666666666666666
OCL1245,2010-01-28,2,2,0,0,1,0.6666666666666666
OCL1245,2010-01-29,2,2,0,0,1,0.6666666666666666
OCW1127,2010-01-02,3,3,0,6,3,0.75
OCW1127,2010-01-04,2,2,2,0,2,0.6666666666666666
OCW1127,2010-01-05,2,2,4,0,2,0.6666666666666666
OCW1127,2010-01-06,2,2,4,0,2,0.6666666666666666
OCW1127,2010-01-07,4,4,8,0,4,0.8
OCW1127,2010-01-08,5,5,10,0,5,0.8333333333333334
OCW1127,2010-01-11,1,1,2,0,1,0.5
OCW1127,2010-01-12,2,2,4,0,2,0.6666666666666666
OCW1127,2010-01-13,1,1,2,0,1,0.5
OCW1127,2010-01-15,1,1,2,0,1,0.5
OCW1127,2010-01-17,2,2,4,4,2,0.6666666666666666
OCW1127,2010-01-18,5,5,10,0,5,0.8333333333333334
OCW1127,2010-01-19,2,2,2,0,2,0.6666666666666666
OCW1127,2010-01-20,4,4,6,0,4,0.8
OCW1127,2010-01-21,3,3,6,0,3,0.75
OCW1127,2010-01-22,1,1,2,0,1,0.5
OCW1127,2010-01-23,4,4,6,8,4,0.8
OCW1127,2010-01-25,1,1,2,0,1,0.5
OCW1127,2010-01-26,5,5,8,0,5,0.8333333333333334
OCW1127,2010-01-27,3,3,6,0,3,0.75
OCW1127,2010-01-28,1,1,2,0,1,0.5
OCW1127,2010-01-29,4,4,8,0,4,0.8
OCW1127,2010-01-30,3,3,4,6,3,0.75
OCW1127,2010-02-01,1,1,2,0,1,0.5
ODG1158,2010-01-04,1,1,1,0,1,0.5
ODG1158,2010-01-05,3,3,0,0,1,0.75
ODG1158,2010-01-06,1,1,0,0,1,0.5
ODG1158,2010-01-07,2,2,0,0,1,0.6666666666666666
ODG1158,2010-01-08,4,4,0,0,1,0.8
ODG1158,2010-01-11,2,2,0,0,1,0.6666666666666666
ODG1158,2010-01-12,2,2,0,0,1,0.6666666666666666
ODG1158,2010-01-13,2,2,2,0,1,0.6666666666666666
ODG1158,2010-01-14,2,2,0,0,1,0.6666666666666666
ODG1158,2010-01-15,1,1,0,0,1,0.5
ODG1158,2010-01-18,3,3,1,0,1,0.75
ODG1158,2010-01-19,1,1,0,0,1,0.5
ODG1158,2010-01-20,2,2,2,0,1,0.6666666666666666
ODG1158,2010-01-21,3,3,0,0,1,0.75
ODG1158,2010-01-22,3,3,0,0,1,0.75
ODG1158,2010-01-25,2,2,2,0,1,0.6666666666666666
ODG1158,2010-01-26,3,3,0,0,1,0.75
ODG1158,2010-01-27,2,2,0,0,1,0.6666666666666666
ODG1158,2010-01-28,2,2,0,0,1,0.6666666666666666
ODG1158,2010-01-29,3,3,2,0,1,0.75
OHC1798,2010-01-05,2,2,0,0,1,0.6666666666666666
OHC1798,2010-01-07,1,1,0,0,1,0.5
OHC1798,2010-01-08,1,1,0,0,1,0.5
OHC1798,2010-01-12,1,1,0,0,1,0.5
OHC1798,2010-01-15,1,1,0,0,1,0.5
OHC1798,2010-01-25,1,1,0,0,1,0.5
OHC1798,2010-01-27,2,2,0,0,1,0.6666666666666666
OHC1798,2010-01-28,1,1,0,0,1,0.5
OHC1798,2010-01-29,1,1,0,0,1,0.5
OHR0583,2010-01-02,2,2,0,4,1,0.6666666666666666
OHR0583,2010-01-04,1,1,0,0,1,0.5
OHR0583,2010-01-05,3,3,0,0,1,0.75
OHR0583,2010-01-07,2,2,0,0,1,0.6666666666666666
OHR0583,2010-01-09,1,1,0,2,1,0.5
OHR0583,2010-01-11,1,1,0,0,1,0.5
OHR0583,2010-01-12,2,2,0,0,1,0.6666666666666666
OHR0583,2010-01-13,1,1,0,0,1,0.5
OHR0583,2010-01-14,2,2,0,0,1,0.6666666666666666
OHR0583,2010-01-15,2,2,0,0,1,0.6666666666666666
OHR0583,2010-01-17,1,1,0,2,1,0.5
OHR0583,2010-01-18,1,1,0,0,1,0.5
OHR0583,2010-01-19,1,1,0,0,1,0.5
OHR0583,2010-01-20,2,2,2,0,1,0.6666666666666666
OHR0583,2010-01-22,2,2,1,0,1,0.6666666666666666
OHR0583,2010-01-25,1,1,0,0,1,0.5
OHR0583,2010-01-26,1,1,0,0,1,0.5
OHR0583,2010-01-28,3,3,0,0,1,0.75
OHR0583,2010-01-30,2,2,0,4,1,0.6666666666666666
OJC0930,2010-01-04,3,3,0,0,1,0.75
OJC0930,2010-01-05,3,3,0,0,1,0.75
OJC0930,2010-01-06,4,4,0,0,1,0.8
OJC0930,2010-01-07,3,3,0,0,1,0.75
OJC0930,2010-01-08,4,4,0,0,1,0.8
OJC0930,2010-01-11,3,3,0,0,1,0.75
OJC0930,2010-01-12,3,3,0,0,1,0.75
OJC0930,2010-01-13,4,4,0,0,1,0.8
OJC0930,2010-01-14,3,3,0,0,1,0.75
OJC0930,2010-01-15,4,4,0,0,1,0.8
OJC0930,2010-01-18,3,3,0,0,1,0.75
OJC0930,2010-01-19,3,3,0,0,1,0.75
OJC0930,2010-01-20,3,3,0,0,1,0.75
OJC0930,2010-01-21,1,1,0,0,1,0.5
OJC0930,2010-01-22,3,3,0,0,1,0.75
OJC0930,2010-01-25,4,4,0,0,1,0.8
OJC0930,2010-01-26,2,2,0,0,1,0.6666666666666666
OJC0930,2010-01-27,2,2,0,0,1,0.6666666666666666
OJC0930,2010-01-28,3,3,0,0,1,0.75
OJC0930,2010-01-29,2,2,0,0,1,0.6666666666666666
OKM1092,2010-01-04,3,3,0,0,1,0.75
OKM1092,2010-01-05,5,5,2,0,1,0.8333333333333334
OKM1092,2010-01-06,2,2,2,0,1,0.6666666666666666
OKM1092,2010-01-07,3,3,0,0,1,0.75
OKM1092,2010-01-08,4,4,3,0,1,0.8
OKM1092,2010-01-11,3,3,2,0,1,0.75
OKM1092,2010-01-12,1,1,0,0,1,0.5
OKM1092,2010-01-13,3,3,2,0,1,0.75
OKM1092,2010-01-14,4,4,0,0,1,0.8
OKM1092,2010-01-15,2,2,4,0,1,0.6666666666666666
OKM1092,2010-01-18,4,4,0,0,1,0.8
OKM1092,2010-01-19,3,3,2,0,1,0.75
OKM1092,2010-01-20,2,2,2,0,1,0.6666666666666666
OKM1092,2010-01-21,3,3,1,0,1,0.75
OKM1092,2010-01-22,3,3,0,0,1,0.75
OKM1092,2010-01-25,3,3,2,0,1,0.75
OKM1092,2010-01-26,2,2,0,0,1,0.6666666666666666
OKM1092,2010-01-27,3,3,1,0,1,0.75
OKM1092,2010-01-28,3,3,0,0,1,0.75
OKM1092,2010-01-29,3,3,0,0,1,0.75
OKM1092,2010-02-01,1,1,0,0,1,0.5
OSS1463,2010-01-04,5,5,0,0,1,0.8333333333333334
OSS1463,2010-01-05,5,5,0,0,1,0.8333333333333334
OSS1463,2010-01-06,5,5,0,0,1,0.8333333333333334
OSS1463,2010-01-07,5,5,0,0,1,0.8333333333333334
OSS1463,2010-01-08,5,5,0,0,1,0.8333333333333334
OSS1463,2010-01-11,5,5,0,0,1,0.8333333333333334
OSS1463,2010-01-12,5,5,0,0,1,0.8333333333333334
OSS1463,2010-01-13,5,5,0,0,1,0.8333333333333334
OSS1463,2010-01-14,5,5,0,0,1,0.8333333333333334
OSS1463,2010-01-15,5,5,0,0,1,0.8333333333333334
OSS1463,2010-01-17,5,5,1,10,1,0.8333333333333334
OSS1463,2010-01-18,5,5,0,0,1,0.8333333333333334
OSS1463,2010-01-19,5,5,0,0,1,0.8333333333333334
OSS1463,2010-01-20,5,5,1,0,1,0.8333333333333334
OSS1463,2010-01-21,5,5,0,0,1,0.8333333333333334
OSS1463,2010-01-22,5,5,0,0,1,0.8333333333333334
OSS1463,2010-01-25,5,5,0,0,1,0.8333333333333334
OSS1463,2010-01-26,5,5,0,0,1,0.8333333333333334
OSS1463,2010-01-27,5,5,0,0,1,0.8333333333333334
OSS1463,2010-01-28,5,5,0,0,1,0.8333333333333334
OSS1463,2010-01-29,5,5,0,0,1,0.8333333333333334
OSS1463,2010-01-30,5,5,0,10,1,0.8333333333333334
PAA0121,2010-01-04,1,1,2,0,1,0.5
PAA0121,2010-01-05,1,1,0,0,1,0.5
PAA0121,2010-01-06,2,2,0,0,1,0.6666666666666666
PAA0121,2010-01-07,2,2,4,0,1,0.6666666666666666
PAA0121,2010-01-08,2,2,1,0,1,0.6666666666666666
PAA0121,2010-01-12,1,1,0,0,1,0.5
PAA0121,2010-01-13,2,2,2,0,1,0.6666666666666666
PAA0121,2010-01-14,2,2,2,0,1,0.6666666666666666
PAA0121,2010-01-15,3,3,0,0,1,0.75
PAA0121,2010-01-18,2,2,0,0,1,0.6666666666666666
PAA0121,2010-01-19,1,1,0,0,1,0.5
PAA0121,2010-01-20,4,4,3,0,1,0.8
PAA0121,2010-01-21,2,2,0,0,1,0.6666666666666666
PAA0121,2010-01-22,2,2,0,0,1,0.6666666666666666
PAA0121,2010-01-25,2,2,2,0,1,0.6666666666666666
PAA0121,2010-01-26,3,3,0,0,1,0.75
PAA0121,2010-01-27,2,2,0,0,1,0.6666666666666666
PAA0121,2010-01-28,2,2,0,0,1,0.6666666666666666
PAA0121,2010-01-29,1,1,0,0,1,0.5
PAP1570,2010-01-06,1,1,1,0,1,0.5
PAP1570,2010-01-07,1,1,2,0,1,0.5
PAP1570,2010-01-08,2,2,1,0,1,0.6666666666666666
PAP1570,2010-01-11,1,1,0,0,1,0.5
PAP1570,2010-01-12,1,1,0,0,1,0.5
PAP1570,2010-01-13,2,2,0,0,1,0.6666666666666666
PAP1570,2010-01-15,2,2,0,0,1,0.6666666666666666
PAP1570,2010-01-18,2,2,0,0,1,0.6666666666666666
PAP1570,2010-01-19,2,2,2,0,1,0.6666666666666666
PAP1570,2010-01-20,2,2,0,0,1,0.6666666666666666
PAP1570,2010-01-21,1,1,0,0,1,0.5
PAP1570,2010-01-22,1,1,2,0,1,0.5
PAP1570,2010-01-25,2,2,2,0,1,0.6666666666666666
PAP1570,2010-01-26,2,2,0,0,1,0.6666666666666666
PAP1570,2010-01-27,1,1,1,0,1,0.5
PAP1570,2010-01-28,1,1,0,0,1,0.5
PAP1570,2010-01-29,1,1,0,0,1,0.5
PHG1778,2010-01-05,3,3,0,0,1,0.75
PHG1778,2010-01-06,1,1,0,0,1,0.5
PHG1778,2010-01-07,2,2,0,0,1,0.6666666666666666
PHG1778,2010-01-11,2,2,0,0,1,0.6666666666666666
PHG1778,2010-01-12,2,2,0,0,1,0.6666666666666666
PHG1778,2010-01-13,1,1,0,0,1,0.5
PHG1778,2010-01-14,3,3,1,0,1,0.75
PHG1778,2010-01-15,3,3,0,0,1,0.75
PHG1778,2010-01-18,2,2,0,0,1,0.6666666666666666
PHG1778,2010-01-19,2,2,0,0,1,0.6666666666666666
PHG1778,2010-01-20,1,1,0,0,1,0.5
PHG1778,2010-01-21,3,3,0,0,1,0.75
PHG1778,2010-01-22,3,3,0,0,1,0.75
PHG1778,2010-01-25,2,2,0,0,1,0.6666666666666666
PHG1778,2010-01-26,4,4,0,0,1,0.8
PHG1778,2010-01-28,1,1,0,0,1,0.5
PHG1778,2010-01-29,1,1,0,0,1,0.5
PHG1778,2010-02-01,1,1,0,0,1,0.5
PMC1560,2010-01-04,9,9,1,0,1,0.9
PMC1560,2010-01-05,9,9,0,0,1,0.9
PMC1560,2010-01-06,9,9,2,0,1,0.9
PMC1560,2010-01-07,8,8,0,0,1,0.8888888888888888
PMC1560,2010-01-08,8,8,0,0,1,0.8888888888888888
PMC1560,2010-01-11,9,8,0,0,1,0.9
PMC1560,2010-01-12,9,9,3,0,1,0.9
PMC1560,2010-01-13,9,9,1,0,1,0.9
PMC1560,2010-01-14,9,9,0,0,1,0.9
PMC1560,2010-01-15,9,9,0,0,1,0.9
PMC1560,2010-01-18,9,9,0,0,1,0.9
PMC1560,2010-01-19,8,8,1,0,1,0.8888888888888888
PMC1560,2010-01-20,9,9,0,0,1,0.9
PMC1560,2010-01-21,9,9,1,0,1,0.9
PMC1560,2010-01-22,9,9,1,0,1,0.9
PMC1560,2010-01-25,9,9,0,0,1,0.9
PMC1560,2010-01-26,9,9,0,0,1,0.9
PMC1560,2010-01-27,9,9,0,0,1,0.9
PMC1560,2010-01-28,9,9,0,0,1,0.9
PMC1560,2010-01-29,9,9,0,0,1,0.9
PMC1560,2010-02-01,2,2,1,0,1,0.6666666666666666
PMM1117,2010-01-04,8,8,1,0,1,0.8888888888888888
PMM1117,2010-01-05,9,9,3,0,1,0.9
PMM1117,2010-01-06,9,9,2,0,1,0.9
PMM1117,2010-01-07,9,9,4,0,1,0.9
PMM1117,2010-01-08,9,9,4,0,1,0.9
PMM1117,2010-01-11,8,8,2,0,1,0.8888888888888888
PMM1117,2010-01-12,9,9,5,0,1,0.9
PMM1117,2010-01-13,9,9,4,0,1,0.9
PMM1117,2010-01-14,7,7,4,0,1,0.875
PMM1117,2010-01-15,9,9,4,0,1,0.9
PMM1117,2010-01-18,8,8,0,0,1,0.8888888888888888
PMM1117,2010-01-19,9,9,6,0,1,0.9
PMM1117,2010-01-20,9,9,7,0,1,0.9
PMM1117,2010-01-21,9,9,4,0,1,0.9
PMM1117,2010-01-22,9,8,1,0,1,0.9
PMM1117,2010-01-25,7,7,0,0,1,0.875
PMM1117,2010-01-26,9,9,6,0,1,0.9
PMM1117,2010-01-27,9,9,1,0,1,0.9
PMM1117,2010-01-28,9,9,4,0,1,0.9
PMM1117,2010-01-29,8,8,2,0,1,0.8888888888888888
PMM1117,2010-02-01,1,1,1,0,1,0.5
PNA1776,2010-01-04,2,2,0,0,1,0.6666666666666666
PNA1776,2010-01-05,1,1,0,0,1,0.5
PNA1776,2010-01-08,2,2,0,0,1,0.6666666666666666
PNA1776,2010-01-11,1,1,0,0,1,0.5
PNA1776,2010-01-12,2,2,0,0,1,0.6666666666666666
PNA1776,2010-01-14,1,1,0,0,1,0.5
PNA1776,2010-01-18,1,1,0,0,1,0.5
PNA1776,2010-01-19,2,2,0,0,1,0.6666666666666666
PNA1776,2010-01-21,2,2,0,0,1,0.6666666666666666
PNA1776,2010-01-25,2,2,0,0,1,0.6666666666666666
PNA1776,2010-01-27,1,1,0,0,1,0.5
PNA1776,2010-01-29,1,1,0,0,1,0.5
PTH1889,2010-01-04,2,2,0,0,1,0.6666666666666666
PTH1889,2010-01-05,1,1,0,0,1,0.5
PTH1889,2010-01-06,2,2,0,0,1,0.6666666666666666
PTH1889,2010-01-12,1,1,0,0,1,0.5
PTH1889,2010-01-14,1,1,0,0,1,0.5
PTH1889,2010-01-19,2,2,0,0,1,0.6666666666666666
PTH1889,2010-01-21,2,2,0,0,1,0.6666666666666666
PTH1889,2010-01-28,1,1,0,0,1,0.5
PTH1889,2010-01-29,2,2,0,0,1,0.6666666666666666
PTH1889,2010-02-01,1,1,0,0,1,0.5
PWF0709,2010-01-04,1,1,0,0,1,0.5
PWF0709,2010-01-05,2,2,0,0,1,0.6666666666666666
PWF0709,2010-01-06,1,1,0,0,1,0.5
PWF0709,2010-01-07,1,1,0,0,1,0.5
PWF0709,2010-01-15,1,1,0,0,1,0.5
PWF0709,2010-01-26,1,1,0,0,1,0.5
PWF0709,2010-01-30,1,1,0,2,1,0.5
QCR0394,2010-01-02,1,1,0,2,1,0.5
QCR0394,2010-01-04,1,1,0,0,1,0.5
QCR0394,2010-01-05,1,1,0,0,1,0.5
QCR0394,2010-01-06,2,2,0,0,1,0.6666666666666666
QCR0394,2010-01-09,2,2,0,4,1,0.6666666666666666
QCR0394,2010-01-11,1,0,0,0,1,0.5
QCR0394,2010-01-12,2,2,0,0,1,0.6666666666666666
QCR0394,2010-01-13,1,1,0,0,1,0.5
QCR0394,2010-01-14,1,1,0,0,1,0.5
QCR0394,2010-01-17,2,2,0,4,1,0.6666666666666666
QCR0394,2010-01-19,2,2,0,0,1,0.6666666666666666
QCR0394,2010-01-20,3,3,0,0,1,0.75
QCR0394,2010-01-21,2,2,0,0,1,0.6666666666666666
QCR0394,2010-01-22,1,1,0,0,1,0.5
QCR0394,2010-01-23,1,1,0,2,1,0.5
QCR0394,2010-01-25,2,2,0,0,1,0.6666666666666666
QCR0394,2010-01-26,1,1,0,0,1,0.5
QCR0394,2010-01-27,1,1,0,0,1,0.5
QCR0394,2010-01-28,2,2,0,0,1,0.6666666666666666
QCR0394,2010-01-29,2,2,0,0,1,0.6666666666666666
QEL1515,2010-01-04,2,2,0,0,1,0.6666666666666666
QEL1515,2010-01-05,2,2,0,0,1,0.6666666666666666
QEL1515,2010-01-06,2,2,0,0,1,0.6666666666666666
QEL1515,2010-01-07,2,2,0,0,1,0.6666666666666666
QEL1515,2010-01-11,2,2,0,0,1,0.6666666666666666
QEL1515,2010-01-12,1,1,0,0,1,0.5
QEL1515,2010-01-14,1,1,0,0,1,0.5
QEL1515,2010-01-15,1,1,0,0,1,0.5
QEL1515,2010-01-19,2,2,0,0,1,0.6666666666666666
QEL1515,2010-01-20,2,2,1,0,1,0.6666666666666666
QEL1515,2010-01-22,1,1,0,0,1,0.5
QEL1515,2010-01-25,1,1,0,0,1,0.5
QEL1515,2010-01-29,2,2,0,0,1,0.6666666666666666
QGC0435,2010-01-04,3,3,0,0,1,0.75
QGC0435,2010-01-05,1,1,0,0,1,0.5
QGC0435,2010-01-06,3,2,0,0,1,0.75
QGC0435,2010-01-07,1,1,0,0,1,0.5
QGC0435,2010-01-08,3,3,1,0,1,0.75
QGC0435,2010-01-11,2,2,0,0,1,0.6666666666666666
QGC0435,2010-01-13,2,2,1,0,1,0.6666666666666666
QGC0435,2010-01-14,2,2,0,0,1,0.6666666666666666
QGC0435,2010-01-15,1,1,0,0,1,0.5
QGC0435,2010-01-17,2,2,0,4,1,0.6666666666666666
QGC0435,2010-01-18,3,3,0,0,1,0.75
QGC0435,2010-01-19,3,3,1,0,1,0.75
QGC0435,2010-01-21,1,1,0,0,1,0.5
QGC0435,2010-01-22,4,4,0,0,1,0.8
QGC0435,2010-01-25,4,4,0,0,1,0.8
QGC0435,2010-01-26,1,1,0,0,1,0.5
QGC0435,2010-01-27,3,3,0,0,1,0.75
QGC0435,2010-01-28,2,2,0,0,1,0.6666666666666666
QGC0435,2010-01-29,1,1,0,0,1,0.5
QJH1605,2010-01-04,9,9,11,0,1,0.9
QJH1605,2010-01-05,9,9,2,0,1,0.9
QJH1605,2010-01-06,9,9,0,0,1,0.9
QJH1605,2010-01-07,9,9,2,0,1,0.9
QJH1605,2010-01-08,9,9,1,0,1,0.9
QJH1605,2010-01-11,9,9,0,0,1,0.9
QJH1605,2010-01-12,8,8,4,0,1,0.8888888888888888
QJH1605,2010-01-13,7,7,0,0,1,0.875
QJH1605,2010-01-14,9,9,0,0,1,0.9
QJH1605,2010-01-15,9,9,3,0,1,0.9
QJH1605,2010-01-18,9,9,4,0,1,0.9
QJH1605,2010-01-19,9,9,4,0,1,0.9
QJH1605,2010-01-20,8,8,2,0,1,0.8888888888888888
QJH1605,2010-01-21,9,9,0,0,1,0.9
QJH1605,2010-01-22,8,8,0,0,1,0.8888888888888888
QJH1605,2010-01-25,8,8,2,0,1,0.8888888888888888
QJH1605,2010-01-26,10,10,6,0,1,0.9090909090909091
QJH1605,2010-01-27,9,9,18,0,1,0.9
QJH1605,2010-01-28,8,8,1,0,1,0.8888888888888888
QJH1605,2010-01-29,7,7,2,0,1,0.875
QNB1329,2010-01-04,9,9,0,0,1,0.9
QNB1329,2010-01-05,9,9,0,0,1,0.9
QNB1329,2010-01-06,9,9,0,0,1,0.9
QNB1329,2010-01-07,8,8,0,0,1,0.8888888888888888
QNB1329,2010-01-08,9,9,2,0,1,0.9
QNB1329,2010-01-11,9,9,0,0,1,0.9
QNB1329,2010-01-12,9,9,0,0,1,0.9
QNB1329,2010-01-13,8,8,0,0,1,0.8888888888888888
QNB1329,2010-01-14,9,9,0,0,1,0.9
QNB1329,2010-01-15,9,9,0,0,1,0.9
QNB1329,2010-01-18,7,7,0,0,1,0.875
QNB1329,2010-01-19,9,9,2,0,1,0.9
QNB1329,2010-01-20,8,8,0,0,1,0.8888888888888888
QNB1329,2010-01-21,7,7,0,0,1,0.875
QNB1329,2010-01-22,9,9,0,0,1,0.9
QNB1329,2010-01-25,9,9,0,0,1,0.9
QNB1329,2010-01-26,9,9,0,0,1,0.9
QNB1329,2010-01-27,8,8,0,0,1,0.8888888888888888
QNB1329,2010-01-28,9,9,0,0,1,0.9
QNB1329,2010-01-29,9,9,0,0,1,0.9
QNB1329,2010-02-01,2,1,0,0,1,0.6666666666666666
QWP1513,2010-01-04,9,9,0,0,1,0.9
QWP1513,2010-01-05,9,9,0,0,1,0.9
QWP1513,2010-01-06,9,8,0,0,1,0.9
QWP1513,2010-01-07,8,8,0,0,1,0.8888888888888888
QWP1513,2010-01-08,9,9,0,0,1,0.9
QWP1513,2010-01-11,9,8,0,0,1,0.9
QWP1513,2010-01-12,9,9,0,0,1,0.9
QWP1513,2010-01-13,7,7,0,0,1,0.875
QWP1513,2010-01-14,7,7,0,0,1,0.875
QWP1513,2010-01-15,8,8,0,0,1,0.8888888888888888
QWP1513,2010-01-18,9,9,0,0,1,0.9
QWP1513,2010-01-19,9,9,0,0,1,0.9
QWP1513,2010-01-20,7,7,0,0,1,0.875
QWP1513,2010-01-21,8,8,0,0,1,0.8888888888888888
QWP1513,2010-01-22,9,9,1,0,1,0.9
QWP1513,2010-01-25,8,8,0,0,1,0.8888888888888888
QWP1513,2010-01-26,9,9,0,0,1,0.9
QWP1513,2010-01-27,9,9,0,0,1,0.9
QWP1513,2010-01-28,8,8,0,0,1,0.8888888888888888
QWP1513,2010-01-29,9,9,0,0,1,0.9
QWP1513,2010-02-01,2,2,0,0,1,0.6666666666666666
QZH0367,2010-01-04,8,8,0,0,1,0.8888888888888888
QZH0367,2010-01-05,9,9,0,0,1,0.9
QZH0367,2010-01-06,9,9,0,0,1,0.9
QZH0367,2010-01-07,9,9,1,0,1,0.9
QZH0367,2010-01-08,9,9,0,0,1,0.9
QZH0367,2010-01-11,8,8,2,0,1,0.8888888888888888
QZH0367,2010-01-12,9,9,1,0,1,0.9
QZH0367,2010-01-13,8,8,0,0,1,0.8888888888888888
QZH0367,2010-01-14,9,9,1,0,1,0.9
QZH0367,2010-01-15,9,9,0,0,1,0.9
QZH0367,2010-01-18,8,8,2,0,1,0.8888888888888888
QZH0367,2010-01-19,10,10,0,0,1,0.9090909090909091
QZH0367,2010-01-20,10,10,0,0,1,0.9090909090909091
QZH0367,2010-01-21,9,9,3,0,1,0.9
QZH0367,2010-01-22,8,8,8,0,1,0.8888888888888888
QZH0367,2010-01-25,9,9,0,0,1,0.9
QZH0367,2010-01-26,8,8,1,0,1,0.8888888888888888
QZH0367,2010-01-27,8,8,0,0,1,0.8888888888888888
QZH0367,2010-01-28,9,9,0,0,1,0.9
QZH0367,2010-01-29,8,8,0,0,1,0.8888888888888888
QZH0367,2010-02-01,2,2,0,0,1,0.6666666666666666
RAH0609,2010-01-06,1,1,0,0,1,0.5
RAH0609,2010-01-08,1,1,0,0,1,0.5
RAH0609,2010-01-11,1,1,0,0,1,0.5
RAH0609,2010-01-12,1,1,0,0,1,0.5
RAH0609,2010-01-27,1,1,0,0,1,0.5
RAH0609,2010-01-29,2,1,0,0,1,0.6666666666666666
RAR0875,2010-01-05,1,1,0,0,1,0.5
RAR0875,2010-01-13,2,2,0,0,1,0.6666666666666666
RAR0875,2010-01-14,1,1,0,0,1,0.5
RAR0875,2010-01-18,1,1,0,0,1,0.5
RAR0875,2010-01-21,1,1,0,0,1,0.5
RAR0875,2010-01-26,1,1,0,0,1,0.5
RAT0514,2010-01-04,1,1,0,0,1,0.5
RAT0514,2010-01-05,1,1,0,0,1,0.5
RAT0514,2010-01-06,1,1,0,0,1,0.5
RAT0514,2010-01-11,1,1,0,0,1,0.5
RAT0514,2010-01-15,1,1,0,0,1,0.5
RAT0514,2010-01-19,2,2,0,0,1,0.6666666666666666
RAT0514,2010-01-20,2,2,0,0,1,0.6666666666666666
RAT0514,2010-01-22,1,1,0,0,1,0.5
RAT0514,2010-01-25,1,1,0,0,1,0.5
RAT0514,2010-01-28,1,1,0,0,1,0.5
RCG0584,2010-01-06,2,2,0,0,1,0.6666666666666666
RCG0584,2010-01-14,1,1,0,0,1,0.5
RCG0584,2010-01-15,1,1,0,0,1,0.5
RCG0584,2010-01-21,1,1,0,0,1,0.5
RCG0584,2010-01-25,2,2,0,0,1,0.6666666666666666
RCG0584,2010-01-26,1,1,0,0,1,0.5
RCG0584,2010-01-28,1,1,0,0,1,0.5
RDB0546,2010-01-04,1,1,0,0,1,0.5
RDB0546,2010-01-05,1,1,0,0,1,0.5
RDB0546,2010-01-06,1,1,1,0,1,0.5
RDB0546,2010-01-12,2,2,0,0,1,0.6666666666666666
RDB0546,2010-01-13,1,1,0,0,1,0.5
RDB0546,2010-01-15,1,1,0,0,1,0.5
RDB0546,2010-01-21,1,1,0,0,1,0.5
RDB0546,2010-01-22,2,2,0,0,1,0.6666666666666666
RDS1398,2010-01-04,8,8,0,0,1,0.8888888888888888
RDS1398,2010-01-05,9,9,0,0,1,0.9
RDS1398,2010-01-06,9,9,0,0,1,0.9
RDS1398,2010-01-07,9,9,0,0,1,0.9
RDS1398,2010-01-08,8,8,0,0,1,0.8888888888888888
RDS1398,2010-01-11,9,9,0,0,1,0.9
RDS1398,2010-01-12,9,9,0,0,1,0.9
RDS1398,2010-01-13,9,9,0,0,1,0.9
RDS1398,2010-01-14,9,9,0,0,1,0.9
RDS1398,2010-01-15,9,9,0,0,1,0.9
RDS1398,2010-01-18,9,9,0,0,1,0.9
RDS1398,2010-01-19,9,9,0,0,1,0.9
RDS1398,2010-01-20,9,9,0,0,1,0.9
RDS1398,2010-01-21,9,9,0,0,1,0.9
RDS1398,2010-01-22,9,9,1,0,1,0.9
RDS1398,2010-01-25,8,8,0,0,1,0.8888888888888888
RDS1398,2010-01-26,8,8,0,0,1,0.8888888888888888
RDS1398,2010-01-27,8,8,0,0,1,0.8888888888888888
RDS1398,2010-01-28,9,9,1,0,1,0.9
RDS1398,2010-01-29,9,9,0,0,1,0.9
RDS1398,2010-02-01,2,1,0,0,1,0.6666666666666666
REM1733,2010-01-07,2,2,0,0,1,0.6666666666666666
REM1733,2010-01-12,1,1,0,0,1,0.5
REM1733,2010-01-18,1,1,0,0,1,0.5
REM1733,2010-01-26,1,1,0,0,1,0.5
RFP1918,2010-01-02,1,1,0,2,1,0.5
RFP1918,2010-01-13,1,1,2,0,1,0.5
RFP1918,2010-01-16,1,1,0,2,1,0.5
RFP1918,2010-01-19,1,1,0,0,1,0.5
RFP1918,2010-01-20,1,1,0,0,1,0.5
RFP1918,2010-01-22,1,1,0,0,1,0.5
RFP1918,2010-01-23,1,1,2,2,1,0.5
RFP1918,2010-01-31,1,1,2,2,1,0.5
RHG0882,2010-01-05,1,1,0,0,1,0.5
RHG0882,2010-01-06,1,1,0,0,1,0.5
RHG0882,2010-01-07,2,2,0,0,1,0.6666666666666666
RHG0882,2010-01-08,3,3,0,0,1,0.75
RHG0882,2010-01-11,1,1,0,0,1,0.5
RHG0882,2010-01-12,2,2,0,0,1,0.6666666666666666
RHG0882,2010-01-13,1,1,0,0,1,0.5
RHG0882,2010-01-15,1,1,0,0,1,0.5
RHG0882,2010-01-19,1,1,1,0,1,0.5
RHG0882,2010-01-20,1,1,0,0,1,0.5
RHG0882,2010-01-21,1,1,0,0,1,0.5
RHG0882,2010-01-22,1,1,0,0,1,0.5
RHG0882,2010-01-28,1,1,0,0,1,0.5
RHG0882,2010-01-29,2,2,0,0,1,0.6666666666666666
RJW0348,2010-01-04,1,1,0,0,1,0.5
RJW0348,2010-01-05,2,2,0,0,1,0.6666666666666666
RJW0348,2010-01-06,1,1,0,0,1,0.5
RJW0348,2010-01-07,1,1,0,0,1,0.5
RJW0348,2010-01-08,2,2,0,0,1,0.6666666666666666
RJW0348,2010-01-11,2,2,0,0,1,0.6666666666666666
RJW0348,2010-01-12,1,1,0,0,1,0.5
RJW0348,2010-01-13,2,2,0,0,1,0.6666666666666666
RJW0348,2010-01-14,3,3,2,0,1,0.75
RJW0348,2010-01-15,3,3,0,0,1,0.75
RJW0348,2010-01-18,2,2,0,0,1,0.6666666666666666
RJW0348,2010-01-19,1,1,0,0,1,0.5
RJW0348,2010-01-20,2,2,0,0,1,0.6666666666666666
RJW0348,2010-01-21,1,1,0,0,1,0.5
RJW0348,2010-01-22,4,3,2,0,1,0.8
RJW0348,2010-01-25,2,2,0,0,1,0.6666666666666666
RJW0348,2010-01-27,1,1,0,0,1,0.5
RJW0348,2010-01-29,3,3,0,0,1,0.75
RJW1406,2010-01-08,1,1,0,0,1,0.5
RJW1406,2010-01-09,1,1,2,2,1,0.5
RJW1406,2010-01-13,1,1,0,0,1,0.5
RJW1406,2010-01-14,1,1,0,0,1,0.5
RJW1406,2010-01-18,1,1,0,0,1,0.5
RJW1406,2010-01-19,2,2,0,0,1,0.6666666666666666
RJW1406,2010-01-28,2,2,0,0,1,0.6666666666666666
RJW1406,2010-01-29,1,1,0,0,1,0.5
RLM1578,2010-01-04,3,3,2,0,1,0.75
RLM1578,2010-01-05,5,5,0,0,1,0.8333333333333334
RLM1578,2010-01-06,3,3,0,0,1,0.75
RLM1578,2010-01-07,4,4,1,0,1,0.8
RLM1578,2010-01-08,4,4,4,0,1,0.8
RLM1578,2010-01-11,4,4,3,0,1,0.8
RLM1578,2010-01-12,4,4,3,0,1,0.8
RLM1578,2010-01-13,3,3,2,0,1,0.75
RLM1578,2010-01-14,3,3,1,0,1,0.75
RLM1578,2010-01-15,6,6,1,0,1,0.8571428571428571
RLM1578,2010-01-18,3,3,2,0,1,0.75
RLM1578,2010-01-19,3,3,2,0,1,0.75
RLM1578,2010-01-20,2,2,3,0,1,0.6666666666666666
RLM1578,2010-01-21,4,4,0,0,1,0.8
RLM1578,2010-01-22,3,3,0,0,1,0.75
RLM1578,2010-01-25,3,3,2,0,1,0.75
RLM1578,2010-01-26,4,4,0,0,1,0.8
RLM1578,2010-01-27,2,2,0,0,1,0.6666666666666666
RLM1578,2010-01-28,4,4,2,0,1,0.8
RLM1578,2010-01-29,4,4,1,0,1,0.8
RMP0754,2010-01-08,1,1,0,0,1,0.5
RMP0754,2010-01-15,1,1,0,0,1,0.5
RMP0754,2010-01-19,1,1,0,0,1,0.5
RMP0754,2010-01-20,1,1,0,0,1,0.5
RMP0754,2010-01-25,1,1,0,0,1,0.5
RMP0754,2010-01-26,2,2,1,0,1,0.6666666666666666
RMT0496,2010-01-04,3,3,1,0,1,0.75
RMT0496,2010-01-05,1,1,0,0,1,0.5
RMT0496,2010-01-06,1,1,0,0,1,0.5
RMT0496,2010-01-07,3,3,0,0,1,0.75
RMT0496,2010-01-08,2,2,0,0,1,0.6666666666666666
RMT0496,2010-01-11,3,3,0,0,1,0.75
RMT0496,2010-01-12,2,2,0,0,1,0.6666666666666666
RMT0496,2010-01-13,2,2,0,0,1,0.6666666666666666
RMT0496,2010-01-14,3,3,0,0,1,0.75
RMT0496,2010-01-15,3,3,0,0,1,0.75
RMT0496,2010-01-18,1,1,0,0,1,0.5
RMT0496,2010-01-19,4,4,0,0,1,0.8
RMT0496,2010-01-20,1,1,0,0,1,0.5
RMT0496,2010-01-21,2,2,0,0,1,0.6666666666666666
RMT0496,2010-01-22,3,3,0,0,1,0.75
RMT0496,2010-01-25,5,5,0,0,1,0.8333333333333334
RMT0496,2010-01-26,1,1,0,0,1,0.5
RMT0496,2010-01-27,3,3,0,0,1,0.75
RMT0496,2010-01-28,3,3,0,0,1,0.75
RMT0496,2010-01-29,1,1,0,0,1,0.5
RMT0496,2010-02-01,1,0,0,0,1,0.5
ROB0477,2010-01-04,1,1,1,0,1,0.5
ROB0477,2010-01-05,1,1,0,0,1,0.5
ROB0477,2010-01-07,1,1,0,0,1,0.5
ROB0477,2010-01-12,1,1,0,0,1,0.5
ROB0477,2010-01-13,1,1,0,0,1,0.5
ROB0477,2010-01-18,1,1,0,0,1,0.5
ROB0477,2010-01-19,1,1,0,0,1,0.5
ROB0477,2010-01-26,1,1,0,0,1,0.5
RPJ1159,2010-01-04,4,4,1,0,1,0.8
RPJ1159,2010-01-05,3,3,0,0,1,0.75
RPJ1159,2010-01-06,1,1,0,0,1,0.5
RPJ1159,2010-01-07,2,2,0,0,1,0.6666666666666666
RPJ1159,2010-01-08,4,4,0,0,1,0.8
RPJ1159,2010-01-11,5,5,0,0,1,0.8333333333333334
RPJ1159,2010-01-12,3,3,0,0,1,0.75
RPJ1159,2010-01-13,3,3,0,0,1,0.75
RPJ1159,2010-01-14,2,2,0,0,1,0.6666666666666666
RPJ1159,2010-01-15,3,3,0,0,1,0.75
RPJ1159,2010-01-18,1,1,0,0,1,0.5
RPJ1159,2010-01-19,2,2,1,0,1,0.6666666666666666
RPJ1159,2010-01-20,2,2,0,0,1,0.6666666666666666
RPJ1159,2010-01-21,3,3,0,0,1,0.75
RPJ1159,2010-01-22,2,2,0,0,1,0.6666666666666666
RPJ1159,2010-01-25,5,5,2,0,1,0.8333333333333334
RPJ1159,2010-01-26,3,3,0,0,1,0.75
RPJ1159,2010-01-27,2,2,0,0,1,0.6666666666666666
RPJ1159,2010-01-28,1,1,0,0,1,0.5
RPJ1159,2010-01-29,4,4,0,0,1,0.8
RPJ1159,2010-02-01,1,1,0,0,1,0.5
RRS0056,2010-01-04,2,2,0,0,1,0.6666666666666666
RRS0056,2010-01-05,2,2,0,0,1,0.6666666666666666
RRS0056,2010-01-06,2,2,0,0,1,0.6666666666666666
RRS0056,2010-01-07,2,2,0,0,1,0.6666666666666666
RRS0056,2010-01-08,2,2,0,0,1,0.6666666666666666
RRS0056,2010-01-11,3,3,0,0,1,0.75
RRS0056,2010-01-12,2,2,0,0,1,0.6666666666666666
RRS0056,2010-01-13,4,4,0,0,1,0.8
RRS0056,2010-01-14,4,4,0,0,1,0.8
RRS0056,2010-01-15,3,3,0,0,1,0.75
RRS0056,2010-01-18,4,4,0,0,1,0.8
RRS0056,2010-01-19,3,3,0,0,1,0.75
RRS0056,2010-01-20,3,3,0,0,1,0.75
RRS0056,2010-01-21,3,3,0,0,1,0.75
RRS0056,2010-01-22,3,3,0,0,1,0.75
RRS0056,2010-01-25,4,4,0,0,1,0.8
RRS0056,2010-01-26,1,1,0,0,1,0.5
RRS0056,2010-01-27,3,3,0,0,1,0.75
RRS0056,2010-01-28,3,3,0,0,1,0.75
RRS0056,2010-01-29,2,2,0,0,1,0.6666666666666666
RWJ1403,2010-01-04,2,2,0,0,1,0.6666666666666666
RWJ1403,2010-01-05,3,3,0,0,1,0.75
RWJ1403,2010-01-06,3,3,0,0,1,0.75
RWJ1403,2010-01-07,2,2,0,0,1,0.6666666666666666
RWJ1403,2010-01-08,3,3,1,0,1,0.75
RWJ1403,2010-01-11,5,5,0,0,1,0.8333333333333334
RWJ1403,2010-01-12,4,4,0,0,1,0.8
RWJ1403,2010-01-13,5,5,0,0,1,0.8333333333333334
RWJ1403,2010-01-14,4,4,0,0,1,0.8
RWJ1403,2010-01-15,3,3,0,0,1,0.75
RWJ1403,2010-01-18,3,3,0,0,1,0.75
RWJ1403,2010-01-19,2,2,0,0,1,0.6666666666666666
RWJ1403,2010-01-20,3,3,0,0,1,0.75
RWJ1403,2010-01-21,2,2,0,0,1,0.6666666666666666
RWJ1403,2010-01-22,2,2,0,0,1,0.6666666666666666
RWJ1403,2010-01-25,2,2,0,0,1,0.6666666666666666
RWJ1403,2010-01-26,4,4,0,0,1,0.8
RWJ1403,2010-01-27,3,3,0,0,1,0.75
RWJ1403,2010-01-28,4,4,1,0,1,0.8
RWJ1403,2010-01-29,3,3,0,0,1,0.75
RXH1139,2010-01-04,2,2,0,0,1,0.6666666666666666
RXH1139,2010-01-06,2,2,0,0,1,0.6666666666666666
RXH1139,2010-01-07,1,1,0,0,1,0.5
RXH1139,2010-01-08,1,1,0,0,1,0.5
RXH1139,2010-01-11,1,1,0,0,1,0.5
RXH1139,2010-01-14,2,2,0,0,1,0.6666666666666666
RXH1139,2010-01-15,1,1,0,0,1,0.5
RXH1139,2010-01-19,1,1,0,0,1,0.5
RXH1139,2010-01-21,1,1,1,0,1,0.5
RXH1139,2010-01-22,1,1,0,0,1,0.5
RXH1139,2010-01-25,1,1,0,0,1,0.5
RXH1139,2010-01-26,2,2,0,0,1,0.6666666666666666
RXH1139,2010-01-27,1,1,0,0,1,0.5
RXH1139,2010-01-28,1,1,1,0,1,0.5
RXH1139,2010-02-01,1,1,0,0,1,0.5
SAM0628,2010-01-05,1,1,0,0,1,0.5
SAM0628,2010-01-07,1,1,0,0,1,0.5
SAM0628,2010-01-08,2,2,0,0,1,0.6666666666666666
SAM0628,2010-01-09,1,1,0,2,1,0.5
SAM0628,2010-01-11,1,1,0,0,1,0.5
SAM0628,2010-01-12,2,2,0,0,1,0.6666666666666666
SAM0628,2010-01-17,1,1,0,2,1,0.5
SAM0628,2010-01-19,2,2,0,0,1,0.6666666666666666
SAM0628,2010-01-22,1,1,0,0,1,0.5
SAM0628,2010-01-28,2,2,0,0,1,0.6666666666666666
SAM0628,2010-01-30,1,1,0,2,1,0.5
SAM0911,2010-01-04,2,2,4,0,2,0.6666666666666666
SAM0911,2010-01-05,4,4,8,0,4,0.8
SAM0911,2010-01-06,2,2,4,0,2,0.6666666666666666
SAM0911,2010-01-07,3,3,6,0,3,0.75
SAM0911,2010-01-08,3,3,4,0,3,0.75
SAM0911,2010-01-12,2,2,4,0,2,0.6666666666666666
SAM0911,2010-01-13,2,2,4,0,2,0.6666666666666666
SAM0911,2010-01-14,1,1,0,0,1,0.5
SAM0911,2010-01-15,4,4,8,0,4,0.8
SAM0911,2010-01-18,5,5,10,0,5,0.8333333333333334
SAM0911,2010-01-19,3,3,6,0,3,0.75
SAM0911,2010-01-20,1,1,2,0,1,0.5
SAM0911,2010-01-21,2,2,4,0,2,0.6666666666666666
SAM0911,2010-01-22,5,5,10,0,5,0.8333333333333334
SAM0911,2010-01-25,1,1,2,0,1,0.5
SAM0911,2010-01-26,2,2,2,0,2,0.6666666666666666
SAM0911,2010-01-27,1,1,2,0,1,0.5
SAM0911,2010-01-28,4,4,4,0,4,0.8
SAM0911,2010-01-29,3,3,2,0,3,0.75
SAM0911,2010-02-01,1,1,0,0,1,0.5
SCC1470,2010-01-05,1,1,0,0,1,0.5
SCC1470,2010-01-06,1,1,0,0,1,0.5
SCC1470,2010-01-07,1,1,0,0,1,0.5
SCC1470,2010-01-08,1,1,0,0,1,0.5
SCC1470,2010-01-11,1,1,0,0,1,0.5
SCC1470,2010-01-12,1,1,0,0,1,0.5
SCC1470,2010-01-14,1,1,0,0,1,0.5
SCC1470,2010-01-15,2,2,0,0,1,0.6666666666666666
SCC1470,2010-01-19,2,2,0,0,1,0.6666666666666666
SCC1470,2010-01-20,2,2,0,0,1,0.6666666666666666
SCC1470,2010-01-21,2,2,0,0,1,0.6666666666666666
SCC1470,2010-01-25,1,1,0,0,1,0.5
SCC1470,2010-01-27,2,2,0,0,1,0.6666666666666666
SCC1470,2010-01-29,1,1,0,0,1,0.5
SCF0430,2010-01-05,1,1,0,0,1,0.5
SCF0430,2010-01-06,2,2,0,0,1,0.6666666666666666
SCF0430,2010-01-13,1,1,0,0,1,0.5
SCF0430,2010-01-14,1,1,0,0,1,0.5
SCF0430,2010-01-18,1,1,0,0,1,0.5
SCF0430,2010-01-19,1,1,0,0,1,0.5
SCF0430,2010-01-20,2,2,0,0,1,0.6666666666666666
SCF0430,2010-01-21,2,2,0,0,1,0.6666666666666666
SCF0430,2010-01-28,1,1,0,0,1,0.5
SCF0430,2010-01-29,2,2,0,0,1,0.6666666666666666
SEO0946,2010-01-04,3,3,0,0,1,0.75
SEO0946,2010-01-05,4,4,2,0,1,0.8
SEO0946,2010-01-06,3,3,2,0,1,0.75
SEO0946,2010-01-07,2,2,0,0,1,0.6666666666666666
SEO0946,2010-01-08,3,3,0,0,1,0.75
SEO0946,2010-01-11,6,6,0,0,1,0.8571428571428571
SEO0946,2010-01-12,5,5,0,0,1,0.8333333333333334
SEO0946,2010-01-13,4,4,0,0,1,0.8
SEO0946,2010-01-14,4,4,0,0,1,0.8
SEO0946,2010-01-15,2,2,2,0,1,0.6666666666666666
SEO0946,2010-01-18,2,2,1,0,1,0.6666666666666666
SEO0946,2010-01-19,3,3,0,0,1,0.75
SEO0946,2010-01-20,3,3,2,0,1,0.75
SEO0946,2010-01-21,3,3,2,0,1,0.75
SEO0946,2010-01-22,3,3,1,0,1,0.75
SEO0946,2010-01-25,4,4,2,0,1,0.8
SEO0946,2010-01-26,4,4,1,0,1,0.8
SEO0946,2010-01-27,2,2,0,0,1,0.6666666666666666
SEO0946,2010-01-28,2,2,2,0,1,0.6666666666666666
SEO0946,2010-01-29,1,1,0,0,1,0.5
SFA1912,2010-01-03,1,1,0,2,1,0.5
SFA1912,2010-01-04,1,1,0,0,1,0.5
SFA1912,2010-01-06,1,1,0,0,1,0.5
SFA1912,2010-01-13,1,1,0,0,1,0.5
SFA1912,2010-01-15,1,1,0,0,1,0.5
SFA1912,2010-01-22,1,1,0,0,1,0.5
SFA1912,2010-01-24,1,1,0,2,1,0.5
SFA1912,2010-01-25,2,2,0,0,1,0.6666666666666666
SFA1912,2010-01-26,2,2,0,0,1,0.6666666666666666
SGN0146,2010-01-04,1,1,0,0,1,0.5
SGN0146,2010-01-05,2,2,0,0,1,0.6666666666666666
SGN0146,2010-01-06,2,2,0,0,1,0.6666666666666666
SGN0146,2010-01-07,3,3,0,0,1,0.75
SGN0146,2010-01-08,3,3,0,0,1,0.75
SGN0146,2010-01-11,1,1,0,0,1,0.5
SGN0146,2010-01-12,2,2,0,0,1,0.6666666666666666
SGN0146,2010-01-14,3,3,0,0,1,0.75
SGN0146,2010-01-18,2,2,0,0,1,0.6666666666666666
SGN0146,2010-01-19,3,3,0,0,1,0.75
SGN0146,2010-01-20,2,2,0,0,1,0.6666666666666666
SGN0146,2010-01-21,3,3,0,0,1,0.75
SGN0146,2010-01-22,1,1,0,0,1,0.5
SGN0146,2010-01-25,2,2,0,0,1,0.6666666666666666
SGN0146,2010-01-26,1,1,0,0,1,0.5
SGN0146,2010-01-27,1,1,0,0,1,0.5
SGN0146,2010-01-28,2,2,0,0,1,0.6666666666666666
SGN0146,2010-01-29,2,2,0,0,1,0.6666666666666666
SHC1499,2010-01-04,1,1,0,0,1,0.5
SHC1499,2010-01-05,3,3,0,0,1,0.75
SHC1499,2010-01-06,3,3,0,0,1,0.75
SHC1499,2010-01-07,2,2,0,0,1,0.6666666666666666
SHC1499,2010-01-08,2,2,0,0,1,0.6666666666666666
SHC1499,2010-01-11,2,2,0,0,1,0.6666666666666666
SHC1499,2010-01-12,3,3,0,0,1,0.75
SHC1499,2010-01-14,2,2,0,0,1,0.6666666666666666
SHC1499,2010-01-15,3,3,0,0,1,0.75
SHC1499,2010-01-18,2,2,0,0,1,0.6666666666666666
SHC1499,2010-01-20,2,2,0,0,1,0.6666666666666666
SHC1499,2010-01-21,1,1,0,0,1,0.5
SHC1499,2010-01-22,1,1,0,0,1,0.5
SHC1499,2010-01-26,3,3,0,0,1,0.75
SHC1499,2010-01-27,2,2,0,0,1,0.6666666666666666
SHC1499,2010-01-28,2,2,0,0,1,0.6666666666666666
SIS0042,2010-01-04,1,1,2,0,1,0.5
SIS0042,2010-01-05,1,1,2,0,1,0.5
SIS0042,2010-01-06,4,4,8,0,4,0.8
SIS0042,2010-01-07,4,4,8,0,4,0.8
SIS0042,2010-01-08,1,1,2,0,1,0.5
SIS0042,2010-01-11,3,3,6,0,3,0.75
SIS0042,2010-01-12,1,1,2,0,1,0.5
SIS0042,2010-01-13,1,1,2,0,1,0.5
SIS0042,2010-01-14,3,3,6,0,3,0.75
SIS0042,2010-01-15,2,2,2,0,2,0.6666666666666666
SIS0042,2010-01-18,2,2,4,0,2,0.6666666666666666
SIS0042,2010-01-19,3,3,0,0,3,0.75
SIS0042,2010-01-20,1,1,2,0,1,0.5
SIS0042,2010-01-21,5,5,8,0,5,0.8333333333333334
SIS0042,2010-01-22,3,3,6,0,3,0.75
SIS0042,2010-01-25,4,4,8,0,4,0.8
SIS0042,2010-01-26,5,5,10,0,5,0.8333333333333334
SIS0042,2010-01-27,4,4,8,0,4,0.8
SIS0042,2010-01-28,5,5,6,0,5,0.8333333333333334
SIS0042,2010-01-29,1,1,2,0,1,0.5
SJG0228,2010-01-14,1,1,0,0,1,0.5
SJG0228,2010-01-20,1,1,0,0,1,0.5
SJG0228,2010-01-25,2,2,0,0,1,0.6666666666666666
SJG0228,2010-01-30,1,1,0,2,1,0.5
SKC0074,2010-01-02,1,1,0,2,1,0.5
SKC0074,2010-01-06,1,1,0,0,1,0.5
SKC0074,2010-01-07,1,1,0,0,1,0.5
SKC0074,2010-01-09,2,2,0,4,1,0.6666666666666666
SKC0074,2010-01-15,2,2,0,0,1,0.6666666666666666
SKC0074,2010-01-30,2,2,0,4,1,0.6666666666666666
SKE1251,2010-01-04,7,7,0,0,1,0.875
SKE1251,2010-01-05,7,7,0,0,1,0.875
SKE1251,2010-01-06,8,8,0,0,1,0.8888888888888888
SKE1251,2010-01-07,7,7,0,0,1,0.875
SKE1251,2010-01-08,9,9,0,0,1,0.9
SKE1251,2010-01-11,9,9,0,0,1,0.9
SKE1251,2010-01-12,5,5,0,0,1,0.8333333333333334
SKE1251,2010-01-13,8,8,0,0,1,0.8888888888888888
SKE1251,2010-01-14,8,8,0,0,1,0.8888888888888888
SKE1251,2010-01-15,6,6,0,0,1,0.8571428571428571
SKE1251,2010-01-18,8,8,0,0,1,0.8888888888888888
SKE1251,2010-01-19,9,9,1,0,1,0.9
SKE1251,2010-01-20,8,8,0,0,1,0.8888888888888888
SKE1251,2010-01-21,7,7,0,0,1,0.875
SKE1251,2010-01-22,7,7,0,0,1,0.875
SKE1251,2010-01-25,9,9,0,0,1,0.9
SKE1251,2010-01-26,8,8,0,0,1,0.8888888888888888
SKE1251,2010-01-27,9,9,0,0,1,0.9
SKE1251,2010-01-28,9,9,1,0,1,0.9
SKE1251,2010-01-29,9,9,0,0,1,0.9
SKE1251,2010-02-01,2,2,1,0,1,0.6666666666666666
SKH1910,2010-01-12,1,1,0,0,1,0.5
SKH1910,2010-01-13,1,1,0,0,1,0.5
SKH1910,2010-01-14,1,1,2,0,1,0.5
SKH1910,2010-01-15,1,1,0,0,1,0.5
SKH1910,2010-01-18,1,1,0,0,1,0.5
SKH1910,2010-01-25,1,1,0,0,1,0.5
SKH1910,2010-01-26,1,1,0,0,1,0.5
SKH1910,2010-01-29,2,2,0,0,1,0.6666666666666666
SKW0066,2010-01-09,1,1,0,2,1,0.5
SKW0066,2010-01-14,1,1,0,0,1,0.5
SKW0066,2010-01-23,1,1,0,2,1,0.5
SKW0066,2010-01-28,1,1,0,0,1,0.5
SKW0066,2010-01-31,1,1,0,2,1,0.5
SMK1323,2010-01-04,8,8,2,0,1,0.8888888888888888
SMK1323,2010-01-05,5,5,0,0,1,0.8333333333333334
SMK1323,2010-01-06,9,9,3,0,1,0.9
SMK1323,2010-01-07,8,8,0,0,1,0.8888888888888888
SMK1323,2010-01-08,9,9,4,0,1,0.9
SMK1323,2010-01-11,8,8,2,0,1,0.8888888888888888
SMK1323,2010-01-12,9,9,1,0,1,0.9
SMK1323,2010-01-13,8,8,0,0,1,0.8888888888888888
SMK1323,2010-01-14,7,7,2,0,1,0.875
SMK1323,2010-01-15,8,8,5,0,1,0.8888888888888888
SMK1323,2010-01-18,7,7,0,0,1,0.875
SMK1323,2010-01-19,8,8,2,0,1,0.8888888888888888
SMK1323,2010-01-20,9,9,3,0,1,0.9
SMK1323,2010-01-21,9,9,0,0,1,0.9
SMK1323,2010-01-22,9,9,2,0,1,0.9
SMK1323,2010-01-25,9,9,0,0,1,0.9
SMK1323,2010-01-26,9,9,2,0,1,0.9
SMK1323,2010-01-27,7,7,2,0,1,0.875
SMK1323,2010-01-28,7,7,0,0,1,0.875
SMK1323,2010-01-29,9,9,2,0,1,0.9
SMN0397,2010-01-04,2,2,0,0,1,0.6666666666666666
SMN0397,2010-01-07,1,1,0,0,1,0.5
SMN0397,2010-01-18,1,1,0,0,1,0.5
SMN0397,2010-01-19,2,2,0,0,1,0.6666666666666666
SMN0397,2010-01-28,3,3,0,0,1,0.75
SMW1131,2010-01-04,3,3,6,0,3,0.75
SMW1131,2010-01-05,4,4,4,0,4,0.8
SMW1131,2010-01-06,3,3,5,0,3,0.75
SMW1131,2010-01-07,5,5,10,0,5,0.8333333333333334
SMW1131,2010-01-08,4,4,8,0,4,0.8
SMW1131,2010-01-11,2,2,4,0,2,0.6666666666666666
SMW1131,2010-01-12,2,2,4,0,2,0.6666666666666666
SMW1131,2010-01-13,2,2,4,0,2,0.6666666666666666
SMW1131,2010-01-14,4,4,8,0,4,0.8
SMW1131,2010-01-15,1,1,2,0,1,0.5
SMW1131,2010-01-18,5,5,8,0,5,0.8333333333333334
SMW1131,2010-01-19,2,2,4,0,2,0.6666666666666666
SMW1131,2010-01-20,2,2,4,0,2,0.6666666666666666
SMW1131,2010-01-21,1,1,2,0,1,0.5
SMW1131,2010-01-22,1,1,2,0,1,0.5
SMW1131,2010-01-25,3,3,6,0,3,0.75
SMW1131,2010-01-26,1,1,2,0,1,0.5
SMW1131,2010-01-27,2,2,4,0,2,0.6666666666666666
SMW1131,2010-01-28,2,2,4,0,2,0.6666666666666666
SMW1131,2010-01-29,5,5,8,0,5,0.8333333333333334
SMW1131,2010-02-01,2,2,4,0,2,0.6666666666666666
SMW1764,2010-01-04,3,3,0,0,1,0.75
SMW1764,2010-01-05,3,3,0,0,1,0.75
SMW1764,2010-01-06,2,2,0,0,1,0.6666666666666666
SMW1764,2010-01-07,2,2,0,0,1,0.6666666666666666
SMW1764,2010-01-08,1,1,0,0,1,0.5
SMW1764,2010-01-11,2,2,0,0,1,0.6666666666666666
SMW1764,2010-01-12,3,3,6,0,1,0.75
SMW1764,2010-01-14,3,3,1,0,1,0.75
SMW1764,2010-01-15,1,1,0,0,1,0.5
SMW1764,2010-01-18,4,4,0,0,1,0.8
SMW1764,2010-01-20,1,1,0,0,1,0.5
SMW1764,2010-01-21,1,1,0,0,1,0.5
SMW1764,2010-01-22,3,3,2,0,1,0.75
SMW1764,2010-01-25,3,3,2,0,1,0.75
SMW1764,2010-01-26,1,1,0,0,1,0.5
SMW1764,2010-01-27,1,1,0,0,1,0.5
SMW1764,2010-01-28,4,4,2,0,1,0.8
SMW1764,2010-01-29,1,1,0,0,1,0.5
SNK1280,2010-01-04,4,4,0,0,1,0.8
SNK1280,2010-01-05,4,4,0,0,1,0.8
SNK1280,2010-01-06,4,4,0,0,1,0.8
SNK1280,2010-01-07,4,4,0,0,1,0.8
SNK1280,2010-01-08,5,5,0,0,1,0.8333333333333334
SNK1280,2010-01-11,4,4,0,0,1,0.8
SNK1280,2010-01-12,2,2,0,0,1,0.6666666666666666
SNK1280,2010-01-13,4,4,0,0,1,0.8
SNK1280,2010-01-14,2,2,0,0,1,0.6666666666666666
SNK1280,2010-01-15,4,4,0,0,1,0.8
SNK1280,2010-01-18,4,4,0,0,1,0.8
SNK1280,2010-01-19,3,3,0,0,1,0.75
SNK1280,2010-01-20,5,5,0,0,1,0.8333333333333334
SNK1280,2010-01-21,4,4,0,0,1,0.8
SNK1280,2010-01-22,3,3,0,0,1,0.75
SNK1280,2010-01-25,5,5,0,0,1,0.8333333333333334
SNK1280,2010-01-26,4,4,0,0,1,0.8
SNK1280,2010-01-27,5,5,0,0,1,0.8333333333333334
SNK1280,2010-01-28,4,4,0,0,1,0.8
SNK1280,2010-01-29,4,4,0,0,1,0.8
SOP1142,2010-01-04,2,2,0,0,1,0.6666666666666666
SOP1142,2010-01-05,2,2,0,0,1,0.6666666666666666
SOP1142,2010-01-06,1,1,0,0,1,0.5
SOP1142,2010-01-07,1,1,0,0,1,0.5
SOP1142,2010-01-08,1,1,0,0,1,0.5
SOP1142,2010-01-11,2,2,0,0,1,0.6666666666666666
SOP1142,2010-01-12,4,4,1,0,1,0.8
SOP1142,2010-01-13,1,1,0,0,1,0.5
SOP1142,2010-01-14,1,1,0,0,1,0.5
SOP1142,2010-01-15,2,2,0,0,1,0.6666666666666666
SOP1142,2010-01-18,1,1,0,0,1,0.5
SOP1142,2010-01-20,2,2,0,0,1,0.6666666666666666
SOP1142,2010-01-21,1,1,0,0,1,0.5
SOP1142,2010-01-22,1,1,0,0,1,0.5
SOP1142,2010-01-25,1,1,0,0,1,0.5
SOP1142,2010-01-26,1,1,0,0,1,0.5
SOP1142,2010-01-27,2,2,0,0,1,0.6666666666666666
SOP1142,2010-01-28,1,1,0,0,1,0.5
SOP1142,2010-01-29,1,1,0,0,1,0.5
SOP1142,2010-02-01,1,1,2,0,1,0.5
SRP1576,2010-01-06,2,2,0,0,1,0.6666666666666666
SRP1576,2010-01-07,1,1,0,0,1,0.5
SRP1576,2010-01-13,1,1,0,0,1,0.5
SRP1576,2010-01-15,1,1,0,0,1,0.5
SRP1576,2010-01-18,1,1,0,0,1,0.5
SRP1576,2010-01-22,1,1,0,0,1,0.5
SRP1576,2010-01-28,1,1,0,0,1,0.5
SSS1057,2010-01-05,1,1,0,0,1,0.5
SSS1057,2010-01-06,1,1,0,0,1,0.5
SSS1057,2010-01-07,1,1,0,0,1,0.5
SSS1057,2010-01-08,3,3,0,0,1,0.75
SSS1057,2010-01-13,1,1,0,0,1,0.5
SSS1057,2010-01-18,1,1,0,0,1,0.5
SSS1057,2010-01-19,3,3,0,0,1,0.75
SSS1057,2010-01-22,2,2,0,0,1,0.6666666666666666
SSS1057,2010-01-26,2,2,0,0,1,0.6666666666666666
SSS1057,2010-01-27,2,2,0,0,1,0.6666666666666666
SSS1057,2010-01-29,2,2,0,0,1,0.6666666666666666
SSS1129,2010-01-04,1,1,0,0,1,0.5
SSS1129,2010-01-05,5,5,6,0,5,0.8333333333333334
SSS1129,2010-01-06,4,4,8,0,4,0.8
SSS1129,2010-01-07,3,3,6,0,3,0.75
SSS1129,2010-01-08,5,5,10,0,5,0.8333333333333334
SSS1129,2010-01-11,3,3,6,0,3,0.75
SSS1129,2010-01-12,5,5,8,0,5,0.8333333333333334
SSS1129,2010-01-13,2,2,2,0,2,0.6666666666666666
SSS1129,2010-01-14,1,1,2,0,1,0.5
SSS1129,2010-01-15,1,1,2,0,1,0.5
SSS1129,2010-01-17,3,3,4,6,3,0.75
SSS1129,2010-01-18,1,1,2,0,1,0.5
SSS1129,2010-01-19,2,2,4,0,2,0.6666666666666666
SSS1129,2010-01-20,4,4,8,0,4,0.8
SSS1129,2010-01-21,4,4,8,0,4,0.8
SSS1129,2010-01-22,2,2,4,0,2,0.6666666666666666
SSS1129,2010-01-25,2,2,4,0,2,0.6666666666666666
SSS1129,2010-01-26,2,2,0,0,2,0.6666666666666666
SSS1129,2010-01-27,2,2,4,0,2,0.6666666666666666
SSS1129,2010-01-28,1,1,2,0,1,0.5
SSS1129,2010-01-29,2,2,4,0,2,0.6666666666666666
SSS1683,2010-01-04,9,9,0,0,1,0.9
SSS1683,2010-01-05,9,9,0,0,1,0.9
SSS1683,2010-01-06,7,7,2,0,1,0.875
SSS1683,2010-01-07,7,7,0,0,1,0.875
SSS1683,2010-01-08,9,9,0,0,1,0.9
SSS1683,2010-01-11,9,9,0,0,1,0.9
SSS1683,2010-01-12,7,7,0,0,1,0.875
SSS1683,2010-01-13,7,7,0,0,1,0.875
SSS1683,2010-01-14,7,7,0,0,1,0.875
SSS1683,2010-01-15,9,9,0,0,1,0.9
SSS1683,2010-01-18,6,6,0,0,1,0.8571428571428571
SSS1683,2010-01-19,7,7,0,0,1,0.875
SSS1683,2010-01-20,9,9,0,0,1,0.9
SSS1683,2010-01-21,7,7,0,0,1,0.875
SSS1683,2010-01-22,8,8,4,0,1,0.8888888888888888
SSS1683,2010-01-25,7,7,0,0,1,0.875
SSS1683,2010-01-26,8,8,0,0,1,0.8888888888888888
SSS1683,2010-01-27,8,8,0,0,1,0.8888888888888888
SSS1683,2010-01-28,9,8,0,0,1,0.9
SSS1683,2010-01-29,9,9,0,0,1,0.9
SVB0209,2010-01-04,9,9,4,0,1,0.9
SVB0209,2010-01-05,9,9,4,0,1,0.9
SVB0209,2010-01-06,9,9,1,0,1,0.9
SVB0209,2010-01-07,9,9,4,0,1,0.9
SVB0209,2010-01-08,9,9,2,0,1,0.9
SVB0209,2010-01-11,9,9,2,0,1,0.9
SVB0209,2010-01-12,9,9,0,0,1,0.9
SVB0209,2010-01-13,9,9,4,0,1,0.9
SVB0209,2010-01-14,9,9,4,0,1,0.9
SVB0209,2010-01-15,9,9,3,0,1,0.9
SVB0209,2010-01-18,9,9,4,0,1,0.9
SVB0209,2010-01-19,9,9,3,0,1,0.9
SVB0209,2010-01-20,9,9,3,0,1,0.9
SVB0209,2010-01-21,9,9,2,0,1,0.9
SVB0209,2010-01-22,8,8,8,0,1,0.8888888888888888
SVB0209,2010-01-25,9,9,2,0,1,0.9
SVB0209,2010-01-26,9,9,1,0,1,0.9
SVB0209,2010-01-27,9,9,2,0,1,0.9
SVB0209,2010-01-28,9,9,4,0,1,0.9
SVB0209,2010-01-29,9,9,2,0,1,0.9
SWM1653,2010-01-04,8,8,0,0,1,0.8888888888888888
SWM1653,2010-01-05,9,9,0,0,1,0.9
SWM1653,2010-01-06,8,8,0,0,1,0.8888888888888888
SWM1653,2010-01-07,8,8,0,0,1,0.8888888888888888
SWM1653,2010-01-08,9,9,0,0,1,0.9
SWM1653,2010-01-11,7,7,0,0,1,0.875
SWM1653,2010-01-12,9,9,0,0,1,0.9
SWM1653,2010-01-13,9,9,0,0,1,0.9
SWM1653,2010-01-14,9,8,0,0,1,0.9
SWM1653,2010-01-15,9,9,0,0,1,0.9
SWM1653,2010-01-18,9,9,0,0,1,0.9
SWM1653,2010-01-19,9,9,0,0,1,0.9
SWM1653,2010-01-20,9,9,0,0,1,0.9
SWM1653,2010-01-21,8,8,0,0,1,0.8888888888888888
SWM1653,2010-01-22,9,9,0,0,1,0.9
SWM1653,2010-01-25,9,9,0,0,1,0.9
SWM1653,2010-01-26,9,9,0,0,1,0.9
SWM1653,2010-01-27,9,9,0,0,1,0.9
SWM1653,2010-01-28,9,9,0,0,1,0.9
SWM1653,2010-01-29,6,6,0,0,1,0.8571428571428571
SWM1653,2010-02-01,1,1,0,0,1,0.5
TAW0689,2010-01-04,3,3,6,0,3,0.75
TAW0689,2010-01-05,5,5,10,0,5,0.8333333333333334
TAW0689,2010-01-06,4,4,4,0,4,0.8
TAW0689,2010-01-07,1,1,2,0,1,0.5
TAW0689,2010-01-08,1,1,2,0,1,0.5
TAW0689,2010-01-11,4,4,6,0,4,0.8
TAW0689,2010-01-12,2,2,4,0,2,0.6666666666666666
TAW0689,2010-01-13,3,3,6,0,3,0.75
TAW0689,2010-01-14,3,3,6,0,3,0.75
TAW0689,2010-01-15,3,3,6,0,3,0.75
TAW0689,2010-01-18,4,4,6,0,4,0.8
TAW0689,2010-01-19,2,2,4,0,2,0.6666666666666666
TAW0689,2010-01-20,1,1,2,0,1,0.5
TAW0689,2010-01-21,2,2,4,0,2,0.6666666666666666
TAW0689,2010-01-22,3,3,6,0,3,0.75
TAW0689,2010-01-25,1,1,2,0,1,0.5
TAW0689,2010-01-26,3,3,6,0,3,0.75
TAW0689,2010-01-27,3,3,6,0,3,0.75
TAW0689,2010-01-28,1,1,2,0,1,0.5
TAW0689,2010-01-29,3,3,6,0,3,0.75
TBA0283,2010-01-04,4,4,0,0,1,0.8
TBA0283,2010-01-05,2,2,0,0,1,0.6666666666666666
TBA0283,2010-01-08,1,1,0,0,1,0.5
TBA0283,2010-01-12,1,1,2,0,1,0.5
TBA0283,2010-01-13,4,4,0,0,1,0.8
TBA0283,2010-01-14,3,3,1,0,1,0.75
TBA0283,2010-01-15,2,2,0,0,1,0.6666666666666666
TBA0283,2010-01-18,2,2,0,0,1,0.6666666666666666
TBA0283,2010-01-19,3,3,1,0,1,0.75
TBA0283,2010-01-20,3,3,0,0,1,0.75
TBA0283,2010-01-21,2,2,1,0,1,0.6666666666666666
TBA0283,2010-01-22,2,2,0,0,1,0.6666666666666666
TBA0283,2010-01-26,3,3,2,0,1,0.75
TBA0283,2010-01-27,3,3,0,0,1,0.75
TBA0283,2010-01-28,1,1,0,0,1,0.5
TBA0283,2010-01-29,2,2,0,0,1,0.6666666666666666
TBA0283,2010-02-01,1,1,0,0,1,0.5
TCL0855,2010-01-04,4,4,0,0,1,0.8
TCL0855,2010-01-05,3,3,2,0,1,0.75
TCL0855,2010-01-06,4,4,0,0,1,0.8
TCL0855,2010-01-07,2,2,0,0,1,0.6666666666666666
TCL0855,2010-01-08,1,1,0,0,1,0.5
TCL0855,2010-01-11,4,4,0,0,1,0.8
TCL0855,2010-01-12,4,4,0,0,1,0.8
TCL0855,2010-01-13,3,3,2,0,1,0.75
TCL0855,2010-01-14,2,2,0,0,1,0.6666666666666666
TCL0855,2010-01-15,4,4,2,0,1,0.8
TCL0855,2010-01-18,4,4,0,0,1,0.8
TCL0855,2010-01-19,3,3,2,0,1,0.75
TCL0855,2010-01-20,2,2,0,0,1,0.6666666666666666
TCL0855,2010-01-21,3,3,2,0,1,0.75
TCL0855,2010-01-22,3,3,2,0,1,0.75
TCL0855,2010-01-25,2,2,1,0,1,0.6666666666666666
TCL0855,2010-01-26,3,3,1,0,1,0.75
TCL0855,2010-01-27,2,2,0,0,1,0.6666666666666666
TCL0855,2010-01-28,2,2,0,0,1,0.6666666666666666
TCL0855,2010-01-29,4,4,2,0,1,0.8
TIH0573,2010-01-04,1,1,0,0,1,0.5
TIH0573,2010-01-06,2,2,0,0,1,0.6666666666666666
TIH0573,2010-01-11,1,1,0,0,1,0.5
TIH0573,2010-01-12,1,1,0,0,1,0.5
TIH0573,2010-01-13,1,1,0,0,1,0.5
TIH0573,2010-01-20,1,1,2,0,1,0.5
TIH0573,2010-01-22,2,2,3,0,1,0.6666666666666666
TLB0894,2010-01-04,3,3,0,0,1,0.75
TLB0894,2010-01-05,3,3,0,0,1,0.75
TLB0894,2010-01-06,2,2,0,0,1,0.6666666666666666
TLB0894,2010-01-07,4,4,0,0,1,0.8
TLB0894,2010-01-08,5,5,0,0,1,0.8333333333333334
TLB0894,2010-01-11,3,3,0,0,1,0.75
TLB0894,2010-01-12,3,3,0,0,1,0.75
TLB0894,2010-01-13,4,4,0,0,1,0.8
TLB0894,2010-01-14,1,1,0,0,1,0.5
TLB0894,2010-01-15,5,5,0,0,1,0.8333333333333334
TLB0894,2010-01-18,4,4,2,0,1,0.8
TLB0894,2010-01-19,2,2,0,0,1,0.6666666666666666
TLB0894,2010-01-20,3,3,0,0,1,0.75
TLB0894,2010-01-21,4,4,0,0,1,0.8
TLB0894,2010-01-22,4,4,0,0,1,0.8
TLB0894,2010-01-25,3,3,0,0,1,0.75
TLB0894,2010-01-26,2,2,0,0,1,0.6666666666666666
TLB0894,2010-01-27,3,3,0,0,1,0.75
TLB0894,2010-01-28,4,4,1,0,1,0.8
TLB0894,2010-01-29,2,2,1,0,1,0.6666666666666666
TLM0421,2010-01-04,1,1,2,0,1,0.5
TLM0421,2010-01-06,1,1,0,0,1,0.5
TLM0421,2010-01-14,1,1,0,0,1,0.5
TLM0421,2010-01-17,1,1,0,2,1,0.5
TLM0421,2010-01-19,1,1,0,0,1,0.5
TMT0851,2010-01-05,1,1,0,0,1,0.5
TMT0851,2010-01-06,1,1,0,0,1,0.5
TMT0851,2010-01-07,2,1,0,0,1,0.6666666666666666
TMT0851,2010-01-29,1,1,0,0,1,0.5
TNB1616,2010-01-08,1,1,0,0,1,0.5
TNB1616,2010-01-11,1,1,0,0,1,0.5
TNB1616,2010-01-13,2,2,0,0,1,0.6666666666666666
TNB1616,2010-01-19,2,2,1,0,1,0.6666666666666666
TNB1616,2010-01-20,1,1,0,0,1,0.5
TNB1616,2010-01-25,1,1,2,0,1,0.5
TNB1616,2010-01-26,1,1,0,0,1,0.5
TNB1616,2010-01-27,1,1,2,0,1,0.5
TNB1616,2010-01-29,1,1,0,0,1,0.5
TRC1838,2010-01-04,4,4,0,0,1,0.8
TRC1838,2010-01-05,5,5,0,0,1,0.8333333333333334
TRC1838,2010-01-06,5,5,0,0,1,0.8333333333333334
TRC1838,2010-01-07,5,5,0,0,1,0.8333333333333334
TRC1838,2010-01-08,5,5,0,0,1,0.8333333333333334
TRC1838,2010-01-11,5,5,0,0,1,0.8333333333333334
TRC1838,2010-01-12,5,5,0,0,1,0.8333333333333334
TRC1838,2010-01-13,5,5,0,0,1,0.8333333333333334
TRC1838,2010-01-14,5,5,0,0,1,0.8333333333333334
TRC1838,2010-01-15,5,5,0,0,1,0.8333333333333334
TRC1838,2010-01-18,5,5,0,0,1,0.8333333333333334
TRC1838,2010-01-19,5,5,0,0,1,0.8333333333333334
TRC1838,2010-01-20,5,5,0,0,1,0.8333333333333334
TRC1838,2010-01-21,5,5,0,0,1,0.8333333333333334
TRC1838,2010-01-22,5,4,0,0,1,0.8333333333333334
TRC1838,2010-01-25,5,5,0,0,1,0.8333333333333334
TRC1838,2010-01-26,5,5,0,0,1,0.8333333333333334
TRC1838,2010-01-27,5,5,0,0,1,0.8333333333333334
TRC1838,2010-01-28,6,5,0,0,1,0.8571428571428571
TRC1838,2010-01-29,5,5,0,0,1,0.8333333333333334
TRC1838,2010-02-01,1,1,0,0,1,0.5
TSG0262,2010-01-02,1,1,0,2,1,0.5
TSG0262,2010-01-05,1,1,0,0,1,0.5
TSG0262,2010-01-06,1,1,0,0,1,0.5
TSG0262,2010-01-07,2,2,0,0,1,0.6666666666666666
TSG0262,2010-01-09,1,1,0,2,1,0.5
TSG0262,2010-01-19,1,1,0,0,1,0.5
TSG0262,2010-01-22,1,1,0,0,1,0.5
TSG0262,2010-01-25,1,1,0,0,1,0.5
TSG0262,2010-01-27,1,1,0,0,1,0.5
TSG0262,2010-01-28,2,2,0,0,1,0.6666666666666666
TSG0262,2010-01-29,1,1,0,0,1,0.5
TSG0262,2010-01-30,2,2,1,4,1,0.6666666666666666
TSG0262,2010-02-01,1,1,0,0,1,0.5
USW1994,2010-01-04,8,8,0,0,1,0.8888888888888888
USW1994,2010-01-05,7,7,3,0,1,0.875
USW1994,2010-01-06,10,10,8,0,1,0.9090909090909091
USW1994,2010-01-07,8,8,2,0,1,0.8888888888888888
USW1994,2010-01-08,9,9,3,0,1,0.9
USW1994,2010-01-11,7,7,2,0,1,0.875
USW1994,2010-01-12,8,8,2,0,1,0.8888888888888888
USW1994,2010-01-13,9,9,5,0,1,0.9
USW1994,2010-01-14,8,8,0,0,1,0.8888888888888888
USW1994,2010-01-15,9,9,0,0,1,0.9
USW1994,2010-01-18,9,9,4,0,1,0.9
USW1994,2010-01-19,8,8,1,0,1,0.8888888888888888
USW1994,2010-01-20,9,9,0,0,1,0.9
USW1994,2010-01-21,10,10,0,0,1,0.9090909090909091
USW1994,2010-01-22,9,9,0,0,1,0.9
USW1994,2010-01-25,9,9,8,0,1,0.9
USW1994,2010-01-26,7,7,12,0,1,0.875
USW1994,2010-01-27,8,8,6,0,1,0.8888888888888888
USW1994,2010-01-28,9,9,0,0,1,0.9
USW1994,2010-01-29,8,8,0,0,1,0.8888888888888888
VCF1602,2010-01-03,5,5,0,10,1,0.8333333333333334
VCF1602,2010-01-04,5,5,1,0,1,0.8333333333333334
VCF1602,2010-01-05,5,5,0,0,1,0.8333333333333334
VCF1602,2010-01-06,5,5,3,0,1,0.8333333333333334
VCF1602,2010-01-07,5,5,1,0,1,0.8333333333333334
VCF1602,2010-01-08,5,5,1,0,1,0.8333333333333334
VCF1602,2010-01-09,5,5,1,10,1,0.8333333333333334
VCF1602,2010-01-10,5,5,0,10,1,0.8333333333333334
VCF1602,2010-01-11,5,4,0,0,1,0.8333333333333334
VCF1602,2010-01-12,5,5,2,0,1,0.8333333333333334
VCF1602,2010-01-13,5,5,1,0,1,0.8333333333333334
VCF1602,2010-01-14,5,5,2,0,1,0.8333333333333334
VCF1602,2010-01-15,5,5,0,0,1,0.8333333333333334
VCF1602,2010-01-16,5,5,4,10,1,0.8333333333333334
VCF1602,2010-01-17,5,5,0,10,1,0.8333333333333334
VCF1602,2010-01-18,5,5,0,0,1,0.8333333333333334
VCF1602,2010-01-19,5,5,0,0,1,0.8333333333333334
VCF1602,2010-01-20,5,5,0,0,1,0.8333333333333334
VCF1602,2010-01-21,5,5,0,0,1,0.8333333333333334
VCF1602,2010-01-22,5,5,2,0,1,0.8333333333333334
VCF1602,2010-01-23,5,5,3,10,1,0.8333333333333334
VCF1602,2010-01-24,5,5,2,10,1,0.8333333333333334
VCF1602,2010-01-25,5,5,0,0,1,0.8333333333333334
VCF1602,2010-01-26,5,5,2,0,1,0.8333333333333334
VCF1602,2010-01-27,5,5,0,0,1,0.8333333333333334
VCF1602,2010-01-28,5,5,0,0,1,0.8333333333333334
VCF1602,2010-01-29,5,5,1,0,1,0.8333333333333334
VCF1602,2010-01-31,5,5,0,10,1,0.8333333333333334
VCM0992,2010-01-08,1,1,0,0,1,0.5
VCM0992,2010-01-13,1,1,0,0,1,0.5
VCM0992,2010-01-21,2,1,0,0,1,0.6666666666666666
VCM0992,2010-01-22,2,2,0,0,1,0.6666666666666666
VCM0992,2010-01-25,1,1,0,0,1,0.5
VFA1284,2010-01-04,9,9,0,0,1,0.9
VFA1284,2010-01-05,7,7,0,0,1,0.875
VFA1284,2010-01-06,9,9,0,0,1,0.9
VFA1284,2010-01-07,9,9,0,0,1,0.9
VFA1284,2010-01-08,6,6,0,0,1,0.8571428571428571
VFA1284,2010-01-11,7,7,0,0,1,0.875
VFA1284,2010-01-12,8,8,0,0,1,0.8888888888888888
VFA1284,2010-01-13,6,6,0,0,1,0.8571428571428571
VFA1284,2010-01-14,8,8,0,0,1,0.8888888888888888
VFA1284,2010-01-15,7,7,0,0,1,0.875
VFA1284,2010-01-18,8,8,0,0,1,0.8888888888888888
VFA1284,2010-01-19,8,8,0,0,1,0.8888888888888888
VFA1284,2010-01-20,9,9,0,0,1,0.9
VFA1284,2010-01-21,9,9,0,0,1,0.9
VFA1284,2010-01-22,8,8,0,0,1,0.8888888888888888
VFA1284,2010-01-25,9,9,0,0,1,0.9
VFA1284,2010-01-26,7,7,0,0,1,0.875
VFA1284,2010-01-27,8,8,1,0,1,0.8888888888888888
VFA1284,2010-01-28,7,7,0,0,1,0.875
VFA1284,2010-01-29,8,8,0,0,1,0.8888888888888888
VFA1284,2010-02-01,2,1,1,0,1,0.6666666666666666
VMP1252,2010-01-04,2,2,0,0,1,0.6666666666666666
VMP1252,2010-01-05,1,1,0,0,1,0.5
VMP1252,2010-01-06,1,1,0,0,1,0.5
VMP1252,2010-01-08,1,1,0,0,1,0.5
VMP1252,2010-01-12,1,1,0,0,1,0.5
VMP1252,2010-01-14,1,1,0,0,1,0.5
VMP1252,2010-01-15,3,3,0,0,1,0.75
VMP1252,2010-01-18,2,2,0,0,1,0.6666666666666666
VMP1252,2010-01-20,1,1,0,0,1,0.5
VMP1252,2010-01-22,1,1,0,0,1,0.5
VMP1252,2010-01-25,1,1,0,0,1,0.5
VMP1252,2010-01-26,1,1,0,0,1,0.5
VMP1252,2010-01-27,2,2,0,0,1,0.6666666666666666
VMP1252,2010-01-29,1,1,0,0,1,0.5
VRP0267,2010-01-02,4,4,8,8,4,0.8
VRP0267,2010-01-03,1,1,0,2,1,0.5
VRP0267,2010-01-04,4,4,8,0,4,0.8
VRP0267,2010-01-05,1,1,2,0,1,0.5
VRP0267,2010-01-06,3,3,6,0,3,0.75
VRP0267,2010-01-07,4,4,6,0,4,0.8
VRP0267,2010-01-08,2,2,4,0,2,0.6666666666666666
VRP0267,2010-01-09,3,3,6,6,3,0.75
VRP0267,2010-01-10,1,1,2,2,1,0.5
VRP0267,2010-01-11,5,5,10,0,5,0.8333333333333334
VRP0267,2010-01-12,3,3,6,0,3,0.75
VRP0267,2010-01-13,3,3,6,0,3,0.75
VRP0267,2010-01-14,3,3,6,0,3,0.75
VRP0267,2010-01-15,1,1,2,0,1,0.5
VRP0267,2010-01-16,5,5,6,10,5,0.8333333333333334
VRP0267,2010-01-17,2,2,2,4,2,0.6666666666666666
VRP0267,2010-01-18,2,2,4,0,2,0.6666666666666666
VRP0267,2010-01-19,2,2,2,0,2,0.6666666666666666
VRP0267,2010-01-20,3,3,6,0,3,0.75
VRP0267,2010-01-21,1,1,2,0,1,0.5
VRP0267,2010-01-22,4,4,6,0,4,0.8
VRP0267,2010-01-23,5,5,6,10,5,0.8333333333333334
VRP0267,2010-01-24,4,4,6,8,4,0.8
VRP0267,2010-01-25,5,5,10,0,5,0.8333333333333334
VRP0267,2010-01-26,2,2,4,0,2,0.6666666666666666
VRP0267,2010-01-27,5,5,10,0,5,0.8333333333333334
VRP0267,2010-01-28,4,4,6,0,4,0.8
VRP0267,2010-01-29,5,5,10,0,5,0.8333333333333334
VRP0267,2010-01-30,1,1,0,2,1,0.5
VRP0267,2010-01-31,1,1,2,2,1,0.5
VSH1899,2010-01-04,8,8,2,0,1,0.8888888888888888
VSH1899,2010-01-05,9,9,8,0,1,0.9
VSH1899,2010-01-06,9,8,5,0,1,0.9
VSH1899,2010-01-07,9,9,4,0,1,0.9
VSH1899,2010-01-08,9,9,7,0,1,0.9
VSH1899,2010-01-11,9,9,5,0,1,0.9
VSH1899,2010-01-12,9,9,4,0,1,0.9
VSH1899,2010-01-13,9,9,0,0,1,0.9
VSH1899,2010-01-14,9,9,12,0,1,0.9
VSH1899,2010-01-15,9,9,2,0,1,0.9
VSH1899,2010-01-18,9,9,4,0,1,0.9
VSH1899,2010-01-19,9,9,3,0,1,0.9
VSH1899,2010-01-20,9,9,4,0,1,0.9
VSH1899,2010-01-21,9,9,4,0,1,0.9
VSH1899,2010-01-22,9,9,2,0,1,0.9
VSH1899,2010-01-25,9,9,5,0,1,0.9
VSH1899,2010-01-26,9,9,6,0,1,0.9
VSH1899,2010-01-27,9,9,2,0,1,0.9
VSH1899,2010-01-28,9,9,6,0,1,0.9
VSH1899,2010-01-29,8,8,5,0,1,0.8888888888888888
WBK1077,2010-01-04,1,1,0,0,1,0.5
WBK1077,2010-01-05,1,1,0,0,1,0.5
WBK1077,2010-01-07,1,1,0,0,1,0.5
WBK1077,2010-01-11,2,2,0,0,1,0.6666666666666666
WBK1077,2010-01-13,1,1,0,0,1,0.5
WBK1077,2010-01-14,1,1,0,0,1,0.5
WBK1077,2010-01-15,1,1,0,0,1,0.5
WBK1077,2010-01-20,2,2,0,0,1,0.6666666666666666
WBK1077,2010-01-21,2,2,0,0,1,0.6666666666666666
WBK1077,2010-01-25,1,1,0,0,1,0.5
WBK1077,2010-01-26,1,1,0,0,1,0.5
WBK1077,2010-01-28,1,1,0,0,1,0.5
WCN0261,2010-01-04,9,9,0,0,1,0.9
WCN0261,2010-01-05,9,9,0,0,1,0.9
WCN0261,2010-01-06,9,9,0,0,1,0.9
WCN0261,2010-01-07,9,9,0,0,1,0.9
WCN0261,2010-01-08,9,9,0,0,1,0.9
WCN0261,2010-01-11,9,9,0,0,1,0.9
WCN0261,2010-01-12,9,9,0,0,1,0.9
WCN0261,2010-01-13,9,9,1,0,1,0.9
WCN0261,2010-01-14,9,9,0,0,1,0.9
WCN0261,2010-01-15,9,9,0,0,1,0.9
WCN0261,2010-01-18,8,8,0,0,1,0.8888888888888888
WCN0261,2010-01-19,9,9,0,0,1,0.9
WCN0261,2010-01-20,7,7,0,0,1,0.875
WCN0261,2010-01-21,9,9,0,0,1,0.9
WCN0261,2010-01-22,9,9,0,0,1,0.9
WCN0261,2010-01-25,9,9,0,0,1,0.9
WCN0261,2010-01-26,7,7,1,0,1,0.875
WCN0261,2010-01-27,9,9,0,0,1,0.9
WCN0261,2010-01-28,9,9,0,0,1,0.9
WCN0261,2010-01-29,9,9,0,0,1,0.9
WCN0261,2010-02-01,1,1,1,0,1,0.5
WDS1286,2010-01-05,1,1,0,0,1,0.5
WDS1286,2010-01-07,1,1,0,0,1,0.5
WDS1286,2010-01-13,2,2,0,0,1,0.6666666666666666
WDS1286,2010-01-18,1,1,0,0,1,0.5
WDS1286,2010-01-21,1,1,0,0,1,0.5
WDT1634,2010-01-04,5,5,0,0,1,0.8333333333333334
WDT1634,2010-01-05,5,5,0,0,1,0.8333333333333334
WDT1634,2010-01-06,5,5,0,0,1,0.8333333333333334
WDT1634,2010-01-07,5,5,0,0,1,0.8333333333333334
WDT1634,2010-01-08,5,5,0,0,1,0.8333333333333334
WDT1634,2010-01-11,5,5,0,0,1,0.8333333333333334
WDT1634,2010-01-12,5,5,0,0,1,0.8333333333333334
WDT1634,2010-01-13,5,5,0,0,1,0.8333333333333334
WDT1634,2010-01-14,5,5,0,0,1,0.8333333333333334
WDT1634,2010-01-15,5,5,0,0,1,0.8333333333333334
WDT1634,2010-01-18,5,5,0,0,1,0.8333333333333334
WDT1634,2010-01-19,5,5,0,0,1,0.8333333333333334
WDT1634,2010-01-20,5,5,0,0,1,0.8333333333333334
WDT1634,2010-01-21,5,5,0,0,1,0.8333333333333334
WDT1634,2010-01-22,5,5,0,0,1,0.8333333333333334
WDT1634,2010-01-25,5,5,0,0,1,0.8333333333333334
WDT1634,2010-01-26,5,5,0,0,1,0.8333333333333334
WDT1634,2010-01-27,5,4,0,0,1,0.8333333333333334
WDT1634,2010-01-28,5,5,0,0,1,0.8333333333333334
WDT1634,2010-01-29,5,5,0,0,1,0.8333333333333334
WIR1720,2010-01-03,8,8,0,16,1,0.8888888888888888
WIR1720,2010-01-04,9,9,0,0,1,0.9
WIR1720,2010-01-05,8,8,0,0,1,0.8888888888888888
WIR1720,2010-01-06,9,9,1,0,1,0.9
WIR1720,2010-01-07,9,9,0,0,1,0.9
WIR1720,2010-01-08,7,6,0,0,1,0.875
WIR1720,2010-01-10,8,8,0,16,1,0.8888888888888888
WIR1720,2010-01-11,8,8,0,0,1,0.8888888888888888
WIR1720,2010-01-12,9,9,0,0,1,0.9
WIR1720,2010-01-13,8,8,12,0,1,0.8888888888888888
WIR1720,2010-01-14,9,9,0,0,1,0.9
WIR1720,2010-01-15,9,9,2,0,1,0.9
WIR1720,2010-01-16,9,9,0,18,1,0.9
WIR1720,2010-01-18,8,8,1,0,1,0.8888888888888888
WIR1720,2010-01-19,9,9,0,0,1,0.9
WIR1720,2010-01-20,9,9,2,0,1,0.9
WIR1720,2010-01-21,9,9,0,0,1,0.9
WIR1720,2010-01-22,9,9,0,0,1,0.9
WIR1720,2010-01-24,7,7,0,14,1,0.875
WIR1720,2010-01-25,9,9,1,0,1,0.9
WIR1720,2010-01-26,8,8,0,0,1,0.8888888888888888
WIR1720,2010-01-27,9,9,0,0,1,0.9
WIR1720,2010-01-28,7,7,0,0,1,0.875
WIR1720,2010-01-29,7,7,0,0,1,0.875
WIR1720,2010-01-30,9,8,0,17,1,0.9
WIR1720,2010-01-31,8,8,0,16,1,0.8888888888888888
WIR1720,2010-02-01,1,1,0,0,1,0.5
WJM1922,2010-01-06,1,1,0,0,1,0.5
WJM1922,2010-01-11,2,2,1,0,1,0.6666666666666666
WJM1922,2010-01-15,2,1,2,0,1,0.6666666666666666
WJM1922,2010-01-19,1,1,1,0,1,0.5
WJM1922,2010-01-20,2,2,3,0,1,0.6666666666666666
WJM1922,2010-01-21,1,1,0,0,1,0.5
WJM1922,2010-01-22,1,1,0,0,1,0.5
WJM1922,2010-01-26,2,2,0,0,1,0.6666666666666666
WLP0123,2010-01-04,6,6,2,0,1,0.8571428571428571
WLP0123,2010-01-05,2,2,1,0,1,0.6666666666666666
WLP0123,2010-01-06,3,3,2,0,1,0.75
WLP0123,2010-01-07,5,5,1,0,1,0.8333333333333334
WLP0123,2010-01-08,5,5,2,0,1,0.8333333333333334
WLP0123,2010-01-11,4,3,2,0,1,0.8
WLP0123,2010-01-12,5,5,0,0,1,0.8333333333333334
WLP0123,2010-01-13,3,3,2,0,1,0.75
WLP0123,2010-01-14,5,5,2,0,1,0.8333333333333334
WLP0123,2010-01-15,4,4,1,0,1,0.8
WLP0123,2010-01-18,3,3,0,0,1,0.75
WLP0123,2010-01-19,5,5,0,0,1,0.8333333333333334
WLP0123,2010-01-20,3,3,2,0,1,0.75
WLP0123,2010-01-21,2,2,0,0,1,0.6666666666666666
WLP0123,2010-01-22,2,2,0,0,1,0.6666666666666666
WLP0123,2010-01-25,3,3,2,0,1,0.75
WLP0123,2010-01-26,3,3,0,0,1,0.75
WLP0123,2010-01-27,5,5,2,0,1,0.8333333333333334
WLP0123,2010-01-28,4,4,2,0,1,0.8
WLP0123,2010-01-29,5,5,2,0,1,0.8333333333333334
WTC0699,2010-01-03,6,6,4,12,1,0.8571428571428571
WTC0699,2010-01-04,7,7,4,0,1,0.875
WTC0699,2010-01-05,8,7,0,0,1,0.8888888888888888
WTC0699,2010-01-06,6,6,6,0,1,0.8571428571428571
WTC0699,2010-01-07,7,7,5,0,1,0.875
WTC0699,2010-01-08,7,7,6,0,1,0.875
WTC0699,2010-01-10,9,9,5,18,1,0.9
WTC0699,2010-01-11,7,7,2,0,1,0.875
WTC0699,2010-01-12,7,7,2,0,1,0.875
WTC0699,2010-01-13,6,6,2,0,1,0.8571428571428571
WTC0699,2010-01-14,8,8,4,0,1,0.8888888888888888
WTC0699,2010-01-15,9,9,3,0,1,0.9
WTC0699,2010-01-18,5,5,5,0,1,0.8333333333333334
WTC0699,2010-01-19,8,8,3,0,1,0.8888888888888888
WTC0699,2010-01-20,8,8,2,0,1,0.8888888888888888
WTC0699,2010-01-21,8,8,9,0,1,0.8888888888888888
WTC0699,2010-01-22,7,7,2,0,1,0.875
WTC0699,2010-01-24,8,8,1,16,1,0.8888888888888888
WTC0699,2010-01-25,8,8,2,0,1,0.8888888888888888
WTC0699,2010-01-26,9,9,3,0,1,0.9
WTC0699,2010-01-27,7,7,4,0,1,0.875
WTC0699,2010-01-28,9,9,5,0,1,0.9
WTC0699,2010-01-29,9,9,4,0,1,0.9
WTC0699,2010-01-31,7,7,14,14,1,0.875
XMG1579,2010-01-04,3,3,0,0,1,0.75
XMG1579,2010-01-05,3,3,1,0,1,0.75
XMG1579,2010-01-06,2,2,0,0,1,0.6666666666666666
XMG1579,2010-01-07,4,4,0,0,1,0.8
XMG1579,2010-01-08,4,4,2,0,1,0.8
XMG1579,2010-01-11,3,3,0,0,1,0.75
XMG1579,2010-01-12,2,2,1,0,1,0.6666666666666666
XMG1579,2010-01-13,5,5,1,0,1,0.8333333333333334
XMG1579,2010-01-14,4,3,2,0,1,0.8
XMG1579,2010-01-15,2,2,0,0,1,0.6666666666666666
XMG1579,2010-01-18,3,3,2,0,1,0.75
XMG1579,2010-01-19,2,2,0,0,1,0.6666666666666666
XMG1579,2010-01-20,5,5,2,0,1,0.8333333333333334
XMG1579,2010-01-21,3,3,1,0,1,0.75
XMG1579,2010-01-22,4,3,0,0,1,0.8
XMG1579,2010-01-25,2,2,0,0,1,0.6666666666666666
XMG1579,2010-01-26,6,6,0,0,1,0.8571428571428571
XMG1579,2010-01-27,2,2,4,0,1,0.6666666666666666
XMG1579,2010-01-28,4,4,2,0,1,0.8
XMG1579,2010-01-29,3,3,0,0,1,0.75
XMG1579,2010-02-01,1,1,2,0,1,0.5
XNC1338,2010-01-02,1,1,0,2,1,0.5
XNC1338,2010-01-05,1,1,0,0,1,0.5
XNC1338,2010-01-06,2,2,0,0,1,0.6666666666666666
XNC1338,2010-01-08,3,3,0,0,1,0.75
XNC1338,2010-01-10,2,2,0,4,1,0.6666666666666666
XNC1338,2010-01-11,1,1,0,0,1,0.5
XNC1338,2010-01-12,2,2,0,0,1,0.6666666666666666
XNC1338,2010-01-13,2,2,0,0,1,0.6666666666666666
XNC1338,2010-01-15,2,2,1,0,1,0.6666666666666666
XNC1338,2010-01-16,2,2,0,4,1,0.6666666666666666
XNC1338,2010-01-18,3,3,0,0,1,0.75
XNC1338,2010-01-20,3,3,0,0,1,0.75
XNC1338,2010-01-21,3,3,0,0,1,0.75
XNC1338,2010-01-22,1,1,0,0,1,0.5
XNC1338,2010-01-23,2,2,0,4,1,0.6666666666666666
XNC1338,2010-01-24,2,2,0,4,1,0.6666666666666666
XNC1338,2010-01-25,3,3,0,0,1,0.75
XNC1338,2010-01-26,4,4,0,0,1,0.8
XNC1338,2010-01-27,2,2,0,0,1,0.6666666666666666
XNC1338,2010-01-28,2,2,0,0,1,0.6666666666666666
XNC1338,2010-01-29,2,2,0,0,1,0.6666666666666666
XNC1338,2010-01-31,3,3,0,6,1,0.75
XNC1338,2010-02-01,1,1,0,0,1,0.5
YBH0948,2010-01-06,1,1,0,0,1,0.5
YBH0948,2010-01-07,1,1,0,0,1,0.5
YBH0948,2010-01-08,2,2,0,0,1,0.6666666666666666
YBH0948,2010-01-12,2,2,1,0,1,0.6666666666666666
YBH0948,2010-01-13,2,2,0,0,1,0.6666666666666666
YBH0948,2010-01-15,1,1,2,0,1,0.5
YBH0948,2010-01-19,1,1,0,0,1,0.5
YBH0948,2010-01-20,2,2,3,0,1,0.6666666666666666
YBH0948,2010-01-21,4,4,2,0,1,0.8
YBH0948,2010-01-22,1,1,0,0,1,0.5
YBH0948,2010-01-25,1,1,0,0,1,0.5
YBH0948,2010-01-26,1,1,0,0,1,0.5
YBH0948,2010-01-27,2,2,0,0,1,0.6666666666666666
YBH0948,2010-01-28,2,2,0,0,1,0.6666666666666666
YBH0948,2010-01-29,1,1,0,0,1,0.5
YCC0119,2010-01-04,1,1,0,0,1,0.5
YCC0119,2010-01-05,3,3,0,0,1,0.75
YCC0119,2010-01-07,2,2,0,0,1,0.6666666666666666
YCC0119,2010-01-08,3,3,0,0,1,0.75
YCC0119,2010-01-11,2,2,2,0,1,0.6666666666666666
YCC0119,2010-01-12,3,3,0,0,1,0.75
YCC0119,2010-01-13,4,4,0,0,1,0.8
YCC0119,2010-01-14,2,2,0,0,1,0.6666666666666666
YCC0119,2010-01-18,2,2,0,0,1,0.6666666666666666
YCC0119,2010-01-19,1,1,0,0,1,0.5
YCC0119,2010-01-22,3,3,0,0,1,0.75
YCC0119,2010-01-25,2,2,0,0,1,0.6666666666666666
YCC0119,2010-01-26,2,2,0,0,1,0.6666666666666666
YCC0119,2010-01-27,3,3,0,0,1,0.75
YCC0119,2010-01-28,2,2,0,0,1,0.6666666666666666
YCC0119,2010-01-29,1,1,0,0,1,0.5
YHO0982,2010-01-05,3,3,1,0,1,0.75
YHO0982,2010-01-06,2,2,1,0,1,0.6666666666666666
YHO0982,2010-01-08,2,2,0,0,1,0.6666666666666666
YHO0982,2010-01-11,1,1,0,0,1,0.5
YHO0982,2010-01-12,2,2,2,0,1,0.6666666666666666
YHO0982,2010-01-13,1,1,0,0,1,0.5
YHO0982,2010-01-14,2,2,0,0,1,0.6666666666666666
YHO0982,2010-01-15,2,2,0,0,1,0.6666666666666666
YHO0982,2010-01-18,1,1,0,0,1,0.5
YHO0982,2010-01-19,1,1,0,0,1,0.5
YHO0982,2010-01-22,2,2,0,0,1,0.6666666666666666
YHO0982,2010-01-26,2,2,0,0,1,0.6666666666666666
YHO0982,2010-01-27,1,1,0,0,1,0.5
YHO0982,2010-01-28,2,2,0,0,1,0.6666666666666666
YHO0982,2010-01-29,3,3,0,0,1,0.75
YIN0342,2010-01-04,4,4,0,0,1,0.8
YIN0342,2010-01-05,5,5,0,0,1,0.8333333333333334
YIN0342,2010-01-06,2,2,0,0,1,0.6666666666666666
YIN0342,2010-01-07,3,3,0,0,1,0.75
YIN0342,2010-01-08,4,4,0,0,1,0.8
YIN0342,2010-01-11,3,3,0,0,1,0.75
YIN0342,2010-01-12,3,3,0,0,1,0.75
YIN0342,2010-01-13,3,3,0,0,1,0.75
YIN0342,2010-01-14,3,3,0,0,1,0.75
YIN0342,2010-01-18,5,5,0,0,1,0.8333333333333334
YIN0342,2010-01-19,2,2,0,0,1,0.6666666666666666
YIN0342,2010-01-20,1,1,0,0,1,0.5
YIN0342,2010-01-21,5,5,0,0,1,0.8333333333333334
YIN0342,2010-01-22,4,4,0,0,1,0.8
YIN0342,2010-01-25,4,4,0,0,1,0.8
YIN0342,2010-01-26,2,2,0,0,1,0.6666666666666666
YIN0342,2010-01-27,3,3,0,0,1,0.75
YIN0342,2010-01-28,3,3,0,0,1,0.75
YIN0342,2010-01-29,3,3,0,0,1,0.75
YIN0342,2010-02-01,1,0,0,0,1,0.5
YJB0171,2010-01-05,1,1,0,0,1,0.5
YJB0171,2010-01-07,2,2,0,0,1,0.6666666666666666
YJB0171,2010-01-17,1,1,0,2,1,0.5
YJB0171,2010-01-26,1,1,0,0,1,0.5
YJB0171,2010-01-28,2,2,0,0,1,0.6666666666666666
YNO0103,2010-01-14,1,1,0,0,1,0.5
YNO0103,2010-01-19,1,1,0,0,1,0.5
YNO0103,2010-01-26,2,2,0,0,1,0.6666666666666666
YNO0103,2010-01-27,1,1,0,0,1,0.5
YWF1562,2010-01-04,9,9,0,0,1,0.9
YWF1562,2010-01-05,9,9,1,0,1,0.9
YWF1562,2010-01-06,9,9,0,0,1,0.9
YWF1562,2010-01-07,9,9,1,0,1,0.9
YWF1562,2010-01-08,9,9,0,0,1,0.9
YWF1562,2010-01-11,9,9,0,0,1,0.9
YWF1562,2010-01-12,7,7,0,0,1,0.875
YWF1562,2010-01-13,9,9,0,0,1,0.9
YWF1562,2010-01-14,9,9,0,0,1,0.9
YWF1562,2010-01-15,8,8,3,0,1,0.8888888888888888
YWF1562,2010-01-18,9,9,0,0,1,0.9
YWF1562,2010-01-19,7,7,0,0,1,0.875
YWF1562,2010-01-20,9,9,2,0,1,0.9
YWF1562,2010-01-21,9,9,0,0,1,0.9
YWF1562,2010-01-22,8,7,1,0,1,0.8888888888888888
YWF1562,2010-01-25,9,9,0,0,1,0.9
YWF1562,2010-01-26,9,9,0,0,1,0.9
YWF1562,2010-01-27,8,8,0,0,1,0.8888888888888888
YWF1562,2010-01-28,8,8,0,0,1,0.8888888888888888
YWF1562,2010-01-29,9,9,0,0,1,0.9
ZIE0741,2010-01-04,5,5,0,0,1,0.8333333333333334
ZIE0741,2010-01-05,5,5,3,0,1,0.8333333333333334
ZIE0741,2010-01-06,5,5,1,0,1,0.8333333333333334
ZIE0741,2010-01-07,5,5,0,0,1,0.8333333333333334
ZIE0741,2010-01-08,5,5,2,0,1,0.8333333333333334
ZIE0741,2010-01-11,5,5,1,0,1,0.8333333333333334
ZIE0741,2010-01-12,5,5,2,0,1,0.8333333333333334
ZIE0741,2010-01-13,5,5,2,0,1,0.8333333333333334
ZIE0741,2010-01-14,5,5,1,0,1,0.8333333333333334
ZIE0741,2010-01-15,5,5,0,0,1,0.8333333333333334
ZIE0741,2010-01-18,5,5,0,0,1,0.8333333333333334
ZIE0741,2010-01-19,5,5,0,0,1,0.8333333333333334
ZIE0741,2010-01-20,5,5,1,0,1,0.8333333333333334
ZIE0741,2010-01-21,5,5,1,0,1,0.8333333333333334
ZIE0741,2010-01-22,5,5,3,0,1,0.8333333333333334
ZIE0741,2010-01-25,5,5,0,0,1,0.8333333333333334
ZIE0741,2010-01-26,5,5,0,0,1,0.8333333333333334
ZIE0741,2010-01-27,5,5,1,0,1,0.8333333333333334
ZIE0741,2010-01-28,5,5,0,0,1,0.8333333333333334
ZIE0741,2010-01-29,5,5,0,0,1,0.8333333333333334
ZIE0741,2010-02-01,2,2,0,0,1,0.6666666666666666
ZJT1601,2010-01-04,8,8,3,0,1,0.8888888888888888
ZJT1601,2010-01-05,7,7,4,0,1,0.875
ZJT1601,2010-01-06,9,9,2,0,1,0.9
ZJT1601,2010-01-07,7,7,2,0,1,0.875
ZJT1601,2010-01-08,7,7,2,0,1,0.875
ZJT1601,2010-01-11,6,6,3,0,1,0.8571428571428571
ZJT1601,2010-01-12,8,8,2,0,1,0.8888888888888888
ZJT1601,2010-01-13,10,10,2,0,1,0.9090909090909091
ZJT1601,2010-01-14,7,7,0,0,1,0.875
ZJT1601,2010-01-15,9,9,1,0,1,0.9
ZJT1601,2010-01-18,9,9,3,0,1,0.9
ZJT1601,2010-01-19,8,8,2,0,1,0.8888888888888888
ZJT1601,2010-01-20,6,6,2,0,1,0.8571428571428571
ZJT1601,2010-01-21,8,8,4,0,1,0.8888888888888888
ZJT1601,2010-01-22,7,6,3,0,1,0.875
ZJT1601,2010-01-25,8,8,2,0,1,0.8888888888888888
ZJT1601,2010-01-26,9,9,2,0,1,0.9
ZJT1601,2010-01-27,8,8,2,0,1,0.8888888888888888
ZJT1601,2010-01-28,8,8,3,0,1,0.8888888888888888
ZJT1601,2010-01-29,8,8,0,0,1,0.8888888888888888
ZRF1980,2010-01-07,1,1,0,0,1,0.5
ZRF1980,2010-01-12,2,2,0,0,1,0.6666666666666666
ZRF1980,2010-01-13,1,1,0,0,1,0.5
ZRF1980,2010-01-14,2,2,0,0,1,0.6666666666666666
ZRF1980,2010-01-22,1,1,0,0,1,0.5
ZRF1980,2010-01-25,1,1,0,0,1,0.5
ZRF1980,2010-01-26,1,1,0,0,1,0.5
ZRF1980,2010-01-27,1,1,0,0,1,0.5
