user,day,file_access_total,file_access_after_hours,file_copy_to_usb_count,file_delete_count,file_unique_paths,file_doc_pdf_count,file_executable_access_count,file_copy_to_usb_bytes
AAB1302,2010-01-05,2,0,0,0,2,0,0,0.0
AAB1302,2010-01-09,1,0,0,0,1,1,0,0.0
AAB1302,2010-01-11,1,0,0,0,1,1,0,0.0
AAB1302,2010-01-14,1,0,0,0,1,1,0,0.0
AAB1302,2010-01-17,4,1,0,0,3,2,0,0.0
AAB1302,2010-01-27,1,0,0,0,1,1,0,0.0
AAB1762,2010-01-04,10,0,0,0,8,10,0,0.0
AAB1762,2010-01-05,10,0,0,0,8,9,0,0.0
AAB1762,2010-01-06,12,0,0,0,8,12,0,0.0
AAB1762,2010-01-07,10,0,0,0,6,10,0,0.0
AAB1762,2010-01-11,11,0,0,0,8,11,0,0.0
AAB1762,2010-01-12,5,0,0,0,5,5,0,0.0
AAB1762,2010-01-13,9,0,0,0,7,9,0,0.0
AAB1762,2010-01-14,7,0,0,0,7,7,0,0.0
AAB1762,2010-01-15,9,0,0,0,8,9,0,0.0
AAB1762,2010-01-19,9,7,0,0,7,7,0,0.0
AAB1762,2010-01-20,12,0,0,0,8,9,0,0.0
AAB1762,2010-01-22,9,6,0,0,8,9,0,0.0
AAB1762,2010-01-25,13,0,0,0,9,11,0,0.0
AAB1762,2010-01-27,5,0,0,0,3,5,0,0.0
AAB1762,2010-01-28,11,0,0,0,7,11,0,0.0
AAO1919,2010-01-11,2,0,0,0,2,2,0,0.0
AAO1919,2010-01-12,2,0,0,0,2,2,0,0.0
AAO1919,2010-01-15,1,1,0,0,1,1,0,0.0
AAO1919,2010-01-18,3,0,0,0,3,2,0,0.0
AAO1919,2010-01-21,4,2,0,0,4,4,0,0.0
AAO1919,2010-01-22,4,0,0,0,4,3,0,0.0
AAO1919,2010-01-27,5,0,0,0,4,5,0,0.0
AAW0952,2010-01-04,2,0,0,0,1,0,0,0.0
AAW0952,2010-01-12,4,0,0,0,3,3,0,0.0
AAW0952,2010-01-13,2,0,0,0,2,2,0,0.0
AAW0952,2010-01-15,6,0,0,0,4,4,0,0.0
AAW0952,2010-01-22,3,0,0,0,3,2,0,0.0
AAW0952,2010-01-25,2,0,0,0,2,2,0,0.0
ABB0019,2010-01-04,25,0,0,0,13,19,2,0.0
ABB0019,2010-01-05,25,0,0,0,13,18,0,0.0
ABB0019,2010-01-06,27,0,0,0,11,19,0,0.0
ABB0019,2010-01-07,22,0,0,0,11,14,0,0.0
ABB0019,2010-01-08,27,0,0,0,11,21,0,0.0
ABB0019,2010-01-11,18,0,0,0,12,13,0,0.0
ABB0019,2010-01-12,27,0,0,0,7,26,0,0.0
ABB0019,2010-01-13,27,0,0,0,13,24,0,0.0
ABB0019,2010-01-14,26,0,0,0,7,25,0,0.0
ABB0019,2010-01-15,24,0,0,0,7,18,0,0.0
ABB0019,2010-01-18,26,0,0,0,10,21,2,0.0
ABB0019,2010-01-19,20,0,0,0,4,18,0,0.0
ABB0019,2010-01-20,21,0,0,0,10,18,0,0.0
ABB0019,2010-01-21,24,0,0,0,8,18,3,0.0
ABB0019,2010-01-22,27,0,0,0,13,24,0,0.0
ABB0019,2010-01-25,23,0,0,0,6,21,0,0.0
ABB0019,2010-01-26,15,0,0,0,7,12,0,0.0
ABB0019,2010-01-27,26,0,0,0,11,21,0,0.0
ABB0019,2010-01-28,24,0,0,0,14,15,2,0.0
ABB0019,2010-01-29,13,0,0,0,7,13,0,0.0
ABC1881,2010-01-04,6,0,0,0,5,6,0,0.0
ABC1881,2010-01-08,7,0,0,0,4,7,0,0.0
ABC1881,2010-01-20,4,0,0,0,2,4,0,0.0
ABC1881,2010-01-22,6,0,0,0,5,6,0,0.0
ADH0153,2010-01-04,25,0,0,0,17,19,0,0.0
ADH0153,2010-01-05,23,0,0,0,14,16,0,0.0
ADH0153,2010-01-06,27,0,0,0,15,17,0,0.0
ADH0153,2010-01-07,22,0,0,0,16,19,0,0.0
ADH0153,2010-01-08,27,0,0,0,19,22,0,0.0
ADH0153,2010-01-11,24,0,0,0,13,21,0,0.0
ADH0153,2010-01-12,25,1,0,0,14,18,0,0.0
ADH0153,2010-01-13,22,0,0,0,16,15,0,0.0
ADH0153,2010-01-14,25,0,0,0,14,21,0,0.0
ADH0153,2010-01-15,26,0,0,0,12,18,0,0.0
ADH0153,2010-01-18,23,0,0,0,16,15,0,0.0
ADH0153,2010-01-19,24,0,0,0,17,19,0,0.0
ADH0153,2010-01-20,22,0,0,0,17,15,0,0.0
ADH0153,2010-01-21,23,0,0,0,12,18,0,0.0
ADH0153,2010-01-22,27,0,0,0,14,22,0,0.0
ADH0153,2010-01-25,24,0,0,0,8,23,0,0.0
ADH0153,2010-01-26,27,0,0,0,15,19,0,0.0
ADH0153,2010-01-27,22,0,0,0,15,15,0,0.0
ADH0153,2010-01-28,27,0,0,0,18,22,0,0.0
ADH0153,2010-01-29,5,0,0,0,4,5,0,0.0
AEG0962,2010-01-06,4,0,0,0,3,4,0,0.0
AEG0962,2010-01-07,2,0,0,0,2,2,0,0.0
AEG0962,2010-01-11,4,0,0,0,3,3,0,0.0
AEG0962,2010-01-17,1,0,0,0,1,1,0,0.0
AEG0962,2010-01-22,3,0,0,0,2,2,0,0.0
AES1373,2010-01-04,10,0,0,0,6,9,0,0.0
AES1373,2010-01-05,8,0,0,0,6,8,0,0.0
AES1373,2010-01-06,12,0,0,0,4,12,0,0.0
AES1373,2010-01-07,10,0,0,0,7,10,0,0.0
AES1373,2010-01-08,5,0,0,0,3,5,0,0.0
AES1373,2010-01-11,6,0,0,0,5,6,0,0.0
AES1373,2010-01-13,4,0,0,0,3,4,0,0.0
AES1373,2010-01-18,8,4,0,0,2,8,0,0.0
AES1373,2010-01-19,12,0,0,0,7,9,0,0.0
AES1373,2010-01-20,6,0,0,0,6,5,0,0.0
AES1373,2010-01-21,8,0,0,0,6,8,0,0.0
AES1373,2010-01-22,9,0,0,0,4,8,0,0.0
AES1373,2010-01-25,8,0,0,0,5,7,0,0.0
AES1373,2010-01-26,3,0,0,0,3,3,0,0.0
AES1373,2010-01-28,8,0,0,0,5,7,0,0.0
AFL1759,2010-01-05,11,1,0,0,5,7,0,0.0
AFL1759,2010-01-06,6,0,0,0,4,3,0,0.0
AFL1759,2010-01-07,9,0,0,0,2,4,0,0.0
AFL1759,2010-01-08,10,0,0,0,6,8,0,0.0
AFL1759,2010-01-11,2,0,0,0,2,2,0,0.0
AFL1759,2010-01-12,8,2,0,0,3,8,0,0.0
AFL1759,2010-01-13,9,6,0,0,4,8,0,0.0
AFL1759,2010-01-14,8,0,0,0,6,6,0,0.0
AFL1759,2010-01-15,3,0,0,0,2,3,0,0.0
AFL1759,2010-01-19,4,0,0,0,2,3,0,0.0
AFL1759,2010-01-20,14,0,0,0,7,13,0,0.0
AFL1759,2010-01-21,4,2,0,0,2,1,0,0.0
AFL1759,2010-01-25,5,0,0,0,3,5,0,0.0
AFL1759,2010-01-26,11,0,0,0,2,11,0,0.0
AFL1759,2010-01-29,4,0,0,0,3,4,0,0.0
AGW1389,2010-01-05,4,0,0,0,1,4,0,0.0
AGW1389,2010-01-11,3,0,0,0,1,3,0,0.0
AGW1389,2010-01-12,4,0,0,0,3,4,0,0.0
AGW1389,2010-01-13,4,0,0,0,2,4,0,0.0
AGW1389,2010-01-14,3,0,0,0,3,2,0,0.0
AGW1389,2010-01-15,1,0,0,0,1,1,0,0.0
AGW1389,2010-01-18,4,0,0,0,3,4,0,0.0
AGW1389,2010-01-19,2,0,0,0,1,2,0,0.0
AGW1389,2010-01-20,4,0,0,0,3,2,0,0.0
AGW1389,2010-01-22,2,2,0,0,1,2,0,0.0
AGW1389,2010-01-28,1,0,0,0,1,1,0,0.0
AJH0724,2010-01-04,7,0,0,0,4,7,0,0.0
AJH0724,2010-01-05,7,0,0,0,3,7,0,0.0
AJH0724,2010-01-06,4,0,0,0,4,3,0,0.0
AJH0724,2010-01-07,4,0,0,0,3,4,0,0.0
AJH0724,2010-01-08,3,0,0,0,3,3,0,0.0
AJH0724,2010-01-11,11,0,0,0,6,9,0,0.0
AJH0724,2010-01-12,5,0,0,0,5,5,0,0.0
AJH0724,2010-01-13,5,0,0,0,4,5,0,0.0
AJH0724,2010-01-14,4,0,0,0,3,4,0,0.0
AJH0724,2010-01-15,5,0,0,0,4,4,0,0.0
AJH0724,2010-01-18,9,0,0,0,7,9,0,0.0
AJH0724,2010-01-19,7,0,0,0,5,4,0,0.0
AJH0724,2010-01-20,7,0,0,0,5,7,0,0.0
AJH0724,2010-01-21,4,0,0,0,4,3,0,0.0
AJH0724,2010-01-26,2,0,0,0,1,2,0,0.0
AJH0724,2010-01-27,5,0,0,0,3,5,0,0.0
AJH0724,2010-01-28,1,0,0,0,1,1,0,0.0
AJH0724,2010-01-29,1,0,0,0,1,1,0,0.0
AKS0448,2010-01-04,8,0,0,0,7,7,0,0.0
AKS0448,2010-01-05,6,0,0,0,5,5,0,0.0
AKS0448,2010-01-06,9,0,0,0,5,4,0,0.0
AKS0448,2010-01-07,10,0,0,0,5,6,0,0.0
AKS0448,2010-01-08,14,0,0,0,4,14,0,0.0
AKS0448,2010-01-11,10,0,0,0,9,8,0,0.0
AKS0448,2010-01-12,9,0,0,0,7,7,0,0.0
AKS0448,2010-01-13,7,0,0,0,2,7,0,0.0
AKS0448,2010-01-14,5,0,0,0,4,5,0,0.0
AKS0448,2010-01-15,4,0,0,0,4,3,0,0.0
AKS0448,2010-01-18,9,0,0,0,9,9,0,0.0
AKS0448,2010-01-19,4,0,0,0,4,4,0,0.0
AKS0448,2010-01-20,9,0,0,0,7,7,0,0.0
AKS0448,2010-01-21,11,0,0,0,7,10,0,0.0
AKS0448,2010-01-22,4,0,0,0,2,4,0,0.0
AKS0448,2010-01-25,12,0,0,0,7,10,0,0.0
AKS0448,2010-01-26,5,0,0,0,4,4,0,0.0
AKS0448,2010-01-27,10,0,0,0,4,10,0,0.0
AKS0448,2010-01-29,3,0,0,0,2,1,0,0.0
AKS0586,2010-01-02,27,0,0,0,7,26,0,0.0
AKS0586,2010-01-03,23,0,0,0,13,15,0,0.0
AKS0586,2010-01-04,19,0,0,0,15,11,0,0.0
AKS0586,2010-01-05,22,0,0,0,10,18,0,0.0
AKS0586,2010-01-06,27,0,0,0,9,22,0,0.0
AKS0586,2010-01-09,10,0,0,0,5,10,0,0.0
AKS0586,2010-01-11,24,2,0,0,10,23,0,0.0
AKS0586,2010-01-12,25,0,0,0,10,19,0,0.0
AKS0586,2010-01-13,27,27,0,0,7,27,0,0.0
AKS0586,2010-01-14,25,0,0,0,11,19,5,0.0
AKS0586,2010-01-15,27,0,0,0,6,27,0,0.0
AKS0586,2010-01-16,27,0,0,0,14,19,0,0.0
AKS0586,2010-01-18,23,0,0,0,15,19,0,0.0
AKS0586,2010-01-19,23,0,0,0,12,22,0,0.0
AKS0586,2010-01-20,25,0,0,0,11,13,0,0.0
AKS0586,2010-01-21,23,0,0,0,10,23,0,0.0
AKS0586,2010-01-22,27,0,0,0,5,27,0,0.0
AKS0586,2010-01-23,24,0,0,0,5,24,0,0.0
AKS0586,2010-01-24,24,0,0,0,14,17,0,0.0
AKS0586,2010-01-25,27,0,0,0,8,25,0,0.0
AKS0586,2010-01-26,27,0,0,0,16,23,1,0.0
AKS0586,2010-01-27,27,0,0,0,7,27,0,0.0
AKS0586,2010-01-29,3,0,0,0,3,3,0,0.0
AMG1628,2010-01-06,4,0,0,0,4,3,0,0.0
AMG1628,2010-01-15,3,0,0,0,2,3,0,0.0
AMG1628,2010-01-18,3,0,0,0,3,3,0,0.0
AMG1628,2010-01-22,1,0,0,0,1,1,0,0.0
AML0268,2010-01-04,4,4,0,0,3,4,0,0.0
AML0268,2010-01-05,11,11,0,0,4,10,0,0.0
AML0268,2010-01-06,6,6,0,0,2,6,0,0.0
AML0268,2010-01-07,9,0,0,0,2,9,0,0.0
AML0268,2010-01-12,3,3,0,0,2,3,0,0.0
AML0268,2010-01-13,4,3,0,0,3,3,0,0.0
AML0268,2010-01-14,8,8,0,0,2,8,0,0.0
AML0268,2010-01-15,14,14,0,0,5,13,0,0.0
AML0268,2010-01-18,5,5,0,0,3,4,0,0.0
AML0268,2010-01-19,7,7,0,0,3,7,0,0.0
AML0268,2010-01-20,12,12,0,0,3,12,0,0.0
AML0268,2010-01-21,12,7,0,0,3,12,0,0.0
AML0268,2010-01-22,7,7,0,0,3,7,0,0.0
AML0268,2010-01-26,7,7,0,0,2,7,0,0.0
AML0268,2010-01-27,3,3,0,0,2,3,0,0.0
AML0268,2010-01-28,5,5,0,0,3,5,0,0.0
ANG0427,2010-01-04,6,0,0,0,4,3,0,0.0
ANG0427,2010-01-06,4,0,0,0,3,2,0,0.0
ANG0427,2010-01-07,9,0,0,0,6,8,0,0.0
ANG0427,2010-01-08,6,0,0,0,5,6,0,0.0
ANG0427,2010-01-11,2,0,0,0,1,2,0,0.0
ANG0427,2010-01-12,6,1,0,0,4,5,0,0.0
ANG0427,2010-01-14,2,0,0,0,1,2,0,0.0
ANG0427,2010-01-18,2,0,0,0,2,2,0,0.0
ANG0427,2010-01-19,4,3,0,0,4,4,0,0.0
ANG0427,2010-01-21,6,0,0,0,4,4,1,0.0
ANG0427,2010-01-22,5,0,0,0,4,4,0,0.0
ANG0427,2010-01-25,4,0,0,0,2,2,0,0.0
ANG0427,2010-01-26,3,0,0,0,3,3,0,0.0
ANG0427,2010-01-27,4,0,0,0,2,4,0,0.0
ANG0427,2010-01-28,7,0,0,0,6,6,0,0.0
ANT0148,2010-01-06,7,7,0,0,5,7,0,0.0
ANT0148,2010-01-12,9,0,0,0,7,9,0,0.0
ANT0148,2010-01-14,3,0,0,0,3,3,0,0.0
AOH0883,2010-01-05,10,10,0,0,2,9,0,0.0
AOH0883,2010-01-07,5,0,0,0,5,5,0,0.0
AOH0883,2010-01-13,1,0,0,0,1,1,0,0.0
AOH0883,2010-01-18,6,0,0,0,3,6,0,0.0
AOH0883,2010-01-21,9,0,0,0,7,9,0,0.0
AOH0883,2010-01-27,3,0,0,0,2,3,0,0.0
ARB0626,2010-01-04,2,0,0,0,2,2,0,0.0
ARB0626,2010-01-05,5,0,0,0,4,5,0,0.0
ARB0626,2010-01-06,7,0,0,0,5,7,0,0.0
ARB0626,2010-01-07,7,0,0,0,3,7,0,0.0
ARB0626,2010-01-11,7,0,0,0,4,7,0,0.0
ARB0626,2010-01-12,2,0,0,0,2,2,0,0.0
ARB0626,2010-01-13,5,0,0,0,5,5,0,0.0
ARB0626,2010-01-14,4,0,0,0,1,4,0,0.0
ARB0626,2010-01-15,2,0,0,0,2,2,0,0.0
ARB0626,2010-01-18,6,0,0,0,4,4,0,0.0
ARB0626,2010-01-19,1,0,0,0,1,1,0,0.0
ARB0626,2010-01-20,3,0,0,0,1,3,0,0.0
ARB0626,2010-01-21,6,0,0,0,2,6,0,0.0
ARB0626,2010-01-22,5,0,0,0,4,4,0,0.0
ARB0626,2010-01-25,9,0,0,0,4,9,0,0.0
ARB0626,2010-01-26,10,0,0,0,5,8,0,0.0
ARB0626,2010-01-27,10,1,0,0,4,6,0,0.0
ARB0626,2010-01-28,2,0,0,0,1,2,0,0.0
ARD0538,2010-01-03,9,0,0,0,6,9,0,0.0
ARD0538,2010-01-04,6,0,0,0,1,6,0,0.0
ARD0538,2010-01-05,4,0,0,0,4,4,0,0.0
ARD0538,2010-01-07,6,0,0,0,5,6,0,0.0
ARD0538,2010-01-08,6,0,0,0,5,6,0,0.0
ARD0538,2010-01-10,12,0,0,0,7,12,0,0.0
ARD0538,2010-01-11,8,0,0,0,5,7,0,0.0
ARD0538,2010-01-12,5,0,0,0,5,5,0,0.0
ARD0538,2010-01-13,6,0,0,0,4,5,0,0.0
ARD0538,2010-01-14,5,0,0,0,3,5,0,0.0
ARD0538,2010-01-15,6,0,0,0,6,5,0,0.0
ARD0538,2010-01-16,6,0,0,0,4,6,0,0.0
ARD0538,2010-01-17,6,0,0,0,5,6,0,0.0
ARD0538,2010-01-18,6,0,0,0,6,6,0,0.0
ARD0538,2010-01-19,6,0,0,0,5,5,0,0.0
ARD0538,2010-01-20,9,0,0,0,6,9,0,0.0
ARD0538,2010-01-21,1,0,0,0,1,1,0,0.0
ARD0538,2010-01-23,12,2,0,0,5,12,0,0.0
ARD0538,2010-01-24,6,0,0,0,2,6,0,0.0
ARD0538,2010-01-26,13,0,0,0,9,11,0,0.0
ARD0538,2010-01-28,7,0,0,0,6,7,0,0.0
ARD0538,2010-01-29,15,0,0,0,8,13,0,0.0
ARM0805,2010-01-04,4,0,0,0,4,3,0,0.0
ARM0805,2010-01-05,8,0,0,0,7,7,0,0.0
ARM0805,2010-01-08,1,0,0,0,1,1,0,0.0
ARM0805,2010-01-13,1,0,0,0,1,1,0,0.0
ARM0805,2010-01-15,3,0,0,0,2,3,0,0.0
ARM0805,2010-01-18,4,0,0,0,4,4,0,0.0
ARM0805,2010-01-19,5,0,0,0,4,4,0,0.0
ARM0805,2010-01-27,5,0,0,0,5,5,0,0.0
ARM0805,2010-01-29,1,0,0,0,1,0,0,0.0
ASR0150,2010-01-04,3,0,0,0,3,2,0,0.0
ASR0150,2010-01-11,2,0,0,0,1,2,0,0.0
ASR0150,2010-01-14,4,0,0,0,4,4,0,0.0
ASR0150,2010-01-18,2,0,0,0,2,1,0,0.0
ASR0150,2010-01-20,1,0,0,0,1,1,0,0.0
ASR0150,2010-01-22,1,0,0,0,1,0,0,0.0
ASR0150,2010-01-26,3,0,0,0,3,1,0,0.0
ASR0150,2010-01-27,3,0,0,0,3,2,0,0.0
ATD0517,2010-01-03,5,0,0,0,4,1,0,0.0
ATD0517,2010-01-06,4,0,0,0,3,4,0,0.0
ATD0517,2010-01-07,3,0,0,0,3,3,0,0.0
ATD0517,2010-01-08,3,0,0,0,2,2,0,0.0
ATD0517,2010-01-10,3,0,0,0,2,1,0,0.0
ATD0517,2010-01-12,2,0,0,0,1,2,0,0.0
ATD0517,2010-01-13,1,0,0,0,1,1,0,0.0
ATD0517,2010-01-14,3,0,0,0,3,1,0,0.0
ATD0517,2010-01-15,2,0,0,0,2,2,0,0.0
ATD0517,2010-01-16,8,0,0,0,3,1,0,0.0
ATD0517,2010-01-21,1,0,0,0,1,0,0,0.0
ATD0517,2010-01-24,1,0,0,0,1,0,0,0.0
ATD0517,2010-01-25,2,0,0,0,2,1,0,0.0
ATD0517,2010-01-27,2,0,0,0,2,1,0,0.0
AVH1217,2010-01-03,26,0,0,0,8,25,0,0.0
AVH1217,2010-01-04,23,0,0,0,14,23,0,0.0
AVH1217,2010-01-06,25,0,0,0,8,17,0,0.0
AVH1217,2010-01-08,21,0,0,0,6,21,0,0.0
AVH1217,2010-01-14,27,0,0,0,8,22,0,0.0
AVH1217,2010-01-18,27,0,0,0,8,27,0,0.0
AVH1217,2010-01-22,24,0,0,0,11,22,0,0.0
AVH1217,2010-01-27,24,0,0,0,7,18,0,0.0
AVH1217,2010-01-28,27,0,0,0,11,21,0,0.0
AWB1661,2010-01-08,2,0,0,0,2,2,0,0.0
AWB1661,2010-01-22,6,0,0,0,5,5,0,0.0
AWB1661,2010-01-26,5,0,0,0,4,5,0,0.0
AWC1213,2010-01-05,4,0,0,0,2,4,0,0.0
AWC1213,2010-01-12,5,0,0,0,4,5,0,0.0
AWC1213,2010-01-13,4,0,0,0,4,4,0,0.0
AWC1213,2010-01-15,2,0,0,0,1,2,0,0.0
AWC1213,2010-01-18,2,0,0,0,1,2,0,0.0
AWC1213,2010-01-19,5,0,0,0,3,5,0,0.0
AWC1213,2010-01-20,1,0,0,0,1,1,0,0.0
AWC1213,2010-01-28,3,0,0,0,2,3,0,0.0
AXP1568,2010-01-08,4,0,0,0,3,4,0,0.0
AXP1568,2010-01-12,9,0,0,0,7,8,0,0.0
AXP1568,2010-01-15,2,0,0,0,2,2,0,0.0
AXP1568,2010-01-20,1,0,0,0,1,1,0,0.0
AXP1568,2010-01-29,2,0,0,0,1,2,0,0.0
BAS0763,2010-01-04,9,0,0,0,3,3,0,0.0
BAS0763,2010-01-05,17,0,0,0,8,14,0,0.0
BAS0763,2010-01-06,4,0,0,0,4,4,0,0.0
BAS0763,2010-01-07,4,0,0,0,4,3,0,0.0
BAS0763,2010-01-08,9,0,0,0,6,9,0,0.0
BAS0763,2010-01-11,4,0,0,0,3,1,0,0.0
BAS0763,2010-01-12,6,0,0,0,6,5,0,0.0
BAS0763,2010-01-13,6,0,0,0,3,6,0,0.0
BAS0763,2010-01-14,16,0,0,0,9,10,0,0.0
BAS0763,2010-01-15,5,0,0,0,4,5,0,0.0
BAS0763,2010-01-18,8,0,0,0,6,6,0,0.0
BAS0763,2010-01-19,9,0,0,0,7,8,0,0.0
BAS0763,2010-01-20,7,0,0,0,3,5,0,0.0
BAS0763,2010-01-21,8,0,0,0,5,7,0,0.0
BAS0763,2010-01-22,8,0,0,0,7,7,0,0.0
BAS0763,2010-01-25,9,0,0,0,6,6,0,0.0
BAS0763,2010-01-26,5,0,0,0,5,3,0,0.0
BAS0763,2010-01-27,11,0,0,0,3,2,0,0.0
BAS0763,2010-01-28,8,0,0,0,4,5,0,0.0
BBF0480,2010-01-07,5,0,0,0,4,4,0,0.0
BBF0480,2010-01-19,1,0,0,0,1,1,0,0.0
BBF0480,2010-01-20,4,0,0,0,3,4,0,0.0
BBF0480,2010-01-25,4,0,0,0,4,4,0,0.0
BBF0480,2010-01-26,1,0,0,0,1,1,0,0.0
BCC1597,2010-01-02,9,3,0,0,8,6,0,0.0
BCC1597,2010-01-04,2,0,0,0,2,2,0,0.0
BCC1597,2010-01-05,2,2,0,0,2,2,0,0.0
BCC1597,2010-01-07,3,0,0,0,2,3,0,0.0
BCC1597,2010-01-08,9,2,0,0,7,7,0,0.0
BCC1597,2010-01-09,3,0,0,0,3,2,0,0.0
BCC1597,2010-01-11,7,0,0,0,2,7,0,0.0
BCC1597,2010-01-12,4,0,0,0,2,4,0,0.0
BCC1597,2010-01-14,2,0,0,0,2,2,0,0.0
BCC1597,2010-01-15,9,1,0,0,6,9,0,0.0
BCC1597,2010-01-17,4,1,0,0,2,3,0,0.0
BCC1597,2010-01-18,5,1,0,0,4,4,0,0.0
BCC1597,2010-01-19,3,0,0,0,2,3,0,0.0
BCC1597,2010-01-22,3,1,0,0,3,2,0,0.0
BCC1597,2010-01-26,7,0,0,0,7,6,0,0.0
BCC1597,2010-01-27,4,0,0,0,4,3,0,0.0
BCC1597,2010-01-28,4,1,0,0,4,4,0,0.0
BCC1597,2010-01-29,1,0,0,0,1,1,0,0.0
BCG0853,2010-01-04,27,0,0,0,14,25,0,0.0
BCG0853,2010-01-05,22,0,0,0,10,14,1,0.0
BCG0853,2010-01-06,27,0,0,0,12,26,0,0.0
BCG0853,2010-01-13,21,0,0,0,12,19,0,0.0
BCG0853,2010-01-14,25,0,0,0,10,22,0,0.0
BCR0747,2010-01-11,20,0,0,0,8,15,2,0.0
BCR0747,2010-01-12,25,0,0,0,6,20,3,0.0
BCR0747,2010-01-13,26,0,0,0,5,26,0,0.0
BCR0747,2010-01-14,23,0,0,0,8,15,1,0.0
BCR0747,2010-01-15,19,8,0,0,9,14,3,0.0
BDC0936,2010-01-07,6,0,0,0,3,6,0,0.0
BDC0936,2010-01-13,1,0,0,0,1,1,0,0.0
BDC0936,2010-01-19,4,0,0,0,3,4,0,0.0
BDF0015,2010-01-02,8,0,0,0,5,4,0,0.0
BDF0015,2010-01-05,1,0,0,0,1,0,0,0.0
BDF0015,2010-01-08,6,0,0,0,3,6,0,0.0
BDF0015,2010-01-09,2,0,0,0,2,1,0,0.0
BDF0015,2010-01-11,3,0,0,0,1,3,0,0.0
BDF0015,2010-01-14,2,0,0,0,1,2,0,0.0
BDF0015,2010-01-15,7,0,0,0,2,4,0,0.0
BDF0015,2010-01-17,5,0,0,0,3,4,0,0.0
BDF0015,2010-01-19,2,0,0,0,2,2,0,0.0
BDF0015,2010-01-20,2,0,0,0,2,2,0,0.0
BDF0015,2010-01-25,5,0,0,0,4,5,0,0.0
BDF0015,2010-01-27,1,0,0,0,1,1,0,0.0
BDF0015,2010-01-28,2,0,0,0,1,2,0,0.0
BDM0442,2010-01-04,9,0,0,0,6,5,0,0.0
BDM0442,2010-01-05,4,0,0,0,3,2,0,0.0
BDM0442,2010-01-06,6,0,0,0,4,6,0,0.0
BDM0442,2010-01-07,6,0,0,0,3,2,0,0.0
BDM0442,2010-01-08,2,0,0,0,2,1,0,0.0
BDM0442,2010-01-11,6,0,0,0,6,3,0,0.0
BDM0442,2010-01-12,10,0,0,0,10,9,0,0.0
BDM0442,2010-01-14,5,0,0,0,2,3,0,0.0
BDM0442,2010-01-15,8,1,0,0,6,8,0,0.0
BDM0442,2010-01-18,5,0,0,0,4,4,0,0.0
BDM0442,2010-01-19,7,0,0,0,6,6,0,0.0
BDM0442,2010-01-20,7,0,0,0,5,7,0,0.0
BDM0442,2010-01-21,6,0,0,0,4,3,0,0.0
BDM0442,2010-01-22,8,0,0,0,4,3,0,0.0
BDM0442,2010-01-26,8,0,0,0,5,3,0,0.0
BDM0442,2010-01-27,6,0,0,0,4,4,0,0.0
BDM0442,2010-01-28,8,0,0,0,3,8,0,0.0
BDM1457,2010-01-04,22,0,0,0,14,12,0,0.0
BDM1457,2010-01-05,26,0,0,0,8,19,0,0.0
BDM1457,2010-01-06,27,0,0,0,14,22,0,0.0
BDM1457,2010-01-07,23,0,0,0,11,15,0,0.0
BDM1457,2010-01-08,22,0,0,0,13,19,0,0.0
BDM1457,2010-01-11,27,0,0,0,10,20,0,0.0
BDM1457,2010-01-12,26,0,0,0,10,17,0,0.0
BDM1457,2010-01-13,27,0,0,0,11,23,0,0.0
BDM1457,2010-01-14,27,0,0,0,11,26,0,0.0
BDM1457,2010-01-15,18,0,0,0,11,15,0,0.0
BDM1457,2010-01-18,27,0,0,0,13,15,1,0.0
BDM1457,2010-01-19,27,0,0,0,14,22,0,0.0
BDM1457,2010-01-20,27,0,0,0,12,15,1,0.0
BDM1457,2010-01-21,27,0,0,0,9,17,0,0.0
BDM1457,2010-01-22,27,0,0,0,12,17,0,0.0
BDM1457,2010-01-25,14,0,0,0,8,9,0,0.0
BDM1457,2010-01-26,27,0,0,0,13,20,0,0.0
BDM1457,2010-01-27,19,0,0,0,10,13,0,0.0
BDM1457,2010-01-28,27,0,0,0,14,20,0,0.0
BDM1457,2010-01-29,3,0,0,0,3,3,0,0.0
BDP0096,2010-01-14,3,2,0,0,2,3,0,0.0
BDP0096,2010-01-18,4,1,0,0,2,3,0,0.0
BDP0096,2010-01-25,4,0,0,0,4,3,0,0.0
BDP0096,2010-01-27,2,0,0,0,1,2,0,0.0
BDP0096,2010-01-28,1,1,0,0,1,1,0,0.0
BDR0223,2010-01-07,7,0,0,0,3,7,0,0.0
BDR0223,2010-01-11,9,0,0,0,5,6,0,0.0
BDR0223,2010-01-14,9,0,0,0,7,8,0,0.0
BDR0223,2010-01-15,2,0,0,0,1,2,0,0.0
BDR0223,2010-01-18,4,0,0,0,2,4,0,0.0
BDR0223,2010-01-20,6,0,0,0,4,6,0,0.0
BDR0223,2010-01-22,6,0,0,0,3,2,0,0.0
BDR0223,2010-01-25,9,0,0,0,3,9,0,0.0
BDR0223,2010-01-27,7,0,0,0,4,6,0,0.0
BIS1598,2010-01-04,25,1,0,0,14,17,0,0.0
BIS1598,2010-01-05,27,5,0,0,17,22,0,0.0
BIS1598,2010-01-06,19,10,0,0,9,16,0,0.0
BIS1598,2010-01-07,22,2,0,0,14,18,0,0.0
BIS1598,2010-01-08,21,0,0,0,12,15,0,0.0
BIS1598,2010-01-11,26,2,0,0,15,24,0,0.0
BIS1598,2010-01-12,27,0,0,0,11,26,0,0.0
BIS1598,2010-01-13,24,2,0,0,14,17,0,0.0
BIS1598,2010-01-14,26,3,0,0,12,20,0,0.0
BIS1598,2010-01-15,17,2,0,0,13,15,0,0.0
BIS1598,2010-01-18,27,2,0,0,6,15,0,0.0
BIS1598,2010-01-19,22,7,0,0,14,20,0,0.0
BIS1598,2010-01-20,24,0,0,0,13,21,0,0.0
BIS1598,2010-01-21,19,0,0,0,8,18,0,0.0
BIS1598,2010-01-22,23,0,0,0,10,22,0,0.0
BIS1598,2010-01-25,19,3,0,0,12,15,0,0.0
BIS1598,2010-01-26,27,3,0,0,14,19,0,0.0
BIS1598,2010-01-27,22,1,0,0,14,16,0,0.0
BIS1598,2010-01-28,27,4,0,0,18,19,0,0.0
BIS1598,2010-01-29,9,0,0,0,6,8,0,0.0
BMC0650,2010-01-04,2,0,0,0,2,2,0,0.0
BMC0650,2010-01-05,5,0,0,0,4,3,0,0.0
BMC0650,2010-01-06,3,0,0,0,3,2,0,0.0
BMC0650,2010-01-07,6,0,0,0,4,5,0,0.0
BMC0650,2010-01-08,8,0,0,0,6,5,0,0.0
BMC0650,2010-01-11,13,0,0,0,7,13,0,0.0
BMC0650,2010-01-12,9,0,0,0,6,9,0,0.0
BMC0650,2010-01-13,9,0,0,0,5,7,2,0.0
BMC0650,2010-01-14,7,0,0,0,5,5,2,0.0
BMC0650,2010-01-15,11,0,0,0,10,10,0,0.0
BMC0650,2010-01-18,4,0,0,0,3,4,0,0.0
BMC0650,2010-01-19,6,0,0,0,3,5,0,0.0
BMC0650,2010-01-20,4,0,0,0,2,4,0,0.0
BMC0650,2010-01-21,10,0,0,0,9,8,1,0.0
BMC0650,2010-01-22,9,0,0,0,5,8,0,0.0
BMC0650,2010-01-25,10,0,0,0,5,9,0,0.0
BMC0650,2010-01-26,9,0,0,0,7,8,1,0.0
BMC0650,2010-01-27,7,0,0,0,6,6,1,0.0
BMC0650,2010-01-28,10,0,0,0,4,8,0,0.0
BNE1140,2010-01-04,4,0,0,0,2,4,0,0.0
BNE1140,2010-01-05,5,0,0,0,5,4,0,0.0
BNE1140,2010-01-06,2,0,0,0,2,1,0,0.0
BNE1140,2010-01-08,1,0,0,0,1,1,0,0.0
BNE1140,2010-01-11,3,3,0,0,3,3,0,0.0
BNE1140,2010-01-14,5,0,0,0,3,5,0,0.0
BNE1140,2010-01-15,8,0,0,0,4,8,0,0.0
BNE1140,2010-01-18,5,0,0,0,4,4,0,0.0
BNE1140,2010-01-21,1,0,0,0,1,1,0,0.0
BNE1140,2010-01-22,8,0,0,0,2,8,0,0.0
BNE1140,2010-01-25,4,4,0,0,4,4,0,0.0
BNE1140,2010-01-27,7,0,0,0,3,5,0,0.0
BNE1140,2010-01-29,1,0,0,0,1,0,0,0.0
BNS0484,2010-01-06,9,0,0,0,5,8,0,0.0
BNS0484,2010-01-11,5,0,0,0,3,5,0,0.0
BNS0484,2010-01-20,8,0,0,0,4,3,0,0.0
BNS0484,2010-01-21,6,0,0,0,3,6,0,0.0
BOS1170,2010-01-06,1,0,0,0,1,0,0,0.0
BOS1170,2010-01-11,3,0,0,0,3,2,0,0.0
BOS1170,2010-01-12,3,0,0,0,1,3,0,0.0
BOS1170,2010-01-13,3,0,0,0,3,3,0,0.0
BOS1170,2010-01-15,5,0,0,0,4,1,0,0.0
BOS1170,2010-01-19,1,0,0,0,1,1,0,0.0
BOS1170,2010-01-21,2,2,0,0,2,2,0,0.0
BOS1170,2010-01-22,2,0,0,0,2,1,0,0.0
BOS1170,2010-01-28,1,0,0,0,1,1,0,0.0
BSS0847,2010-01-07,3,0,0,0,1,3,0,0.0
BSS0847,2010-01-14,1,0,0,0,1,1,0,0.0
BSS0847,2010-01-19,3,0,0,0,3,3,0,0.0
BSS0847,2010-01-21,1,0,0,0,1,1,0,0.0
BUE1561,2010-01-13,20,0,0,0,6,12,0,0.0
BUE1561,2010-01-14,23,0,0,0,3,1,0,0.0
BUE1561,2010-01-15,27,0,0,0,8,24,0,0.0
BUE1561,2010-01-17,18,1,0,0,8,9,0,0.0
BUE1561,2010-01-18,25,0,0,0,12,22,0,0.0
BUE1561,2010-01-19,27,0,0,0,8,23,0,0.0
BUE1561,2010-01-26,22,22,0,0,4,21,0,0.0
BWJ1539,2010-01-02,8,0,0,0,7,7,0,0.0
BWJ1539,2010-01-04,5,0,0,0,3,4,0,0.0
BWJ1539,2010-01-05,2,0,0,0,2,1,0,0.0
BWJ1539,2010-01-11,1,0,0,0,1,0,0,0.0
BWJ1539,2010-01-13,3,0,0,0,3,3,0,0.0
BWJ1539,2010-01-15,1,0,0,0,1,1,0,0.0
BWJ1539,2010-01-18,1,0,0,0,1,1,0,0.0
BWJ1539,2010-01-20,1,0,0,0,1,1,0,0.0
BYO1846,2010-01-04,1,0,0,0,1,1,0,0.0
BYO1846,2010-01-05,1,0,0,0,1,1,0,0.0
BYO1846,2010-01-06,5,0,0,0,5,3,0,0.0
BYO1846,2010-01-07,4,0,0,0,4,3,0,0.0
BYO1846,2010-01-08,3,0,0,0,2,2,0,0.0
BYO1846,2010-01-12,3,0,0,0,1,3,0,0.0
BYO1846,2010-01-13,5,0,0,0,1,5,0,0.0
BYO1846,2010-01-15,1,0,0,0,1,1,0,0.0
BYO1846,2010-01-22,4,0,0,0,1,4,0,0.0
BYO1846,2010-01-25,4,0,0,0,3,4,0,0.0
BYO1846,2010-01-27,2,0,0,0,2,1,0,0.0
BYO1846,2010-01-28,1,0,0,0,1,1,0,0.0
BYO1846,2010-01-29,1,0,0,0,1,0,0,0.0
BYV1695,2010-01-06,9,0,0,0,4,3,0,0.0
BYV1695,2010-01-07,2,0,0,0,2,1,0,0.0
BYV1695,2010-01-08,16,0,0,0,8,11,0,0.0
BYV1695,2010-01-09,3,0,0,0,2,2,1,0.0
BYV1695,2010-01-13,5,0,0,0,2,1,0,0.0
BYV1695,2010-01-17,4,0,0,0,3,2,0,0.0
BYV1695,2010-01-19,5,0,0,0,5,5,0,0.0
BYV1695,2010-01-20,7,0,0,0,6,4,0,0.0
BYV1695,2010-01-25,6,0,0,0,4,6,0,0.0
BYV1695,2010-01-26,3,0,0,0,2,3,0,0.0
BYV1695,2010-01-28,3,0,0,0,3,2,0,0.0
CAC1083,2010-01-04,16,0,0,0,10,14,0,0.0
CAC1083,2010-01-05,27,0,0,0,12,19,0,0.0
CAC1083,2010-01-06,24,0,0,0,10,20,0,0.0
CAC1083,2010-01-08,24,0,0,0,9,23,0,0.0
CAC1083,2010-01-11,27,0,0,0,3,25,0,0.0
CAC1083,2010-01-12,26,0,0,0,8,18,0,0.0
CAC1083,2010-01-13,27,0,0,0,11,27,0,0.0
CAC1083,2010-01-15,27,0,0,0,12,18,0,0.0
CAC1083,2010-01-18,25,0,0,0,5,25,0,0.0
CAC1083,2010-01-20,25,0,0,0,8,25,0,0.0
CAC1083,2010-01-22,26,0,0,0,9,13,0,0.0
CAC1083,2010-01-25,9,0,0,0,4,7,0,0.0
CAC1083,2010-01-26,13,0,0,0,6,10,0,0.0
CAC1083,2010-01-27,27,0,0,0,7,22,0,0.0
CAC1083,2010-01-28,26,0,0,0,10,25,0,0.0
CAF0109,2010-01-06,5,0,0,0,3,4,0,0.0
CAF0109,2010-01-07,3,0,0,0,2,3,0,0.0
CAF0109,2010-01-10,2,1,0,0,1,2,0,0.0
CAF0109,2010-01-11,6,2,0,0,2,6,0,0.0
CAF0109,2010-01-13,2,0,0,0,2,2,0,0.0
CAF0109,2010-01-15,5,1,0,0,5,4,0,0.0
CAF0109,2010-01-18,1,0,0,0,1,0,0,0.0
CAF0109,2010-01-19,3,0,0,0,3,2,0,0.0
CAF0109,2010-01-20,5,0,0,0,4,4,0,0.0
CAF0109,2010-01-21,5,0,0,0,3,5,0,0.0
CAF0109,2010-01-22,3,2,0,0,3,3,0,0.0
CAF0109,2010-01-23,4,1,0,0,3,4,0,0.0
CAF0109,2010-01-24,8,8,0,0,4,8,0,0.0
CAF0109,2010-01-26,7,0,0,0,2,7,0,0.0
CAF0109,2010-01-27,6,0,0,0,5,6,0,0.0
CAM0158,2010-01-04,20,0,0,0,6,6,0,0.0
CAM0158,2010-01-05,24,0,0,0,4,17,0,0.0
CAM0158,2010-01-11,26,4,0,0,3,26,0,0.0
CAM0158,2010-01-25,27,3,0,0,11,14,0,0.0
CAM0158,2010-01-29,22,0,0,0,6,22,0,0.0
CAM1025,2010-01-04,8,0,0,0,5,6,0,0.0
CAM1025,2010-01-05,7,0,0,0,5,5,0,0.0
CAM1025,2010-01-07,4,0,0,0,4,3,0,0.0
CAM1025,2010-01-11,8,4,0,0,6,7,0,0.0
CAM1025,2010-01-12,11,0,0,0,7,10,0,0.0
CAM1025,2010-01-13,4,0,0,0,3,4,0,0.0
CAM1025,2010-01-14,4,0,0,0,4,2,0,0.0
CAM1025,2010-01-15,10,0,0,0,8,8,0,0.0
CAM1025,2010-01-19,3,0,0,0,3,3,0,0.0
CAM1025,2010-01-20,4,0,0,0,4,3,0,0.0
CAM1025,2010-01-21,7,0,0,0,6,5,0,0.0
CAM1025,2010-01-22,4,0,0,0,4,3,0,0.0
CAM1025,2010-01-25,12,0,0,0,9,9,0,0.0
CAM1025,2010-01-26,9,0,0,0,7,7,0,0.0
CAM1025,2010-01-27,4,0,0,0,2,3,0,0.0
CAM1025,2010-01-28,9,0,0,0,4,9,0,0.0
CAM1025,2010-01-29,3,0,0,0,1,3,0,0.0
CAS1068,2010-01-04,9,0,0,0,5,5,0,0.0
CAS1068,2010-01-05,1,0,0,0,1,0,0,0.0
CAS1068,2010-01-06,8,1,0,0,2,8,0,0.0
CAS1068,2010-01-07,5,0,0,0,3,5,0,0.0
CAS1068,2010-01-08,13,0,0,0,4,13,0,0.0
CAS1068,2010-01-11,5,0,0,0,4,4,0,0.0
CAS1068,2010-01-12,6,0,0,0,2,6,0,0.0
CAS1068,2010-01-13,1,0,0,0,1,1,0,0.0
CAS1068,2010-01-15,6,0,0,0,2,6,0,0.0
CAS1068,2010-01-18,6,0,0,0,2,2,0,0.0
CAS1068,2010-01-19,9,0,0,0,3,5,0,0.0
CAS1068,2010-01-20,5,0,0,0,1,5,0,0.0
CAS1068,2010-01-21,6,0,0,0,4,5,0,0.0
CAS1068,2010-01-22,4,0,0,0,3,3,0,0.0
CAS1068,2010-01-25,8,0,0,0,4,8,0,0.0
CAS1068,2010-01-26,7,0,0,0,2,1,0,0.0
CAS1068,2010-01-27,5,0,0,0,1,5,0,0.0
CAS1068,2010-01-28,13,0,0,0,6,7,0,0.0
CAS1068,2010-01-29,2,0,0,0,2,1,0,0.0
CBC1607,2010-01-04,25,4,0,0,12,21,0,0.0
CBC1607,2010-01-05,27,5,0,0,8,14,5,0.0
CBC1607,2010-01-06,21,3,0,0,11,17,1,0.0
CBC1607,2010-01-07,27,5,0,0,4,16,0,0.0
CBC1607,2010-01-08,19,0,0,0,8,7,11,0.0
CBC1607,2010-01-11,27,11,0,0,12,13,10,0.0
CBC1607,2010-01-12,27,0,0,0,6,22,5,0.0
CBC1607,2010-01-13,27,2,0,0,10,16,6,0.0
CBC1607,2010-01-14,27,1,0,0,12,14,10,0.0
CBC1607,2010-01-15,27,4,0,0,11,20,0,0.0
CBC1607,2010-01-18,27,7,0,0,10,15,0,0.0
CBC1607,2010-01-19,27,2,0,0,8,18,1,0.0
CBC1607,2010-01-20,22,7,0,0,7,13,5,0.0
CBC1607,2010-01-21,23,4,0,0,8,16,6,0.0
CBC1607,2010-01-22,27,2,0,0,15,18,2,0.0
CBC1607,2010-01-25,27,2,0,0,11,17,4,0.0
CBC1607,2010-01-26,24,0,0,0,6,12,5,0.0
CBC1607,2010-01-27,27,2,0,0,10,21,0,0.0
CBC1607,2010-01-28,25,2,0,0,17,18,2,0.0
CBC1607,2010-01-29,3,0,0,0,2,3,0,0.0
CBD1574,2010-01-03,4,0,0,0,3,4,0,0.0
CBD1574,2010-01-04,5,0,0,0,3,5,0,0.0
CBD1574,2010-01-05,1,0,0,0,1,0,0,0.0
CBD1574,2010-01-07,4,0,0,0,3,2,0,0.0
CBD1574,2010-01-10,3,0,0,0,3,2,0,0.0
CBD1574,2010-01-11,5,0,0,0,3,5,0,0.0
CBD1574,2010-01-12,6,0,0,0,5,5,0,0.0
CBD1574,2010-01-13,6,0,0,0,5,5,0,0.0
CBD1574,2010-01-14,3,3,0,0,3,2,1,0.0
CBD1574,2010-01-15,5,0,0,0,4,4,0,0.0
CBD1574,2010-01-19,4,0,0,0,4,1,0,0.0
CBD1574,2010-01-20,8,0,0,0,7,7,0,0.0
CBD1574,2010-01-21,3,0,0,0,3,3,0,0.0
CBD1574,2010-01-24,1,0,0,0,1,1,0,0.0
CBD1574,2010-01-25,6,0,0,0,6,5,0,0.0
CBD1574,2010-01-26,2,0,0,0,2,2,0,0.0
CBD1574,2010-01-27,3,0,0,0,3,3,0,0.0
CBD1574,2010-01-28,1,0,0,0,1,1,0,0.0
CBD1574,2010-01-29,1,0,0,0,1,1,0,0.0
CBK1908,2010-01-08,27,0,0,0,10,27,0,0.0
CBK1908,2010-01-12,26,0,0,0,10,23,0,0.0
CBS1856,2010-01-04,22,0,0,0,3,19,0,0.0
CBS1856,2010-01-05,27,0,0,0,11,15,0,0.0
CBS1856,2010-01-06,27,0,0,0,13,22,0,0.0
CBS1856,2010-01-07,19,0,0,0,11,15,0,0.0
CBS1856,2010-01-08,25,0,0,0,12,16,0,0.0
CBS1856,2010-01-11,21,0,0,0,4,13,0,0.0
CBS1856,2010-01-12,24,0,0,0,10,16,0,0.0
CBS1856,2010-01-13,24,0,0,0,2,1,0,0.0
CBS1856,2010-01-14,25,0,0,0,13,21,0,0.0
CBS1856,2010-01-15,27,0,0,0,9,14,0,0.0
CBS1856,2010-01-18,27,0,0,0,6,10,0,0.0
CBS1856,2010-01-19,26,0,0,0,12,17,0,0.0
CBS1856,2010-01-20,27,0,0,0,8,22,0,0.0
CBS1856,2010-01-21,23,0,0,0,8,22,0,0.0
CBS1856,2010-01-22,27,0,0,0,6,4,0,0.0
CBS1856,2010-01-25,27,1,0,0,15,21,0,0.0
CBS1856,2010-01-26,25,0,0,0,11,23,0,0.0
CBS1856,2010-01-27,27,0,0,0,3,12,0,0.0
CBS1856,2010-01-28,27,0,0,0,10,21,0,0.0
CBS1856,2010-01-29,8,0,0,0,1,0,0,0.0
CCB1836,2010-01-04,23,0,0,0,12,16,0,0.0
CCB1836,2010-01-05,23,0,0,0,4,22,0,0.0
CCB1836,2010-01-06,26,0,0,0,11,21,0,0.0
CCB1836,2010-01-07,25,0,0,0,9,19,0,0.0
CCB1836,2010-01-08,22,0,0,0,8,7,0,0.0
CCB1836,2010-01-11,24,0,0,0,10,22,0,0.0
CCB1836,2010-01-12,24,0,0,0,13,20,0,0.0
CCB1836,2010-01-13,23,0,0,0,8,20,0,0.0
CCB1836,2010-01-14,24,9,0,0,8,20,0,0.0
CCB1836,2010-01-15,22,0,0,0,10,12,0,0.0
CCB1836,2010-01-18,19,0,0,0,10,14,0,0.0
CCB1836,2010-01-19,17,0,0,0,5,16,0,0.0
CCB1836,2010-01-20,18,0,0,0,10,11,0,0.0
CCB1836,2010-01-21,17,0,0,0,8,16,0,0.0
CCB1836,2010-01-22,18,0,0,0,7,18,0,0.0
CCB1836,2010-01-25,23,0,0,0,5,12,0,0.0
CCB1836,2010-01-26,12,0,0,0,7,9,0,0.0
CCB1836,2010-01-27,23,0,0,0,10,18,0,0.0
CCB1836,2010-01-28,15,0,0,0,8,10,0,0.0
CCB1836,2010-01-29,9,0,0,0,5,7,0,0.0
CCC0569,2010-01-07,2,0,0,0,2,2,0,0.0
CCC0569,2010-01-21,2,0,0,0,2,2,0,0.0
CCC0569,2010-01-28,2,0,0,0,2,2,0,0.0
CCG1347,2010-01-04,25,0,0,0,8,10,0,0.0
CCG1347,2010-01-05,25,0,0,0,14,17,0,0.0
CCG1347,2010-01-06,19,0,0,0,13,16,0,0.0
CCG1347,2010-01-07,27,0,0,0,11,19,0,0.0
CCG1347,2010-01-08,21,0,0,0,12,17,0,0.0
CCG1347,2010-01-11,18,0,0,0,8,9,0,0.0
CCG1347,2010-01-12,26,0,0,0,14,18,0,0.0
CCG1347,2010-01-13,18,0,0,0,13,15,0,0.0
CCG1347,2010-01-14,21,0,0,0,11,15,0,0.0
CCG1347,2010-01-15,19,0,0,0,12,13,0,0.0
CCG1347,2010-01-18,22,0,0,0,12,20,0,0.0
CCG1347,2010-01-19,22,0,0,0,18,16,0,0.0
CCG1347,2010-01-20,21,0,0,0,12,18,0,0.0
CCG1347,2010-01-21,17,0,0,0,10,9,0,0.0
CCG1347,2010-01-22,20,0,0,0,8,9,0,0.0
CCG1347,2010-01-25,23,0,0,0,10,17,0,0.0
CCG1347,2010-01-26,23,0,0,0,11,14,0,0.0
CCG1347,2010-01-27,24,1,0,0,16,18,0,0.0
CCG1347,2010-01-28,23,0,0,0,18,18,0,0.0
CCG1347,2010-01-29,11,0,0,0,9,8,0,0.0
CDB1594,2010-01-06,19,5,0,0,7,19,0,0.0
CDB1594,2010-01-07,24,0,0,0,13,23,0,0.0
CDB1594,2010-01-14,22,0,0,0,6,21,0,0.0
CDB1594,2010-01-15,23,0,0,0,9,20,0,0.0
CDB1594,2010-01-20,26,0,0,0,10,25,0,0.0
CDB1594,2010-01-21,24,0,0,0,7,15,0,0.0
CDB1594,2010-01-22,27,0,0,0,11,25,0,0.0
CDB1594,2010-01-27,24,19,0,0,11,23,0,0.0
CDG0551,2010-01-05,3,0,0,0,3,3,0,0.0
CDG0551,2010-01-15,3,0,0,0,3,1,0,0.0
CDG0551,2010-01-22,8,0,0,0,6,6,0,0.0
CDG0551,2010-01-27,6,0,0,0,5,3,0,0.0
CDL0189,2010-01-05,3,0,0,0,2,3,0,0.0
CDL0189,2010-01-07,3,0,0,0,2,2,0,0.0
CDL0189,2010-01-26,10,0,0,0,8,9,0,0.0
CDO0684,2010-01-04,12,12,0,0,2,12,0,0.0
CDO0684,2010-01-05,9,9,0,0,1,9,0,0.0
CDO0684,2010-01-06,9,9,0,0,2,8,0,0.0
CDO0684,2010-01-07,6,6,0,0,1,6,0,0.0
CDO0684,2010-01-08,11,11,0,0,2,11,0,0.0
CDO0684,2010-01-12,9,0,0,0,1,9,0,0.0
CDO0684,2010-01-13,5,5,0,0,1,5,0,0.0
CDO0684,2010-01-14,15,15,0,0,3,14,0,0.0
CDO0684,2010-01-15,8,8,0,0,1,8,0,0.0
CDO0684,2010-01-18,9,9,0,0,2,9,0,0.0
CDO0684,2010-01-19,7,0,0,0,1,7,0,0.0
CDO0684,2010-01-20,2,2,0,0,1,2,0,0.0
CDO0684,2010-01-22,2,2,0,0,1,2,0,0.0
CDO0684,2010-01-25,10,10,0,0,2,10,0,0.0
CDO0684,2010-01-27,4,4,0,0,1,4,0,0.0
CDO0684,2010-01-28,1,1,0,0,1,1,0,0.0
CGS0647,2010-01-04,3,0,0,0,1,3,0,0.0
CGS0647,2010-01-05,2,0,0,0,2,2,0,0.0
CGS0647,2010-01-06,6,0,0,0,4,6,0,0.0
CGS0647,2010-01-07,5,0,0,0,4,3,0,0.0
CGS0647,2010-01-08,5,0,0,0,3,5,0,0.0
CGS0647,2010-01-09,1,0,0,0,1,1,0,0.0
CGS0647,2010-01-11,4,0,0,0,4,4,0,0.0
CGS0647,2010-01-12,1,0,0,0,1,1,0,0.0
CGS0647,2010-01-13,3,0,0,0,3,2,0,0.0
CGS0647,2010-01-14,1,0,0,0,1,1,0,0.0
CGS0647,2010-01-17,1,0,0,0,1,1,0,0.0
CGS0647,2010-01-21,1,0,0,0,1,1,0,0.0
CGS0647,2010-01-22,5,0,0,0,5,5,0,0.0
CGS0647,2010-01-25,1,0,0,0,1,1,0,0.0
CGS0647,2010-01-26,3,0,0,0,3,3,0,0.0
CGS0647,2010-01-29,1,0,0,0,1,1,0,0.0
CHM1312,2010-01-04,5,0,0,0,4,4,0,0.0
CHM1312,2010-01-05,5,0,0,0,3,1,0,0.0
CHM1312,2010-01-07,7,0,0,0,2,7,0,0.0
CHM1312,2010-01-08,4,0,0,0,3,2,0,0.0
CHM1312,2010-01-11,5,0,0,0,4,5,0,0.0
CHM1312,2010-01-12,10,0,0,0,8,9,0,0.0
CHM1312,2010-01-13,10,0,0,0,7,10,0,0.0
CHM1312,2010-01-14,3,1,0,0,2,3,0,0.0
CHM1312,2010-01-15,3,0,0,0,3,2,0,0.0
CHM1312,2010-01-18,8,0,0,0,4,3,0,0.0
CHM1312,2010-01-19,3,0,0,0,1,3,0,0.0
CHM1312,2010-01-20,8,0,0,0,5,5,0,0.0
CHM1312,2010-01-21,5,0,0,0,2,5,0,0.0
CHM1312,2010-01-22,5,0,0,0,4,5,0,0.0
CHM1312,2010-01-25,5,0,0,0,4,2,0,0.0
CHM1312,2010-01-27,12,0,0,0,7,9,0,0.0
CHM1312,2010-01-28,9,0,0,0,3,4,0,0.0
CHP1711,2010-01-06,1,0,0,0,1,0,0,0.0
CHP1711,2010-01-07,4,0,0,0,4,4,0,0.0
CHP1711,2010-01-08,5,0,0,0,4,2,0,0.0
CHP1711,2010-01-12,1,0,0,0,1,1,0,0.0
CHP1711,2010-01-14,5,0,0,0,5,5,0,0.0
CHP1711,2010-01-15,3,0,0,0,3,3,0,0.0
CHP1711,2010-01-18,4,0,0,0,4,4,0,0.0
CHP1711,2010-01-19,5,2,0,0,5,4,0,0.0
CHP1711,2010-01-21,3,0,0,0,3,3,0,0.0
CHP1711,2010-01-22,3,0,0,0,3,2,0,0.0
CHP1711,2010-01-25,1,0,0,0,1,1,0,0.0
CHP1711,2010-01-27,1,0,0,0,1,1,0,0.0
CHP1711,2010-01-29,1,0,0,0,1,1,0,0.0
CIF1430,2010-01-06,1,0,0,0,1,1,0,0.0
CIF1430,2010-01-11,5,0,0,0,4,4,0,0.0
CIF1430,2010-01-13,3,0,0,0,3,2,0,0.0
CIF1430,2010-01-14,2,0,0,0,2,2,0,0.0
CIF1430,2010-01-15,5,0,0,0,3,4,0,0.0
CIF1430,2010-01-19,5,0,0,0,5,5,0,0.0
CIF1430,2010-01-20,5,0,0,0,5,3,0,0.0
CIF1430,2010-01-21,5,0,0,0,3,2,0,0.0
CIF1430,2010-01-25,5,0,0,0,5,5,0,0.0
CIF1430,2010-01-26,5,0,0,0,3,5,0,0.0
CIF1430,2010-01-27,1,0,0,0,1,1,0,0.0
CIF1430,2010-01-28,4,0,0,0,4,4,0,0.0
CIF1430,2010-01-29,2,0,0,0,2,2,0,0.0
CJM0410,2010-01-04,25,25,0,0,4,25,0,0.0
CJM0410,2010-01-05,27,0,0,0,9,23,0,0.0
CJM0410,2010-01-06,27,0,0,0,9,19,0,0.0
CJM0410,2010-01-07,27,0,0,0,12,17,0,0.0
CJM0410,2010-01-08,26,0,0,0,14,24,0,0.0
CJM0410,2010-01-11,27,12,0,0,12,26,0,0.0
CJM0410,2010-01-12,21,0,0,0,11,18,0,0.0
CJM0410,2010-01-13,20,0,0,0,13,14,0,0.0
CJM0410,2010-01-14,19,0,0,0,7,16,0,0.0
CJM0410,2010-01-15,27,0,0,0,15,21,0,0.0
CJM0410,2010-01-18,24,0,0,0,2,24,0,0.0
CJM0410,2010-01-19,27,4,0,0,15,21,0,0.0
CJM0410,2010-01-20,25,0,0,0,9,17,0,0.0
CJM0410,2010-01-21,27,0,0,0,12,25,0,0.0
CJM0410,2010-01-22,23,11,0,0,14,21,0,0.0
CJM0410,2010-01-25,25,8,0,0,14,24,0,0.0
CJM0410,2010-01-26,27,12,0,0,10,25,0,0.0
CJM0410,2010-01-27,21,0,0,0,10,19,0,0.0
CJM0410,2010-01-28,22,0,0,0,11,19,0,0.0
CJM0410,2010-01-29,26,1,0,0,5,26,0,0.0
CKB0245,2010-01-08,4,0,0,0,2,4,0,0.0
CKB0245,2010-01-12,4,0,0,0,4,4,0,0.0
CKB0245,2010-01-14,2,0,0,0,1,2,0,0.0
CKB0245,2010-01-19,1,0,0,0,1,1,0,0.0
CKB0245,2010-01-26,2,0,0,0,1,2,0,0.0
CKB0245,2010-01-27,2,0,0,0,2,2,0,0.0
CKP0630,2010-01-07,2,0,0,0,2,2,0,0.0
CKP0630,2010-01-08,1,0,0,0,1,1,0,0.0
CKP0630,2010-01-11,2,0,0,0,2,2,0,0.0
CKP0630,2010-01-12,5,0,0,0,4,5,0,0.0
CKP0630,2010-01-13,1,0,0,0,1,1,0,0.0
CKP0630,2010-01-14,1,0,0,0,1,1,0,0.0
CKP0630,2010-01-18,2,1,0,0,2,2,0,0.0
CKP0630,2010-01-19,5,0,0,0,5,5,0,0.0
CKP0630,2010-01-20,2,0,0,0,2,2,0,0.0
CKP0630,2010-01-21,3,0,0,0,2,3,0,0.0
CKP0630,2010-01-22,3,0,0,0,3,3,0,0.0
CKP0630,2010-01-26,4,0,0,0,4,4,0,0.0
CKP0630,2010-01-27,1,0,0,0,1,1,0,0.0
CKP0630,2010-01-28,1,0,0,0,1,1,0,0.0
CKW0915,2010-01-04,4,4,0,0,1,4,0,0.0
CKW0915,2010-01-05,4,4,0,0,1,4,0,0.0
CKW0915,2010-01-06,12,12,0,0,1,12,0,0.0
CKW0915,2010-01-07,2,2,0,0,1,2,0,0.0
CKW0915,2010-01-08,9,9,0,0,2,8,0,0.0
CKW0915,2010-01-12,13,13,0,0,2,13,0,0.0
CKW0915,2010-01-13,1,1,0,0,1,1,0,0.0
CKW0915,2010-01-14,5,1,0,0,2,5,0,0.0
CKW0915,2010-01-15,16,16,0,0,2,15,0,0.0
CKW0915,2010-01-18,5,5,0,0,2,5,0,0.0
CKW0915,2010-01-19,8,3,0,0,2,8,0,0.0
CKW0915,2010-01-20,12,12,0,0,1,12,0,0.0
CKW0915,2010-01-21,9,9,0,0,1,9,0,0.0
CKW0915,2010-01-25,9,9,0,0,2,9,0,0.0
CKW0915,2010-01-26,3,0,0,0,1,3,0,0.0
CKW0915,2010-01-27,11,11,0,0,2,11,0,0.0
CKW0915,2010-01-28,16,16,0,0,2,13,0,0.0
CKW0915,2010-01-29,2,2,0,0,1,2,0,0.0
CLF1981,2010-01-04,11,0,0,0,4,3,0,0.0
CLF1981,2010-01-05,13,0,0,0,6,9,0,0.0
CLF1981,2010-01-06,11,0,0,0,2,0,0,0.0
CLF1981,2010-01-08,10,0,0,0,2,1,0,0.0
CLF1981,2010-01-11,9,0,0,0,5,7,0,0.0
CLF1981,2010-01-12,9,0,0,0,7,9,0,0.0
CLF1981,2010-01-13,7,0,0,0,2,1,0,0.0
CLF1981,2010-01-14,11,0,0,0,4,1,0,0.0
CLF1981,2010-01-15,12,0,0,0,6,8,0,0.0
CLF1981,2010-01-18,7,0,0,0,7,5,0,0.0
CLF1981,2010-01-19,7,0,0,0,3,3,0,0.0
CLF1981,2010-01-20,9,0,0,0,5,9,0,0.0
CLF1981,2010-01-21,13,0,0,0,7,4,0,0.0
CLF1981,2010-01-22,12,0,0,0,6,6,0,0.0
CLF1981,2010-01-25,10,0,0,0,8,7,0,0.0
CLF1981,2010-01-26,8,0,0,0,2,0,0,0.0
CLF1981,2010-01-28,11,0,0,0,3,1,0,0.0
CLF1981,2010-01-29,7,0,0,0,5,5,0,0.0
CLG0114,2010-01-04,2,0,0,0,2,2,0,0.0
CLG0114,2010-01-05,2,0,0,0,2,2,0,0.0
CLG0114,2010-01-11,6,6,0,0,3,6,0,0.0
CLG0114,2010-01-12,5,0,0,0,5,4,0,0.0
CLG0114,2010-01-14,3,0,0,0,2,3,0,0.0
CLG0114,2010-01-15,6,0,0,0,3,6,0,0.0
CLG0114,2010-01-18,5,0,0,0,3,5,0,0.0
CLG0114,2010-01-20,5,2,0,0,4,4,1,0.0
CLG0114,2010-01-27,6,0,0,0,4,6,0,0.0
CLG0114,2010-01-28,2,0,0,0,1,0,0,0.0
CLZ1937,2010-01-04,7,1,0,0,6,4,0,0.0
CLZ1937,2010-01-05,12,0,0,0,6,9,0,0.0
CLZ1937,2010-01-06,8,1,0,0,4,6,0,0.0
CLZ1937,2010-01-07,7,0,0,0,5,5,0,0.0
CLZ1937,2010-01-08,9,0,0,0,2,9,0,0.0
CLZ1937,2010-01-11,3,0,0,0,3,3,0,0.0
CLZ1937,2010-01-12,10,0,0,0,6,9,0,0.0
CLZ1937,2010-01-13,10,0,0,0,5,6,0,0.0
CLZ1937,2010-01-14,7,0,0,0,5,6,0,0.0
CLZ1937,2010-01-18,5,0,0,0,2,1,0,0.0
CLZ1937,2010-01-19,10,0,0,0,8,7,0,0.0
CLZ1937,2010-01-21,2,0,0,0,2,1,0,0.0
CLZ1937,2010-01-22,5,0,0,0,2,3,0,0.0
CLZ1937,2010-01-25,5,0,0,0,2,3,0,0.0
CLZ1937,2010-01-26,2,0,0,0,2,2,0,0.0
CLZ1937,2010-01-27,5,0,0,0,4,3,0,0.0
CLZ1937,2010-01-28,6,3,0,0,4,5,0,0.0
CLZ1937,2010-01-29,7,0,0,0,2,7,0,0.0
CRB0648,2010-01-04,4,0,0,0,4,4,0,0.0
CRB0648,2010-01-05,6,0,0,0,3,5,0,0.0
CRB0648,2010-01-07,6,0,0,0,5,5,0,0.0
CRB0648,2010-01-08,7,0,0,0,3,1,0,0.0
CRB0648,2010-01-11,7,0,0,0,4,7,0,0.0
CRB0648,2010-01-12,6,0,0,0,5,6,0,0.0
CRB0648,2010-01-13,2,0,0,0,2,2,0,0.0
CRB0648,2010-01-14,9,0,0,0,6,9,0,0.0
CRB0648,2010-01-15,7,0,0,0,3,7,0,0.0
CRB0648,2010-01-18,8,0,0,0,2,6,0,0.0
CRB0648,2010-01-19,4,0,0,0,3,4,0,0.0
CRB0648,2010-01-20,6,0,0,0,4,6,0,0.0
CRB0648,2010-01-21,6,0,0,0,3,6,0,0.0
CRB0648,2010-01-22,4,0,0,0,3,2,0,0.0
CRB0648,2010-01-25,7,0,0,0,3,6,0,0.0
CRB0648,2010-01-26,1,0,0,0,1,1,0,0.0
CRB0648,2010-01-27,8,0,0,0,5,6,0,0.0
CRB0648,2010-01-28,3,0,0,0,2,3,0,0.0
CRC0217,2010-01-07,27,0,0,0,8,12,0,0.0
CRC0217,2010-01-11,27,0,0,0,10,24,0,0.0
CRC0217,2010-01-20,26,0,0,0,8,14,0,0.0
CRC0217,2010-01-27,27,0,0,0,9,20,0,0.0
CRD0987,2010-01-04,9,0,0,0,6,7,0,0.0
CRD0987,2010-01-05,6,0,0,0,5,4,0,0.0
CRD0987,2010-01-07,8,0,0,0,7,4,0,0.0
CRD0987,2010-01-08,6,1,0,0,6,5,0,0.0
CRD0987,2010-01-11,8,0,0,0,4,8,0,0.0
CRD0987,2010-01-13,13,0,0,0,8,12,0,0.0
CRD0987,2010-01-14,5,1,0,0,5,3,0,0.0
CRD0987,2010-01-18,13,0,0,0,5,11,0,0.0
CRD0987,2010-01-19,12,0,0,0,6,11,0,0.0
CRD0987,2010-01-20,6,1,0,0,3,5,0,0.0
CRD0987,2010-01-21,7,0,0,0,4,6,0,0.0
CRD0987,2010-01-26,6,2,0,0,3,6,0,0.0
CRD0987,2010-01-28,5,0,0,0,4,5,0,0.0
CRD0987,2010-01-29,10,0,0,0,7,10,0,0.0
CRM0907,2010-01-06,7,0,0,0,4,6,0,0.0
CRM0907,2010-01-08,9,0,0,0,6,9,0,0.0
CRM0907,2010-01-09,1,0,0,0,1,1,0,0.0
CRM0907,2010-01-22,2,0,0,0,2,2,0,0.0
CRM0907,2010-01-25,4,0,0,0,3,4,0,0.0
CRM0907,2010-01-26,6,0,0,0,6,5,0,0.0
CRW0627,2010-01-04,24,0,0,0,5,23,0,0.0
CRW0627,2010-01-05,26,0,0,0,5,25,0,0.0
CRW0627,2010-01-07,25,0,0,0,8,13,1,0.0
CRW0627,2010-01-11,27,0,0,0,11,23,0,0.0
CRW0627,2010-01-12,26,0,0,0,7,18,0,0.0
CRW0627,2010-01-14,27,0,0,0,3,26,1,0.0
CRW0627,2010-01-15,27,0,0,0,8,24,0,0.0
CRW0627,2010-01-18,27,0,0,0,9,17,0,0.0
CRW0627,2010-01-19,25,0,0,0,12,20,0,0.0
CRW0627,2010-01-21,22,0,0,0,2,13,0,0.0
CRW0627,2010-01-22,25,0,0,0,5,12,0,0.0
CRW0627,2010-01-25,27,0,0,0,14,23,0,0.0
CRW0627,2010-01-26,12,0,0,0,3,12,0,0.0
CRW0627,2010-01-27,27,0,0,0,11,24,0,0.0
CRW0627,2010-01-28,27,0,0,0,8,14,0,0.0
CTK0037,2010-01-20,5,0,0,0,4,4,0,0.0
CTK0037,2010-01-21,6,0,0,0,3,4,0,0.0
CTK0037,2010-01-22,4,4,0,0,2,4,0,0.0
CTK0037,2010-01-25,6,6,0,0,4,6,0,0.0
CTT0639,2010-01-04,6,0,0,0,3,6,0,0.0
CTT0639,2010-01-05,5,0,0,0,4,5,0,0.0
CTT0639,2010-01-06,7,0,0,0,6,7,0,0.0
CTT0639,2010-01-08,4,0,0,0,3,4,0,0.0
CTT0639,2010-01-11,5,0,0,0,4,5,0,0.0
CTT0639,2010-01-13,9,0,0,0,5,9,0,0.0
CTT0639,2010-01-15,1,0,0,0,1,1,0,0.0
CTT0639,2010-01-19,11,0,0,0,6,9,0,0.0
CTT0639,2010-01-21,9,0,0,0,6,9,0,0.0
CTT0639,2010-01-22,4,0,0,0,3,3,0,0.0
CTT0639,2010-01-25,8,0,0,0,6,8,0,0.0
CTT0639,2010-01-26,4,0,0,0,4,4,0,0.0
CTT0639,2010-01-27,4,0,0,0,4,4,0,0.0
CTT0639,2010-01-28,5,0,0,0,3,5,0,0.0
CWC0006,2010-01-04,3,2,0,0,2,3,0,0.0
CWC0006,2010-01-05,6,0,0,0,3,6,0,0.0
CWC0006,2010-01-06,11,6,0,0,2,11,0,0.0
CWC0006,2010-01-07,8,0,0,0,1,8,0,0.0
CWC0006,2010-01-08,6,3,0,0,3,6,0,0.0
CWC0006,2010-01-11,6,0,0,0,3,5,0,0.0
CWC0006,2010-01-12,5,0,0,0,3,5,0,0.0
CWC0006,2010-01-13,2,1,0,0,2,2,0,0.0
CWC0006,2010-01-14,2,0,0,0,1,2,0,0.0
CWC0006,2010-01-15,4,0,0,0,1,4,0,0.0
CWC0006,2010-01-18,8,0,0,0,5,8,0,0.0
CWC0006,2010-01-19,7,0,0,0,3,7,0,0.0
CWC0006,2010-01-21,4,0,0,0,2,4,0,0.0
CWC0006,2010-01-22,8,1,0,0,7,7,0,0.0
CWC0006,2010-01-25,1,0,0,0,1,1,0,0.0
CWC0006,2010-01-26,8,0,0,0,4,8,0,0.0
CWC0006,2010-01-27,9,0,0,0,4,9,0,0.0
CWC0006,2010-01-28,7,5,0,0,3,7,0,0.0
CWR0696,2010-01-08,2,0,0,0,1,2,0,0.0
CWR0696,2010-01-13,5,0,0,0,3,5,0,0.0
CWR0696,2010-01-15,5,0,0,0,3,4,0,0.0
CWR0696,2010-01-18,9,0,0,0,2,0,0,0.0
CWR0696,2010-01-21,5,0,0,0,3,5,0,0.0
CWR0696,2010-01-22,6,0,0,0,1,6,0,0.0
CWR0696,2010-01-25,4,1,0,0,2,3,0,0.0
CWR0696,2010-01-27,9,0,0,0,6,6,0,0.0
CWR0696,2010-01-28,8,0,0,0,5,7,0,0.0
DAL0795,2010-01-06,3,0,0,0,1,3,0,0.0
DAL0795,2010-01-11,11,0,0,0,4,10,0,0.0
DAL0795,2010-01-13,7,0,0,0,5,5,0,0.0
DAL0795,2010-01-19,3,3,0,0,3,3,0,0.0
DBS0048,2010-01-05,13,5,0,0,4,13,0,0.0
DBS0048,2010-01-06,6,0,0,0,1,6,0,0.0
DBS0048,2010-01-07,9,9,0,0,1,9,0,0.0
DBS0048,2010-01-08,8,8,0,0,3,8,0,0.0
DBS0048,2010-01-11,17,17,0,0,2,17,0,0.0
DBS0048,2010-01-12,21,21,0,0,2,21,0,0.0
DBS0048,2010-01-13,7,7,0,0,2,7,0,0.0
DBS0048,2010-01-14,8,0,0,0,1,8,0,0.0
DBS0048,2010-01-15,17,10,0,0,2,17,0,0.0
DBS0048,2010-01-18,1,1,0,0,1,1,0,0.0
DBS0048,2010-01-19,7,7,0,0,2,7,0,0.0
DBS0048,2010-01-20,2,2,0,0,1,2,0,0.0
DBS0048,2010-01-25,5,5,0,0,1,5,0,0.0
DBS0048,2010-01-26,5,5,0,0,1,5,0,0.0
DBS0048,2010-01-27,1,1,0,0,1,1,0,0.0
DBS0048,2010-01-28,4,4,0,0,1,4,0,0.0
DCC1119,2010-01-04,7,0,0,0,6,7,0,0.0
DCC1119,2010-01-05,4,0,0,0,4,4,0,0.0
DCC1119,2010-01-06,8,8,0,0,5,8,0,0.0
DCC1119,2010-01-07,8,0,0,0,5,8,0,0.0
DCC1119,2010-01-08,5,5,0,0,5,5,0,0.0
DCC1119,2010-01-11,18,18,0,0,7,18,0,0.0
DCC1119,2010-01-13,4,0,0,0,3,4,0,0.0
DCC1119,2010-01-18,11,6,0,0,5,11,0,0.0
DCC1119,2010-01-19,10,5,0,0,6,10,0,0.0
DCC1119,2010-01-20,1,1,0,0,1,1,0,0.0
DCC1119,2010-01-21,18,18,0,0,10,18,0,0.0
DCC1119,2010-01-22,4,0,0,0,3,4,0,0.0
DCC1119,2010-01-25,10,2,0,0,2,10,0,0.0
DCC1119,2010-01-26,12,12,0,0,5,11,0,0.0
DCC1119,2010-01-27,19,17,0,0,6,19,0,0.0
DCC1119,2010-01-28,4,0,0,0,4,4,0,0.0
DCF1479,2010-01-07,6,0,0,0,2,5,0,0.0
DCF1479,2010-01-14,4,0,0,0,2,3,0,0.0
DCF1479,2010-01-19,4,0,0,0,2,4,0,0.0
DCF1479,2010-01-21,7,0,0,0,4,3,0,0.0
DCR1648,2010-01-02,7,0,0,0,5,7,0,0.0
DCR1648,2010-01-03,9,0,0,0,6,7,0,0.0
DCR1648,2010-01-04,6,0,0,0,6,5,0,0.0
DCR1648,2010-01-07,7,6,0,0,5,7,0,0.0
DCR1648,2010-01-08,2,0,0,0,2,2,0,0.0
DCR1648,2010-01-14,8,0,0,0,4,8,0,0.0
DCR1648,2010-01-16,6,0,0,0,4,6,0,0.0
DCR1648,2010-01-18,3,0,0,0,2,3,0,0.0
DCR1648,2010-01-20,6,0,0,0,5,5,0,0.0
DCR1648,2010-01-21,1,0,0,0,1,1,0,0.0
DCR1648,2010-01-22,8,0,0,0,4,8,0,0.0
DCR1648,2010-01-23,5,0,0,0,4,3,0,0.0
DCR1648,2010-01-25,3,0,0,0,3,3,0,0.0
DCR1648,2010-01-26,6,0,0,0,6,3,0,0.0
DCR1648,2010-01-27,7,0,0,0,4,3,0,0.0
DCR1648,2010-01-28,8,0,0,0,6,6,0,0.0
DDK0995,2010-01-04,6,0,0,0,2,6,0,0.0
DDK0995,2010-01-07,2,0,0,0,2,2,0,0.0
DDK0995,2010-01-11,1,0,0,0,1,1,0,0.0
DDK0995,2010-01-12,2,0,0,0,1,2,0,0.0
DDK0995,2010-01-19,3,0,0,0,3,3,0,0.0
DDK0995,2010-01-20,3,0,0,0,2,2,0,0.0
DDK0995,2010-01-25,4,0,0,0,3,4,0,0.0
DDK0995,2010-01-29,3,0,0,0,1,3,0,0.0
DDR1876,2010-01-02,2,0,0,0,2,1,0,0.0
DDR1876,2010-01-05,4,0,0,0,3,3,0,0.0
DDR1876,2010-01-06,3,0,0,0,3,1,0,0.0
DDR1876,2010-01-07,7,0,0,0,2,7,0,0.0
DDR1876,2010-01-08,2,0,0,0,2,2,0,0.0
DDR1876,2010-01-09,3,0,0,0,1,3,0,0.0
DDR1876,2010-01-12,8,0,0,0,2,8,0,0.0
DDR1876,2010-01-13,7,0,0,0,3,7,0,0.0
DDR1876,2010-01-14,2,0,0,0,1,2,0,0.0
DDR1876,2010-01-22,3,0,0,0,3,2,0,0.0
DDR1876,2010-01-25,2,0,0,0,1,2,0,0.0
DDR1876,2010-01-26,1,0,0,0,1,1,0,0.0
DEB0727,2010-01-04,24,0,0,0,9,21,0,0.0
DEB0727,2010-01-06,27,0,0,0,9,19,0,0.0
DEB0727,2010-01-12,27,0,0,0,12,22,0,0.0
DEB0727,2010-01-19,23,0,0,0,10,15,0,0.0
DEB0727,2010-01-20,26,0,0,0,14,23,0,0.0
DEB0727,2010-01-26,27,0,0,0,16,18,0,0.0
DEC1939,2010-01-04,25,0,0,0,18,23,0,0.0
DEC1939,2010-01-06,27,0,0,0,17,25,0,0.0
DEC1939,2010-01-08,27,0,0,0,9,22,0,0.0
DEC1939,2010-01-12,27,15,0,0,16,20,0,0.0
DEC1939,2010-01-13,25,1,0,0,14,19,0,0.0
DEC1939,2010-01-15,24,0,0,0,15,21,0,0.0
DEC1939,2010-01-18,27,0,0,0,16,25,0,0.0
DEC1939,2010-01-19,18,0,0,0,15,16,0,0.0
DEC1939,2010-01-20,27,0,0,0,20,24,0,0.0
DEC1939,2010-01-21,22,22,0,0,17,17,0,0.0
DEC1939,2010-01-22,27,19,0,0,15,25,0,0.0
DEC1939,2010-01-28,27,0,0,0,22,20,0,0.0
DEO1964,2010-01-02,26,0,0,0,14,25,1,0.0
DEO1964,2010-01-03,27,0,0,0,15,26,0,0.0
DEO1964,2010-01-05,23,0,0,0,12,23,0,0.0
DEO1964,2010-01-08,22,0,0,0,12,22,0,0.0
DEO1964,2010-01-16,25,0,0,0,14,25,0,0.0
DEO1964,2010-01-17,26,0,0,0,11,26,0,0.0
DEO1964,2010-01-20,27,0,0,0,13,27,0,0.0
DEO1964,2010-01-22,27,0,0,0,13,26,0,0.0
DEO1964,2010-01-23,11,0,0,0,7,11,0,0.0
DEO1964,2010-01-24,25,0,0,0,12,25,0,0.0
DEO1964,2010-01-27,24,0,0,0,14,23,1,0.0
DEO1964,2010-01-29,22,0,0,0,13,21,0,0.0
DEW0384,2010-01-04,2,0,0,0,2,1,0,0.0
DEW0384,2010-01-06,3,0,0,0,3,1,0,0.0
DEW0384,2010-01-07,4,1,0,0,4,3,0,0.0
DEW0384,2010-01-12,1,0,0,0,1,0,0,0.0
DEW0384,2010-01-15,3,1,0,0,3,3,0,0.0
DEW0384,2010-01-19,1,0,0,0,1,1,0,0.0
DEW0384,2010-01-22,3,0,0,0,3,2,0,0.0
DHS0204,2010-01-02,6,3,0,0,3,6,0,0.0
DHS0204,2010-01-06,3,0,0,0,3,2,0,0.0
DHS0204,2010-01-07,4,0,0,0,3,4,0,0.0
DHS0204,2010-01-08,3,0,0,0,2,3,0,0.0
DHS0204,2010-01-12,1,0,0,0,1,1,0,0.0
DHS0204,2010-01-13,2,0,0,0,2,1,0,0.0
DHS0204,2010-01-15,3,0,0,0,1,3,0,0.0
DHS0204,2010-01-16,5,0,0,0,5,4,0,0.0
DHS0204,2010-01-17,1,0,0,0,1,1,0,0.0
DHS0204,2010-01-19,1,0,0,0,1,1,0,0.0
DHS0204,2010-01-25,4,1,0,0,3,3,0,0.0
DHS0204,2010-01-28,4,0,0,0,2,4,0,0.0
DJT1534,2010-01-06,8,0,0,0,3,6,0,0.0
DJT1534,2010-01-07,4,0,0,0,4,2,0,0.0
DJT1534,2010-01-08,4,2,0,0,1,0,0,0.0
DJT1534,2010-01-11,8,0,0,0,4,7,0,0.0
DJT1534,2010-01-14,2,0,0,0,1,2,0,0.0
DJT1534,2010-01-21,3,0,0,0,2,3,0,0.0
DJT1534,2010-01-25,4,0,0,0,2,4,0,0.0
DJT1534,2010-01-28,4,0,0,0,2,4,0,0.0
DKG0161,2010-01-04,4,0,0,0,4,4,0,0.0
DKG0161,2010-01-05,4,0,0,0,3,3,0,0.0
DKG0161,2010-01-07,7,0,0,0,6,5,0,0.0
DKG0161,2010-01-11,3,0,0,0,2,2,0,0.0
DKG0161,2010-01-12,5,0,0,0,5,5,0,0.0
DKG0161,2010-01-13,2,0,0,0,2,2,0,0.0
DKG0161,2010-01-14,6,0,0,0,5,5,0,0.0
DKG0161,2010-01-15,4,0,0,0,4,4,0,0.0
DKG0161,2010-01-18,5,0,0,0,4,3,0,0.0
DKG0161,2010-01-19,1,0,0,0,1,1,0,0.0
DKG0161,2010-01-20,2,0,0,0,1,2,0,0.0
DKG0161,2010-01-21,2,0,0,0,2,2,0,0.0
DKG0161,2010-01-22,2,0,0,0,2,1,0,0.0
DKG0161,2010-01-27,2,0,0,0,2,1,0,0.0
DKG0161,2010-01-28,3,0,0,0,2,3,0,0.0
DKG0161,2010-01-29,2,0,0,0,2,2,0,0.0
DKG0637,2010-01-13,27,0,0,0,8,16,0,0.0
DKG0637,2010-01-14,26,0,0,0,8,13,0,0.0
DKG0637,2010-01-18,27,0,0,0,10,22,0,0.0
DKG0637,2010-01-19,23,0,0,0,14,16,0,0.0
DKG0637,2010-01-21,27,0,0,0,10,16,0,0.0
DLB0401,2010-01-04,6,0,0,0,5,6,0,0.0
DLB0401,2010-01-05,1,0,0,0,1,1,0,0.0
DLB0401,2010-01-07,6,0,0,0,6,6,0,0.0
DLB0401,2010-01-08,5,0,0,0,1,0,0,0.0
DLB0401,2010-01-12,1,0,0,0,1,1,0,0.0
DLB0401,2010-01-14,10,0,0,0,3,5,5,0.0
DLB0401,2010-01-18,10,0,0,0,7,8,0,0.0
DLB0401,2010-01-19,9,0,0,0,5,9,0,0.0
DLB0401,2010-01-21,3,0,0,0,3,3,0,0.0
DLB0401,2010-01-25,8,0,0,0,1,8,0,0.0
DLB0401,2010-01-26,1,0,0,0,1,1,0,0.0
DLB0401,2010-01-27,4,0,0,0,4,4,0,0.0
DLB0401,2010-01-28,7,0,0,0,3,7,0,0.0
DMD1197,2010-01-04,5,0,0,0,5,5,0,0.0
DMD1197,2010-01-05,4,0,0,0,2,4,0,0.0
DMD1197,2010-01-06,3,0,0,0,3,3,0,0.0
DMD1197,2010-01-07,4,0,0,0,4,3,0,0.0
DMD1197,2010-01-08,5,0,0,0,5,3,0,0.0
DMD1197,2010-01-11,1,0,0,0,1,1,0,0.0
DMD1197,2010-01-12,1,0,0,0,1,1,0,0.0
DMD1197,2010-01-15,3,0,0,0,3,3,0,0.0
DMD1197,2010-01-18,8,0,0,0,8,6,0,0.0
DMD1197,2010-01-19,4,0,0,0,3,2,0,0.0
DMD1197,2010-01-20,2,0,0,0,2,2,0,0.0
DMD1197,2010-01-21,2,0,0,0,2,2,0,0.0
DMD1197,2010-01-22,9,0,0,0,7,9,0,0.0
DMD1197,2010-01-25,5,1,0,0,5,3,0,0.0
DMD1197,2010-01-26,3,0,0,0,3,3,0,0.0
DMD1197,2010-01-27,1,0,0,0,1,1,0,0.0
DMD1197,2010-01-29,2,0,0,0,2,2,0,0.0
DMJ0222,2010-01-04,27,0,0,0,16,24,0,0.0
DMJ0222,2010-01-05,24,0,0,0,15,19,0,0.0
DMJ0222,2010-01-06,19,0,0,0,14,17,1,0.0
DMJ0222,2010-01-07,21,0,0,0,13,21,0,0.0
DMJ0222,2010-01-08,27,0,0,0,16,24,1,0.0
DMJ0222,2010-01-11,21,0,0,0,11,20,0,0.0
DMJ0222,2010-01-12,27,0,0,0,14,20,0,0.0
DMJ0222,2010-01-13,27,0,0,0,17,21,0,0.0
DMJ0222,2010-01-14,27,0,0,0,16,22,0,0.0
DMJ0222,2010-01-15,27,0,0,0,17,23,0,0.0
DMJ0222,2010-01-18,26,0,0,0,17,23,0,0.0
DMJ0222,2010-01-19,27,0,0,0,16,24,0,0.0
DMJ0222,2010-01-20,22,1,0,0,19,20,0,0.0
DMJ0222,2010-01-21,25,0,0,0,22,20,3,0.0
DMJ0222,2010-01-22,24,6,0,0,15,22,0,0.0
DMJ0222,2010-01-25,22,0,0,0,16,17,0,0.0
DMJ0222,2010-01-26,21,0,0,0,12,18,0,0.0
DMJ0222,2010-01-27,22,0,0,0,13,21,0,0.0
DMJ0222,2010-01-28,27,0,0,0,16,20,1,0.0
DMJ0222,2010-01-29,10,0,0,0,9,10,0,0.0
DMW1849,2010-01-21,1,0,0,0,1,1,0,0.0
DNF0876,2010-01-04,1,0,0,0,1,1,0,0.0
DNF0876,2010-01-05,1,0,0,0,1,1,0,0.0
DNF0876,2010-01-07,1,0,0,0,1,1,0,0.0
DNF0876,2010-01-12,1,0,0,0,1,1,0,0.0
DNF0876,2010-01-13,1,0,0,0,1,1,0,0.0
DNF0876,2010-01-25,6,0,0,0,4,6,0,0.0
DNF0876,2010-01-27,4,0,0,0,3,4,0,0.0
DNF0876,2010-01-28,3,0,0,0,3,3,0,0.0
DNF0876,2010-01-29,2,0,0,0,2,2,0,0.0
DNW0899,2010-01-06,2,0,0,0,2,2,0,0.0
DNW0899,2010-01-07,1,0,0,0,1,1,0,0.0
DNW0899,2010-01-12,4,0,0,0,2,3,0,0.0
DNW0899,2010-01-13,1,0,0,0,1,0,0,0.0
DNW0899,2010-01-15,3,0,0,0,3,3,0,0.0
DNW0899,2010-01-18,1,0,0,0,1,1,0,0.0
DNW0899,2010-01-19,3,1,0,0,2,0,0,0.0
DNW0899,2010-01-20,2,0,0,0,2,1,0,0.0
DNW0899,2010-01-21,1,0,0,0,1,1,0,0.0
DNW0899,2010-01-25,5,1,0,0,3,5,0,0.0
DNW0899,2010-01-27,4,0,0,0,3,3,0,0.0
DPC1618,2010-01-04,4,0,0,0,3,2,0,0.0
DPC1618,2010-01-05,8,0,0,0,8,7,0,0.0
DPC1618,2010-01-06,4,0,0,0,3,3,0,0.0
DPC1618,2010-01-08,10,0,0,0,4,10,0,0.0
DPC1618,2010-01-11,8,0,0,0,7,6,0,0.0
DPC1618,2010-01-12,2,0,0,0,2,2,0,0.0
DPC1618,2010-01-13,7,0,0,0,3,2,0,0.0
DPC1618,2010-01-14,11,0,0,0,8,9,0,0.0
DPC1618,2010-01-15,13,3,0,0,9,11,0,0.0
DPC1618,2010-01-18,8,1,0,0,5,5,0,0.0
DPC1618,2010-01-19,3,0,0,0,2,2,0,0.0
DPC1618,2010-01-20,5,0,0,0,4,2,0,0.0
DPC1618,2010-01-21,7,0,0,0,3,3,0,0.0
DPC1618,2010-01-22,7,0,0,0,6,4,0,0.0
DPC1618,2010-01-25,3,0,0,0,3,3,0,0.0
DPC1618,2010-01-26,4,2,0,0,3,3,0,0.0
DPC1618,2010-01-27,5,0,0,0,4,1,0,0.0
DPC1618,2010-01-28,6,4,0,0,6,4,0,0.0
DPN1990,2010-01-04,5,5,0,0,2,0,0,0.0
DPN1990,2010-01-06,7,3,0,0,4,7,0,0.0
DPN1990,2010-01-07,2,0,0,0,1,2,0,0.0
DPN1990,2010-01-08,4,0,0,0,4,4,0,0.0
DPN1990,2010-01-11,3,0,0,0,2,3,0,0.0
DPN1990,2010-01-12,9,6,0,0,6,4,0,0.0
DPN1990,2010-01-13,2,0,0,0,2,0,0,0.0
DPN1990,2010-01-14,7,0,0,0,4,3,0,0.0
DPN1990,2010-01-15,8,0,0,0,6,6,1,0.0
DPN1990,2010-01-18,8,0,0,0,4,4,0,0.0
DPN1990,2010-01-19,5,0,0,0,2,4,0,0.0
DPN1990,2010-01-20,7,0,0,0,6,4,1,0.0
DPN1990,2010-01-21,3,0,0,0,3,3,0,0.0
DPN1990,2010-01-22,3,0,0,0,3,2,0,0.0
DPN1990,2010-01-26,5,0,0,0,3,5,0,0.0
DPN1990,2010-01-27,1,0,0,0,1,1,0,0.0
DPN1990,2010-01-28,2,0,0,0,2,1,0,0.0
DSH1074,2010-01-04,6,0,0,0,4,5,0,0.0
DSH1074,2010-01-05,5,0,0,0,5,4,0,0.0
DSH1074,2010-01-06,4,0,0,0,2,4,0,0.0
DSH1074,2010-01-07,6,0,0,0,4,4,0,0.0
DSH1074,2010-01-08,4,0,0,0,3,4,0,0.0
DSH1074,2010-01-11,5,0,0,0,3,5,0,0.0
DSH1074,2010-01-12,5,1,0,0,4,2,0,0.0
DSH1074,2010-01-13,4,0,0,0,4,3,0,0.0
DSH1074,2010-01-14,8,0,0,0,7,5,0,0.0
DSH1074,2010-01-15,9,0,0,0,3,9,0,0.0
DSH1074,2010-01-18,6,0,0,0,4,6,0,0.0
DSH1074,2010-01-19,4,0,0,0,4,3,0,0.0
DSH1074,2010-01-20,8,0,0,0,3,5,0,0.0
DSH1074,2010-01-21,7,0,0,0,5,7,0,0.0
DSH1074,2010-01-22,4,0,0,0,3,2,0,0.0
DSH1074,2010-01-25,2,0,0,0,1,2,0,0.0
DSH1074,2010-01-26,11,0,0,0,7,9,0,0.0
DSH1074,2010-01-27,9,0,0,0,3,8,0,0.0
DSH1074,2010-01-28,4,0,0,0,3,3,0,0.0
DZA0195,2010-01-04,2,0,0,0,1,2,0,0.0
DZA0195,2010-01-05,7,0,0,0,7,6,1,0.0
DZA0195,2010-01-06,9,0,0,0,8,9,0,0.0
DZA0195,2010-01-07,1,0,0,0,1,1,0,0.0
DZA0195,2010-01-08,10,0,0,0,7,9,0,0.0
DZA0195,2010-01-11,10,0,0,0,7,8,1,0.0
DZA0195,2010-01-12,7,0,0,0,6,5,1,0.0
DZA0195,2010-01-13,9,0,0,0,7,8,1,0.0
DZA0195,2010-01-14,10,0,0,0,7,8,0,0.0
DZA0195,2010-01-15,3,0,0,0,3,2,1,0.0
DZA0195,2010-01-18,3,0,0,0,3,3,0,0.0
DZA0195,2010-01-19,7,0,0,0,6,4,2,0.0
DZA0195,2010-01-20,3,0,0,0,2,3,0,0.0
DZA0195,2010-01-21,7,0,0,0,6,7,0,0.0
DZA0195,2010-01-22,7,0,0,0,5,7,0,0.0
DZA0195,2010-01-25,8,0,0,0,6,7,0,0.0
DZA0195,2010-01-26,7,0,0,0,4,2,0,0.0
DZA0195,2010-01-27,8,0,0,0,5,8,0,0.0
DZA0195,2010-01-28,8,0,0,0,7,7,0,0.0
DZA0195,2010-01-29,8,0,0,0,5,6,0,0.0
DZH1867,2010-01-04,2,0,0,0,2,1,0,0.0
DZH1867,2010-01-05,2,0,0,0,2,2,0,0.0
DZH1867,2010-01-06,4,0,0,0,4,3,0,0.0
DZH1867,2010-01-12,1,0,0,0,1,1,0,0.0
DZH1867,2010-01-13,1,0,0,0,1,0,0,0.0
DZH1867,2010-01-14,4,0,0,0,4,2,0,0.0
DZH1867,2010-01-15,4,0,0,0,4,3,0,0.0
DZH1867,2010-01-18,2,0,0,0,2,1,1,0.0
DZH1867,2010-01-22,7,0,0,0,7,5,1,0.0
DZH1867,2010-01-25,3,0,0,0,3,3,0,0.0
DZH1867,2010-01-26,2,0,0,0,1,2,0,0.0
DZH1867,2010-01-27,4,0,0,0,3,3,1,0.0
DZH1867,2010-01-28,5,0,0,0,4,3,0,0.0
DZO0999,2010-01-04,8,0,0,0,6,7,0,0.0
DZO0999,2010-01-05,1,0,0,0,1,1,0,0.0
DZO0999,2010-01-11,7,7,0,0,2,7,0,0.0
DZO0999,2010-01-12,5,0,0,0,3,4,0,0.0
DZO0999,2010-01-13,2,0,0,0,2,1,0,0.0
DZO0999,2010-01-14,3,0,0,0,2,3,0,0.0
DZO0999,2010-01-15,7,0,0,0,6,4,0,0.0
DZO0999,2010-01-18,4,0,0,0,2,4,0,0.0
DZO0999,2010-01-19,8,0,0,0,2,8,0,0.0
DZO0999,2010-01-20,3,0,0,0,3,2,0,0.0
DZO0999,2010-01-21,7,0,0,0,6,5,0,0.0
DZO0999,2010-01-27,2,0,0,0,2,2,0,0.0
EAC0769,2010-01-04,23,0,0,0,4,5,0,0.0
EAC0769,2010-01-05,19,0,0,0,6,12,0,0.0
EAC0769,2010-01-06,19,0,0,0,9,15,0,0.0
EAC0769,2010-01-07,16,0,0,0,5,8,0,0.0
EAC0769,2010-01-08,22,0,0,0,6,9,0,0.0
EAC0769,2010-01-11,22,0,0,0,8,17,0,0.0
EAC0769,2010-01-12,21,0,0,0,6,6,0,0.0
EAC0769,2010-01-13,18,0,0,0,7,8,0,0.0
EAC0769,2010-01-14,22,0,0,0,7,14,0,0.0
EAC0769,2010-01-15,26,0,0,0,5,8,0,0.0
EAC0769,2010-01-18,24,0,0,0,6,9,0,0.0
EAC0769,2010-01-19,21,0,0,0,5,17,0,0.0
EAC0769,2010-01-20,23,0,0,0,6,8,0,0.0
EAC0769,2010-01-21,23,0,0,0,7,16,0,0.0
EAC0769,2010-01-22,27,16,0,0,7,18,0,0.0
EAC0769,2010-01-25,22,0,0,0,6,11,0,0.0
EAC0769,2010-01-26,23,0,0,0,6,16,0,0.0
EAC0769,2010-01-27,21,0,0,0,2,1,0,0.0
EAC0769,2010-01-28,21,0,0,0,9,12,0,0.0
EAC0769,2010-01-29,5,0,0,0,3,5,0,0.0
EAM1308,2010-01-04,2,0,0,0,1,2,0,0.0
EAM1308,2010-01-06,6,3,0,0,4,5,0,0.0
EAM1308,2010-01-07,2,0,0,0,1,2,0,0.0
EAM1308,2010-01-08,3,0,0,0,2,1,0,0.0
EAM1308,2010-01-09,3,3,0,0,2,1,0,0.0
EAM1308,2010-01-11,6,1,0,0,2,5,0,0.0
EAM1308,2010-01-14,6,0,0,0,3,5,0,0.0
EAM1308,2010-01-15,2,0,0,0,2,1,0,0.0
EAM1308,2010-01-18,3,0,0,0,2,0,0,0.0
EAM1308,2010-01-19,1,0,0,0,1,1,0,0.0
EAM1308,2010-01-21,3,1,0,0,3,1,0,0.0
EAM1308,2010-01-22,1,0,0,0,1,1,0,0.0
EAM1308,2010-01-25,4,0,0,0,3,4,0,0.0
EAM1308,2010-01-28,2,0,0,0,2,2,0,0.0
EAS1970,2010-01-04,5,0,0,0,4,4,0,0.0
EAS1970,2010-01-05,7,0,0,0,6,7,0,0.0
EAS1970,2010-01-06,4,0,0,0,3,3,0,0.0
EAS1970,2010-01-07,2,0,0,0,2,1,0,0.0
EAS1970,2010-01-08,1,0,0,0,1,1,0,0.0
EAS1970,2010-01-11,8,0,0,0,5,8,0,0.0
EAS1970,2010-01-12,2,0,0,0,2,2,0,0.0
EAS1970,2010-01-13,6,0,0,0,5,5,0,0.0
EAS1970,2010-01-18,4,0,0,0,3,3,0,0.0
EAS1970,2010-01-20,6,0,0,0,3,4,0,0.0
EAS1970,2010-01-22,3,0,0,0,2,3,0,0.0
EAS1970,2010-01-25,3,0,0,0,3,3,0,0.0
EAS1970,2010-01-26,3,0,0,0,2,3,0,0.0
EAS1970,2010-01-27,10,0,0,0,7,8,0,0.0
EAS1970,2010-01-28,3,0,0,0,3,3,0,0.0
EGF1305,2010-01-06,8,0,0,0,5,8,0,0.0
EGF1305,2010-01-07,4,0,0,0,3,4,0,0.0
EGF1305,2010-01-12,8,0,0,0,5,8,0,0.0
EGF1305,2010-01-14,7,0,0,0,6,7,0,0.0
EGF1305,2010-01-15,4,0,0,0,3,4,0,0.0
EGF1305,2010-01-18,4,0,0,0,3,4,0,0.0
EGF1305,2010-01-27,1,0,0,0,1,0,0,0.0
EGG1466,2010-01-05,1,0,0,0,1,1,0,0.0
EGG1466,2010-01-07,2,0,0,0,2,2,0,0.0
EGG1466,2010-01-08,8,0,0,0,4,7,0,0.0
EGG1466,2010-01-11,5,0,0,0,4,5,0,0.0
EGG1466,2010-01-12,3,0,0,0,3,3,0,0.0
EGG1466,2010-01-14,4,0,0,0,3,3,0,0.0
EGG1466,2010-01-18,6,0,0,0,5,5,0,0.0
EGG1466,2010-01-19,1,0,0,0,1,1,0,0.0
EGG1466,2010-01-21,4,0,0,0,2,2,0,0.0
EGG1466,2010-01-22,4,0,0,0,4,4,0,0.0
EGG1466,2010-01-27,1,0,0,0,1,1,0,0.0
EGM1222,2010-01-04,2,0,0,0,2,2,0,0.0
EGM1222,2010-01-11,4,0,0,0,4,4,0,0.0
EGM1222,2010-01-14,5,0,0,0,5,3,0,0.0
EGM1222,2010-01-15,4,0,0,0,4,4,0,0.0
EGM1222,2010-01-28,2,0,0,0,2,1,0,0.0
EJB0241,2010-01-13,2,1,0,0,2,1,0,0.0
EJB0241,2010-01-14,1,0,0,0,1,1,0,0.0
EJB0241,2010-01-20,3,0,0,0,2,3,0,0.0
EJB0241,2010-01-22,6,0,0,0,4,5,0,0.0
EKS1182,2010-01-04,2,0,0,0,1,2,0,0.0
EKS1182,2010-01-05,3,0,0,0,3,2,0,0.0
EKS1182,2010-01-07,1,0,0,0,1,0,0,0.0
EKS1182,2010-01-11,9,0,0,0,8,7,0,0.0
EKS1182,2010-01-13,1,1,0,0,1,1,0,0.0
EKS1182,2010-01-18,2,1,0,0,2,1,0,0.0
EKS1182,2010-01-19,2,0,0,0,2,1,0,0.0
EKS1182,2010-01-21,3,0,0,0,3,2,0,0.0
EKS1182,2010-01-22,1,0,0,0,1,1,0,0.0
EKS1182,2010-01-25,5,1,0,0,3,4,0,0.0
EKS1182,2010-01-27,2,1,0,0,1,0,0,0.0
ELC1173,2010-01-04,1,0,0,0,1,1,0,0.0
ELC1173,2010-01-06,2,0,0,0,2,2,0,0.0
ELC1173,2010-01-07,4,1,0,0,4,3,0,0.0
ELC1173,2010-01-08,8,5,0,0,7,5,0,0.0
ELC1173,2010-01-12,1,1,0,0,1,1,0,0.0
ELC1173,2010-01-15,3,0,0,0,2,3,0,0.0
ELC1173,2010-01-18,7,0,0,0,4,6,0,0.0
ELC1173,2010-01-19,5,0,0,0,5,3,0,0.0
ELC1173,2010-01-20,3,0,0,0,3,3,0,0.0
ELC1173,2010-01-21,8,0,0,0,2,8,0,0.0
ELC1173,2010-01-22,2,1,0,0,2,2,0,0.0
ELC1173,2010-01-25,2,0,0,0,2,1,0,0.0
ELC1173,2010-01-26,1,0,0,0,1,1,0,0.0
ELC1173,2010-01-28,4,0,0,0,1,4,0,0.0
EMB0902,2010-01-06,20,0,0,0,11,11,0,0.0
EMB0902,2010-01-13,22,0,0,0,12,19,0,0.0
EMB0902,2010-01-14,27,0,0,0,15,24,0,0.0
EMB0902,2010-01-18,25,0,0,0,11,24,0,0.0
EMB0902,2010-01-20,21,0,0,0,8,10,0,0.0
EMB0902,2010-01-27,25,16,0,0,10,20,0,0.0
EMB0902,2010-01-28,21,21,0,0,14,17,0,0.0
EMR0269,2010-01-03,4,4,0,0,3,4,0,0.0
EMR0269,2010-01-04,11,6,0,0,7,11,0,0.0
EMR0269,2010-01-05,2,2,0,0,2,2,0,0.0
EMR0269,2010-01-06,2,2,0,0,2,2,0,0.0
EMR0269,2010-01-07,8,0,0,0,5,8,0,0.0
EMR0269,2010-01-08,7,7,0,0,3,7,0,0.0
EMR0269,2010-01-10,4,4,0,0,3,4,0,0.0
EMR0269,2010-01-11,14,8,0,0,6,14,0,0.0
EMR0269,2010-01-12,5,5,0,0,4,5,0,0.0
EMR0269,2010-01-14,3,3,0,0,3,3,0,0.0
EMR0269,2010-01-15,4,4,0,0,3,4,0,0.0
EMR0269,2010-01-16,7,0,0,0,4,7,0,0.0
EMR0269,2010-01-18,10,10,0,0,7,10,0,0.0
EMR0269,2010-01-19,8,0,0,0,5,8,0,0.0
EMR0269,2010-01-20,6,6,0,0,6,6,0,0.0
EMR0269,2010-01-21,3,3,0,0,2,3,0,0.0
EMR0269,2010-01-22,9,9,0,0,4,9,0,0.0
EMR0269,2010-01-23,10,10,0,0,6,10,0,0.0
EMR0269,2010-01-24,4,0,0,0,2,4,0,0.0
EMR0269,2010-01-26,6,0,0,0,3,6,0,0.0
EMR0269,2010-01-27,13,13,0,0,6,12,0,0.0
EMR0269,2010-01-28,6,6,0,0,4,6,0,0.0
EMR0269,2010-01-29,3,3,0,0,3,3,0,0.0
ENM1861,2010-01-04,4,0,0,0,3,2,0,0.0
ENM1861,2010-01-06,7,0,0,0,4,2,0,0.0
ENM1861,2010-01-08,5,0,0,0,4,4,0,0.0
ENM1861,2010-01-12,7,0,0,0,4,2,0,0.0
ENM1861,2010-01-13,8,0,0,0,5,3,0,0.0
ENM1861,2010-01-14,4,0,0,0,3,3,0,0.0
ENM1861,2010-01-15,1,0,0,0,1,1,0,0.0
ENM1861,2010-01-18,6,0,0,0,5,4,0,0.0
ENM1861,2010-01-20,5,0,0,0,5,3,0,0.0
ENM1861,2010-01-21,6,0,0,0,6,4,0,0.0
ENM1861,2010-01-22,5,0,0,0,3,2,0,0.0
ENM1861,2010-01-25,7,0,0,0,6,6,0,0.0
ENM1861,2010-01-26,6,0,0,0,5,5,0,0.0
ENM1861,2010-01-27,5,0,0,0,4,4,0,0.0
ERM1590,2010-01-04,6,0,0,0,4,4,0,0.0
ERM1590,2010-01-05,9,0,0,0,7,8,0,0.0
ERM1590,2010-01-06,6,0,0,0,4,5,0,0.0
ERM1590,2010-01-07,3,0,0,0,2,3,0,0.0
ERM1590,2010-01-11,5,0,0,0,4,5,0,0.0
ERM1590,2010-01-19,2,0,0,0,2,2,0,0.0
ERM1590,2010-01-21,3,0,0,0,2,1,2,0.0
ERM1590,2010-01-22,4,0,0,0,4,2,1,0.0
ERM1590,2010-01-25,3,0,0,0,3,2,0,0.0
ERM1590,2010-01-26,9,2,0,0,7,5,0,0.0
ERM1590,2010-01-27,5,0,0,0,4,4,0,0.0
ERR0525,2010-01-06,8,0,0,0,2,8,0,0.0
ERR0525,2010-01-08,1,0,0,0,1,0,0,0.0
ERR0525,2010-01-11,4,0,0,0,4,1,0,0.0
ERR0525,2010-01-26,3,0,0,0,3,3,0,0.0
ESM1828,2010-01-17,3,0,0,0,2,3,0,0.0
ESM1828,2010-01-22,4,0,0,0,4,3,0,0.0
ESM1828,2010-01-25,3,0,0,0,3,3,0,0.0
EUN1870,2010-01-05,8,0,0,0,6,8,0,0.0
EUN1870,2010-01-06,4,0,0,0,2,4,0,0.0
EUN1870,2010-01-07,5,0,0,0,4,5,0,0.0
EUN1870,2010-01-11,2,0,0,0,2,2,0,0.0
EUN1870,2010-01-12,5,0,0,0,5,5,0,0.0
EUN1870,2010-01-13,4,0,0,0,2,1,0,0.0
EUN1870,2010-01-15,2,0,0,0,2,2,0,0.0
EUN1870,2010-01-18,3,0,0,0,2,3,0,0.0
EUN1870,2010-01-20,3,0,0,0,3,3,0,0.0
EUN1870,2010-01-21,5,0,0,0,4,3,0,0.0
EUN1870,2010-01-22,4,0,0,0,3,3,0,0.0
EUN1870,2010-01-27,3,0,0,0,3,3,0,0.0
EWA0156,2010-01-04,6,0,0,0,4,5,0,0.0
EWA0156,2010-01-08,8,0,0,0,5,8,0,0.0
EWA0156,2010-01-15,8,0,0,0,6,7,0,0.0
EWA0156,2010-01-20,6,0,0,0,4,6,0,0.0
EWA0156,2010-01-21,2,0,0,0,2,2,0,0.0
EWA0156,2010-01-22,5,4,0,0,4,3,0,0.0
EWA0156,2010-01-27,6,0,0,0,5,6,0,0.0
EZB0925,2010-01-03,5,0,0,0,2,5,0,0.0
EZB0925,2010-01-05,2,2,0,0,1,2,0,0.0
EZB0925,2010-01-06,8,8,0,0,3,8,0,0.0
EZB0925,2010-01-07,2,2,0,0,2,2,0,0.0
EZB0925,2010-01-08,6,6,0,0,2,6,0,0.0
EZB0925,2010-01-09,13,5,0,0,3,13,0,0.0
EZB0925,2010-01-11,3,3,0,0,2,3,0,0.0
EZB0925,2010-01-12,6,0,0,0,3,6,0,0.0
EZB0925,2010-01-15,2,2,0,0,2,2,0,0.0
EZB0925,2010-01-18,5,5,0,0,3,5,0,0.0
EZB0925,2010-01-19,15,6,0,0,4,15,0,0.0
EZB0925,2010-01-20,8,5,0,0,4,8,0,0.0
EZB0925,2010-01-21,6,0,0,0,3,6,0,0.0
EZB0925,2010-01-22,5,5,0,0,3,5,0,0.0
EZB0925,2010-01-23,8,0,0,0,3,8,0,0.0
EZB0925,2010-01-24,24,8,0,0,5,24,0,0.0
EZB0925,2010-01-25,8,8,0,0,3,8,0,0.0
EZB0925,2010-01-26,7,7,0,0,4,7,0,0.0
EZB0925,2010-01-28,19,19,0,0,5,18,0,0.0
FAJ1122,2010-01-04,7,7,0,0,3,7,0,0.0
FAJ1122,2010-01-05,13,13,0,0,5,12,0,0.0
FAJ1122,2010-01-07,4,4,0,0,1,4,0,0.0
FAJ1122,2010-01-08,6,6,0,0,1,6,0,0.0
FAJ1122,2010-01-12,16,16,0,0,1,16,0,0.0
FAJ1122,2010-01-13,10,10,0,0,2,10,0,0.0
FAJ1122,2010-01-15,29,29,0,0,6,28,0,0.0
FAJ1122,2010-01-18,12,7,0,0,3,11,0,0.0
FAJ1122,2010-01-19,7,7,0,0,1,7,0,0.0
FAJ1122,2010-01-20,3,3,0,0,2,2,0,0.0
FAJ1122,2010-01-21,3,3,0,0,1,3,0,0.0
FAJ1122,2010-01-22,15,15,0,0,4,15,0,0.0
FAJ1122,2010-01-25,4,4,0,0,1,4,0,0.0
FAJ1122,2010-01-26,16,16,0,0,3,15,0,0.0
FAJ1122,2010-01-28,12,12,0,0,4,12,0,0.0
FAJ1122,2010-01-29,11,11,0,0,1,11,0,0.0
FCG0693,2010-01-06,8,0,0,0,4,8,0,0.0
FCG0693,2010-01-07,1,0,0,0,1,0,0,0.0
FCG0693,2010-01-13,7,0,0,0,4,7,0,0.0
FCG0693,2010-01-19,3,0,0,0,1,3,0,0.0
FCG0693,2010-01-20,7,0,0,0,4,4,0,0.0
FCG0693,2010-01-21,5,0,0,0,2,5,0,0.0
FCG0693,2010-01-28,5,0,0,0,2,1,0,0.0
FDS1841,2010-01-04,8,0,0,0,1,8,0,0.0
FDS1841,2010-01-05,6,0,0,0,4,6,0,0.0
FDS1841,2010-01-06,7,0,0,0,6,7,0,0.0
FDS1841,2010-01-07,6,0,0,0,5,6,0,0.0
FDS1841,2010-01-08,7,0,0,0,4,6,0,0.0
FDS1841,2010-01-11,10,0,0,0,8,8,0,0.0
FDS1841,2010-01-12,15,0,0,0,6,14,0,0.0
FDS1841,2010-01-13,7,0,0,0,6,5,0,0.0
FDS1841,2010-01-14,8,0,0,0,7,6,0,0.0
FDS1841,2010-01-15,8,0,0,0,2,5,0,0.0
FDS1841,2010-01-18,2,0,0,0,2,2,0,0.0
FDS1841,2010-01-19,4,0,0,0,3,4,0,0.0
FDS1841,2010-01-20,5,0,0,0,3,5,0,0.0
FDS1841,2010-01-21,7,0,0,0,5,7,0,0.0
FDS1841,2010-01-22,6,0,0,0,4,5,0,0.0
FDS1841,2010-01-25,4,0,0,0,4,2,0,0.0
FDS1841,2010-01-26,5,0,0,0,4,4,0,0.0
FDS1841,2010-01-27,13,0,0,0,6,13,0,0.0
FDS1841,2010-01-28,4,0,0,0,4,4,0,0.0
FDS1841,2010-01-29,3,0,0,0,2,3,0,0.0
FMG1549,2010-01-06,2,0,0,0,1,2,0,0.0
FMG1549,2010-01-14,4,0,0,0,4,4,0,0.0
FMP0459,2010-01-05,5,0,0,0,5,3,0,0.0
FMP0459,2010-01-06,1,0,0,0,1,1,0,0.0
FMP0459,2010-01-07,2,0,0,0,2,1,0,0.0
FMP0459,2010-01-12,7,0,0,0,5,4,0,0.0
FMP0459,2010-01-20,4,0,0,0,3,1,0,0.0
FMP0459,2010-01-21,3,0,0,0,3,3,0,0.0
FMP0459,2010-01-22,2,0,0,0,2,1,0,0.0
FRS0694,2010-01-04,11,0,0,0,7,7,0,0.0
FRS0694,2010-01-06,2,0,0,0,1,2,0,0.0
FRS0694,2010-01-07,4,2,0,0,4,4,0,0.0
FRS0694,2010-01-08,5,0,0,0,2,5,0,0.0
FRS0694,2010-01-11,1,0,0,0,1,1,0,0.0
FRS0694,2010-01-13,5,0,0,0,3,2,0,0.0
FRS0694,2010-01-14,7,1,0,0,2,7,0,0.0
FRS0694,2010-01-15,9,0,0,0,6,6,0,0.0
FRS0694,2010-01-25,1,1,0,0,1,1,0,0.0
FRS0694,2010-01-29,2,0,0,0,2,2,0,0.0
FWB1999,2010-01-04,25,4,0,0,13,18,0,0.0
FWB1999,2010-01-05,20,2,0,0,10,16,0,0.0
FWB1999,2010-01-06,27,3,0,0,10,21,0,0.0
FWB1999,2010-01-07,27,0,0,0,12,20,0,0.0
FWB1999,2010-01-08,19,2,0,0,9,15,0,0.0
FWB1999,2010-01-11,24,2,0,0,8,12,0,0.0
FWB1999,2010-01-12,27,1,0,0,12,24,0,0.0
FWB1999,2010-01-13,22,0,0,0,13,20,0,0.0
FWB1999,2010-01-14,26,0,0,0,8,21,0,0.0
FWB1999,2010-01-15,25,3,0,0,12,24,0,0.0
FWB1999,2010-01-18,27,0,0,0,14,23,0,0.0
FWB1999,2010-01-19,27,3,0,0,11,15,0,0.0
FWB1999,2010-01-20,27,0,0,0,15,19,0,0.0
FWB1999,2010-01-21,27,0,0,0,13,18,0,0.0
FWB1999,2010-01-22,27,5,0,0,13,18,0,0.0
FWB1999,2010-01-25,27,3,0,0,12,23,0,0.0
FWB1999,2010-01-26,27,1,0,0,15,25,0,0.0
FWB1999,2010-01-27,26,2,0,0,12,26,0,0.0
FWB1999,2010-01-28,27,8,0,0,7,25,0,0.0
FWB1999,2010-01-29,5,0,0,0,3,5,0,0.0
GAD0664,2010-01-05,4,0,0,0,3,4,0,0.0
GAD0664,2010-01-06,10,8,0,0,4,10,0,0.0
GAD0664,2010-01-07,8,6,0,0,5,7,1,0.0
GAD0664,2010-01-08,6,0,0,0,2,6,0,0.0
GAD0664,2010-01-11,6,0,0,0,5,5,0,0.0
GAD0664,2010-01-12,13,3,0,0,7,12,1,0.0
GAD0664,2010-01-13,7,0,0,0,5,7,0,0.0
GAD0664,2010-01-14,5,0,0,0,5,4,0,0.0
GAD0664,2010-01-15,4,0,0,0,4,4,0,0.0
GAD0664,2010-01-18,4,1,0,0,4,3,0,0.0
GAD0664,2010-01-19,7,0,0,0,7,7,0,0.0
GAD0664,2010-01-20,7,0,0,0,5,2,4,0.0
GAD0664,2010-01-21,4,1,0,0,4,2,1,0.0
GAD0664,2010-01-22,4,0,0,0,4,4,0,0.0
GAD0664,2010-01-25,6,0,0,0,4,3,0,0.0
GAD0664,2010-01-27,6,1,0,0,5,6,0,0.0
GAD0664,2010-01-28,4,2,0,0,3,2,0,0.0
GAD0664,2010-01-29,2,0,0,0,2,0,1,0.0
GAT1343,2010-01-05,3,0,0,0,3,2,0,0.0
GAT1343,2010-01-06,4,0,0,0,4,4,0,0.0
GAT1343,2010-01-07,9,0,0,0,6,9,0,0.0
GAT1343,2010-01-08,6,0,0,0,5,5,0,0.0
GAT1343,2010-01-09,1,0,0,0,1,1,0,0.0
GAT1343,2010-01-11,5,0,0,0,5,4,0,0.0
GAT1343,2010-01-12,7,0,0,0,6,5,0,0.0
GAT1343,2010-01-15,4,0,0,0,4,3,0,0.0
GAT1343,2010-01-17,3,0,0,0,3,3,0,0.0
GAT1343,2010-01-18,1,0,0,0,1,0,0,0.0
GAT1343,2010-01-20,1,0,0,0,1,1,0,0.0
GAT1343,2010-01-22,1,0,0,0,1,1,0,0.0
GAT1343,2010-01-24,5,0,0,0,4,5,0,0.0
GAT1343,2010-01-25,3,0,0,0,3,2,0,0.0
GAT1343,2010-01-27,4,0,0,0,4,3,0,0.0
GAT1343,2010-01-28,2,0,0,0,2,0,0,0.0
GBV0440,2010-01-06,8,0,0,0,6,6,0,0.0
GBV0440,2010-01-13,7,0,0,0,5,6,0,0.0
GBV0440,2010-01-18,5,0,0,0,4,4,0,0.0
GBV0440,2010-01-29,2,0,0,0,2,2,0,0.0
GFS0750,2010-01-06,1,0,0,0,1,1,0,0.0
GFS0750,2010-01-12,10,0,0,0,6,4,0,0.0
GFS0750,2010-01-13,3,0,0,0,3,2,0,0.0
GFS0750,2010-01-14,2,0,0,0,1,2,0,0.0
GFS0750,2010-01-15,6,0,0,0,3,6,0,0.0
GFS0750,2010-01-20,2,0,0,0,1,2,0,0.0
GFS0750,2010-01-25,2,0,0,0,2,1,0,0.0
GFS0750,2010-01-27,2,0,0,0,2,2,0,0.0
GFS0750,2010-01-28,3,0,0,0,1,3,0,0.0
GGD1545,2010-01-04,6,0,0,0,2,2,0,0.0
GGD1545,2010-01-06,3,0,0,0,3,2,0,0.0
GGD1545,2010-01-08,1,0,0,0,1,1,0,0.0
GGD1545,2010-01-13,2,0,0,0,1,2,0,0.0
GGD1545,2010-01-14,7,0,0,0,5,6,0,0.0
GGD1545,2010-01-18,3,0,0,0,3,2,0,0.0
GGD1545,2010-01-19,3,3,0,0,3,2,0,0.0
GGD1545,2010-01-22,1,0,0,0,1,0,0,0.0
GGD1545,2010-01-25,4,0,0,0,3,3,0,0.0
GGD1545,2010-01-26,1,0,0,0,1,0,0,0.0
GGD1545,2010-01-27,5,0,0,0,3,3,0,0.0
GGM1604,2010-01-04,24,0,0,0,8,24,0,0.0
GGM1604,2010-01-05,26,0,0,0,10,24,0,0.0
GGM1604,2010-01-07,24,0,0,0,7,23,0,0.0
GGM1604,2010-01-10,27,0,0,0,3,27,0,0.0
GGM1604,2010-01-11,27,0,0,0,4,26,0,0.0
GGM1604,2010-01-13,27,0,0,0,8,26,0,0.0
GGM1604,2010-01-14,27,0,0,0,8,20,0,0.0
GGM1604,2010-01-15,27,0,0,0,7,26,0,0.0
GGM1604,2010-01-16,26,0,0,0,7,23,0,0.0
GGM1604,2010-01-18,23,0,0,0,9,21,0,0.0
GGM1604,2010-01-19,27,27,0,0,6,16,0,0.0
GGM1604,2010-01-20,21,0,0,0,4,20,0,0.0
GGM1604,2010-01-22,26,0,0,0,10,23,0,0.0
GGM1604,2010-01-23,27,0,0,0,1,27,0,0.0
GGM1604,2010-01-24,27,15,0,0,6,25,0,0.0
GGM1604,2010-01-25,27,0,0,0,2,27,0,0.0
GGM1604,2010-01-26,27,0,0,0,11,12,0,0.0
GGM1604,2010-01-28,27,0,0,0,7,27,0,0.0
GIA1171,2010-01-04,2,0,0,0,1,2,0,0.0
GIA1171,2010-01-05,10,0,0,0,6,10,0,0.0
GIA1171,2010-01-07,5,0,0,0,2,5,0,0.0
GIA1171,2010-01-10,5,0,0,0,1,5,0,0.0
GIA1171,2010-01-13,4,4,0,0,3,4,0,0.0
GIA1171,2010-01-14,4,0,0,0,4,4,0,0.0
GIA1171,2010-01-15,7,1,0,0,4,7,0,0.0
GIA1171,2010-01-19,4,0,0,0,1,4,0,0.0
GIA1171,2010-01-25,3,0,0,0,1,3,0,0.0
GIA1171,2010-01-27,3,0,0,0,1,3,0,0.0
GIA1171,2010-01-28,6,0,0,0,3,6,0,0.0
GIA1171,2010-01-29,11,0,0,0,1,11,0,0.0
GIB0314,2010-01-06,2,0,0,0,2,2,0,0.0
GIB0314,2010-01-12,1,0,0,0,1,1,0,0.0
GIB0314,2010-01-13,1,1,0,0,1,1,0,0.0
GIB0314,2010-01-19,5,4,0,0,3,5,0,0.0
GIB0314,2010-01-22,1,0,0,0,1,1,0,0.0
GIB0314,2010-01-25,1,0,0,0,1,1,0,0.0
GJM1409,2010-01-06,7,0,0,0,2,7,0,0.0
GJM1409,2010-01-12,4,0,0,0,4,3,0,0.0
GJM1409,2010-01-13,3,0,0,0,2,3,0,0.0
GJM1409,2010-01-26,7,0,0,0,5,6,0,0.0
GMR1399,2010-01-07,2,0,0,0,2,1,0,0.0
GMR1399,2010-01-18,1,0,0,0,1,1,0,0.0
GMR1399,2010-01-27,5,0,0,0,4,2,0,0.0
GMR1399,2010-01-28,3,0,0,0,3,3,0,0.0
GSA1925,2010-01-13,4,0,0,0,4,2,0,0.0
GSA1925,2010-01-18,3,0,0,0,2,3,0,0.0
GSA1925,2010-01-19,2,1,0,0,2,2,0,0.0
GSA1925,2010-01-20,6,0,0,0,5,6,0,0.0
GSB0173,2010-01-14,2,0,0,0,2,2,0,0.0
GSB0173,2010-01-15,6,0,0,0,5,6,0,0.0
GSB0173,2010-01-18,2,0,0,0,1,0,0,0.0
GTC0081,2010-01-04,3,0,0,0,3,2,0,0.0
GTC0081,2010-01-11,1,0,0,0,1,1,0,0.0
GTC0081,2010-01-14,1,0,0,0,1,1,0,0.0
GTC0081,2010-01-19,1,0,0,0,1,0,0,0.0
GTC0081,2010-01-20,1,0,0,0,1,1,0,0.0
GTC0081,2010-01-21,2,0,0,0,2,2,0,0.0
GTC0081,2010-01-22,1,0,0,0,1,1,0,0.0
GTF1464,2010-01-06,4,0,0,0,4,3,0,0.0
GTF1464,2010-01-07,5,0,0,0,5,5,0,0.0
GTF1464,2010-01-08,3,0,0,0,3,3,0,0.0
GTF1464,2010-01-14,1,0,0,0,1,1,0,0.0
GTF1464,2010-01-15,3,0,0,0,1,3,0,0.0
GTF1464,2010-01-18,1,0,0,0,1,1,0,0.0
GTF1464,2010-01-21,1,0,0,0,1,1,0,0.0
GTF1464,2010-01-22,1,0,0,0,1,1,0,0.0
GTF1464,2010-01-28,1,0,0,0,1,1,0,0.0
GUT1619,2010-01-04,5,0,0,0,5,5,0,0.0
GUT1619,2010-01-05,8,0,0,0,6,5,0,0.0
GUT1619,2010-01-06,10,0,0,0,4,10,0,0.0
GUT1619,2010-01-07,3,0,0,0,3,3,0,0.0
GUT1619,2010-01-08,9,0,0,0,7,7,0,0.0
GUT1619,2010-01-12,4,0,0,0,4,4,0,0.0
GUT1619,2010-01-13,9,0,0,0,6,5,0,0.0
GUT1619,2010-01-14,5,4,0,0,4,5,0,0.0
GUT1619,2010-01-15,11,0,0,0,7,9,0,0.0
GUT1619,2010-01-18,3,0,0,0,3,3,0,0.0
GUT1619,2010-01-19,9,3,0,0,8,7,0,0.0
GUT1619,2010-01-20,8,0,0,0,6,5,0,0.0
GUT1619,2010-01-21,13,0,0,0,11,11,0,0.0
GUT1619,2010-01-22,11,0,0,0,8,10,0,0.0
GUT1619,2010-01-25,7,0,0,0,6,5,0,0.0
GUT1619,2010-01-26,5,0,0,0,5,4,0,0.0
GUT1619,2010-01-27,9,0,0,0,6,5,0,0.0
GUT1619,2010-01-28,8,5,0,0,6,7,0,0.0
GUT1619,2010-01-29,5,0,0,0,3,5,0,0.0
GVM1337,2010-01-05,7,0,0,0,5,7,0,0.0
GVM1337,2010-01-07,9,0,0,0,6,9,0,0.0
GVM1337,2010-01-08,4,0,0,0,1,4,0,0.0
GVM1337,2010-01-10,8,0,0,0,1,8,0,0.0
GVM1337,2010-01-11,4,0,0,0,3,4,0,0.0
GVM1337,2010-01-13,4,0,0,0,2,4,0,0.0
GVM1337,2010-01-19,5,0,0,0,2,5,0,0.0
GVM1337,2010-01-22,1,0,0,0,1,1,0,0.0
GWG0497,2010-01-04,1,0,0,0,1,1,0,0.0
GWG0497,2010-01-06,2,0,0,0,2,0,0,0.0
GWG0497,2010-01-07,4,0,0,0,4,3,0,0.0
GWG0497,2010-01-08,2,0,0,0,2,2,0,0.0
GWG0497,2010-01-11,5,0,0,0,5,5,0,0.0
GWG0497,2010-01-12,5,0,0,0,3,5,0,0.0
GWG0497,2010-01-13,2,0,0,0,1,2,0,0.0
GWG0497,2010-01-14,5,0,0,0,5,4,0,0.0
GWG0497,2010-01-15,5,0,0,0,5,3,0,0.0
GWG0497,2010-01-18,1,0,0,0,1,1,0,0.0
GWG0497,2010-01-19,5,0,0,0,5,4,0,0.0
GWG0497,2010-01-20,4,0,0,0,4,2,0,0.0
GWG0497,2010-01-21,2,0,0,0,2,1,0,0.0
GWG0497,2010-01-22,3,0,0,0,3,2,0,0.0
GWG0497,2010-01-26,5,0,0,0,4,3,0,0.0
GWG0497,2010-01-27,3,0,0,0,3,3,0,0.0
GWG0497,2010-01-28,2,0,0,0,1,2,0,0.0
GYP1321,2010-01-04,4,0,0,0,4,3,0,0.0
GYP1321,2010-01-05,8,0,0,0,3,8,0,0.0
GYP1321,2010-01-07,8,0,0,0,6,5,0,0.0
GYP1321,2010-01-11,2,0,0,0,2,2,0,0.0
GYP1321,2010-01-14,6,0,0,0,4,6,0,0.0
GYP1321,2010-01-15,7,0,0,0,3,7,0,0.0
GYP1321,2010-01-18,3,0,0,0,2,3,0,0.0
GYP1321,2010-01-19,1,0,0,0,1,1,0,0.0
GYP1321,2010-01-20,2,0,0,0,2,2,0,0.0
GYP1321,2010-01-21,9,0,0,0,6,8,0,0.0
GYP1321,2010-01-22,4,0,0,0,4,3,0,0.0
GYP1321,2010-01-25,4,0,0,0,4,2,0,0.0
GYP1321,2010-01-26,9,0,0,0,6,9,0,0.0
GYP1321,2010-01-27,3,3,0,0,3,3,0,0.0
GYP1321,2010-01-28,8,0,0,0,7,8,0,0.0
HAD0702,2010-01-04,7,0,0,0,5,7,0,0.0
HAD0702,2010-01-05,9,0,0,0,5,9,0,0.0
HAD0702,2010-01-07,5,0,0,0,3,5,0,0.0
HAD0702,2010-01-08,4,0,0,0,4,4,0,0.0
HAD0702,2010-01-11,9,0,0,0,5,9,0,0.0
HAD0702,2010-01-12,5,0,0,0,4,5,0,0.0
HAD0702,2010-01-13,8,0,0,0,3,8,0,0.0
HAD0702,2010-01-14,6,0,0,0,3,6,0,0.0
HAD0702,2010-01-15,6,6,0,0,3,6,0,0.0
HAD0702,2010-01-18,4,0,0,0,1,4,0,0.0
HAD0702,2010-01-19,5,0,0,0,1,5,0,0.0
HAD0702,2010-01-20,10,0,0,0,1,10,0,0.0
HAD0702,2010-01-21,4,0,0,0,1,4,0,0.0
HAD0702,2010-01-22,7,0,0,0,3,7,0,0.0
HAD0702,2010-01-25,4,0,0,0,4,4,0,0.0
HAD0702,2010-01-26,2,1,0,0,2,2,0,0.0
HAD0702,2010-01-27,3,0,0,0,2,3,0,0.0
HAD0702,2010-01-28,10,0,0,0,4,10,0,0.0
HAD0702,2010-01-29,6,0,0,0,5,6,0,0.0
HAE0105,2010-01-04,20,0,0,0,9,12,0,0.0
HAE0105,2010-01-05,27,0,0,0,11,18,0,0.0
HAE0105,2010-01-06,20,0,0,0,9,14,0,0.0
HAE0105,2010-01-07,16,0,0,0,10,11,0,0.0
HAE0105,2010-01-08,20,2,0,0,10,18,0,0.0
HAE0105,2010-01-09,24,0,0,0,9,17,0,0.0
HAE0105,2010-01-11,26,0,0,0,10,26,0,0.0
HAE0105,2010-01-12,27,2,0,0,12,23,0,0.0
HAE0105,2010-01-13,26,4,0,0,9,21,0,0.0
HAE0105,2010-01-14,22,4,0,0,12,18,0,0.0
HAE0105,2010-01-15,15,0,0,0,8,10,0,0.0
HAE0105,2010-01-18,17,0,0,0,10,13,0,0.0
HAE0105,2010-01-19,17,0,0,0,6,17,0,0.0
HAE0105,2010-01-20,23,7,0,0,11,17,0,0.0
HAE0105,2010-01-21,23,0,0,0,10,11,0,0.0
HAE0105,2010-01-22,26,0,0,0,10,20,0,0.0
HAE0105,2010-01-25,22,4,0,0,14,18,0,0.0
HAE0105,2010-01-26,17,1,0,0,12,14,0,0.0
HAE0105,2010-01-27,27,7,0,0,5,15,0,0.0
HAE0105,2010-01-28,24,1,0,0,10,16,0,0.0
HAE0105,2010-01-29,15,10,0,0,8,8,0,0.0
HBR1528,2010-01-03,8,0,0,0,6,7,0,0.0
HBR1528,2010-01-04,7,0,0,0,5,6,0,0.0
HBR1528,2010-01-05,9,1,0,0,6,7,0,0.0
HBR1528,2010-01-06,6,0,0,0,6,3,0,0.0
HBR1528,2010-01-07,1,0,0,0,1,0,0,0.0
HBR1528,2010-01-09,6,0,0,0,5,6,0,0.0
HBR1528,2010-01-10,7,0,0,0,6,5,0,0.0
HBR1528,2010-01-11,9,2,0,0,4,9,0,0.0
HBR1528,2010-01-12,2,0,0,0,2,1,0,0.0
HBR1528,2010-01-13,3,0,0,0,3,3,0,0.0
HBR1528,2010-01-14,4,0,0,0,2,4,0,0.0
HBR1528,2010-01-15,3,0,0,0,3,2,0,0.0
HBR1528,2010-01-16,6,1,0,0,5,5,0,0.0
HBR1528,2010-01-17,3,0,0,0,1,0,0,0.0
HBR1528,2010-01-18,8,0,0,0,5,7,0,0.0
HBR1528,2010-01-19,12,2,0,0,7,8,0,0.0
HBR1528,2010-01-20,2,1,0,0,2,2,0,0.0
HBR1528,2010-01-21,6,0,0,0,6,5,0,0.0
HBR1528,2010-01-22,2,0,0,0,2,2,0,0.0
HBR1528,2010-01-23,7,1,0,0,6,7,0,0.0
HBR1528,2010-01-24,3,0,0,0,2,3,0,0.0
HBR1528,2010-01-26,5,3,0,0,3,5,0,0.0
HBR1528,2010-01-27,5,0,0,0,3,3,0,0.0
HBR1528,2010-01-28,7,0,0,0,6,6,0,0.0
HDL1230,2010-01-06,4,0,0,0,4,4,0,0.0
HDL1230,2010-01-07,8,0,0,0,3,8,0,0.0
HDL1230,2010-01-14,7,0,0,0,4,7,0,0.0
HDL1230,2010-01-18,7,0,0,0,6,7,0,0.0
HDL1230,2010-01-19,9,0,0,0,6,9,0,0.0
HDL1230,2010-01-25,5,0,0,0,1,5,0,0.0
HDL1230,2010-01-28,8,0,0,0,2,8,0,0.0
HDW0743,2010-01-06,2,0,0,0,2,1,0,0.0
HDW0743,2010-01-08,1,1,0,0,1,1,0,0.0
HDW0743,2010-01-12,3,0,0,0,3,2,0,0.0
HDW0743,2010-01-18,1,0,0,0,1,1,0,0.0
HDW0743,2010-01-19,2,0,0,0,2,1,0,0.0
HDW0743,2010-01-22,2,0,0,0,2,2,0,0.0
HDW0743,2010-01-25,1,0,0,0,1,1,0,0.0
HDW0743,2010-01-26,1,0,0,0,1,1,0,0.0
HFM0465,2010-01-04,4,4,0,0,3,4,0,0.0
HFM0465,2010-01-05,4,4,0,0,3,4,0,0.0
HFM0465,2010-01-07,9,9,0,0,3,9,0,0.0
HFM0465,2010-01-08,4,4,0,0,2,4,0,0.0
HFM0465,2010-01-11,5,5,0,0,2,5,0,0.0
HFM0465,2010-01-12,5,0,0,0,2,5,0,0.0
HFM0465,2010-01-13,9,9,0,0,3,9,0,0.0
HFM0465,2010-01-14,2,2,0,0,2,2,0,0.0
HFM0465,2010-01-15,17,17,0,0,3,17,0,0.0
HFM0465,2010-01-18,17,17,0,0,3,17,0,0.0
HFM0465,2010-01-20,19,19,0,0,4,19,0,0.0
HFM0465,2010-01-21,8,8,0,0,4,6,0,0.0
HFM0465,2010-01-22,4,4,0,0,2,4,0,0.0
HFM0465,2010-01-25,12,12,0,0,5,12,0,0.0
HFM0465,2010-01-26,9,0,0,0,4,8,0,0.0
HFM0465,2010-01-27,6,6,0,0,1,6,0,0.0
HFM0465,2010-01-28,7,7,0,0,4,7,0,0.0
HFM0465,2010-01-29,3,0,0,0,2,3,0,0.0
HGG0535,2010-01-04,11,0,0,0,6,11,0,0.0
HGG0535,2010-01-05,3,0,0,0,3,2,0,0.0
HGG0535,2010-01-07,6,0,0,0,5,6,0,0.0
HGG0535,2010-01-08,4,0,0,0,1,0,0,0.0
HGG0535,2010-01-11,9,1,0,0,6,9,0,0.0
HGG0535,2010-01-12,7,1,0,0,2,1,0,0.0
HGG0535,2010-01-13,8,0,0,0,3,6,0,0.0
HGG0535,2010-01-14,7,0,0,0,3,4,0,0.0
HGG0535,2010-01-15,5,0,0,0,4,5,0,0.0
HGG0535,2010-01-18,8,0,0,0,7,8,0,0.0
HGG0535,2010-01-19,2,0,0,0,1,2,0,0.0
HGG0535,2010-01-20,4,0,0,0,4,3,0,0.0
HGG0535,2010-01-21,3,0,0,0,2,1,0,0.0
HGG0535,2010-01-22,3,0,0,0,3,3,0,0.0
HGG0535,2010-01-25,7,0,0,0,5,7,0,0.0
HGG0535,2010-01-26,2,0,0,0,2,1,0,0.0
HGG0535,2010-01-27,6,0,0,0,4,6,0,0.0
HGG0535,2010-01-28,7,0,0,0,3,6,0,0.0
HGG0535,2010-01-29,5,0,0,0,3,4,0,0.0
HGS0888,2010-01-04,27,0,0,0,12,17,0,0.0
HGS0888,2010-01-13,26,0,0,0,11,24,0,0.0
HGS0888,2010-01-14,27,0,0,0,9,16,0,0.0
HGS0888,2010-01-18,27,0,0,0,11,17,0,0.0
HGS0888,2010-01-26,26,0,0,0,12,26,0,0.0
HIS1394,2010-01-04,4,0,0,0,4,3,0,0.0
HIS1394,2010-01-06,2,0,0,0,2,1,0,0.0
HIS1394,2010-01-07,3,0,0,0,1,0,0,0.0
HIS1394,2010-01-08,4,0,0,0,3,3,0,0.0
HIS1394,2010-01-11,5,0,0,0,4,4,0,0.0
HIS1394,2010-01-13,2,0,0,0,2,2,0,0.0
HIS1394,2010-01-18,5,0,0,0,5,2,0,0.0
HIS1394,2010-01-19,4,0,0,0,2,3,0,0.0
HIS1394,2010-01-21,1,0,0,0,1,1,0,0.0
HIS1394,2010-01-22,2,0,0,0,2,2,0,0.0
HIS1394,2010-01-27,2,0,0,0,1,0,0,0.0
HIS1394,2010-01-28,4,0,0,0,1,0,0,0.0
HIS1394,2010-01-29,1,0,0,0,1,0,0,0.0
HJA1954,2010-01-14,8,0,0,0,5,7,0,0.0
HJA1954,2010-01-21,4,0,0,0,4,3,0,0.0
HJA1954,2010-01-22,6,0,0,0,5,6,0,0.0
HJA1954,2010-01-26,5,0,0,0,3,4,0,0.0
HLH0682,2010-01-04,9,9,0,0,4,4,0,0.0
HLH0682,2010-01-05,6,6,0,0,4,2,0,0.0
HLH0682,2010-01-06,21,21,0,0,5,14,0,0.0
HLH0682,2010-01-07,5,5,0,0,3,3,0,0.0
HLH0682,2010-01-08,20,20,0,0,4,11,0,0.0
HLH0682,2010-01-11,12,12,0,0,4,7,0,0.0
HLH0682,2010-01-12,8,8,0,0,4,3,0,0.0
HLH0682,2010-01-14,5,5,0,0,4,3,0,0.0
HLH0682,2010-01-15,4,4,0,0,3,3,0,0.0
HLH0682,2010-01-17,9,0,0,0,5,5,0,0.0
HLH0682,2010-01-20,4,2,0,0,2,2,0,0.0
HLH0682,2010-01-21,15,15,0,0,4,7,0,0.0
HLH0682,2010-01-22,22,22,0,0,8,12,0,0.0
HLH0682,2010-01-25,15,15,0,0,5,8,0,0.0
HLH0682,2010-01-26,8,8,0,0,4,2,0,0.0
HLH0682,2010-01-27,8,8,0,0,5,4,0,0.0
HLH0682,2010-01-28,10,5,0,0,4,3,0,0.0
HLH0682,2010-01-29,12,12,0,0,5,6,0,0.0
HMS1658,2010-01-04,5,0,0,0,3,5,0,0.0
HMS1658,2010-01-05,5,0,0,0,5,4,0,0.0
HMS1658,2010-01-06,4,0,0,0,4,3,0,0.0
HMS1658,2010-01-07,5,0,0,0,5,4,0,0.0
HMS1658,2010-01-08,5,0,0,0,4,4,0,0.0
HMS1658,2010-01-11,5,0,0,0,5,4,0,0.0
HMS1658,2010-01-12,2,0,0,0,1,2,0,0.0
HMS1658,2010-01-14,4,0,0,0,4,2,0,0.0
HMS1658,2010-01-15,5,0,0,0,5,5,0,0.0
HMS1658,2010-01-18,2,0,0,0,2,2,0,0.0
HMS1658,2010-01-19,2,0,0,0,2,2,0,0.0
HMS1658,2010-01-21,2,0,0,0,2,1,0,0.0
HMS1658,2010-01-22,4,0,0,0,3,4,0,0.0
HMS1658,2010-01-25,1,0,0,0,1,1,0,0.0
HMS1658,2010-01-26,5,0,0,0,5,5,0,0.0
HMS1658,2010-01-27,4,0,0,0,4,3,0,0.0
HMS1658,2010-01-29,2,0,0,0,2,2,0,0.0
HMW0602,2010-01-02,9,0,0,0,6,5,0,0.0
HMW0602,2010-01-04,5,0,0,0,4,3,0,0.0
HMW0602,2010-01-05,10,0,0,0,10,9,0,0.0
HMW0602,2010-01-06,6,0,0,0,5,5,0,0.0
HMW0602,2010-01-07,6,0,0,0,4,6,0,0.0
HMW0602,2010-01-08,9,0,0,0,7,8,0,0.0
HMW0602,2010-01-13,6,0,0,0,4,6,0,0.0
HMW0602,2010-01-15,4,0,0,0,2,4,0,0.0
HMW0602,2010-01-17,3,0,0,0,2,3,0,0.0
HMW0602,2010-01-19,11,0,0,0,4,11,0,0.0
HMW0602,2010-01-20,2,0,0,0,2,1,0,0.0
HMW0602,2010-01-22,5,0,0,0,4,3,0,0.0
HMW0602,2010-01-25,4,0,0,0,2,4,0,0.0
HMW0602,2010-01-26,8,0,0,0,6,7,0,0.0
HMW0602,2010-01-27,2,0,0,0,2,0,0,0.0
HMW0602,2010-01-28,5,0,0,0,4,5,0,0.0
HMW0602,2010-01-29,2,0,0,0,2,2,0,0.0
HPC1941,2010-01-04,17,2,0,0,12,12,0,0.0
HPC1941,2010-01-05,13,0,0,0,7,13,0,0.0
HPC1941,2010-01-06,12,0,0,0,8,9,0,0.0
HPC1941,2010-01-08,12,0,0,0,3,12,0,0.0
HPC1941,2010-01-11,14,8,0,0,3,14,0,0.0
HPC1941,2010-01-12,14,0,0,0,3,14,0,0.0
HPC1941,2010-01-13,7,0,0,0,6,6,0,0.0
HPC1941,2010-01-14,10,0,0,0,5,10,0,0.0
HPC1941,2010-01-15,11,0,0,0,5,6,0,0.0
HPC1941,2010-01-18,11,0,0,0,4,10,0,0.0
HPC1941,2010-01-19,14,14,0,0,1,14,0,0.0
HPC1941,2010-01-20,7,0,0,0,2,7,0,0.0
HPC1941,2010-01-21,8,0,0,0,5,4,0,0.0
HPC1941,2010-01-22,10,0,0,0,5,10,0,0.0
HPC1941,2010-01-25,5,0,0,0,3,5,0,0.0
HPC1941,2010-01-26,9,0,0,0,5,9,0,0.0
HPC1941,2010-01-27,8,2,0,0,4,8,0,0.0
HPC1941,2010-01-28,14,0,0,0,9,12,0,0.0
HPC1941,2010-01-29,3,0,0,0,3,3,0,0.0
HRB1725,2010-01-05,8,0,0,0,7,5,0,0.0
HRB1725,2010-01-06,4,0,0,0,4,3,0,0.0
HRB1725,2010-01-07,2,0,0,0,2,1,0,0.0
HRB1725,2010-01-12,6,0,0,0,5,3,0,0.0
HRB1725,2010-01-15,4,0,0,0,4,3,0,0.0
HRB1725,2010-01-18,7,0,0,0,5,5,0,0.0
HRB1725,2010-01-19,6,0,0,0,4,6,0,0.0
HRB1725,2010-01-20,2,0,0,0,2,2,0,0.0
HRB1725,2010-01-25,11,0,0,0,10,9,0,0.0
HRB1725,2010-01-26,3,0,0,0,3,1,0,0.0
HRB1725,2010-01-27,5,0,0,0,3,5,0,0.0
HRE0297,2010-01-04,5,0,0,0,4,5,0,0.0
HRE0297,2010-01-11,6,0,0,0,4,5,0,0.0
HRE0297,2010-01-12,10,0,0,0,4,10,0,0.0
HRE0297,2010-01-15,1,0,0,0,1,1,0,0.0
HRE0297,2010-01-19,9,0,0,0,2,9,0,0.0
HRE0297,2010-01-22,5,0,0,0,2,4,0,0.0
HRE0297,2010-01-25,7,0,0,0,1,7,0,0.0
HRE0297,2010-01-28,7,0,0,0,5,5,0,0.0
HRE0297,2010-01-29,3,0,0,0,1,3,0,0.0
HRE1950,2010-01-02,2,0,0,0,1,2,0,0.0
HRE1950,2010-01-03,2,0,0,0,1,2,0,0.0
HRE1950,2010-01-07,7,0,0,0,5,6,0,0.0
HRE1950,2010-01-08,4,0,0,0,3,4,0,0.0
HRE1950,2010-01-11,3,0,0,0,2,3,0,0.0
HRE1950,2010-01-12,1,0,0,0,1,1,0,0.0
HRE1950,2010-01-13,1,0,0,0,1,1,0,0.0
HRE1950,2010-01-16,6,0,0,0,5,5,0,0.0
HRE1950,2010-01-17,3,0,0,0,2,3,0,0.0
HRE1950,2010-01-19,6,1,0,0,4,5,0,0.0
HRE1950,2010-01-20,5,0,0,0,5,4,0,0.0
HRE1950,2010-01-24,6,1,0,0,5,6,0,0.0
HRE1950,2010-01-25,1,0,0,0,1,1,0,0.0
HRE1950,2010-01-26,5,0,0,0,4,5,0,0.0
HRE1950,2010-01-29,2,0,0,0,2,1,0,0.0
HRR1154,2010-01-02,24,0,0,0,18,19,0,0.0
HRR1154,2010-01-04,22,0,0,0,16,19,0,0.0
HRR1154,2010-01-05,27,2,0,0,23,24,0,0.0
HRR1154,2010-01-06,27,1,0,0,20,23,0,0.0
HRR1154,2010-01-07,27,2,0,0,18,20,0,0.0
HRR1154,2010-01-08,27,0,0,0,17,23,0,0.0
HRR1154,2010-01-11,27,0,0,0,19,19,0,0.0
HRR1154,2010-01-12,24,0,0,0,17,22,0,0.0
HRR1154,2010-01-13,27,2,0,0,20,21,0,0.0
HRR1154,2010-01-14,24,3,0,0,15,17,0,0.0
HRR1154,2010-01-15,27,2,0,0,23,22,0,0.0
HRR1154,2010-01-18,27,3,0,0,20,21,0,0.0
HRR1154,2010-01-19,25,3,0,0,18,21,0,0.0
HRR1154,2010-01-20,24,3,0,0,19,19,0,0.0
HRR1154,2010-01-21,27,4,0,0,17,23,0,0.0
HRR1154,2010-01-22,27,3,0,0,20,22,0,0.0
HRR1154,2010-01-25,26,2,0,0,18,23,0,0.0
HRR1154,2010-01-26,27,0,0,0,19,23,0,0.0
HRR1154,2010-01-27,26,10,0,0,12,22,0,0.0
HRR1154,2010-01-28,24,0,0,0,21,20,0,0.0
HRR1154,2010-01-29,13,0,0,0,10,10,0,0.0
HSF1115,2010-01-05,4,0,0,0,1,4,0,0.0
HSF1115,2010-01-07,5,0,0,0,5,4,0,0.0
HSF1115,2010-01-12,1,0,0,0,1,1,0,0.0
HSF1115,2010-01-13,3,0,0,0,3,2,0,0.0
HSF1115,2010-01-15,4,0,0,0,4,3,0,0.0
HSF1115,2010-01-18,9,1,0,0,7,8,0,0.0
HSF1115,2010-01-20,4,0,0,0,2,4,0,0.0
HSF1115,2010-01-22,1,0,0,0,1,1,0,0.0
HSF1115,2010-01-26,4,3,0,0,4,4,0,0.0
HSF1115,2010-01-27,4,1,0,0,4,4,0,0.0
HSF1115,2010-01-28,6,0,0,0,4,6,0,0.0
HSN0675,2010-01-05,2,0,0,0,2,2,0,0.0
HSN0675,2010-01-07,4,0,0,0,1,4,0,0.0
HSN0675,2010-01-08,4,0,0,0,2,4,0,0.0
HSN0675,2010-01-15,1,0,0,0,1,1,0,0.0
HSN0675,2010-01-18,3,0,0,0,3,3,0,0.0
HSN0675,2010-01-19,1,0,0,0,1,1,0,0.0
HSN0675,2010-01-20,1,0,0,0,1,1,0,0.0
HSN0675,2010-01-21,5,0,0,0,4,5,0,0.0
HSN0675,2010-01-22,3,0,0,0,3,2,0,0.0
HSN0675,2010-01-25,1,0,0,0,1,1,0,0.0
HSN0675,2010-01-26,1,0,0,0,1,1,0,0.0
HSN0675,2010-01-27,4,0,0,0,3,4,0,0.0
HSN0675,2010-01-28,4,0,0,0,3,4,0,0.0
HSN0675,2010-01-29,4,0,0,0,2,3,0,0.0
HST0084,2010-01-02,1,0,0,0,1,1,0,0.0
HST0084,2010-01-03,7,0,0,0,5,6,0,0.0
HST0084,2010-01-05,6,0,0,0,5,5,0,0.0
HST0084,2010-01-06,2,0,0,0,2,2,0,0.0
HST0084,2010-01-08,3,0,0,0,2,3,0,0.0
HST0084,2010-01-10,8,0,0,0,5,5,0,0.0
HST0084,2010-01-11,2,0,0,0,2,1,0,0.0
HST0084,2010-01-13,3,0,0,0,3,3,0,0.0
HST0084,2010-01-14,5,0,0,0,4,5,0,0.0
HST0084,2010-01-15,2,0,0,0,2,2,0,0.0
HST0084,2010-01-16,3,0,0,0,3,3,0,0.0
HST0084,2010-01-18,1,0,0,0,1,1,0,0.0
HST0084,2010-01-19,1,0,0,0,1,1,0,0.0
HST0084,2010-01-20,2,0,0,0,2,2,0,0.0
HST0084,2010-01-21,4,0,0,0,4,4,0,0.0
HST0084,2010-01-27,2,0,0,0,2,1,0,0.0
HSV0878,2010-01-04,23,3,0,0,11,18,0,0.0
HSV0878,2010-01-05,26,0,0,0,10,24,0,0.0
HSV0878,2010-01-06,21,10,0,0,8,18,0,0.0
HSV0878,2010-01-07,19,10,0,0,11,18,0,0.0
HSV0878,2010-01-08,20,2,0,0,14,18,0,0.0
HSV0878,2010-01-11,15,5,0,0,10,15,0,0.0
HSV0878,2010-01-12,18,18,0,0,6,18,0,0.0
HSV0878,2010-01-13,16,0,0,0,6,16,0,0.0
HSV0878,2010-01-14,21,2,0,0,12,21,0,0.0
HSV0878,2010-01-15,14,0,0,0,11,13,0,0.0
HSV0878,2010-01-18,23,23,0,0,7,22,0,0.0
HSV0878,2010-01-19,24,0,0,0,5,24,0,0.0
HSV0878,2010-01-20,23,0,0,0,11,23,0,0.0
HSV0878,2010-01-21,18,0,0,0,12,17,0,0.0
HSV0878,2010-01-22,23,9,0,0,11,21,0,0.0
HSV0878,2010-01-25,21,3,0,0,10,16,0,0.0
HSV0878,2010-01-26,22,3,0,0,16,18,0,0.0
HSV0878,2010-01-27,22,0,0,0,13,19,0,0.0
HSV0878,2010-01-28,15,4,0,0,10,14,0,0.0
HSV0878,2010-01-29,7,0,0,0,3,7,0,0.0
HTM1498,2010-01-03,3,0,0,0,3,2,0,0.0
HTM1498,2010-01-04,7,1,0,0,5,4,0,0.0
HTM1498,2010-01-10,3,0,0,0,3,3,0,0.0
HTM1498,2010-01-12,6,0,0,0,3,6,0,0.0
HTM1498,2010-01-13,6,0,0,0,4,5,0,0.0
HTM1498,2010-01-14,1,0,0,0,1,1,0,0.0
HTM1498,2010-01-15,1,0,0,0,1,1,0,0.0
HTM1498,2010-01-18,4,0,0,0,2,4,0,0.0
HTM1498,2010-01-20,1,0,0,0,1,1,0,0.0
HTM1498,2010-01-22,6,0,0,0,3,6,0,0.0
HTM1498,2010-01-24,4,0,0,0,3,2,2,0.0
HTM1498,2010-01-26,5,0,0,0,4,4,0,0.0
HTM1498,2010-01-28,2,0,0,0,2,2,0,0.0
HXP0976,2010-01-04,5,2,0,0,4,5,0,0.0
HXP0976,2010-01-05,1,0,0,0,1,1,0,0.0
HXP0976,2010-01-06,5,0,0,0,4,5,0,0.0
HXP0976,2010-01-07,1,0,0,0,1,1,0,0.0
HXP0976,2010-01-08,3,0,0,0,2,3,0,0.0
HXP0976,2010-01-11,3,0,0,0,3,3,0,0.0
HXP0976,2010-01-12,1,0,0,0,1,1,0,0.0
HXP0976,2010-01-15,1,0,0,0,1,1,0,0.0
HXP0976,2010-01-18,3,0,0,0,3,3,0,0.0
HXP0976,2010-01-19,2,0,0,0,2,1,0,0.0
HXP0976,2010-01-20,4,0,0,0,2,4,0,0.0
HXP0976,2010-01-21,2,0,0,0,2,2,0,0.0
HXP0976,2010-01-25,5,0,0,0,4,4,0,0.0
HXP0976,2010-01-27,1,0,0,0,1,1,0,0.0
HXP0976,2010-01-28,5,0,0,0,4,5,0,0.0
ICB1354,2010-01-04,5,0,0,0,4,5,0,0.0
ICB1354,2010-01-05,3,1,0,0,3,3,0,0.0
ICB1354,2010-01-07,4,0,0,0,3,4,0,0.0
ICB1354,2010-01-08,4,0,0,0,3,4,0,0.0
ICB1354,2010-01-12,5,0,0,0,5,5,0,0.0
ICB1354,2010-01-15,5,0,0,0,5,5,0,0.0
ICB1354,2010-01-18,2,0,0,0,2,2,0,0.0
ICB1354,2010-01-19,2,0,0,0,2,2,0,0.0
ICB1354,2010-01-20,4,0,0,0,3,3,0,0.0
ICB1354,2010-01-22,2,0,0,0,1,2,0,0.0
ICB1354,2010-01-25,5,0,0,0,5,5,0,0.0
ICB1354,2010-01-27,2,0,0,0,2,2,0,0.0
ICB1354,2010-01-29,1,0,0,0,1,1,0,0.0
ICB1890,2010-01-12,6,0,0,0,6,6,0,0.0
ICB1890,2010-01-14,3,0,0,0,3,3,0,0.0
ICB1890,2010-01-19,2,0,0,0,2,2,0,0.0
ICB1890,2010-01-20,3,0,0,0,3,2,0,0.0
ICB1890,2010-01-27,3,0,0,0,3,1,0,0.0
ICB1890,2010-01-28,7,0,0,0,6,7,0,0.0
ICH1810,2010-01-04,1,0,0,0,1,1,0,0.0
ICH1810,2010-01-05,4,0,0,0,2,3,0,0.0
ICH1810,2010-01-08,2,0,0,0,2,2,0,0.0
ICH1810,2010-01-11,3,0,0,0,3,2,0,0.0
ICH1810,2010-01-13,2,0,0,0,2,0,0,0.0
ICH1810,2010-01-15,2,0,0,0,2,1,0,0.0
ICH1810,2010-01-18,4,0,0,0,4,4,0,0.0
ICH1810,2010-01-21,4,0,0,0,4,2,0,0.0
ICH1810,2010-01-22,4,0,0,0,4,3,0,0.0
ICH1810,2010-01-25,2,0,0,0,2,2,0,0.0
ICH1810,2010-01-26,3,0,0,0,1,3,0,0.0
ICH1810,2010-01-27,2,0,0,0,1,0,0,0.0
ICH1810,2010-01-28,6,0,0,0,6,5,0,0.0
ICH1810,2010-01-29,1,0,0,0,1,0,0,0.0
IDC0249,2010-01-04,13,0,0,0,7,10,0,0.0
IDC0249,2010-01-06,6,0,0,0,2,0,0,0.0
IDC0249,2010-01-07,7,0,0,0,5,5,0,0.0
IDC0249,2010-01-08,3,0,0,0,2,3,0,0.0
IDC0249,2010-01-20,3,0,0,0,2,0,0,0.0
IDC0249,2010-01-21,5,0,0,0,5,5,0,0.0
IDC0249,2010-01-25,7,0,0,0,1,0,0,0.0
IDC0249,2010-01-26,5,0,0,0,3,5,0,0.0
IDC1744,2010-01-04,5,0,0,0,4,5,0,0.0
IDC1744,2010-01-05,4,0,0,0,4,4,0,0.0
IDC1744,2010-01-07,4,0,0,0,4,2,0,0.0
IDC1744,2010-01-11,6,3,0,0,5,5,0,0.0
IDC1744,2010-01-14,1,1,0,0,1,1,0,0.0
IDC1744,2010-01-15,4,1,0,0,4,3,0,0.0
IDC1744,2010-01-18,1,0,0,0,1,1,0,0.0
IDC1744,2010-01-19,4,0,0,0,4,4,0,0.0
IDC1744,2010-01-21,2,0,0,0,2,2,0,0.0
IDC1744,2010-01-22,3,2,0,0,3,3,0,0.0
IDC1744,2010-01-27,3,1,0,0,3,3,0,0.0
IDC1744,2010-01-28,3,0,0,0,2,1,0,0.0
IDC1744,2010-01-29,3,0,0,0,1,3,0,0.0
IDC1775,2010-01-04,6,0,0,0,4,5,0,0.0
IDC1775,2010-01-05,4,0,0,0,2,0,0,0.0
IDC1775,2010-01-06,2,0,0,0,2,0,0,0.0
IDC1775,2010-01-08,3,0,0,0,3,2,0,0.0
IDC1775,2010-01-11,8,0,0,0,4,7,0,0.0
IDC1775,2010-01-12,4,0,0,0,2,3,0,0.0
IDC1775,2010-01-13,5,0,0,0,4,1,0,0.0
IDC1775,2010-01-14,2,0,0,0,2,1,0,0.0
IDC1775,2010-01-18,4,0,0,0,1,0,0,0.0
IDC1775,2010-01-19,5,0,0,0,4,2,0,0.0
IDC1775,2010-01-20,8,0,0,0,5,2,0,0.0
IDC1775,2010-01-21,2,0,0,0,1,0,0,0.0
IDC1775,2010-01-22,2,0,0,0,2,1,0,0.0
IDC1775,2010-01-25,1,0,0,0,1,0,0,0.0
IDC1775,2010-01-26,13,0,0,0,5,3,0,0.0
IDC1775,2010-01-28,7,0,0,0,5,3,0,0.0
IEH0412,2010-01-06,5,0,0,0,3,2,0,0.0
IEH0412,2010-01-11,1,0,0,0,1,0,0,0.0
IEH0412,2010-01-14,6,0,0,0,4,6,0,0.0
IEH0412,2010-01-15,4,0,0,0,2,4,0,0.0
IEH0412,2010-01-19,2,0,0,0,1,2,0,0.0
IEH0412,2010-01-27,5,0,0,0,2,5,0,0.0
IGG1571,2010-01-05,8,0,0,0,3,7,1,0.0
IGG1571,2010-01-06,8,0,0,0,3,5,0,0.0
IGG1571,2010-01-11,15,0,0,0,7,13,0,0.0
IGG1571,2010-01-12,8,0,0,0,2,8,0,0.0
IGG1571,2010-01-18,8,0,0,0,4,7,0,0.0
IGG1571,2010-01-19,10,0,0,0,4,10,0,0.0
IGG1571,2010-01-20,15,0,0,0,4,12,0,0.0
IGG1571,2010-01-21,6,1,0,0,3,6,0,0.0
IGG1571,2010-01-22,7,0,0,0,4,7,0,0.0
IGG1571,2010-01-25,7,0,0,0,3,3,4,0.0
IGG1571,2010-01-27,10,0,0,0,5,8,0,0.0
IIM0781,2010-01-07,2,0,0,0,1,2,0,0.0
IIM0781,2010-01-11,2,0,0,0,2,2,0,0.0
IIM0781,2010-01-18,3,0,0,0,3,3,0,0.0
IIM0781,2010-01-26,2,0,0,0,2,2,0,0.0
IIM0781,2010-01-28,5,0,0,0,5,4,0,0.0
IKS0136,2010-01-07,4,0,0,0,2,4,0,0.0
IKS0136,2010-01-12,6,0,0,0,4,4,1,0.0
IKS0136,2010-01-15,2,0,0,0,1,2,0,0.0
IKS0136,2010-01-18,2,0,0,0,1,2,0,0.0
IKW0678,2010-01-12,4,0,0,0,2,4,0,0.0
IKW0678,2010-01-14,2,0,0,0,2,1,0,0.0
IKW0678,2010-01-20,2,0,0,0,2,2,0,0.0
ILM1441,2010-01-04,4,0,0,0,4,3,0,0.0
ILM1441,2010-01-05,3,0,0,0,3,3,0,0.0
ILM1441,2010-01-18,7,0,0,0,3,7,0,0.0
ILM1441,2010-01-24,6,0,0,0,4,6,0,0.0
ILM1441,2010-01-25,1,0,0,0,1,1,0,0.0
IQT0352,2010-01-03,21,2,0,0,13,20,0,0.0
IQT0352,2010-01-04,26,0,0,0,9,22,0,0.0
IQT0352,2010-01-07,26,0,0,0,12,22,0,0.0
IQT0352,2010-01-10,27,0,0,0,14,24,0,0.0
IQT0352,2010-01-12,21,0,0,0,12,20,0,0.0
IQT0352,2010-01-16,27,0,0,0,10,23,0,0.0
IQT0352,2010-01-21,26,0,0,0,13,26,0,0.0
IQT0352,2010-01-25,27,0,0,0,12,24,0,0.0
IQT0352,2010-01-28,25,0,0,0,8,24,0,0.0
ITA0159,2010-01-05,2,0,0,0,2,2,0,0.0
ITA0159,2010-01-07,5,0,0,0,5,3,0,0.0
ITA0159,2010-01-08,4,0,0,0,3,4,0,0.0
ITA0159,2010-01-11,5,0,0,0,4,1,0,0.0
ITA0159,2010-01-13,5,0,0,0,5,2,0,0.0
ITA0159,2010-01-14,4,0,0,0,4,3,0,0.0
ITA0159,2010-01-15,3,0,0,0,2,3,0,0.0
ITA0159,2010-01-18,4,0,0,0,4,2,0,0.0
ITA0159,2010-01-20,2,0,0,0,2,1,0,0.0
ITA0159,2010-01-22,3,0,0,0,3,2,0,0.0
ITA0159,2010-01-25,5,0,0,0,3,1,0,0.0
ITA0159,2010-01-26,5,0,0,0,3,2,0,0.0
ITA0159,2010-01-27,5,0,0,0,5,3,0,0.0
ITA0159,2010-01-29,1,0,0,0,1,0,0,0.0
ITV0200,2010-01-04,11,0,0,0,8,7,2,0.0
ITV0200,2010-01-05,14,0,0,0,7,10,4,0.0
ITV0200,2010-01-06,10,0,0,0,4,10,0,0.0
ITV0200,2010-01-07,11,0,0,0,6,8,3,0.0
ITV0200,2010-01-08,7,1,0,0,5,6,0,0.0
ITV0200,2010-01-11,4,0,0,0,3,4,0,0.0
ITV0200,2010-01-12,13,0,0,0,8,12,1,0.0
ITV0200,2010-01-13,14,0,0,0,9,13,1,0.0
ITV0200,2010-01-14,14,0,0,0,5,14,0,0.0
ITV0200,2010-01-15,12,0,0,0,6,12,0,0.0
ITV0200,2010-01-18,8,0,0,0,6,8,0,0.0
ITV0200,2010-01-19,11,0,0,0,3,11,0,0.0
ITV0200,2010-01-20,9,1,0,0,5,9,0,0.0
ITV0200,2010-01-21,7,0,0,0,4,7,0,0.0
ITV0200,2010-01-22,12,0,0,0,8,10,2,0.0
ITV0200,2010-01-25,9,0,0,0,6,9,0,0.0
ITV0200,2010-01-26,10,0,0,0,6,9,1,0.0
ITV0200,2010-01-27,12,0,0,0,5,12,0,0.0
ITV0200,2010-01-28,13,0,0,0,6,12,1,0.0
ITV0200,2010-01-29,9,0,0,0,5,9,0,0.0
JAC1275,2010-01-07,3,0,0,0,2,3,0,0.0
JAC1275,2010-01-12,4,0,0,0,2,0,0,0.0
JAG0106,2010-01-07,7,0,0,0,7,5,0,0.0
JAG0106,2010-01-13,1,0,0,0,1,1,0,0.0
JAG0106,2010-01-14,1,0,0,0,1,1,0,0.0
JAG0106,2010-01-22,3,0,0,0,1,3,0,0.0
JAL0811,2010-01-04,4,0,0,0,4,1,0,0.0
JAL0811,2010-01-05,2,0,0,0,1,2,0,0.0
JAL0811,2010-01-06,4,0,0,0,3,4,0,0.0
JAL0811,2010-01-08,3,0,0,0,3,2,0,0.0
JAL0811,2010-01-11,1,0,0,0,1,1,0,0.0
JAL0811,2010-01-12,4,0,0,0,3,4,0,0.0
JAL0811,2010-01-13,5,0,0,0,5,4,0,0.0
JAL0811,2010-01-14,5,0,0,0,3,3,0,0.0
JAL0811,2010-01-15,2,0,0,0,2,2,0,0.0
JAL0811,2010-01-20,2,0,0,0,2,1,0,0.0
JAL0811,2010-01-27,2,0,0,0,2,1,0,0.0
JAL0811,2010-01-28,1,0,0,0,1,1,0,0.0
JAR1708,2010-01-04,7,0,0,0,4,5,0,0.0
JAR1708,2010-01-05,8,0,0,0,6,7,0,0.0
JAR1708,2010-01-06,15,0,0,0,5,15,0,0.0
JAR1708,2010-01-07,4,0,0,0,2,4,0,0.0
JAR1708,2010-01-13,6,0,0,0,4,6,0,0.0
JAR1708,2010-01-14,6,0,0,0,4,6,0,0.0
JAR1708,2010-01-15,9,0,0,0,4,9,0,0.0
JAR1708,2010-01-18,2,0,0,0,2,2,0,0.0
JAR1708,2010-01-19,10,0,0,0,8,9,0,0.0
JAR1708,2010-01-20,6,0,0,0,6,4,0,0.0
JAR1708,2010-01-21,10,0,0,0,5,10,0,0.0
JAR1708,2010-01-22,9,0,0,0,3,9,0,0.0
JAR1708,2010-01-25,8,0,0,0,3,8,0,0.0
JAR1708,2010-01-26,5,0,0,0,5,4,0,0.0
JBB1333,2010-01-04,3,2,0,0,2,3,0,0.0
JBB1333,2010-01-07,2,0,0,0,2,2,0,0.0
JBB1333,2010-01-08,3,0,0,0,3,3,0,0.0
JBB1333,2010-01-21,2,0,0,0,1,2,0,0.0
JBB1333,2010-01-22,2,2,0,0,1,2,0,0.0
JBL0615,2010-01-04,21,0,0,0,7,17,0,0.0
JBL0615,2010-01-05,21,7,0,0,3,20,0,0.0
JBL0615,2010-01-06,17,0,0,0,2,17,0,0.0
JBL0615,2010-01-07,19,0,0,0,6,14,0,0.0
JBL0615,2010-01-08,24,0,0,0,7,16,0,0.0
JBL0615,2010-01-11,23,0,0,0,7,6,0,0.0
JBL0615,2010-01-12,18,0,0,0,6,15,0,0.0
JBL0615,2010-01-13,23,0,0,0,7,11,0,0.0
JBL0615,2010-01-14,22,7,0,0,10,9,0,0.0
JBL0615,2010-01-15,22,1,0,0,13,9,0,0.0
JBL0615,2010-01-18,18,0,0,0,4,7,0,0.0
JBL0615,2010-01-19,14,0,0,0,7,4,0,0.0
JBL0615,2010-01-20,26,0,0,0,6,12,0,0.0
JBL0615,2010-01-21,15,0,0,0,9,10,0,0.0
JBL0615,2010-01-22,26,0,0,0,8,20,0,0.0
JBL0615,2010-01-25,20,0,0,0,8,9,0,0.0
JBL0615,2010-01-26,20,0,0,0,10,8,0,0.0
JBL0615,2010-01-27,24,0,0,0,10,16,0,0.0
JBL0615,2010-01-28,21,0,0,0,11,6,0,0.0
JBL0615,2010-01-29,13,0,0,0,5,9,0,0.0
JBL1657,2010-01-04,7,0,0,0,6,4,0,0.0
JBL1657,2010-01-05,13,0,0,0,9,12,0,0.0
JBL1657,2010-01-06,7,0,0,0,6,6,0,0.0
JBL1657,2010-01-07,3,0,0,0,3,2,0,0.0
JBL1657,2010-01-08,5,0,0,0,4,3,0,0.0
JBL1657,2010-01-11,6,0,0,0,6,6,0,0.0
JBL1657,2010-01-12,4,0,0,0,4,4,0,0.0
JBL1657,2010-01-13,6,0,0,0,4,5,0,0.0
JBL1657,2010-01-14,2,0,0,0,2,2,0,0.0
JBL1657,2010-01-18,6,0,0,0,5,4,0,0.0
JBL1657,2010-01-19,3,0,0,0,3,2,0,0.0
JBL1657,2010-01-20,10,0,0,0,5,10,0,0.0
JBL1657,2010-01-21,8,0,0,0,7,8,0,0.0
JBL1657,2010-01-22,9,0,0,0,5,5,0,0.0
JBL1657,2010-01-25,10,0,0,0,6,5,0,0.0
JBL1657,2010-01-26,2,0,0,0,2,0,0,0.0
JBL1657,2010-01-27,4,0,0,0,3,3,0,0.0
JBL1657,2010-01-28,7,0,0,0,6,7,0,0.0
JBL1657,2010-01-29,6,0,0,0,4,5,0,0.0
JBR1940,2010-01-04,24,0,0,0,3,16,0,0.0
JBR1940,2010-01-05,25,25,0,0,13,23,0,0.0
JBR1940,2010-01-07,27,0,0,0,2,27,0,0.0
JBR1940,2010-01-11,27,12,0,0,3,26,1,0.0
JBR1940,2010-01-19,26,0,0,0,8,26,0,0.0
JBR1940,2010-01-26,14,0,0,0,7,9,0,0.0
JCB0544,2010-01-05,24,24,0,0,8,17,0,0.0
JCB0544,2010-01-06,27,0,0,0,12,25,0,0.0
JCB0544,2010-01-07,27,0,0,0,13,26,0,0.0
JCB0544,2010-01-09,26,0,0,0,10,19,0,0.0
JCB0544,2010-01-12,25,17,0,0,4,2,0,0.0
JCB0544,2010-01-13,27,27,0,0,11,20,0,0.0
JCB0544,2010-01-19,24,5,0,0,13,24,0,0.0
JCB0544,2010-01-20,27,12,0,0,9,15,0,0.0
JCB0544,2010-01-27,27,0,0,0,10,26,0,0.0
JCB0544,2010-01-29,27,0,0,0,8,27,0,0.0
JDB1163,2010-01-06,1,0,0,0,1,1,0,0.0
JDB1163,2010-01-09,7,0,0,0,3,3,0,0.0
JDB1163,2010-01-15,5,0,0,0,3,3,0,0.0
JDB1163,2010-01-18,4,0,0,0,2,4,0,0.0
JDS0177,2010-01-05,14,0,0,0,9,12,0,0.0
JDS0177,2010-01-06,10,3,0,0,5,9,0,0.0
JDS0177,2010-01-07,9,0,0,0,5,9,0,0.0
JDS0177,2010-01-08,6,0,0,0,5,5,0,0.0
JDS0177,2010-01-12,8,0,0,0,4,7,0,0.0
JDS0177,2010-01-13,9,0,0,0,7,8,0,0.0
JDS0177,2010-01-15,11,0,0,0,6,10,0,0.0
JDS0177,2010-01-18,15,2,0,0,10,9,0,0.0
JDS0177,2010-01-19,14,0,0,0,7,12,0,0.0
JDS0177,2010-01-20,11,0,0,0,6,7,0,0.0
JDS0177,2010-01-21,4,0,0,0,4,2,0,0.0
JDS0177,2010-01-22,15,0,0,0,7,12,0,0.0
JDS0177,2010-01-25,11,0,0,0,4,10,0,0.0
JDS0177,2010-01-26,6,0,0,0,6,4,0,0.0
JDS0177,2010-01-27,9,0,0,0,7,8,0,0.0
JDS0177,2010-01-28,5,0,0,0,3,5,0,0.0
JFC0075,2010-01-04,7,0,0,0,3,7,0,0.0
JFC0075,2010-01-05,3,0,0,0,2,2,0,0.0
JFC0075,2010-01-06,12,0,0,0,6,8,0,0.0
JFC0075,2010-01-07,8,0,0,0,5,7,0,0.0
JFC0075,2010-01-08,10,0,0,0,3,10,0,0.0
JFC0075,2010-01-11,8,1,0,0,6,7,0,0.0
JFC0075,2010-01-12,7,0,0,0,5,7,0,0.0
JFC0075,2010-01-13,7,0,0,0,4,7,0,0.0
JFC0075,2010-01-14,4,4,0,0,1,4,0,0.0
JFC0075,2010-01-15,10,1,0,0,4,8,0,0.0
JFC0075,2010-01-18,5,0,0,0,2,5,0,0.0
JFC0075,2010-01-19,5,0,0,0,1,5,0,0.0
JFC0075,2010-01-20,5,0,0,0,4,5,0,0.0
JFC0075,2010-01-21,4,0,0,0,3,4,0,0.0
JFC0075,2010-01-22,7,0,0,0,1,7,0,0.0
JFC0075,2010-01-25,8,3,0,0,5,8,0,0.0
JFC0075,2010-01-26,8,1,0,0,3,8,0,0.0
JFC0075,2010-01-27,6,3,0,0,5,6,0,0.0
JFC0075,2010-01-28,10,0,0,0,3,10,0,0.0
JFC0075,2010-01-29,4,0,0,0,1,4,0,0.0
JHP1654,2010-01-04,5,0,0,0,3,4,0,0.0
JHP1654,2010-01-05,7,0,0,0,6,7,0,0.0
JHP1654,2010-01-06,12,0,0,0,7,9,0,0.0
JHP1654,2010-01-08,6,0,0,0,5,5,0,0.0
JHP1654,2010-01-11,7,0,0,0,6,7,0,0.0
JHP1654,2010-01-12,7,0,0,0,4,5,0,0.0
JHP1654,2010-01-18,5,0,0,0,4,5,0,0.0
JHP1654,2010-01-19,7,0,0,0,5,7,0,0.0
JHP1654,2010-01-20,1,0,0,0,1,1,0,0.0
JHP1654,2010-01-21,3,0,0,0,2,3,0,0.0
JHP1654,2010-01-22,4,0,0,0,4,3,0,0.0
JHP1654,2010-01-25,9,0,0,0,5,9,0,0.0
JHP1654,2010-01-27,9,0,0,0,9,5,0,0.0
JHP1654,2010-01-29,1,0,0,0,1,1,0,0.0
JJH0862,2010-01-04,20,20,0,0,5,15,0,0.0
JJH0862,2010-01-05,23,0,0,0,11,20,0,0.0
JJH0862,2010-01-06,22,0,0,0,8,22,0,0.0
JJH0862,2010-01-11,22,0,0,0,7,16,0,0.0
JJH0862,2010-01-13,24,16,0,0,3,11,0,0.0
JJH0862,2010-01-14,26,0,0,0,3,26,0,0.0
JJH0862,2010-01-15,27,0,0,0,2,27,0,0.0
JJH0862,2010-01-20,23,0,0,0,8,22,0,0.0
JJH0862,2010-01-25,23,23,0,0,4,3,0,0.0
JJH0862,2010-01-28,25,0,0,0,3,2,0,0.0
JJW1785,2010-01-05,3,0,0,0,2,3,0,0.0
JJW1785,2010-01-18,2,0,0,0,2,1,0,0.0
JJW1785,2010-01-27,2,0,0,0,2,2,0,0.0
JKB1843,2010-01-07,4,0,0,0,1,4,0,0.0
JKB1843,2010-01-13,1,0,0,0,1,1,0,0.0
JKB1843,2010-01-14,2,0,0,0,2,2,0,0.0
JKB1843,2010-01-20,2,0,0,0,1,2,0,0.0
JLC0558,2010-01-18,4,0,0,0,4,3,0,0.0
JLC0558,2010-01-19,7,0,0,0,6,7,0,0.0
JLC0558,2010-01-27,8,0,0,0,8,6,0,0.0
JLC1301,2010-01-04,6,0,0,0,6,3,0,0.0
JLC1301,2010-01-06,6,0,0,0,6,4,0,0.0
JLC1301,2010-01-07,8,0,0,0,2,3,0,0.0
JLC1301,2010-01-08,9,9,0,0,4,5,0,0.0
JLC1301,2010-01-11,5,1,0,0,3,3,0,0.0
JLC1301,2010-01-12,6,0,0,0,3,6,0,0.0
JLC1301,2010-01-13,6,0,0,0,3,6,0,0.0
JLC1301,2010-01-14,7,0,0,0,4,5,0,0.0
JLC1301,2010-01-15,13,2,0,0,6,13,0,0.0
JLC1301,2010-01-18,9,0,0,0,4,5,0,0.0
JLC1301,2010-01-19,8,0,0,0,7,6,0,0.0
JLC1301,2010-01-20,12,0,0,0,6,11,0,0.0
JLC1301,2010-01-21,6,0,0,0,4,4,0,0.0
JLC1301,2010-01-22,6,0,0,0,3,2,0,0.0
JLC1301,2010-01-25,2,0,0,0,2,2,0,0.0
JLC1301,2010-01-26,16,0,0,0,11,10,0,0.0
JLC1301,2010-01-27,12,3,0,0,10,8,0,0.0
JLC1301,2010-01-28,14,0,0,0,7,10,0,0.0
JLC1301,2010-01-29,8,0,0,0,4,6,0,0.0
JLD1666,2010-01-06,7,0,0,0,6,6,0,0.0
JLD1666,2010-01-07,1,0,0,0,1,1,0,0.0
JLD1666,2010-01-13,2,0,0,0,1,2,0,0.0
JLD1666,2010-01-22,4,0,0,0,3,4,0,0.0
JLD1666,2010-01-26,3,0,0,0,2,3,0,0.0
JLF1315,2010-01-05,2,0,0,0,2,2,0,0.0
JLF1315,2010-01-14,4,0,0,0,3,2,0,0.0
JLF1315,2010-01-15,3,0,0,0,3,3,0,0.0
JLF1315,2010-01-20,4,0,0,0,3,3,0,0.0
JLF1315,2010-01-25,4,0,0,0,1,4,0,0.0
JLF1315,2010-01-26,3,2,0,0,3,3,0,0.0
JMK1531,2010-01-04,27,0,0,0,8,25,0,0.0
JMK1531,2010-01-05,27,0,0,0,7,27,0,0.0
JMK1531,2010-01-06,27,0,0,0,8,24,2,0.0
JMK1531,2010-01-07,25,3,0,0,9,25,0,0.0
JMK1531,2010-01-08,27,3,0,0,11,27,0,0.0
JMK1531,2010-01-11,23,1,0,0,11,18,3,0.0
JMK1531,2010-01-12,27,11,0,0,10,26,0,0.0
JMK1531,2010-01-13,21,0,0,0,11,21,0,0.0
JMK1531,2010-01-14,26,0,0,0,6,25,0,0.0
JMK1531,2010-01-15,26,1,0,0,9,26,0,0.0
JMK1531,2010-01-18,24,3,0,0,13,21,0,0.0
JMK1531,2010-01-19,26,10,0,0,16,24,0,0.0
JMK1531,2010-01-20,24,1,0,0,9,22,1,0.0
JMK1531,2010-01-21,27,13,0,0,14,23,2,0.0
JMK1531,2010-01-22,27,1,0,0,9,26,0,0.0
JMK1531,2010-01-25,27,2,0,0,15,25,0,0.0
JMK1531,2010-01-26,20,0,0,0,9,13,5,0.0
JMK1531,2010-01-27,27,0,0,0,12,27,0,0.0
JMK1531,2010-01-28,20,4,0,0,10,20,0,0.0
JMK1531,2010-01-29,13,0,0,0,3,13,0,0.0
JMM0613,2010-01-14,4,0,0,0,1,4,0,0.0
JMM0613,2010-01-18,1,0,0,0,1,1,0,0.0
JMM0613,2010-01-23,3,0,0,0,2,0,0,0.0
JMS0859,2010-01-14,4,0,0,0,3,4,0,0.0
JMS0859,2010-01-21,7,0,0,0,6,6,0,0.0
JMS0859,2010-01-28,1,0,0,0,1,1,0,0.0
JOR1495,2010-01-04,27,0,0,0,12,24,0,0.0
JOR1495,2010-01-06,26,0,0,0,6,26,0,0.0
JOR1495,2010-01-08,25,0,0,0,4,12,0,0.0
JOR1495,2010-01-11,24,0,0,0,9,20,0,0.0
JOR1495,2010-01-12,22,0,0,0,7,21,0,0.0
JOR1495,2010-01-14,27,0,0,0,3,11,0,0.0
JOR1495,2010-01-18,22,0,0,0,3,13,0,0.0
JOR1495,2010-01-20,26,0,0,0,10,19,0,0.0
JOR1495,2010-01-21,27,0,0,0,11,26,0,0.0
JOR1495,2010-01-26,27,0,0,0,10,22,0,0.0
JOR1495,2010-01-27,13,0,0,0,3,7,0,0.0
JOR1495,2010-01-28,27,0,0,0,9,24,0,0.0
JOR1495,2010-01-29,6,0,0,0,4,4,0,0.0
JPW0533,2010-01-06,6,0,0,0,2,6,0,0.0
JPW0533,2010-01-07,1,0,0,0,1,1,0,0.0
JPW0533,2010-01-08,4,0,0,0,3,4,0,0.0
JPW0533,2010-01-12,6,0,0,0,5,5,0,0.0
JPW0533,2010-01-21,6,0,0,0,3,6,0,0.0
JPW0533,2010-01-22,2,0,0,0,1,2,0,0.0
JPW0533,2010-01-25,8,0,0,0,2,8,0,0.0
JPW0533,2010-01-26,12,0,0,0,5,12,0,0.0
JPW0533,2010-01-27,8,0,0,0,2,8,0,0.0
JPW0533,2010-01-28,4,0,0,0,1,4,0,0.0
JRC0238,2010-01-04,24,0,0,0,14,19,1,0.0
JRC0238,2010-01-05,25,0,0,0,17,19,2,0.0
JRC0238,2010-01-06,24,0,0,0,17,21,1,0.0
JRC0238,2010-01-07,18,0,0,0,14,15,2,0.0
JRC0238,2010-01-08,27,2,0,0,18,22,0,0.0
JRC0238,2010-01-11,27,0,0,0,16,22,0,0.0
JRC0238,2010-01-12,27,0,0,0,17,19,1,0.0
JRC0238,2010-01-13,24,0,0,0,17,19,1,0.0
JRC0238,2010-01-14,27,0,0,0,18,23,1,0.0
JRC0238,2010-01-15,27,0,0,0,20,22,1,0.0
JRC0238,2010-01-18,27,0,0,0,21,25,0,0.0
JRC0238,2010-01-19,27,0,0,0,19,22,3,0.0
JRC0238,2010-01-20,25,0,0,0,15,21,1,0.0
JRC0238,2010-01-21,24,0,0,0,17,21,1,0.0
JRC0238,2010-01-22,27,0,0,0,21,23,2,0.0
JRC0238,2010-01-25,25,0,0,0,18,24,0,0.0
JRC0238,2010-01-26,24,0,0,0,16,19,1,0.0
JRC0238,2010-01-27,20,0,0,0,10,13,3,0.0
JRC0238,2010-01-28,21,0,0,0,18,15,0,0.0
JRC0238,2010-01-29,7,0,0,0,7,7,0,0.0
JRS0674,2010-01-02,27,27,0,0,6,22,0,0.0
JRS0674,2010-01-05,23,0,0,0,9,15,0,0.0
JRS0674,2010-01-07,27,0,0,0,9,16,0,0.0
JRS0674,2010-01-12,19,0,0,0,8,10,0,0.0
JRS0674,2010-01-14,27,0,0,0,10,23,0,0.0
JRS0674,2010-01-15,27,0,0,0,10,17,0,0.0
JRS0674,2010-01-18,25,0,0,0,9,25,0,0.0
JRS0674,2010-01-20,27,0,0,0,16,24,0,0.0
JRS0674,2010-01-21,24,0,0,0,14,22,0,0.0
JRS0674,2010-01-25,26,0,0,0,13,21,0,0.0
JRS0674,2010-01-26,24,0,0,0,11,21,0,0.0
JRS0674,2010-01-27,27,0,0,0,13,22,0,0.0
JSH1678,2010-01-04,13,0,0,0,7,4,0,0.0
JSH1678,2010-01-05,9,0,0,0,4,7,0,0.0
JSH1678,2010-01-06,6,0,0,0,3,3,0,0.0
JSH1678,2010-01-08,8,0,0,0,5,6,0,0.0
JSH1678,2010-01-11,7,0,0,0,6,5,0,0.0
JSH1678,2010-01-12,11,0,0,0,5,11,0,0.0
JSH1678,2010-01-13,6,0,0,0,3,5,0,0.0
JSH1678,2010-01-14,7,0,0,0,7,5,0,0.0
JSH1678,2010-01-15,10,0,0,0,5,4,0,0.0
JSH1678,2010-01-18,11,0,0,0,7,8,0,0.0
JSH1678,2010-01-19,18,0,0,0,10,15,0,0.0
JSH1678,2010-01-20,4,0,0,0,3,3,0,0.0
JSH1678,2010-01-21,12,0,0,0,8,10,0,0.0
JSH1678,2010-01-22,13,0,0,0,9,8,0,0.0
JSH1678,2010-01-25,9,0,0,0,7,7,0,0.0
JSH1678,2010-01-26,12,0,0,0,5,11,0,0.0
JSH1678,2010-01-27,12,0,0,0,5,7,0,0.0
JSH1678,2010-01-28,12,0,0,0,4,12,0,0.0
JSH1678,2010-01-29,10,0,0,0,6,8,0,0.0
JTB0163,2010-01-04,2,0,0,0,2,1,0,0.0
JTB0163,2010-01-06,3,0,0,0,2,2,0,0.0
JTB0163,2010-01-14,2,0,0,0,2,2,0,0.0
JTB0163,2010-01-18,3,0,0,0,3,3,0,0.0
JTB0163,2010-01-19,1,0,0,0,1,1,0,0.0
JTB0163,2010-01-25,1,0,0,0,1,1,0,0.0
JTB0163,2010-01-28,3,0,0,0,2,2,0,0.0
JUW1135,2010-01-04,9,9,0,0,4,7,0,0.0
JUW1135,2010-01-06,27,27,0,0,8,25,0,0.0
JUW1135,2010-01-08,9,9,0,0,3,6,0,0.0
JUW1135,2010-01-11,21,21,0,0,8,18,0,0.0
JUW1135,2010-01-12,8,8,0,0,6,6,0,0.0
JUW1135,2010-01-13,1,1,0,0,1,1,0,0.0
JUW1135,2010-01-14,8,8,0,0,4,5,0,0.0
JUW1135,2010-01-15,18,18,0,0,6,13,0,0.0
JUW1135,2010-01-18,6,6,0,0,5,6,0,0.0
JUW1135,2010-01-19,16,16,0,0,6,12,0,0.0
JUW1135,2010-01-20,1,1,0,0,1,1,0,0.0
JUW1135,2010-01-22,5,5,0,0,3,5,0,0.0
JUW1135,2010-01-25,8,8,0,0,4,6,0,0.0
JUW1135,2010-01-27,7,7,0,0,4,6,0,0.0
JUW1135,2010-01-28,9,9,0,0,6,7,0,0.0
JUW1135,2010-01-29,7,7,0,0,5,6,0,0.0
JVH1575,2010-01-05,2,0,0,0,1,2,0,0.0
JVH1575,2010-01-06,9,2,0,0,7,6,0,0.0
JVH1575,2010-01-11,6,0,0,0,5,5,0,0.0
JVH1575,2010-01-12,7,1,0,0,3,6,0,0.0
JVH1575,2010-01-13,5,0,0,0,4,4,0,0.0
JVH1575,2010-01-14,3,0,0,0,3,3,0,0.0
JVH1575,2010-01-15,2,0,0,0,1,2,0,0.0
JVH1575,2010-01-18,3,1,0,0,3,2,0,0.0
JVH1575,2010-01-19,5,1,0,0,4,3,0,0.0
JVH1575,2010-01-20,2,0,0,0,2,2,0,0.0
JVH1575,2010-01-21,10,1,0,0,8,9,0,0.0
JVH1575,2010-01-25,2,0,0,0,2,2,0,0.0
JVH1575,2010-01-27,7,1,0,0,3,7,0,0.0
JVH1575,2010-01-29,3,0,0,0,1,3,0,0.0
JXH1061,2010-01-04,27,0,0,0,9,24,0,0.0
JXH1061,2010-01-13,27,0,0,0,8,26,0,0.0
JXH1061,2010-01-15,24,0,0,0,4,18,0,0.0
JXH1061,2010-01-21,27,0,0,0,8,23,0,0.0
JXH1061,2010-01-26,27,0,0,0,5,20,0,0.0
JXH1061,2010-01-27,26,0,0,0,3,19,0,0.0
JXH1061,2010-01-28,24,0,0,0,8,19,0,0.0
KAC1209,2010-01-04,6,0,0,0,4,6,0,0.0
KAC1209,2010-01-05,7,0,0,0,5,3,0,0.0
KAC1209,2010-01-06,2,0,0,0,2,1,0,0.0
KAC1209,2010-01-07,3,0,0,0,3,2,0,0.0
KAC1209,2010-01-08,3,0,0,0,3,3,0,0.0
KAC1209,2010-01-11,8,0,0,0,5,3,0,0.0
KAC1209,2010-01-13,9,0,0,0,6,5,0,0.0
KAC1209,2010-01-14,3,0,0,0,1,3,0,0.0
KAC1209,2010-01-15,6,0,0,0,2,6,0,0.0
KAC1209,2010-01-19,5,0,0,0,2,5,0,0.0
KAC1209,2010-01-20,4,0,0,0,1,4,0,0.0
KAC1209,2010-01-21,4,0,0,0,4,3,0,0.0
KAC1209,2010-01-22,3,0,0,0,3,2,0,0.0
KAC1209,2010-01-25,3,0,0,0,2,3,0,0.0
KAC1209,2010-01-26,4,0,0,0,4,3,0,0.0
KAC1209,2010-01-27,4,0,0,0,4,3,0,0.0
KAC1209,2010-01-28,2,0,0,0,2,2,0,0.0
KAD0387,2010-01-02,2,0,0,0,2,1,0,0.0
KAD0387,2010-01-11,4,0,0,0,3,4,0,0.0
KAD0387,2010-01-12,2,1,0,0,1,2,0,0.0
KAD0387,2010-01-13,2,0,0,0,2,2,0,0.0
KAD0387,2010-01-14,5,0,0,0,4,4,0,0.0
KAD0387,2010-01-18,1,0,0,0,1,1,0,0.0
KAD0387,2010-01-22,1,0,0,0,1,1,0,0.0
KAD0387,2010-01-23,5,2,0,0,4,5,0,0.0
KAD0387,2010-01-25,3,0,0,0,3,2,0,0.0
KAD0387,2010-01-26,1,0,0,0,1,0,0,0.0
KAD0387,2010-01-27,2,0,0,0,1,2,0,0.0
KAD0387,2010-01-28,3,0,0,0,3,2,0,0.0
KAD0817,2010-01-06,1,0,0,0,1,1,0,0.0
KAD0817,2010-01-15,2,0,0,0,2,2,0,0.0
KAD0817,2010-01-27,4,4,0,0,2,4,0,0.0
KAG0547,2010-01-04,3,1,0,0,2,3,0,0.0
KAG0547,2010-01-05,4,0,0,0,2,4,0,0.0
KAG0547,2010-01-06,3,0,0,0,3,3,0,0.0
KAG0547,2010-01-07,5,2,0,0,3,5,0,0.0
KAG0547,2010-01-08,3,0,0,0,3,3,0,0.0
KAG0547,2010-01-11,1,0,0,0,1,1,0,0.0
KAG0547,2010-01-12,3,3,0,0,2,3,0,0.0
KAG0547,2010-01-13,3,0,0,0,3,3,0,0.0
KAG0547,2010-01-15,2,0,0,0,2,2,0,0.0
KAG0547,2010-01-19,7,3,0,0,5,7,0,0.0
KAG0547,2010-01-26,4,0,0,0,4,4,0,0.0
KAG0547,2010-01-27,4,0,0,0,4,2,0,0.0
KAG0547,2010-01-28,7,0,0,0,5,4,0,0.0
KAG0566,2010-01-04,19,5,0,0,8,17,0,0.0
KAG0566,2010-01-05,27,5,0,0,4,11,0,0.0
KAG0566,2010-01-06,27,11,0,0,12,16,0,0.0
KAG0566,2010-01-07,21,4,0,0,10,18,0,0.0
KAG0566,2010-01-08,27,9,0,0,5,19,0,0.0
KAG0566,2010-01-11,25,12,0,0,8,23,0,0.0
KAG0566,2010-01-12,22,0,0,0,7,14,0,0.0
KAG0566,2010-01-13,27,0,0,0,10,23,0,0.0
KAG0566,2010-01-14,25,1,0,0,8,19,0,0.0
KAG0566,2010-01-15,26,0,0,0,4,25,0,0.0
KAG0566,2010-01-18,23,8,0,0,9,15,0,0.0
KAG0566,2010-01-19,27,8,0,0,9,27,0,0.0
KAG0566,2010-01-20,27,4,0,0,9,18,0,0.0
KAG0566,2010-01-21,27,10,0,0,10,27,0,0.0
KAG0566,2010-01-22,18,0,0,0,7,15,0,0.0
KAG0566,2010-01-25,26,0,0,0,5,20,0,0.0
KAG0566,2010-01-26,18,5,0,0,6,17,0,0.0
KAG0566,2010-01-27,24,4,0,0,9,22,0,0.0
KAG0566,2010-01-28,25,4,0,0,11,23,0,0.0
KAG0566,2010-01-29,4,0,0,0,4,3,0,0.0
KAJ1413,2010-01-04,7,0,0,0,5,6,0,0.0
KAJ1413,2010-01-05,7,0,0,0,5,1,0,0.0
KAJ1413,2010-01-06,5,0,0,0,3,3,0,0.0
KAJ1413,2010-01-07,5,0,0,0,4,5,0,0.0
KAJ1413,2010-01-08,9,0,0,0,3,2,0,0.0
KAJ1413,2010-01-11,6,0,0,0,2,0,0,0.0
KAJ1413,2010-01-12,8,0,0,0,4,7,0,0.0
KAJ1413,2010-01-13,8,0,0,0,6,8,0,0.0
KAJ1413,2010-01-14,9,0,0,0,4,9,0,0.0
KAJ1413,2010-01-15,7,0,0,0,3,7,0,0.0
KAJ1413,2010-01-18,6,0,0,0,6,5,0,0.0
KAJ1413,2010-01-19,5,0,0,0,2,3,0,0.0
KAJ1413,2010-01-20,10,0,0,0,6,7,0,0.0
KAJ1413,2010-01-21,6,0,0,0,4,6,0,0.0
KAJ1413,2010-01-22,8,0,0,0,4,7,0,0.0
KAJ1413,2010-01-25,2,0,0,0,2,2,0,0.0
KAJ1413,2010-01-26,8,0,0,0,5,4,0,0.0
KAJ1413,2010-01-27,9,0,0,0,7,7,0,0.0
KAJ1413,2010-01-28,12,0,0,0,7,12,0,0.0
KAJ1413,2010-01-29,6,0,0,0,3,2,0,0.0
KBB1294,2010-01-04,19,0,0,0,9,8,2,0.0
KBB1294,2010-01-05,18,0,0,0,9,9,0,0.0
KBB1294,2010-01-06,27,0,0,0,11,22,1,0.0
KBB1294,2010-01-07,27,0,0,0,13,14,4,0.0
KBB1294,2010-01-08,27,0,0,0,7,22,0,0.0
KBB1294,2010-01-11,27,0,0,0,15,22,3,0.0
KBB1294,2010-01-12,27,0,0,0,12,20,0,0.0
KBB1294,2010-01-13,25,0,0,0,14,21,0,0.0
KBB1294,2010-01-14,27,0,0,0,11,23,2,0.0
KBB1294,2010-01-15,27,0,0,0,11,18,4,0.0
KBB1294,2010-01-18,23,0,0,0,14,19,3,0.0
KBB1294,2010-01-19,27,2,0,0,13,23,0,0.0
KBB1294,2010-01-20,27,0,0,0,15,21,3,0.0
KBB1294,2010-01-21,25,0,0,0,13,21,0,0.0
KBB1294,2010-01-22,27,0,0,0,12,15,3,0.0
KBB1294,2010-01-25,26,0,0,0,12,25,1,0.0
KBB1294,2010-01-26,26,0,0,0,11,21,1,0.0
KBB1294,2010-01-27,27,0,0,0,8,10,10,0.0
KBB1294,2010-01-28,23,0,0,0,15,17,3,0.0
KBB1294,2010-01-29,10,0,0,0,6,9,1,0.0
KBC1680,2010-01-04,3,0,0,0,2,3,0,0.0
KBC1680,2010-01-05,9,0,0,0,5,6,0,0.0
KBC1680,2010-01-06,7,0,0,0,6,6,0,0.0
KBC1680,2010-01-07,8,0,0,0,7,6,0,0.0
KBC1680,2010-01-12,4,0,0,0,3,4,0,0.0
KBC1680,2010-01-13,2,0,0,0,2,1,0,0.0
KBC1680,2010-01-15,1,0,0,0,1,1,0,0.0
KBC1680,2010-01-18,3,0,0,0,3,3,0,0.0
KBC1680,2010-01-19,4,0,0,0,4,4,0,0.0
KBC1680,2010-01-20,4,0,0,0,3,4,0,0.0
KBC1680,2010-01-21,8,0,0,0,7,7,0,0.0
KBC1680,2010-01-22,2,0,0,0,2,2,0,0.0
KBC1680,2010-01-25,4,0,0,0,3,4,0,0.0
KBC1680,2010-01-26,4,0,0,0,4,3,0,0.0
KBC1680,2010-01-27,1,0,0,0,1,1,0,0.0
KBC1680,2010-01-29,6,0,0,0,6,6,0,0.0
KBL0908,2010-01-04,10,2,0,0,6,7,0,0.0
KBL0908,2010-01-05,8,5,0,0,6,6,0,0.0
KBL0908,2010-01-06,11,1,0,0,5,11,0,0.0
KBL0908,2010-01-07,10,0,0,0,6,8,0,0.0
KBL0908,2010-01-08,7,1,0,0,5,7,0,0.0
KBL0908,2010-01-11,8,0,0,0,5,6,0,0.0
KBL0908,2010-01-12,2,0,0,0,2,2,0,0.0
KBL0908,2010-01-13,9,0,0,0,5,8,0,0.0
KBL0908,2010-01-14,15,0,0,0,8,12,1,0.0
KBL0908,2010-01-15,9,0,0,0,7,6,0,0.0
KBL0908,2010-01-18,8,0,0,0,4,6,0,0.0
KBL0908,2010-01-19,8,1,0,0,4,7,0,0.0
KBL0908,2010-01-20,9,0,0,0,6,7,0,0.0
KBL0908,2010-01-21,9,2,0,0,5,7,0,0.0
KBL0908,2010-01-22,12,0,0,0,7,12,0,0.0
KBL0908,2010-01-25,3,2,0,0,3,2,0,0.0
KBL0908,2010-01-26,8,1,0,0,5,6,0,0.0
KBL0908,2010-01-27,11,3,0,0,8,9,0,0.0
KBL0908,2010-01-28,16,0,0,0,8,15,0,0.0
KBL0908,2010-01-29,4,0,0,0,3,3,0,0.0
KBP0124,2010-01-04,4,0,0,0,2,4,0,0.0
KBP0124,2010-01-05,1,0,0,0,1,1,0,0.0
KBP0124,2010-01-06,1,1,0,0,1,1,0,0.0
KBP0124,2010-01-08,5,0,0,0,5,4,0,0.0
KBP0124,2010-01-11,1,0,0,0,1,0,0,0.0
KBP0124,2010-01-12,7,0,0,0,5,4,0,0.0
KBP0124,2010-01-13,5,0,0,0,5,4,0,0.0
KBP0124,2010-01-14,7,0,0,0,4,1,0,0.0
KBP0124,2010-01-15,3,0,0,0,3,2,0,0.0
KBP0124,2010-01-18,11,0,0,0,5,11,0,0.0
KBP0124,2010-01-19,4,0,0,0,4,2,0,0.0
KBP0124,2010-01-20,9,0,0,0,7,5,0,0.0
KBP0124,2010-01-22,8,0,0,0,5,6,0,0.0
KBP0124,2010-01-25,2,0,0,0,1,0,0,0.0
KBP0124,2010-01-26,5,0,0,0,5,5,0,0.0
KBP0124,2010-01-27,2,1,0,0,2,1,0,0.0
KBP0124,2010-01-28,4,3,0,0,3,4,0,0.0
KCG0044,2010-01-05,2,0,0,0,1,2,0,0.0
KCG0044,2010-01-06,2,2,0,0,1,2,0,0.0
KCG0044,2010-01-07,16,8,0,0,1,16,0,0.0
KCG0044,2010-01-08,8,8,0,0,2,8,0,0.0
KCG0044,2010-01-11,9,9,0,0,2,9,0,0.0
KCG0044,2010-01-12,12,12,0,0,1,12,0,0.0
KCG0044,2010-01-13,6,6,0,0,2,5,0,0.0
KCG0044,2010-01-14,7,7,0,0,1,7,0,0.0
KCG0044,2010-01-15,5,5,0,0,1,5,0,0.0
KCG0044,2010-01-18,1,1,0,0,1,1,0,0.0
KCG0044,2010-01-20,12,12,0,0,2,12,0,0.0
KCG0044,2010-01-21,16,16,0,0,3,15,0,0.0
KCG0044,2010-01-22,19,19,0,0,4,19,0,0.0
KCG0044,2010-01-25,7,7,0,0,1,7,0,0.0
KCG0044,2010-01-26,10,10,0,0,3,10,0,0.0
KCG0044,2010-01-27,13,13,0,0,2,13,0,0.0
KCG0044,2010-01-28,1,1,0,0,1,1,0,0.0
KCJ1788,2010-01-04,27,0,0,0,11,23,0,0.0
KCJ1788,2010-01-05,27,0,0,0,11,23,0,0.0
KCJ1788,2010-01-06,23,0,0,0,4,23,0,0.0
KCJ1788,2010-01-07,26,0,0,0,10,26,0,0.0
KCJ1788,2010-01-08,27,0,0,0,7,14,0,0.0
KCJ1788,2010-01-11,27,0,0,0,10,12,0,0.0
KCJ1788,2010-01-12,26,0,0,0,15,22,0,0.0
KCJ1788,2010-01-13,26,0,0,0,3,26,0,0.0
KCJ1788,2010-01-14,25,0,0,0,8,22,0,0.0
KCJ1788,2010-01-15,27,0,0,0,11,26,0,0.0
KCJ1788,2010-01-18,24,0,0,0,5,24,0,0.0
KCJ1788,2010-01-19,27,0,0,0,4,27,0,0.0
KCJ1788,2010-01-20,14,0,0,0,9,11,0,0.0
KCJ1788,2010-01-21,26,0,0,0,7,26,0,0.0
KCJ1788,2010-01-22,24,0,0,0,9,17,0,0.0
KCJ1788,2010-01-25,27,0,0,0,9,27,0,0.0
KCJ1788,2010-01-26,26,0,0,0,10,23,0,0.0
KCJ1788,2010-01-27,27,0,0,0,10,26,0,0.0
KCJ1788,2010-01-28,27,0,0,0,9,16,0,0.0
KCR1118,2010-01-04,7,0,0,0,5,2,0,0.0
KCR1118,2010-01-06,5,1,0,0,5,4,1,0.0
KCR1118,2010-01-07,7,0,0,0,6,4,0,0.0
KCR1118,2010-01-08,5,0,0,0,4,1,0,0.0
KCR1118,2010-01-11,1,0,0,0,1,0,0,0.0
KCR1118,2010-01-12,5,0,0,0,4,4,0,0.0
KCR1118,2010-01-14,1,0,0,0,1,1,0,0.0
KCR1118,2010-01-15,2,0,0,0,2,2,0,0.0
KCR1118,2010-01-18,5,3,0,0,4,1,2,0.0
KCR1118,2010-01-19,1,0,0,0,1,0,0,0.0
KCR1118,2010-01-20,1,0,0,0,1,0,0,0.0
KCR1118,2010-01-22,5,0,0,0,5,4,0,0.0
KCR1118,2010-01-26,5,0,0,0,5,4,1,0.0
KDC1240,2010-01-02,1,0,0,0,1,1,0,0.0
KDC1240,2010-01-03,7,0,0,0,6,7,0,0.0
KDC1240,2010-01-04,3,0,0,0,3,3,0,0.0
KDC1240,2010-01-06,9,0,0,0,6,8,0,0.0
KDC1240,2010-01-08,6,0,0,0,5,6,0,0.0
KDC1240,2010-01-09,9,0,0,0,4,5,0,0.0
KDC1240,2010-01-10,5,1,0,0,4,5,0,0.0
KDC1240,2010-01-12,8,0,0,0,6,8,0,0.0
KDC1240,2010-01-14,8,0,0,0,5,6,0,0.0
KDC1240,2010-01-17,5,0,0,0,4,4,0,0.0
KDC1240,2010-01-19,8,0,0,0,4,8,0,0.0
KDC1240,2010-01-20,4,0,0,0,3,4,0,0.0
KDC1240,2010-01-21,6,0,0,0,5,5,0,0.0
KDC1240,2010-01-22,12,0,0,0,8,11,0,0.0
KDC1240,2010-01-24,8,0,0,0,4,6,0,0.0
KDC1240,2010-01-25,3,0,0,0,2,3,0,0.0
KDC1240,2010-01-27,9,0,0,0,4,7,0,0.0
KDC1240,2010-01-28,6,0,0,0,4,6,0,0.0
KEO0202,2010-01-04,4,0,0,0,3,4,0,0.0
KEO0202,2010-01-05,8,0,0,0,7,7,0,0.0
KEO0202,2010-01-06,12,6,0,0,8,7,0,0.0
KEO0202,2010-01-07,6,1,0,0,5,3,0,0.0
KEO0202,2010-01-08,4,1,0,0,4,2,0,0.0
KEO0202,2010-01-11,7,0,0,0,7,5,0,0.0
KEO0202,2010-01-12,8,5,0,0,5,6,1,0.0
KEO0202,2010-01-13,8,2,0,0,8,5,0,0.0
KEO0202,2010-01-14,11,0,0,0,7,6,0,0.0
KEO0202,2010-01-15,4,1,0,0,4,4,0,0.0
KEO0202,2010-01-18,7,5,0,0,6,5,1,0.0
KEO0202,2010-01-19,5,0,0,0,5,5,0,0.0
KEO0202,2010-01-20,12,0,0,0,12,9,1,0.0
KEO0202,2010-01-22,5,1,0,0,5,5,0,0.0
KEO0202,2010-01-25,7,1,0,0,6,5,0,0.0
KEO0202,2010-01-26,9,0,0,0,8,6,0,0.0
KEO0202,2010-01-27,11,7,0,0,5,8,0,0.0
KEO0202,2010-01-28,4,2,0,0,4,4,0,0.0
KEO0202,2010-01-29,4,0,0,0,4,2,1,0.0
KGL0178,2010-01-21,4,0,0,0,4,4,0,0.0
KHG0205,2010-01-02,27,4,0,0,9,26,0,0.0
KHG0205,2010-01-04,25,5,0,0,9,24,0,0.0
KHG0205,2010-01-05,27,4,0,0,8,27,0,0.0
KHG0205,2010-01-06,25,10,0,0,6,25,0,0.0
KHG0205,2010-01-07,26,7,0,0,4,26,0,0.0
KHG0205,2010-01-08,27,2,0,0,5,27,0,0.0
KHG0205,2010-01-09,27,2,0,0,12,27,0,0.0
KHG0205,2010-01-11,18,0,0,0,4,16,0,0.0
KHG0205,2010-01-12,26,12,0,0,11,26,0,0.0
KHG0205,2010-01-13,27,1,0,0,10,27,0,0.0
KHG0205,2010-01-14,26,4,0,0,8,26,0,0.0
KHG0205,2010-01-15,23,12,0,0,11,22,0,0.0
KHG0205,2010-01-17,25,17,0,0,9,25,0,0.0
KHG0205,2010-01-18,16,0,0,0,5,16,0,0.0
KHG0205,2010-01-19,24,4,0,0,9,24,0,0.0
KHG0205,2010-01-20,25,3,0,0,9,24,0,0.0
KHG0205,2010-01-21,27,13,0,0,13,27,0,0.0
KHG0205,2010-01-22,25,14,0,0,5,25,0,0.0
KHG0205,2010-01-25,24,2,0,0,13,24,0,0.0
KHG0205,2010-01-26,23,0,0,0,1,23,0,0.0
KHG0205,2010-01-27,26,1,0,0,5,26,0,0.0
KHG0205,2010-01-28,26,0,0,0,9,26,0,0.0
KHG0205,2010-01-29,5,0,0,0,3,5,0,0.0
KIF0951,2010-01-04,2,0,0,0,2,2,0,0.0
KIF0951,2010-01-06,1,0,0,0,1,1,0,0.0
KIF0951,2010-01-07,3,0,0,0,3,3,0,0.0
KIF0951,2010-01-20,6,0,0,0,6,6,0,0.0
KIF0951,2010-01-21,2,0,0,0,2,2,0,0.0
KIF0951,2010-01-25,6,0,0,0,4,6,0,0.0
KIF0951,2010-01-28,4,0,0,0,3,2,0,0.0
KIS1205,2010-01-02,9,0,0,0,7,8,0,0.0
KIS1205,2010-01-05,5,0,0,0,4,5,0,0.0
KIS1205,2010-01-06,9,0,0,0,3,9,0,0.0
KIS1205,2010-01-07,5,0,0,0,4,5,0,0.0
KIS1205,2010-01-11,7,0,0,0,5,7,0,0.0
KIS1205,2010-01-12,2,0,0,0,2,2,0,0.0
KIS1205,2010-01-13,8,0,0,0,4,7,0,0.0
KIS1205,2010-01-14,7,0,0,0,3,7,0,0.0
KIS1205,2010-01-15,7,0,0,0,5,7,0,0.0
KIS1205,2010-01-17,2,0,0,0,2,2,0,0.0
KIS1205,2010-01-18,10,0,0,0,2,10,0,0.0
KIS1205,2010-01-22,6,0,0,0,2,6,0,0.0
KIS1205,2010-01-28,4,0,0,0,4,4,0,0.0
KIS1205,2010-01-29,10,0,0,0,4,10,0,0.0
KJH0872,2010-01-07,2,0,0,0,2,2,0,0.0
KJH0872,2010-01-11,3,0,0,0,2,1,0,0.0
KJH0872,2010-01-12,6,0,0,0,2,6,0,0.0
KJH0872,2010-01-14,5,0,0,0,2,5,0,0.0
KJH0872,2010-01-19,8,8,0,0,6,7,0,0.0
KJH0872,2010-01-21,10,0,0,0,3,10,0,0.0
KJH0872,2010-01-25,4,0,0,0,4,3,0,0.0
KJH0872,2010-01-28,9,0,0,0,6,9,0,0.0
KJM0889,2010-01-10,4,0,0,0,2,4,0,0.0
KJM0889,2010-01-15,6,0,0,0,5,6,0,0.0
KJM0889,2010-01-18,4,0,0,0,2,4,0,0.0
KJM0889,2010-01-21,6,0,0,0,4,6,0,0.0
KJM0889,2010-01-23,6,0,0,0,5,6,0,0.0
KJM0889,2010-01-24,2,0,0,0,1,2,0,0.0
KJM0889,2010-01-25,6,0,0,0,5,6,0,0.0
KJM0889,2010-01-26,3,0,0,0,2,3,0,0.0
KJM0889,2010-01-27,9,0,0,0,3,9,0,0.0
KJW1664,2010-01-07,20,20,0,0,7,20,0,0.0
KJW1664,2010-01-13,23,0,0,0,8,21,0,0.0
KJW1664,2010-01-19,26,0,0,0,12,18,5,0.0
KJW1664,2010-01-20,24,0,0,0,6,18,5,0.0
KJW1664,2010-01-27,23,0,0,0,3,23,0,0.0
KLR0112,2010-01-05,6,0,0,0,5,6,0,0.0
KLR0112,2010-01-07,4,0,0,0,4,2,0,0.0
KLR0112,2010-01-08,5,0,0,0,4,4,0,0.0
KLR0112,2010-01-11,3,0,0,0,2,1,0,0.0
KLR0112,2010-01-12,2,0,0,0,2,2,0,0.0
KLR0112,2010-01-14,7,0,0,0,5,7,0,0.0
KLR0112,2010-01-15,4,0,0,0,2,4,0,0.0
KLR0112,2010-01-18,4,0,0,0,4,4,0,0.0
KLR0112,2010-01-20,4,0,0,0,3,3,0,0.0
KLR0112,2010-01-22,3,0,0,0,3,2,0,0.0
KLR0112,2010-01-25,7,0,0,0,6,7,0,0.0
KLR0112,2010-01-26,6,0,0,0,6,6,0,0.0
KLR0112,2010-01-27,1,0,0,0,1,1,0,0.0
KLR0112,2010-01-28,2,1,0,0,2,2,0,0.0
KMC1934,2010-01-04,8,0,0,0,3,7,0,0.0
KMC1934,2010-01-07,3,0,0,0,3,2,0,0.0
KMC1934,2010-01-08,5,0,0,0,5,4,0,0.0
KMC1934,2010-01-12,7,0,0,0,7,4,0,0.0
KMC1934,2010-01-13,5,0,0,0,3,1,0,0.0
KMC1934,2010-01-20,5,4,0,0,4,5,0,0.0
KMC1934,2010-01-23,4,0,0,0,3,0,0,0.0
KMC1934,2010-01-24,6,5,0,0,3,3,0,0.0
KOG1386,2010-01-06,4,0,0,0,4,3,0,0.0
KOG1386,2010-01-07,3,0,0,0,2,3,0,0.0
KOG1386,2010-01-08,1,0,0,0,1,1,0,0.0
KOG1386,2010-01-11,8,0,0,0,6,8,0,0.0
KOG1386,2010-01-12,1,0,0,0,1,1,0,0.0
KOG1386,2010-01-22,1,0,0,0,1,1,0,0.0
KOG1386,2010-01-26,5,0,0,0,1,5,0,0.0
KOG1386,2010-01-27,1,0,0,0,1,1,0,0.0
KOG1386,2010-01-28,4,0,0,0,2,4,0,0.0
KRC0441,2010-01-04,7,0,0,0,4,6,0,0.0
KRC0441,2010-01-05,7,0,0,0,5,7,0,0.0
KRC0441,2010-01-06,3,0,0,0,3,3,0,0.0
KRC0441,2010-01-07,15,0,0,0,2,4,0,0.0
KRC0441,2010-01-11,8,0,0,0,4,6,0,0.0
KRC0441,2010-01-12,9,2,0,0,4,7,0,0.0
KRC0441,2010-01-13,17,0,0,0,4,3,0,0.0
KRC0441,2010-01-14,12,0,0,0,3,12,0,0.0
KRC0441,2010-01-15,7,0,0,0,5,5,1,0.0
KRC0441,2010-01-19,5,0,0,0,4,5,0,0.0
KRC0441,2010-01-20,7,0,0,0,1,7,0,0.0
KRC0441,2010-01-21,11,0,0,0,2,11,0,0.0
KRC0441,2010-01-25,11,0,0,0,6,10,0,0.0
KRC0441,2010-01-26,7,0,0,0,3,7,0,0.0
KRC0441,2010-01-28,13,0,0,0,1,13,0,0.0
KSS1005,2010-01-06,2,0,0,0,2,2,0,0.0
KSS1005,2010-01-07,3,0,0,0,2,3,0,0.0
KSS1005,2010-01-08,1,0,0,0,1,1,0,0.0
KSS1005,2010-01-10,3,1,0,0,3,3,0,0.0
KSS1005,2010-01-11,1,0,0,0,1,1,0,0.0
KSS1005,2010-01-12,4,0,0,0,4,3,1,0.0
KSS1005,2010-01-13,1,0,0,0,1,1,0,0.0
KSS1005,2010-01-14,5,0,0,0,5,3,1,0.0
KSS1005,2010-01-16,5,3,0,0,3,3,2,0.0
KSS1005,2010-01-18,2,0,0,0,2,2,0,0.0
KSS1005,2010-01-20,2,0,0,0,2,1,1,0.0
KSS1005,2010-01-25,5,2,0,0,3,2,3,0.0
KSS1005,2010-01-27,5,0,0,0,5,4,1,0.0
KSS1005,2010-01-29,2,0,0,0,2,1,0,0.0
KTS0058,2010-01-06,8,0,0,0,4,8,0,0.0
KTS0058,2010-01-07,3,0,0,0,2,3,0,0.0
KTS0058,2010-01-08,3,0,0,0,3,3,0,0.0
KTS0058,2010-01-11,2,0,0,0,2,2,0,0.0
KTS0058,2010-01-12,9,0,0,0,7,6,0,0.0
KTS0058,2010-01-13,5,0,0,0,4,4,0,0.0
KTS0058,2010-01-15,3,0,0,0,2,3,0,0.0
KTS0058,2010-01-18,2,0,0,0,2,2,0,0.0
KTS0058,2010-01-19,4,0,0,0,2,4,0,0.0
KTS0058,2010-01-25,5,0,0,0,4,5,0,0.0
KTS0058,2010-01-26,4,0,0,0,1,4,0,0.0
KTS0058,2010-01-27,7,0,0,0,5,7,0,0.0
KTS0058,2010-01-28,4,0,0,0,4,3,0,0.0
LHA0303,2010-01-07,6,0,0,0,6,5,0,0.0
LHA0303,2010-01-12,5,0,0,0,4,3,0,0.0
LHA0303,2010-01-14,11,0,0,0,7,8,0,0.0
LHA0303,2010-01-20,1,0,0,0,1,0,1,0.0
LHA0303,2010-01-25,5,0,0,0,4,5,0,0.0
LHA0303,2010-01-26,3,0,0,0,2,3,0,0.0
LHP0320,2010-01-04,6,0,0,0,4,6,0,0.0
LHP0320,2010-01-06,3,0,0,0,3,3,0,0.0
LHP0320,2010-01-08,6,0,0,0,4,6,0,0.0
LHP0320,2010-01-18,8,0,0,0,5,7,0,0.0
LHP0320,2010-01-20,4,0,0,0,3,2,0,0.0
LHP0320,2010-01-27,6,0,0,0,4,6,0,0.0
LHP0320,2010-01-29,6,0,0,0,4,6,0,0.0
LIG1756,2010-01-04,9,2,0,0,8,9,0,0.0
LIG1756,2010-01-05,6,2,0,0,4,6,0,0.0
LIG1756,2010-01-06,6,0,0,0,4,3,3,0.0
LIG1756,2010-01-07,4,0,0,0,3,3,0,0.0
LIG1756,2010-01-08,6,0,0,0,4,6,0,0.0
LIG1756,2010-01-11,6,3,0,0,4,6,0,0.0
LIG1756,2010-01-12,3,0,0,0,3,3,0,0.0
LIG1756,2010-01-13,5,0,0,0,5,5,0,0.0
LIG1756,2010-01-14,4,0,0,0,2,4,0,0.0
LIG1756,2010-01-15,8,0,0,0,6,8,0,0.0
LIG1756,2010-01-18,6,0,0,0,5,6,0,0.0
LIG1756,2010-01-19,10,0,0,0,8,9,1,0.0
LIG1756,2010-01-21,5,0,0,0,3,4,0,0.0
LIG1756,2010-01-22,7,0,0,0,4,7,0,0.0
LIG1756,2010-01-25,3,0,0,0,3,3,0,0.0
LIG1756,2010-01-26,14,0,0,0,9,10,2,0.0
LIG1756,2010-01-27,2,0,0,0,2,2,0,0.0
LIG1756,2010-01-28,11,0,0,0,6,10,0,0.0
LIJ1581,2010-01-02,3,0,0,0,2,1,0,0.0
LIJ1581,2010-01-04,4,0,0,0,3,3,0,0.0
LIJ1581,2010-01-06,2,0,0,0,2,2,0,0.0
LIJ1581,2010-01-07,5,0,0,0,3,5,0,0.0
LIJ1581,2010-01-08,4,0,0,0,3,3,0,0.0
LIJ1581,2010-01-11,4,0,0,0,2,4,0,0.0
LIJ1581,2010-01-13,4,0,0,0,3,4,0,0.0
LIJ1581,2010-01-16,10,0,0,0,6,6,0,0.0
LIJ1581,2010-01-22,3,0,0,0,2,3,0,0.0
LIJ1581,2010-01-23,4,2,0,0,3,3,0,0.0
LIJ1581,2010-01-24,4,0,0,0,2,4,0,0.0
LJL1891,2010-01-04,3,0,0,0,2,3,0,0.0
LJL1891,2010-01-06,2,0,0,0,2,2,0,0.0
LJL1891,2010-01-07,5,0,0,0,5,5,0,0.0
LJL1891,2010-01-08,6,0,0,0,4,5,0,0.0
LJL1891,2010-01-13,3,0,0,0,3,3,0,0.0
LJL1891,2010-01-14,7,0,0,0,1,7,0,0.0
LJL1891,2010-01-15,9,0,0,0,5,6,0,0.0
LJL1891,2010-01-18,8,0,0,0,1,8,0,0.0
LJL1891,2010-01-19,3,0,0,0,3,3,0,0.0
LJL1891,2010-01-22,7,0,0,0,1,7,0,0.0
LJL1891,2010-01-28,4,0,0,0,3,2,0,0.0
LJL1891,2010-01-29,6,0,0,0,4,6,0,0.0
LJP1584,2010-01-04,2,0,0,0,2,2,0,0.0
LJP1584,2010-01-07,1,0,0,0,1,1,0,0.0
LJP1584,2010-01-08,2,0,0,0,2,2,0,0.0
LJP1584,2010-01-11,2,0,0,0,2,1,0,0.0
LJP1584,2010-01-12,2,0,0,0,2,2,0,0.0
LJP1584,2010-01-20,4,0,0,0,2,4,0,0.0
LJP1584,2010-01-28,2,0,0,0,2,1,0,0.0
LJV1620,2010-01-04,1,1,0,0,1,1,0,0.0
LJV1620,2010-01-08,4,1,0,0,3,3,0,0.0
LJV1620,2010-01-09,9,0,0,0,6,6,0,0.0
LJV1620,2010-01-12,7,1,0,0,5,7,0,0.0
LJV1620,2010-01-13,6,6,0,0,6,4,0,0.0
LJV1620,2010-01-14,10,0,0,0,5,9,0,0.0
LJV1620,2010-01-15,5,1,0,0,5,3,0,0.0
LJV1620,2010-01-17,3,1,0,0,3,1,0,0.0
LJV1620,2010-01-18,4,0,0,0,4,2,0,0.0
LJV1620,2010-01-19,3,0,0,0,3,3,0,0.0
LJV1620,2010-01-20,2,0,0,0,2,2,0,0.0
LJV1620,2010-01-22,3,0,0,0,3,2,0,0.0
LJV1620,2010-01-25,1,0,0,0,1,0,0,0.0
LJV1620,2010-01-26,7,1,0,0,6,5,0,0.0
LJV1620,2010-01-27,2,1,0,0,2,1,0,0.0
LJV1620,2010-01-28,3,0,0,0,3,2,0,0.0
LJV1620,2010-01-29,1,0,0,0,1,1,0,0.0
LMG0065,2010-01-04,1,0,0,0,1,1,0,0.0
LMG0065,2010-01-13,5,0,0,0,1,5,0,0.0
LMG0065,2010-01-15,4,0,0,0,2,4,0,0.0
LMG0065,2010-01-20,1,0,0,0,1,1,0,0.0
LMG0065,2010-01-21,4,0,0,0,2,4,0,0.0
LMG0065,2010-01-22,4,4,0,0,2,4,0,0.0
LMG0065,2010-01-27,4,0,0,0,3,4,0,0.0
LNS0317,2010-01-02,1,0,0,0,1,1,0,0.0
LNS0317,2010-01-03,1,0,0,0,1,1,0,0.0
LNS0317,2010-01-04,4,0,0,0,4,3,0,0.0
LNS0317,2010-01-07,2,0,0,0,2,2,0,0.0
LNS0317,2010-01-10,5,0,0,0,4,5,0,0.0
LNS0317,2010-01-12,1,0,0,0,1,1,0,0.0
LNS0317,2010-01-14,1,0,0,0,1,1,0,0.0
LNS0317,2010-01-15,2,0,0,0,2,2,0,0.0
LNS0317,2010-01-17,2,0,0,0,2,2,0,0.0
LNS0317,2010-01-22,4,0,0,0,3,4,0,0.0
LNS0317,2010-01-28,2,0,0,0,2,0,0,0.0
LPL0877,2010-01-04,8,5,0,0,4,8,0,0.0
LPL0877,2010-01-05,4,0,0,0,2,4,0,0.0
LPL0877,2010-01-06,13,0,0,0,4,7,0,0.0
LPL0877,2010-01-07,8,2,0,0,7,6,0,0.0
LPL0877,2010-01-08,6,0,0,0,2,6,0,0.0
LPL0877,2010-01-11,11,0,0,0,4,11,0,0.0
LPL0877,2010-01-12,5,0,0,0,4,4,0,0.0
LPL0877,2010-01-13,4,0,0,0,3,4,0,0.0
LPL0877,2010-01-14,7,0,0,0,6,6,0,0.0
LPL0877,2010-01-15,4,0,0,0,2,4,0,0.0
LPL0877,2010-01-19,5,1,0,0,3,5,0,0.0
LPL0877,2010-01-20,5,0,0,0,4,4,0,0.0
LPL0877,2010-01-21,4,3,0,0,3,4,0,0.0
LPL0877,2010-01-25,5,0,0,0,3,4,0,0.0
LPL0877,2010-01-26,3,0,0,0,3,3,0,0.0
LPL0877,2010-01-27,6,1,0,0,4,5,0,0.0
LPL0877,2010-01-28,7,1,0,0,6,5,0,0.0
LPL0877,2010-01-29,3,0,0,0,3,2,0,0.0
LRV1554,2010-01-02,3,0,0,0,2,3,0,0.0
LRV1554,2010-01-03,6,0,0,0,3,4,0,0.0
LRV1554,2010-01-05,4,0,0,0,2,4,0,0.0
LRV1554,2010-01-06,6,0,0,0,5,6,0,0.0
LRV1554,2010-01-07,5,0,0,0,2,5,0,0.0
LRV1554,2010-01-08,6,0,0,0,4,3,0,0.0
LRV1554,2010-01-11,7,0,0,0,3,7,0,0.0
LRV1554,2010-01-12,7,5,0,0,4,7,0,0.0
LRV1554,2010-01-14,1,0,0,0,1,1,0,0.0
LRV1554,2010-01-15,3,0,0,0,3,2,0,0.0
LRV1554,2010-01-16,12,0,0,0,7,8,0,0.0
LRV1554,2010-01-17,3,0,0,0,3,2,0,0.0
LRV1554,2010-01-18,6,3,0,0,5,5,0,0.0
LRV1554,2010-01-19,2,0,0,0,2,1,0,0.0
LRV1554,2010-01-22,7,0,0,0,4,7,0,0.0
LRV1554,2010-01-26,6,2,0,0,5,4,0,0.0
LRV1554,2010-01-27,3,0,0,0,3,3,0,0.0
LRV1554,2010-01-28,1,0,0,0,1,0,0,0.0
LSB1588,2010-01-04,27,3,0,0,16,25,0,0.0
LSB1588,2010-01-05,17,0,0,0,10,15,0,0.0
LSB1588,2010-01-06,24,0,0,0,11,21,0,0.0
LSB1588,2010-01-07,27,2,0,0,15,20,0,0.0
LSB1588,2010-01-08,27,2,0,0,15,25,0,0.0
LSB1588,2010-01-11,26,15,0,0,13,23,0,0.0
LSB1588,2010-01-12,23,5,0,0,14,21,0,0.0
LSB1588,2010-01-13,27,3,0,0,11,22,0,0.0
LSB1588,2010-01-14,27,2,0,0,16,26,0,0.0
LSB1588,2010-01-15,25,5,0,0,14,23,0,0.0
LSB1588,2010-01-18,27,0,0,0,12,25,0,0.0
LSB1588,2010-01-19,19,2,0,0,13,15,0,0.0
LSB1588,2010-01-20,26,2,0,0,10,25,0,0.0
LSB1588,2010-01-21,27,1,0,0,17,22,0,0.0
LSB1588,2010-01-22,27,13,0,0,14,20,0,0.0
LSB1588,2010-01-25,27,7,0,0,14,22,0,0.0
LSB1588,2010-01-26,21,0,0,0,12,18,0,0.0
LSB1588,2010-01-27,27,2,0,0,13,23,0,0.0
LSB1588,2010-01-28,27,1,0,0,10,26,0,0.0
LSB1588,2010-01-29,13,0,0,0,9,11,0,0.0
LSJ0979,2010-01-08,13,0,0,0,2,13,0,0.0
LSJ0979,2010-01-11,5,0,0,0,3,2,0,0.0
LSJ0979,2010-01-14,4,0,0,0,3,3,0,0.0
LSJ0979,2010-01-19,9,0,0,0,2,9,0,0.0
LSJ0979,2010-01-25,6,0,0,0,2,1,0,0.0
LSJ0979,2010-01-26,6,0,0,0,3,2,0,0.0
LSJ0979,2010-01-29,8,0,0,0,2,1,0,0.0
LSM1382,2010-01-04,8,0,0,0,3,8,0,0.0
LSM1382,2010-01-06,4,0,0,0,4,4,0,0.0
LSM1382,2010-01-08,6,0,0,0,4,5,0,0.0
LSM1382,2010-01-11,9,0,0,0,3,0,0,0.0
LSM1382,2010-01-12,6,0,0,0,4,4,0,0.0
LSM1382,2010-01-13,5,0,0,0,3,5,0,0.0
LSM1382,2010-01-14,7,0,0,0,4,7,0,0.0
LSM1382,2010-01-15,4,0,0,0,3,4,0,0.0
LSM1382,2010-01-21,8,0,0,0,4,8,0,0.0
LSM1382,2010-01-26,5,0,0,0,2,3,0,0.0
LSM1382,2010-01-27,8,0,0,0,2,5,0,0.0
LSM1382,2010-01-28,6,0,0,0,2,6,0,0.0
LTS1378,2010-01-03,2,0,0,0,2,1,0,0.0
LTS1378,2010-01-05,2,0,0,0,1,2,0,0.0
LTS1378,2010-01-06,4,0,0,0,3,4,0,0.0
LTS1378,2010-01-07,1,0,0,0,1,1,0,0.0
LTS1378,2010-01-08,7,0,0,0,5,3,0,0.0
LTS1378,2010-01-09,1,0,0,0,1,0,0,0.0
LTS1378,2010-01-10,3,0,0,0,3,2,0,0.0
LTS1378,2010-01-11,9,0,0,0,5,9,0,0.0
LTS1378,2010-01-12,2,0,0,0,2,2,0,0.0
LTS1378,2010-01-13,6,0,0,0,5,4,0,0.0
LTS1378,2010-01-14,8,0,0,0,4,4,0,0.0
LTS1378,2010-01-16,1,0,0,0,1,1,0,0.0
LTS1378,2010-01-18,4,0,0,0,3,3,0,0.0
LTS1378,2010-01-19,5,0,0,0,3,1,0,0.0
LTS1378,2010-01-20,3,0,0,0,3,2,0,0.0
LTS1378,2010-01-21,3,0,0,0,2,1,0,0.0
LTS1378,2010-01-22,4,0,0,0,3,3,0,0.0
LTS1378,2010-01-24,1,0,0,0,1,1,0,0.0
LTS1378,2010-01-25,3,1,0,0,3,3,0,0.0
LTS1378,2010-01-26,3,0,0,0,3,2,0,0.0
LTS1378,2010-01-27,1,0,0,0,1,0,0,0.0
LTS1378,2010-01-28,1,0,0,0,1,1,0,0.0
LTS1378,2010-01-29,2,0,0,0,2,2,0,0.0
LVF1626,2010-01-06,2,0,0,0,2,2,0,0.0
LVF1626,2010-01-08,1,0,0,0,1,1,0,0.0
LVF1626,2010-01-12,5,0,0,0,4,5,0,0.0
LVF1626,2010-01-13,1,0,0,0,1,1,0,0.0
LVF1626,2010-01-14,4,4,0,0,4,3,0,0.0
LVF1626,2010-01-15,2,0,0,0,2,2,0,0.0
LVF1626,2010-01-19,1,0,0,0,1,1,0,0.0
LVF1626,2010-01-20,5,2,0,0,4,3,0,0.0
LVF1626,2010-01-21,5,0,0,0,5,4,0,0.0
LVF1626,2010-01-25,5,0,0,0,5,2,0,0.0
LVF1626,2010-01-26,5,5,0,0,4,3,0,0.0
LVF1626,2010-01-27,1,0,0,0,1,0,0,0.0
LVF1626,2010-01-28,3,2,0,0,2,2,0,0.0
MAB1340,2010-01-03,4,0,0,0,2,4,0,0.0
MAB1340,2010-01-04,6,0,0,0,5,6,0,0.0
MAB1340,2010-01-05,4,0,0,0,4,3,0,0.0
MAB1340,2010-01-07,3,0,0,0,1,3,0,0.0
MAB1340,2010-01-08,2,0,0,0,2,1,0,0.0
MAB1340,2010-01-09,5,0,0,0,4,3,0,0.0
MAB1340,2010-01-11,1,0,0,0,1,1,0,0.0
MAB1340,2010-01-12,7,0,0,0,6,4,0,0.0
MAB1340,2010-01-14,4,0,0,0,4,2,0,0.0
MAB1340,2010-01-16,3,0,0,0,3,2,0,0.0
MAB1340,2010-01-18,1,0,0,0,1,0,0,0.0
MAB1340,2010-01-19,4,0,0,0,4,4,0,0.0
MAB1340,2010-01-22,2,0,0,0,2,1,0,0.0
MAB1340,2010-01-24,2,0,0,0,2,2,0,0.0
MAB1340,2010-01-25,8,0,0,0,5,5,0,0.0
MAB1340,2010-01-27,1,0,0,0,1,0,0,0.0
MAF0293,2010-01-04,25,4,0,0,18,20,0,0.0
MAF0293,2010-01-05,24,0,0,0,15,23,0,0.0
MAF0293,2010-01-06,22,3,0,0,11,18,0,0.0
MAF0293,2010-01-07,19,7,0,0,5,11,0,0.0
MAF0293,2010-01-08,26,8,0,0,16,20,0,0.0
MAF0293,2010-01-11,23,6,0,0,16,19,0,0.0
MAF0293,2010-01-12,19,5,0,0,12,15,0,0.0
MAF0293,2010-01-13,24,11,0,0,17,22,0,0.0
MAF0293,2010-01-14,27,3,0,0,20,23,0,0.0
MAF0293,2010-01-15,21,7,0,0,12,21,0,0.0
MAF0293,2010-01-18,23,3,0,0,9,23,0,0.0
MAF0293,2010-01-19,20,8,0,0,11,18,0,0.0
MAF0293,2010-01-20,18,2,0,0,15,15,0,0.0
MAF0293,2010-01-21,19,0,0,0,11,15,0,0.0
MAF0293,2010-01-22,24,0,0,0,10,19,0,0.0
MAF0293,2010-01-25,27,3,0,0,16,23,0,0.0
MAF0293,2010-01-26,24,6,0,0,6,24,0,0.0
MAF0293,2010-01-27,25,11,0,0,14,17,0,0.0
MAF0293,2010-01-28,26,4,0,0,14,24,0,0.0
MAF0293,2010-01-29,3,0,0,0,3,3,0,0.0
MCB0227,2010-01-07,4,0,0,0,1,4,0,0.0
MCB0227,2010-01-11,2,0,0,0,1,2,0,0.0
MCB0227,2010-01-12,5,0,0,0,2,4,0,0.0
MCB0227,2010-01-14,1,0,0,0,1,1,0,0.0
MCB0227,2010-01-18,1,0,0,0,1,1,0,0.0
MCB0227,2010-01-19,1,0,0,0,1,1,0,0.0
MCB0227,2010-01-20,2,0,0,0,1,2,0,0.0
MCB0227,2010-01-26,2,0,0,0,2,2,0,0.0
MCB0227,2010-01-27,3,0,0,0,2,3,0,0.0
MCB1145,2010-01-04,22,4,0,0,16,13,0,0.0
MCB1145,2010-01-05,22,5,0,0,17,17,2,0.0
MCB1145,2010-01-06,23,0,0,0,14,15,0,0.0
MCB1145,2010-01-07,21,0,0,0,18,14,1,0.0
MCB1145,2010-01-08,18,1,0,0,15,14,0,0.0
MCB1145,2010-01-11,18,4,0,0,14,13,1,0.0
MCB1145,2010-01-12,26,0,0,0,20,17,3,0.0
MCB1145,2010-01-13,25,3,0,0,15,16,3,0.0
MCB1145,2010-01-14,22,1,0,0,18,16,0,0.0
MCB1145,2010-01-15,27,3,0,0,18,20,1,0.0
MCB1145,2010-01-18,19,3,0,0,14,14,0,0.0
MCB1145,2010-01-19,23,9,0,0,16,19,1,0.0
MCB1145,2010-01-20,19,2,0,0,15,11,1,0.0
MCB1145,2010-01-21,24,0,0,0,17,20,0,0.0
MCB1145,2010-01-22,27,0,0,0,17,22,1,0.0
MCB1145,2010-01-25,21,1,0,0,16,14,1,0.0
MCB1145,2010-01-26,27,5,0,0,21,19,1,0.0
MCB1145,2010-01-27,20,3,0,0,17,16,1,0.0
MCB1145,2010-01-28,25,0,0,0,20,15,0,0.0
MCB1145,2010-01-29,16,0,0,0,11,15,0,0.0
MCH0620,2010-01-04,6,0,0,0,1,6,0,0.0
MCH0620,2010-01-05,10,0,0,0,4,9,0,0.0
MCH0620,2010-01-06,6,0,0,0,4,4,0,0.0
MCH0620,2010-01-08,5,0,0,0,1,5,0,0.0
MCH0620,2010-01-11,7,0,0,0,2,7,0,0.0
MCH0620,2010-01-19,1,0,0,0,1,0,0,0.0
MCH0620,2010-01-20,4,0,0,0,2,4,0,0.0
MCH0620,2010-01-21,9,1,0,0,6,9,0,0.0
MCH0620,2010-01-26,3,0,0,0,1,3,0,0.0
MCH0620,2010-01-27,4,0,0,0,3,4,0,0.0
MCH0620,2010-01-28,2,0,0,0,1,2,0,0.0
MCP0611,2010-01-04,2,0,0,0,2,2,0,0.0
MCP0611,2010-01-05,5,0,0,0,5,4,0,0.0
MCP0611,2010-01-06,1,0,0,0,1,1,0,0.0
MCP0611,2010-01-07,2,0,0,0,2,2,0,0.0
MCP0611,2010-01-08,2,0,0,0,1,2,0,0.0
MCP0611,2010-01-11,2,0,0,0,2,2,0,0.0
MCP0611,2010-01-12,3,0,0,0,3,3,0,0.0
MCP0611,2010-01-13,5,0,0,0,5,5,0,0.0
MCP0611,2010-01-14,1,0,0,0,1,1,0,0.0
MCP0611,2010-01-15,2,0,0,0,2,2,0,0.0
MCP0611,2010-01-19,2,0,0,0,2,2,0,0.0
MCP0611,2010-01-20,1,0,0,0,1,0,0,0.0
MCP0611,2010-01-21,1,0,0,0,1,0,0,0.0
MCP0611,2010-01-28,2,0,0,0,2,1,0,0.0
MCP0611,2010-01-29,2,0,0,0,2,2,0,0.0
MCV1046,2010-01-04,6,0,0,0,2,6,0,0.0
MCV1046,2010-01-07,4,0,0,0,2,1,0,0.0
MCV1046,2010-01-08,3,0,0,0,3,2,0,0.0
MCV1046,2010-01-12,1,0,0,0,1,0,0,0.0
MCV1046,2010-01-14,2,0,0,0,2,1,0,0.0
MCV1046,2010-01-18,3,0,0,0,3,3,0,0.0
MCV1046,2010-01-19,2,0,0,0,2,2,0,0.0
MCV1046,2010-01-20,2,0,0,0,2,2,0,0.0
MCV1046,2010-01-21,3,0,0,0,1,3,0,0.0
MCV1046,2010-01-22,2,0,0,0,2,1,0,0.0
MCV1046,2010-01-26,5,0,0,0,4,3,0,0.0
MCV1046,2010-01-27,6,0,0,0,3,5,0,0.0
MCV1046,2010-01-28,3,2,0,0,3,3,0,0.0
MDC0520,2010-01-04,25,0,0,0,9,25,0,0.0
MDC0520,2010-01-05,27,0,0,0,10,24,0,0.0
MDC0520,2010-01-06,20,0,0,0,12,18,0,0.0
MDC0520,2010-01-07,23,0,0,0,2,23,0,0.0
MDC0520,2010-01-08,25,0,0,0,9,22,0,0.0
MDC0520,2010-01-11,24,0,0,0,4,23,0,0.0
MDC0520,2010-01-12,27,0,0,0,8,27,0,0.0
MDC0520,2010-01-13,27,0,0,0,7,27,0,0.0
MDC0520,2010-01-14,25,0,0,0,7,24,0,0.0
MDC0520,2010-01-15,21,0,0,0,8,21,0,0.0
MDC0520,2010-01-18,27,0,0,0,10,22,0,0.0
MDC0520,2010-01-19,15,0,0,0,7,14,0,0.0
MDC0520,2010-01-20,21,0,0,0,5,20,0,0.0
MDC0520,2010-01-21,26,0,0,0,10,22,0,0.0
MDC0520,2010-01-22,25,0,0,0,11,23,0,0.0
MDC0520,2010-01-25,23,0,0,0,6,22,0,0.0
MDC0520,2010-01-26,21,0,0,0,11,19,0,0.0
MDC0520,2010-01-27,27,0,0,0,10,13,0,0.0
MDC0520,2010-01-28,26,0,0,0,9,26,0,0.0
MDC0520,2010-01-29,12,0,0,0,4,12,0,0.0
MDS0680,2010-01-05,4,0,0,0,3,4,0,0.0
MDS0680,2010-01-06,2,0,0,0,2,2,0,0.0
MDS0680,2010-01-08,4,0,0,0,3,3,0,0.0
MDS0680,2010-01-11,5,1,0,0,3,3,0,0.0
MDS0680,2010-01-12,3,0,0,0,3,3,0,0.0
MDS0680,2010-01-13,5,0,0,0,4,5,0,0.0
MDS0680,2010-01-14,5,0,0,0,5,4,0,0.0
MDS0680,2010-01-15,4,0,0,0,4,4,0,0.0
MDS0680,2010-01-18,2,0,0,0,2,2,0,0.0
MDS0680,2010-01-19,5,0,0,0,5,3,0,0.0
MDS0680,2010-01-25,4,0,0,0,4,4,0,0.0
MDS0680,2010-01-26,3,0,0,0,3,3,0,0.0
MDS0680,2010-01-27,2,0,0,0,1,0,0,0.0
MDS0680,2010-01-29,1,0,0,0,1,1,0,0.0
MEB1743,2010-01-05,1,0,0,0,1,1,0,0.0
MEB1743,2010-01-06,3,0,0,0,2,3,0,0.0
MEB1743,2010-01-07,2,0,0,0,2,2,0,0.0
MEB1743,2010-01-08,1,0,0,0,1,0,0,0.0
MEB1743,2010-01-12,6,0,0,0,4,5,0,0.0
MEB1743,2010-01-13,2,0,0,0,1,0,0,0.0
MEB1743,2010-01-14,2,0,0,0,2,2,0,0.0
MEB1743,2010-01-15,2,0,0,0,2,2,0,0.0
MEB1743,2010-01-18,5,3,0,0,2,5,0,0.0
MEB1743,2010-01-19,4,0,0,0,4,4,0,0.0
MEB1743,2010-01-20,3,0,0,0,1,3,0,0.0
MEB1743,2010-01-22,4,0,0,0,3,4,0,0.0
MEB1743,2010-01-25,3,0,0,0,1,3,0,0.0
MEB1743,2010-01-27,2,0,0,0,2,2,0,0.0
MEB1743,2010-01-28,7,0,0,0,2,6,0,0.0
MEB1743,2010-01-29,1,0,0,0,1,1,0,0.0
MEH0029,2010-01-04,25,3,0,0,10,22,0,0.0
MEH0029,2010-01-05,26,1,0,0,10,21,0,0.0
MEH0029,2010-01-06,26,0,0,0,10,20,0,0.0
MEH0029,2010-01-07,27,0,0,0,5,21,0,0.0
MEH0029,2010-01-08,27,4,0,0,13,20,0,0.0
MEH0029,2010-01-11,27,16,0,0,14,24,0,0.0
MEH0029,2010-01-12,20,9,0,0,11,15,0,0.0
MEH0029,2010-01-13,27,0,0,0,10,23,0,0.0
MEH0029,2010-01-14,16,3,0,0,10,15,0,0.0
MEH0029,2010-01-15,19,3,0,0,8,17,0,0.0
MEH0029,2010-01-18,27,4,0,0,8,21,0,0.0
MEH0029,2010-01-19,23,2,0,0,14,20,0,0.0
MEH0029,2010-01-20,25,0,0,0,8,22,0,0.0
MEH0029,2010-01-21,27,4,0,0,15,21,0,0.0
MEH0029,2010-01-22,27,0,0,0,8,23,0,0.0
MEH0029,2010-01-25,24,0,0,0,12,24,0,0.0
MEH0029,2010-01-26,27,2,0,0,17,22,0,0.0
MEH0029,2010-01-27,27,2,0,0,12,24,0,0.0
MEH0029,2010-01-28,27,4,0,0,15,18,0,0.0
MEH0029,2010-01-29,7,4,0,0,4,3,0,0.0
MGB1235,2010-01-04,2,0,0,0,2,2,0,0.0
MGB1235,2010-01-06,2,0,0,0,2,1,0,0.0
MGB1235,2010-01-07,1,0,0,0,1,1,0,0.0
MGB1235,2010-01-08,3,0,0,0,2,2,0,0.0
MGB1235,2010-01-11,2,0,0,0,2,1,0,0.0
MGB1235,2010-01-13,1,0,0,0,1,0,0,0.0
MGB1235,2010-01-14,1,0,0,0,1,1,0,0.0
MGB1235,2010-01-15,3,0,0,0,2,3,0,0.0
MGB1235,2010-01-18,2,0,0,0,1,2,0,0.0
MGB1235,2010-01-19,5,0,0,0,3,1,0,0.0
MGB1235,2010-01-21,4,0,0,0,2,4,0,0.0
MGB1235,2010-01-26,3,0,0,0,3,1,0,0.0
MGB1235,2010-01-28,1,0,0,0,1,1,0,0.0
MKC0869,2010-01-04,2,0,0,0,2,2,0,0.0
MKC0869,2010-01-05,2,0,0,0,2,2,0,0.0
MKC0869,2010-01-08,2,0,0,0,1,2,0,0.0
MKC0869,2010-01-11,5,0,0,0,4,5,0,0.0
MKC0869,2010-01-12,1,0,0,0,1,1,0,0.0
MKC0869,2010-01-13,6,1,0,0,6,6,0,0.0
MKC0869,2010-01-14,2,0,0,0,1,2,0,0.0
MKC0869,2010-01-18,1,0,0,0,1,1,0,0.0
MKC0869,2010-01-19,2,1,0,0,2,2,0,0.0
MKC0869,2010-01-20,4,1,0,0,4,4,0,0.0
MKC0869,2010-01-21,2,0,0,0,2,1,0,0.0
MKC0869,2010-01-22,1,0,0,0,1,0,0,0.0
MKC0869,2010-01-28,4,0,0,0,3,4,0,0.0
MKC0869,2010-01-29,4,0,0,0,3,4,0,0.0
MKW1422,2010-01-04,26,0,0,0,11,21,0,0.0
MKW1422,2010-01-08,27,0,0,0,12,24,0,0.0
MKW1422,2010-01-11,25,0,0,0,15,20,0,0.0
MKW1422,2010-01-20,25,0,0,0,12,19,0,0.0
MLC0141,2010-01-04,3,0,0,0,3,3,0,0.0
MLC0141,2010-01-06,7,0,0,0,5,6,0,0.0
MLC0141,2010-01-07,6,0,0,0,6,6,0,0.0
MLC0141,2010-01-11,4,0,0,0,4,3,0,0.0
MLC0141,2010-01-15,6,0,0,0,5,3,0,0.0
MLC0141,2010-01-20,5,0,0,0,4,5,0,0.0
MLC0141,2010-01-22,7,0,0,0,6,7,0,0.0
MLC0141,2010-01-26,9,0,0,0,6,9,0,0.0
MLC0141,2010-01-28,5,0,0,0,3,5,0,0.0
MMC1008,2010-01-04,27,1,0,0,5,7,0,0.0
MMC1008,2010-01-05,17,0,0,0,9,7,0,0.0
MMC1008,2010-01-06,27,2,0,0,9,11,0,0.0
MMC1008,2010-01-07,23,1,0,0,11,8,1,0.0
MMC1008,2010-01-08,26,0,0,0,11,20,1,0.0
MMC1008,2010-01-11,19,0,0,0,15,10,1,0.0
MMC1008,2010-01-12,20,0,0,0,7,10,0,0.0
MMC1008,2010-01-13,27,0,0,0,7,8,0,0.0
MMC1008,2010-01-14,19,0,0,0,10,14,0,0.0
MMC1008,2010-01-15,27,3,0,0,12,20,0,0.0
MMC1008,2010-01-18,27,3,0,0,9,15,0,0.0
MMC1008,2010-01-19,25,4,0,0,10,16,0,0.0
MMC1008,2010-01-20,24,4,0,0,11,13,0,0.0
MMC1008,2010-01-21,27,3,0,0,8,8,0,0.0
MMC1008,2010-01-22,24,3,0,0,14,15,0,0.0
MMC1008,2010-01-25,27,0,0,0,13,18,0,0.0
MMC1008,2010-01-26,27,0,0,0,9,20,0,0.0
MMC1008,2010-01-27,26,8,0,0,5,7,0,0.0
MMC1008,2010-01-28,25,3,0,0,7,15,0,0.0
MMC1008,2010-01-29,6,0,0,0,5,3,0,0.0
MNM1948,2010-01-04,26,3,0,0,6,25,0,0.0
MNM1948,2010-01-05,24,1,0,0,4,24,0,0.0
MNM1948,2010-01-06,23,0,0,0,5,23,0,0.0
MNM1948,2010-01-07,27,5,0,0,8,22,0,0.0
MNM1948,2010-01-08,27,0,0,0,9,26,0,0.0
MNM1948,2010-01-11,24,2,0,0,7,24,0,0.0
MNM1948,2010-01-12,15,2,0,0,3,15,0,0.0
MNM1948,2010-01-13,27,2,0,0,5,27,0,0.0
MNM1948,2010-01-14,25,0,0,0,7,19,0,0.0
MNM1948,2010-01-15,27,3,0,0,8,23,0,0.0
MNM1948,2010-01-18,26,0,0,0,3,26,0,0.0
MNM1948,2010-01-19,27,4,0,0,11,25,0,0.0
MNM1948,2010-01-20,26,4,0,0,6,26,0,0.0
MNM1948,2010-01-21,25,1,0,0,3,25,0,0.0
MNM1948,2010-01-22,27,6,0,0,10,22,0,0.0
MNM1948,2010-01-25,27,0,0,0,6,27,0,0.0
MNM1948,2010-01-26,24,0,0,0,6,24,0,0.0
MNM1948,2010-01-27,23,2,0,0,8,23,0,0.0
MNM1948,2010-01-28,27,4,0,0,7,27,0,0.0
MNM1948,2010-01-29,20,10,0,0,7,17,0,0.0
MOD1927,2010-01-04,11,0,0,0,3,7,0,0.0
MOD1927,2010-01-07,3,0,0,0,2,1,0,0.0
MOD1927,2010-01-08,1,0,0,0,1,0,0,0.0
MOD1927,2010-01-12,8,1,0,0,4,5,0,0.0
MOD1927,2010-01-13,7,7,0,0,5,7,0,0.0
MOD1927,2010-01-14,4,0,0,0,2,2,0,0.0
MOD1927,2010-01-15,6,0,0,0,5,5,0,0.0
MOD1927,2010-01-17,8,0,0,0,4,8,0,0.0
MOD1927,2010-01-18,6,6,0,0,4,6,0,0.0
MOD1927,2010-01-21,8,0,0,0,4,6,0,0.0
MOD1927,2010-01-25,9,0,0,0,3,7,0,0.0
MOD1927,2010-01-26,2,0,0,0,2,2,0,0.0
MOD1927,2010-01-27,7,0,0,0,3,5,0,0.0
MOD1927,2010-01-28,3,0,0,0,3,1,0,0.0
MOD1927,2010-01-29,9,9,0,0,5,9,0,0.0
MTD0971,2010-01-05,7,0,0,0,5,6,0,0.0
MTD0971,2010-01-06,6,0,0,0,4,6,0,0.0
MTD0971,2010-01-07,7,0,0,0,5,7,0,0.0
MTD0971,2010-01-11,2,0,0,0,2,2,0,0.0
MTD0971,2010-01-12,2,0,0,0,2,0,0,0.0
MTD0971,2010-01-13,10,0,0,0,7,9,0,0.0
MTD0971,2010-01-14,4,0,0,0,3,3,0,0.0
MTD0971,2010-01-18,5,0,0,0,4,5,0,0.0
MTD0971,2010-01-20,5,0,0,0,5,5,0,0.0
MTD0971,2010-01-22,8,0,0,0,5,6,0,0.0
MTD0971,2010-01-25,5,1,0,0,4,4,0,0.0
MTD0971,2010-01-27,6,0,0,0,5,6,0,0.0
MTS0958,2010-01-07,6,3,0,0,3,4,0,0.0
MTS0958,2010-01-08,9,0,0,0,5,7,0,0.0
MTS0958,2010-01-12,4,3,0,0,3,3,0,0.0
MTS0958,2010-01-14,6,0,0,0,3,1,0,0.0
MTS0958,2010-01-15,7,1,0,0,4,1,0,0.0
MTS0958,2010-01-18,6,0,0,0,1,0,0,0.0
MTS0958,2010-01-21,5,0,0,0,1,0,0,0.0
MTS0958,2010-01-22,5,0,0,0,4,2,0,0.0
MTS0958,2010-01-25,3,0,0,0,1,0,0,0.0
MTS0958,2010-01-28,3,0,0,0,1,0,0,0.0
MTS0958,2010-01-29,1,0,0,0,1,1,0,0.0
MWB0225,2010-01-04,5,0,0,0,5,5,0,0.0
MWB0225,2010-01-12,5,0,0,0,4,2,0,0.0
MWB0225,2010-01-21,8,0,0,0,5,6,0,0.0
MWB0225,2010-01-28,1,0,0,0,1,1,0,0.0
NAB1673,2010-01-04,3,0,0,0,3,3,0,0.0
NAB1673,2010-01-12,1,0,0,0,1,1,0,0.0
NAB1673,2010-01-14,5,0,0,0,5,4,0,0.0
NAH1366,2010-01-07,5,0,0,0,3,3,0,0.0
NAH1366,2010-01-08,4,0,0,0,4,3,0,0.0
NAH1366,2010-01-11,5,0,0,0,3,1,0,0.0
NAH1366,2010-01-12,5,1,0,0,5,3,0,0.0
NAH1366,2010-01-13,5,0,0,0,5,4,0,0.0
NAH1366,2010-01-14,5,1,0,0,3,2,0,0.0
NAH1366,2010-01-25,4,0,0,0,3,4,0,0.0
NAH1366,2010-01-26,2,0,0,0,2,1,0,0.0
NAH1366,2010-01-27,2,0,0,0,1,0,0,0.0
NAH1366,2010-01-28,1,0,0,0,1,1,0,0.0
NBL1490,2010-01-04,1,0,0,0,1,1,0,0.0
NBL1490,2010-01-07,1,0,0,0,1,1,0,0.0
NBL1490,2010-01-12,2,0,0,0,2,2,0,0.0
NBL1490,2010-01-14,2,0,0,0,1,2,0,0.0
NBL1490,2010-01-18,2,0,0,0,2,2,0,0.0
NBL1490,2010-01-27,4,0,0,0,4,4,0,0.0
NBL1490,2010-01-28,7,0,0,0,4,7,0,0.0
NCC0454,2010-01-04,6,0,0,0,5,5,0,0.0
NCC0454,2010-01-05,7,0,0,0,6,2,0,0.0
NCC0454,2010-01-06,1,0,0,0,1,1,0,0.0
NCC0454,2010-01-07,2,0,0,0,2,1,0,0.0
NCC0454,2010-01-08,3,0,0,0,3,3,0,0.0
NCC0454,2010-01-11,5,0,0,0,4,2,0,0.0
NCC0454,2010-01-12,12,0,0,0,8,11,0,0.0
NCC0454,2010-01-14,2,0,0,0,2,0,0,0.0
NCC0454,2010-01-15,7,0,0,0,4,6,0,0.0
NCC0454,2010-01-18,3,0,0,0,2,1,0,0.0
NCC0454,2010-01-19,5,0,0,0,2,5,0,0.0
NCC0454,2010-01-20,2,0,0,0,2,2,0,0.0
NCC0454,2010-01-21,3,0,0,0,3,2,0,0.0
NCC0454,2010-01-22,4,0,0,0,2,4,0,0.0
NCC0454,2010-01-25,3,0,0,0,3,2,0,0.0
NCC0454,2010-01-28,5,0,0,0,3,5,0,0.0
NIM1203,2010-01-04,14,0,0,0,9,12,0,0.0
NIM1203,2010-01-05,8,0,0,0,7,6,0,0.0
NIM1203,2010-01-06,7,0,0,0,4,6,0,0.0
NIM1203,2010-01-07,14,0,0,0,6,13,0,0.0
NIM1203,2010-01-08,9,0,0,0,9,9,0,0.0
NIM1203,2010-01-11,13,0,0,0,9,8,2,0.0
NIM1203,2010-01-12,13,0,0,0,8,8,0,0.0
NIM1203,2010-01-13,7,0,0,0,5,7,0,0.0
NIM1203,2010-01-14,5,0,0,0,5,4,0,0.0
NIM1203,2010-01-15,9,0,0,0,7,6,0,0.0
NIM1203,2010-01-18,14,0,0,0,9,12,0,0.0
NIM1203,2010-01-19,6,0,0,0,3,4,0,0.0
NIM1203,2010-01-20,9,0,0,0,7,6,1,0.0
NIM1203,2010-01-21,10,0,0,0,7,7,2,0.0
NIM1203,2010-01-22,4,0,0,0,3,3,0,0.0
NIM1203,2010-01-25,9,0,0,0,8,9,0,0.0
NIM1203,2010-01-26,2,0,0,0,1,2,0,0.0
NIM1203,2010-01-27,16,0,0,0,11,11,1,0.0
NIM1203,2010-01-28,13,0,0,0,10,11,0,0.0
NIM1203,2010-01-29,2,0,0,0,2,2,0,0.0
NIM1282,2010-01-15,25,0,0,0,7,19,0,0.0
NIM1282,2010-01-19,23,0,0,0,3,22,0,0.0
NIM1282,2010-01-26,19,0,0,0,4,19,0,0.0
NJB0011,2010-01-03,27,0,0,0,9,20,0,0.0
NJB0011,2010-01-10,22,0,0,0,10,6,1,0.0
NJB0011,2010-01-15,23,19,0,0,8,14,0,0.0
NJB0011,2010-01-19,24,0,0,0,13,15,0,0.0
NJB0011,2010-01-20,27,0,0,0,14,14,2,0.0
NJB0011,2010-01-26,24,0,0,0,6,17,0,0.0
NJC0003,2010-01-04,9,0,0,0,3,8,0,0.0
NJC0003,2010-01-05,11,0,0,0,5,10,0,0.0
NJC0003,2010-01-07,4,0,0,0,4,3,0,0.0
NJC0003,2010-01-08,4,0,0,0,3,3,0,0.0
NJC0003,2010-01-14,3,0,0,0,3,3,0,0.0
NJC0003,2010-01-15,4,0,0,0,3,3,0,0.0
NJC0003,2010-01-18,7,0,0,0,5,4,0,0.0
NJC0003,2010-01-19,6,0,0,0,5,6,0,0.0
NJC0003,2010-01-20,7,0,0,0,6,5,0,0.0
NJC0003,2010-01-21,10,0,0,0,7,10,0,0.0
NJC0003,2010-01-25,6,0,0,0,5,6,0,0.0
NJC0003,2010-01-26,3,0,0,0,2,3,0,0.0
NJC0003,2010-01-27,1,0,0,0,1,0,0,0.0
NJC0003,2010-01-28,5,0,0,0,3,3,0,0.0
NOB1015,2010-01-04,5,0,0,0,2,3,0,0.0
NOB1015,2010-01-05,9,0,0,0,5,5,0,0.0
NOB1015,2010-01-06,11,0,0,0,9,9,0,0.0
NOB1015,2010-01-07,10,0,0,0,2,10,0,0.0
NOB1015,2010-01-08,7,0,0,0,5,4,0,0.0
NOB1015,2010-01-11,10,0,0,0,6,8,0,0.0
NOB1015,2010-01-12,12,0,0,0,7,7,0,0.0
NOB1015,2010-01-13,15,0,0,0,7,15,0,0.0
NOB1015,2010-01-14,12,0,0,0,9,9,0,0.0
NOB1015,2010-01-15,10,0,0,0,4,10,0,0.0
NOB1015,2010-01-18,10,0,0,0,5,9,0,0.0
NOB1015,2010-01-19,4,0,0,0,4,3,0,0.0
NOB1015,2010-01-20,11,0,0,0,10,8,0,0.0
NOB1015,2010-01-21,9,0,0,0,2,9,0,0.0
NOB1015,2010-01-22,8,0,0,0,6,7,0,0.0
NOB1015,2010-01-25,13,0,0,0,5,10,0,0.0
NOB1015,2010-01-26,12,0,0,0,8,7,0,0.0
NOB1015,2010-01-27,14,0,0,0,6,13,0,0.0
NOB1015,2010-01-28,17,0,0,0,12,10,0,0.0
NOB1015,2010-01-29,3,0,0,0,3,2,0,0.0
NRH0510,2010-01-05,1,0,0,0,1,1,0,0.0
NRH0510,2010-01-07,5,0,0,0,2,5,0,0.0
NRH0510,2010-01-25,3,0,0,0,2,3,0,0.0
NRH0510,2010-01-27,1,0,0,0,1,1,0,0.0
NTB0710,2010-01-04,18,3,0,0,6,10,0,0.0
NTB0710,2010-01-05,27,0,0,0,13,22,0,0.0
NTB0710,2010-01-06,22,0,0,0,5,21,0,0.0
NTB0710,2010-01-07,23,6,0,0,12,12,0,0.0
NTB0710,2010-01-08,27,0,0,0,11,26,0,0.0
NTB0710,2010-01-11,25,0,0,0,10,18,0,0.0
NTB0710,2010-01-12,20,0,0,0,9,17,0,0.0
NTB0710,2010-01-13,24,0,0,0,6,24,0,0.0
NTB0710,2010-01-14,23,0,0,0,8,14,0,0.0
NTB0710,2010-01-15,25,6,0,0,11,22,0,0.0
NTB0710,2010-01-18,22,0,0,0,9,17,0,0.0
NTB0710,2010-01-19,22,5,0,0,9,16,0,0.0
NTB0710,2010-01-20,27,2,0,0,12,23,0,0.0
NTB0710,2010-01-21,14,0,0,0,10,11,0,0.0
NTB0710,2010-01-22,27,0,0,0,15,20,0,0.0
NTB0710,2010-01-25,27,1,0,0,14,23,0,0.0
NTB0710,2010-01-26,22,0,0,0,7,16,0,0.0
NTB0710,2010-01-27,19,0,0,0,9,16,0,0.0
NTB0710,2010-01-28,24,0,0,0,9,15,0,0.0
NTB0710,2010-01-29,3,0,0,0,2,3,0,0.0
NTM0305,2010-01-05,3,0,0,0,3,2,0,0.0
NTM0305,2010-01-06,5,0,0,0,4,4,0,0.0
NTM0305,2010-01-07,7,2,0,0,3,3,0,0.0
NTM0305,2010-01-08,4,0,0,0,4,3,0,0.0
NTM0305,2010-01-11,9,0,0,0,7,7,0,0.0
NTM0305,2010-01-12,5,4,0,0,5,3,0,0.0
NTM0305,2010-01-13,5,3,0,0,3,4,0,0.0
NTM0305,2010-01-14,6,0,0,0,4,6,0,0.0
NTM0305,2010-01-15,5,0,0,0,2,1,0,0.0
NTM0305,2010-01-18,1,0,0,0,1,1,0,0.0
NTM0305,2010-01-20,5,1,0,0,4,3,0,0.0
NTM0305,2010-01-22,4,0,0,0,2,4,0,0.0
NTM0305,2010-01-26,4,0,0,0,4,2,0,0.0
NTM0305,2010-01-27,11,0,0,0,7,9,0,0.0
NTM0305,2010-01-29,2,0,0,0,2,2,0,0.0
NVA1748,2010-01-02,21,0,0,0,2,20,0,0.0
NVA1748,2010-01-04,27,3,0,0,10,23,0,0.0
NVA1748,2010-01-05,23,5,0,0,12,18,0,0.0
NVA1748,2010-01-06,19,3,0,0,11,18,0,0.0
NVA1748,2010-01-07,24,0,0,0,9,14,0,0.0
NVA1748,2010-01-08,24,4,0,0,13,15,0,0.0
NVA1748,2010-01-09,23,2,0,0,13,20,0,0.0
NVA1748,2010-01-11,22,6,0,0,9,17,0,0.0
NVA1748,2010-01-12,24,0,0,0,9,22,0,0.0
NVA1748,2010-01-13,27,2,0,0,9,25,0,0.0
NVA1748,2010-01-14,24,4,0,0,11,19,0,0.0
NVA1748,2010-01-15,27,4,0,0,11,21,0,0.0
NVA1748,2010-01-16,25,3,0,0,15,18,0,0.0
NVA1748,2010-01-17,21,4,0,0,14,16,0,0.0
NVA1748,2010-01-18,18,6,0,0,9,15,0,0.0
NVA1748,2010-01-19,24,13,0,0,13,22,0,0.0
NVA1748,2010-01-20,24,2,0,0,11,20,0,0.0
NVA1748,2010-01-21,27,0,0,0,11,25,0,0.0
NVA1748,2010-01-22,24,3,0,0,10,22,0,0.0
NVA1748,2010-01-23,23,1,0,0,10,21,0,0.0
NVA1748,2010-01-25,20,0,0,0,9,12,0,0.0
NVA1748,2010-01-26,22,3,0,0,12,18,0,0.0
NVA1748,2010-01-27,25,0,0,0,12,20,0,0.0
NVA1748,2010-01-28,26,0,0,0,5,26,0,0.0
NVA1748,2010-01-29,5,0,0,0,4,4,0,0.0
OCL1245,2010-01-04,4,0,0,0,4,3,0,0.0
OCL1245,2010-01-05,4,0,0,0,3,3,0,0.0
OCL1245,2010-01-07,5,0,0,0,4,3,0,0.0
OCL1245,2010-01-08,4,0,0,0,4,2,0,0.0
OCL1245,2010-01-11,4,0,0,0,4,3,0,0.0
OCL1245,2010-01-12,5,0,0,0,4,3,0,0.0
OCL1245,2010-01-13,2,0,0,0,2,2,0,0.0
OCL1245,2010-01-14,7,0,0,0,4,7,0,0.0
OCL1245,2010-01-15,2,0,0,0,2,1,0,0.0
OCL1245,2010-01-20,4,0,0,0,4,3,0,0.0
OCL1245,2010-01-21,4,0,0,0,3,1,0,0.0
OCL1245,2010-01-22,4,0,0,0,4,4,0,0.0
OCL1245,2010-01-25,5,0,0,0,3,4,0,0.0
OCL1245,2010-01-26,3,0,0,0,2,1,0,0.0
OCL1245,2010-01-28,4,0,0,0,4,2,0,0.0
OCL1245,2010-01-29,4,0,0,0,4,3,0,0.0
OCW1127,2010-01-02,2,0,0,0,2,2,0,0.0
OCW1127,2010-01-04,5,5,0,0,1,5,0,0.0
OCW1127,2010-01-05,1,1,0,0,1,1,0,0.0
OCW1127,2010-01-07,11,11,0,0,2,11,0,0.0
OCW1127,2010-01-08,17,17,0,0,2,17,0,0.0
OCW1127,2010-01-11,8,8,0,0,2,8,0,0.0
OCW1127,2010-01-18,20,20,0,0,3,19,0,0.0
OCW1127,2010-01-19,14,6,0,0,1,14,0,0.0
OCW1127,2010-01-20,17,13,0,0,3,17,0,0.0
OCW1127,2010-01-23,9,3,0,0,3,9,0,0.0
OCW1127,2010-01-26,2,2,0,0,2,2,0,0.0
OCW1127,2010-01-27,6,6,0,0,2,6,0,0.0
OCW1127,2010-01-29,7,7,0,0,2,7,0,0.0
ODG1158,2010-01-04,4,0,0,0,4,4,0,0.0
ODG1158,2010-01-05,11,0,0,0,7,10,0,0.0
ODG1158,2010-01-06,4,0,0,0,1,4,0,0.0
ODG1158,2010-01-07,6,0,0,0,1,6,0,0.0
ODG1158,2010-01-08,8,0,0,0,4,5,0,0.0
ODG1158,2010-01-11,12,0,0,0,3,12,0,0.0
ODG1158,2010-01-12,5,0,0,0,3,5,0,0.0
ODG1158,2010-01-13,9,5,0,0,4,8,1,0.0
ODG1158,2010-01-14,10,0,0,0,5,10,0,0.0
ODG1158,2010-01-15,8,0,0,0,2,7,0,0.0
ODG1158,2010-01-18,10,6,0,0,5,9,0,0.0
ODG1158,2010-01-19,10,0,0,0,1,10,0,0.0
ODG1158,2010-01-20,7,6,0,0,5,7,0,0.0
ODG1158,2010-01-21,11,0,0,0,6,8,0,0.0
ODG1158,2010-01-22,9,0,0,0,2,9,0,0.0
ODG1158,2010-01-25,6,5,0,0,3,6,0,0.0
ODG1158,2010-01-26,7,0,0,0,3,7,0,0.0
ODG1158,2010-01-27,7,0,0,0,3,6,0,0.0
ODG1158,2010-01-28,10,0,0,0,4,9,0,0.0
OHC1798,2010-01-05,27,0,0,0,9,9,0,0.0
OHC1798,2010-01-07,26,0,0,0,4,13,0,0.0
OHC1798,2010-01-08,27,0,0,0,11,18,0,0.0
OHC1798,2010-01-12,27,0,0,0,9,21,0,0.0
OHC1798,2010-01-15,27,0,0,0,9,16,0,0.0
OHC1798,2010-01-25,26,0,0,0,11,21,0,0.0
OHC1798,2010-01-27,21,0,0,0,7,10,0,0.0
OHC1798,2010-01-28,22,0,0,0,2,12,0,0.0
OHR0583,2010-01-02,27,0,0,0,11,16,3,0.0
OHR0583,2010-01-04,27,0,0,0,8,23,0,0.0
OHR0583,2010-01-05,19,0,0,0,7,13,0,0.0
OHR0583,2010-01-07,26,0,0,0,18,18,1,0.0
OHR0583,2010-01-09,22,0,0,0,10,19,0,0.0
OHR0583,2010-01-11,27,0,0,0,8,11,0,0.0
OHR0583,2010-01-12,27,0,0,0,17,23,0,0.0
OHR0583,2010-01-13,26,0,0,0,11,26,0,0.0
OHR0583,2010-01-14,27,0,0,0,13,15,0,0.0
OHR0583,2010-01-15,26,0,0,0,17,18,2,0.0
OHR0583,2010-01-17,27,0,0,0,10,19,2,0.0
OHR0583,2010-01-18,27,0,0,0,14,16,0,0.0
OHR0583,2010-01-19,27,0,0,0,13,23,0,0.0
OHR0583,2010-01-20,27,7,0,0,14,16,0,0.0
OHR0583,2010-01-22,27,2,0,0,8,20,0,0.0
OHR0583,2010-01-25,27,0,0,0,13,15,0,0.0
OHR0583,2010-01-26,25,0,0,0,6,16,0,0.0
OHR0583,2010-01-28,25,0,0,0,16,13,3,0.0
OJC0930,2010-01-04,7,0,0,0,5,7,0,0.0
OJC0930,2010-01-05,10,0,0,0,8,7,0,0.0
OJC0930,2010-01-06,6,0,0,0,5,6,0,0.0
OJC0930,2010-01-07,7,0,0,0,5,6,0,0.0
OJC0930,2010-01-08,9,0,0,0,8,8,0,0.0
OJC0930,2010-01-11,17,0,0,0,11,13,0,0.0
OJC0930,2010-01-12,8,0,0,0,6,6,0,0.0
OJC0930,2010-01-13,10,0,0,0,7,9,0,0.0
OJC0930,2010-01-14,14,0,0,0,10,12,0,0.0
OJC0930,2010-01-15,7,0,0,0,6,6,0,0.0
OJC0930,2010-01-18,10,0,0,0,6,9,0,0.0
OJC0930,2010-01-19,12,0,0,0,8,11,0,0.0
OJC0930,2010-01-20,8,0,0,0,8,8,0,0.0
OJC0930,2010-01-21,13,0,0,0,11,12,0,0.0
OJC0930,2010-01-22,12,0,0,0,9,10,0,0.0
OJC0930,2010-01-25,3,0,0,0,3,3,0,0.0
OJC0930,2010-01-26,12,0,0,0,8,8,0,0.0
OJC0930,2010-01-27,8,0,0,0,5,7,0,0.0
OJC0930,2010-01-28,13,0,0,0,9,11,0,0.0
OKM1092,2010-01-04,5,0,0,0,3,5,0,0.0
OKM1092,2010-01-05,4,1,0,0,4,3,0,0.0
OKM1092,2010-01-06,5,3,0,0,5,5,0,0.0
OKM1092,2010-01-08,1,0,0,0,1,1,0,0.0
OKM1092,2010-01-13,5,1,0,0,4,4,0,0.0
OKM1092,2010-01-14,5,0,0,0,2,5,0,0.0
OKM1092,2010-01-15,3,3,0,0,2,3,0,0.0
OKM1092,2010-01-18,1,0,0,0,1,1,0,0.0
OKM1092,2010-01-19,2,0,0,0,2,2,0,0.0
OKM1092,2010-01-21,2,0,0,0,2,1,1,0.0
OKM1092,2010-01-22,2,0,0,0,1,2,0,0.0
OKM1092,2010-01-26,5,0,0,0,4,4,0,0.0
OKM1092,2010-01-27,1,0,0,0,1,1,0,0.0
OKM1092,2010-01-28,5,0,0,0,5,3,0,0.0
OSS1463,2010-01-04,5,0,0,0,4,5,0,0.0
OSS1463,2010-01-06,3,0,0,0,3,3,0,0.0
OSS1463,2010-01-12,5,0,0,0,4,4,0,0.0
OSS1463,2010-01-13,4,0,0,0,4,4,0,0.0
OSS1463,2010-01-14,1,0,0,0,1,1,0,0.0
OSS1463,2010-01-15,5,0,0,0,5,5,0,0.0
OSS1463,2010-01-17,2,1,0,0,1,2,0,0.0
OSS1463,2010-01-20,4,2,0,0,3,3,0,0.0
OSS1463,2010-01-21,2,0,0,0,2,2,0,0.0
OSS1463,2010-01-22,2,0,0,0,2,1,0,0.0
OSS1463,2010-01-25,1,0,0,0,1,1,0,0.0
OSS1463,2010-01-26,3,0,0,0,3,1,0,0.0
OSS1463,2010-01-27,3,0,0,0,3,3,0,0.0
OSS1463,2010-01-28,1,0,0,0,1,1,0,0.0
OSS1463,2010-01-29,1,0,0,0,1,1,0,0.0
PAA0121,2010-01-05,3,0,0,0,3,2,0,0.0
PAA0121,2010-01-08,4,0,0,0,4,3,0,0.0
PAA0121,2010-01-13,3,0,0,0,2,1,0,0.0
PAA0121,2010-01-18,1,0,0,0,1,0,0,0.0
PAA0121,2010-01-19,6,0,0,0,4,6,0,0.0
PAA0121,2010-01-20,1,0,0,0,1,0,0,0.0
PAA0121,2010-01-26,2,0,0,0,1,0,0,0.0
PAA0121,2010-01-28,3,0,0,0,3,1,0,0.0
PAP1570,2010-01-06,8,2,0,0,4,8,0,0.0
PAP1570,2010-01-07,9,9,0,0,2,9,0,0.0
PAP1570,2010-01-08,4,0,0,0,3,3,0,0.0
PAP1570,2010-01-11,15,0,0,0,6,9,0,0.0
PAP1570,2010-01-12,6,0,0,0,5,6,0,0.0
PAP1570,2010-01-13,8,0,0,0,5,8,0,0.0
PAP1570,2010-01-15,6,0,0,0,4,4,0,0.0
PAP1570,2010-01-18,1,0,0,0,1,0,0,0.0
PAP1570,2010-01-19,2,2,0,0,2,2,0,0.0
PAP1570,2010-01-20,6,0,0,0,5,3,0,0.0
PAP1570,2010-01-21,12,0,0,0,5,10,0,0.0
PAP1570,2010-01-22,13,13,0,0,7,8,0,0.0
PAP1570,2010-01-25,7,1,0,0,5,7,0,0.0
PAP1570,2010-01-26,6,0,0,0,4,6,0,0.0
PAP1570,2010-01-27,13,6,0,0,4,13,0,0.0
PAP1570,2010-01-28,9,0,0,0,5,4,0,0.0
PAP1570,2010-01-29,9,0,0,0,6,8,0,0.0
PHG1778,2010-01-05,5,0,0,0,2,3,0,0.0
PHG1778,2010-01-06,4,0,0,0,2,3,0,0.0
PHG1778,2010-01-07,3,0,0,0,3,1,0,0.0
PHG1778,2010-01-11,1,0,0,0,1,0,0,0.0
PHG1778,2010-01-13,2,0,0,0,2,1,0,0.0
PHG1778,2010-01-18,1,0,0,0,1,0,0,0.0
PHG1778,2010-01-22,6,0,0,0,5,3,0,0.0
PHG1778,2010-01-28,3,0,0,0,2,3,0,0.0
PMC1560,2010-01-04,7,1,0,0,6,3,0,0.0
PMC1560,2010-01-05,3,0,0,0,3,2,0,0.0
PMC1560,2010-01-06,5,2,0,0,4,2,0,0.0
PMC1560,2010-01-08,5,0,0,0,3,5,0,0.0
PMC1560,2010-01-11,2,0,0,0,2,1,0,0.0
PMC1560,2010-01-12,4,0,0,0,3,4,0,0.0
PMC1560,2010-01-13,5,0,0,0,5,3,0,0.0
PMC1560,2010-01-14,5,0,0,0,5,3,0,0.0
PMC1560,2010-01-18,5,0,0,0,5,4,0,0.0
PMC1560,2010-01-19,3,0,0,0,2,3,0,0.0
PMC1560,2010-01-20,5,0,0,0,5,4,0,0.0
PMC1560,2010-01-21,4,0,0,0,4,2,0,0.0
PMC1560,2010-01-22,4,1,0,0,2,2,0,0.0
PMC1560,2010-01-25,5,0,0,0,5,4,0,0.0
PMC1560,2010-01-26,8,0,0,0,5,5,0,0.0
PMC1560,2010-01-27,5,0,0,0,5,4,0,0.0
PMC1560,2010-01-28,1,0,0,0,1,1,0,0.0
PMC1560,2010-01-29,2,0,0,0,2,0,0,0.0
PMM1117,2010-01-04,25,0,0,0,8,23,0,0.0
PMM1117,2010-01-05,26,2,0,0,7,25,0,0.0
PMM1117,2010-01-06,26,3,0,0,11,23,0,0.0
PMM1117,2010-01-07,19,4,0,0,11,15,0,0.0
PMM1117,2010-01-08,21,4,0,0,6,20,0,0.0
PMM1117,2010-01-11,19,2,0,0,8,18,0,0.0
PMM1117,2010-01-12,24,3,0,0,6,23,0,0.0
PMM1117,2010-01-13,23,2,0,0,12,20,0,0.0
PMM1117,2010-01-14,19,10,0,0,8,15,0,0.0
PMM1117,2010-01-15,19,2,0,0,9,18,0,0.0
PMM1117,2010-01-18,23,0,0,0,10,20,0,0.0
PMM1117,2010-01-19,22,10,0,0,6,16,0,0.0
PMM1117,2010-01-20,27,5,0,0,12,23,0,0.0
PMM1117,2010-01-21,23,12,0,0,9,17,0,0.0
PMM1117,2010-01-22,22,2,0,0,9,18,0,0.0
PMM1117,2010-01-25,23,0,0,0,10,20,0,0.0
PMM1117,2010-01-26,21,6,0,0,7,16,0,0.0
PMM1117,2010-01-27,26,3,0,0,10,20,0,0.0
PMM1117,2010-01-28,18,9,0,0,5,8,0,0.0
PMM1117,2010-01-29,5,0,0,0,3,5,0,0.0
PNA1776,2010-01-04,4,0,0,0,4,3,0,0.0
PNA1776,2010-01-05,2,0,0,0,1,0,0,0.0
PNA1776,2010-01-08,1,0,0,0,1,1,0,0.0
PNA1776,2010-01-11,3,0,0,0,2,3,0,0.0
PNA1776,2010-01-18,1,0,0,0,1,0,0,0.0
PNA1776,2010-01-19,1,0,0,0,1,0,0,0.0
PNA1776,2010-01-27,1,0,0,0,1,0,0,0.0
PTH1889,2010-01-05,3,0,0,0,1,3,0,0.0
PTH1889,2010-01-12,1,0,0,0,1,1,0,0.0
PTH1889,2010-01-14,3,0,0,0,3,0,0,0.0
PTH1889,2010-01-19,1,0,0,0,1,1,0,0.0
PTH1889,2010-01-21,3,0,0,0,3,2,0,0.0
PTH1889,2010-01-28,1,0,0,0,1,1,0,0.0
PTH1889,2010-01-29,4,0,0,0,2,0,0,0.0
PWF0709,2010-01-04,27,0,0,0,4,27,0,0.0
PWF0709,2010-01-05,23,0,0,0,5,20,0,0.0
PWF0709,2010-01-06,22,0,0,0,3,22,0,0.0
PWF0709,2010-01-07,24,0,0,0,3,23,0,0.0
PWF0709,2010-01-15,26,0,0,0,3,25,1,0.0
PWF0709,2010-01-26,27,0,0,0,5,27,0,0.0
QCR0394,2010-01-02,3,0,0,0,2,2,0,0.0
QCR0394,2010-01-04,8,0,0,0,4,5,0,0.0
QCR0394,2010-01-05,4,0,0,0,1,4,0,0.0
QCR0394,2010-01-06,6,0,0,0,2,6,0,0.0
QCR0394,2010-01-09,4,0,0,0,3,4,0,0.0
QCR0394,2010-01-13,2,0,0,0,2,2,0,0.0
QCR0394,2010-01-14,5,0,0,0,2,5,0,0.0
QCR0394,2010-01-17,5,0,0,0,5,5,0,0.0
QCR0394,2010-01-19,9,0,0,0,5,9,0,0.0
QCR0394,2010-01-20,5,0,0,0,3,5,0,0.0
QCR0394,2010-01-21,5,0,0,0,2,4,0,0.0
QCR0394,2010-01-22,1,0,0,0,1,1,0,0.0
QCR0394,2010-01-23,3,0,0,0,3,3,0,0.0
QCR0394,2010-01-25,1,0,0,0,1,1,0,0.0
QCR0394,2010-01-26,4,0,0,0,2,4,0,0.0
QCR0394,2010-01-27,3,0,0,0,1,3,0,0.0
QCR0394,2010-01-28,8,0,0,0,6,7,0,0.0
QEL1515,2010-01-04,6,0,0,0,3,6,0,0.0
QEL1515,2010-01-05,1,0,0,0,1,1,0,0.0
QEL1515,2010-01-07,2,0,0,0,2,2,0,0.0
QEL1515,2010-01-12,6,0,0,0,3,6,0,0.0
QEL1515,2010-01-14,2,0,0,0,2,2,0,0.0
QEL1515,2010-01-19,6,0,0,0,4,6,0,0.0
QEL1515,2010-01-20,5,0,0,0,5,4,0,0.0
QEL1515,2010-01-22,1,0,0,0,1,1,0,0.0
QGC0435,2010-01-04,26,0,0,0,11,18,0,0.0
QGC0435,2010-01-05,27,0,0,0,12,25,0,0.0
QGC0435,2010-01-06,24,0,0,0,11,18,0,0.0
QGC0435,2010-01-07,27,0,0,0,9,27,0,0.0
QGC0435,2010-01-08,26,5,0,0,16,19,0,0.0
QGC0435,2010-01-11,27,0,0,0,14,17,0,0.0
QGC0435,2010-01-13,27,3,0,0,5,26,0,0.0
QGC0435,2010-01-14,24,0,0,0,13,23,0,0.0
QGC0435,2010-01-15,22,0,0,0,6,22,0,0.0
QGC0435,2010-01-17,25,0,0,0,6,6,0,0.0
QGC0435,2010-01-18,27,0,0,0,9,24,0,0.0
QGC0435,2010-01-19,27,14,0,0,14,20,0,0.0
QGC0435,2010-01-21,26,0,0,0,4,2,0,0.0
QGC0435,2010-01-22,18,0,0,0,11,15,0,0.0
QGC0435,2010-01-25,24,0,0,0,9,17,0,0.0
QGC0435,2010-01-26,27,0,0,0,13,24,0,0.0
QGC0435,2010-01-27,27,0,0,0,15,23,0,0.0
QGC0435,2010-01-28,26,0,0,0,13,25,0,0.0
QJH1605,2010-01-04,1,0,0,0,1,1,0,0.0
QJH1605,2010-01-06,4,0,0,0,3,4,0,0.0
QJH1605,2010-01-08,5,0,0,0,3,5,0,0.0
QJH1605,2010-01-15,4,1,0,0,3,4,0,0.0
QJH1605,2010-01-18,4,1,0,0,2,4,0,0.0
QJH1605,2010-01-19,7,2,0,0,2,7,0,0.0
QJH1605,2010-01-20,6,0,0,0,3,6,0,0.0
QJH1605,2010-01-21,1,0,0,0,1,1,0,0.0
QJH1605,2010-01-27,2,2,0,0,2,2,0,0.0
QJH1605,2010-01-28,1,0,0,0,1,1,0,0.0
QJH1605,2010-01-29,2,0,0,0,1,2,0,0.0
QNB1329,2010-01-04,26,0,0,0,9,26,0,0.0
QNB1329,2010-01-05,21,0,0,0,6,20,0,0.0
QNB1329,2010-01-06,22,0,0,0,10,20,0,0.0
QNB1329,2010-01-07,26,0,0,0,12,24,0,0.0
QNB1329,2010-01-08,21,4,0,0,7,19,0,0.0
QNB1329,2010-01-11,26,0,0,0,2,26,0,0.0
QNB1329,2010-01-12,25,0,0,0,7,20,0,0.0
QNB1329,2010-01-13,27,0,0,0,10,20,0,0.0
QNB1329,2010-01-14,27,0,0,0,10,20,0,0.0
QNB1329,2010-01-15,26,0,0,0,8,19,0,0.0
QNB1329,2010-01-18,20,0,0,0,8,16,0,0.0
QNB1329,2010-01-19,27,2,0,0,8,22,0,0.0
QNB1329,2010-01-20,24,0,0,0,12,22,0,0.0
QNB1329,2010-01-21,27,0,0,0,5,25,0,0.0
QNB1329,2010-01-22,26,0,0,0,16,22,0,0.0
QNB1329,2010-01-25,22,0,0,0,5,22,0,0.0
QNB1329,2010-01-26,27,0,0,0,5,17,0,0.0
QNB1329,2010-01-27,25,0,0,0,13,21,0,0.0
QNB1329,2010-01-28,27,0,0,0,12,24,0,0.0
QNB1329,2010-01-29,3,0,0,0,2,2,0,0.0
QWP1513,2010-01-04,6,0,0,0,5,6,0,0.0
QWP1513,2010-01-05,1,0,0,0,1,1,0,0.0
QWP1513,2010-01-08,5,0,0,0,5,4,0,0.0
QWP1513,2010-01-11,7,0,0,0,5,7,0,0.0
QWP1513,2010-01-12,3,0,0,0,2,3,0,0.0
QWP1513,2010-01-13,8,0,0,0,6,7,0,0.0
QWP1513,2010-01-15,5,0,0,0,4,4,0,0.0
QWP1513,2010-01-18,8,0,0,0,6,5,0,0.0
QWP1513,2010-01-19,2,0,0,0,2,2,0,0.0
QWP1513,2010-01-20,3,0,0,0,3,3,0,0.0
QWP1513,2010-01-21,4,0,0,0,2,4,0,0.0
QWP1513,2010-01-25,1,0,0,0,1,1,0,0.0
QWP1513,2010-01-28,4,0,0,0,3,3,1,0.0
QZH0367,2010-01-04,3,0,0,0,3,3,0,0.0
QZH0367,2010-01-12,4,1,0,0,4,4,0,0.0
QZH0367,2010-01-13,7,0,0,0,6,7,0,0.0
QZH0367,2010-01-18,2,0,0,0,2,2,0,0.0
QZH0367,2010-01-26,3,0,0,0,3,3,0,0.0
RAH0609,2010-01-06,27,0,0,0,8,18,0,0.0
RAH0609,2010-01-08,26,0,0,0,7,22,0,0.0
RAH0609,2010-01-11,24,0,0,0,12,16,1,0.0
RAH0609,2010-01-12,26,0,0,0,11,15,0,0.0
RAH0609,2010-01-27,27,0,0,0,9,19,0,0.0
RAH0609,2010-01-29,20,0,0,0,7,14,0,0.0
RAR0875,2010-01-05,6,0,0,0,6,4,0,0.0
RAR0875,2010-01-13,10,0,0,0,6,10,0,0.0
RAR0875,2010-01-14,5,0,0,0,3,2,0,0.0
RAR0875,2010-01-21,6,0,0,0,2,1,0,0.0
RAR0875,2010-01-26,4,0,0,0,2,4,0,0.0
RAT0514,2010-01-04,26,0,0,0,10,18,1,0.0
RAT0514,2010-01-05,20,0,0,0,9,14,0,0.0
RAT0514,2010-01-06,24,0,0,0,9,15,0,0.0
RAT0514,2010-01-11,23,0,0,0,12,22,0,0.0
RAT0514,2010-01-15,23,0,0,0,10,22,0,0.0
RAT0514,2010-01-19,25,0,0,0,10,19,0,0.0
RAT0514,2010-01-20,25,0,0,0,10,25,0,0.0
RAT0514,2010-01-22,26,0,0,0,10,25,0,0.0
RAT0514,2010-01-25,22,0,0,0,9,16,0,0.0
RAT0514,2010-01-28,25,0,0,0,11,21,0,0.0
RCG0584,2010-01-14,2,0,0,0,1,2,0,0.0
RCG0584,2010-01-21,1,0,0,0,1,1,0,0.0
RCG0584,2010-01-25,1,0,0,0,1,1,0,0.0
RDB0546,2010-01-04,5,0,0,0,2,5,0,0.0
RDB0546,2010-01-05,7,0,0,0,6,6,0,0.0
RDB0546,2010-01-06,4,1,0,0,2,4,0,0.0
RDB0546,2010-01-12,4,0,0,0,3,4,0,0.0
RDB0546,2010-01-13,5,0,0,0,3,5,0,0.0
RDB0546,2010-01-15,5,0,0,0,4,4,0,0.0
RDB0546,2010-01-22,3,0,0,0,3,3,0,0.0
RDS1398,2010-01-04,27,0,0,0,7,27,0,0.0
RDS1398,2010-01-05,26,0,0,0,8,26,0,0.0
RDS1398,2010-01-06,27,0,0,0,6,27,0,0.0
RDS1398,2010-01-07,27,0,0,0,6,27,0,0.0
RDS1398,2010-01-08,27,0,0,0,6,27,0,0.0
RDS1398,2010-01-11,25,0,0,0,8,24,0,0.0
RDS1398,2010-01-12,23,0,0,0,6,23,0,0.0
RDS1398,2010-01-13,25,0,0,0,7,25,0,0.0
RDS1398,2010-01-14,26,0,0,0,9,25,0,0.0
RDS1398,2010-01-15,22,0,0,0,7,22,0,0.0
RDS1398,2010-01-18,27,0,0,0,9,27,0,0.0
RDS1398,2010-01-19,25,0,0,0,8,25,0,0.0
RDS1398,2010-01-20,23,0,0,0,4,23,0,0.0
RDS1398,2010-01-21,27,0,0,0,9,27,0,0.0
RDS1398,2010-01-22,23,1,0,0,9,23,0,0.0
RDS1398,2010-01-25,26,0,0,0,8,26,0,0.0
RDS1398,2010-01-26,20,0,0,0,5,20,0,0.0
RDS1398,2010-01-27,25,0,0,0,4,25,0,0.0
RDS1398,2010-01-28,27,7,0,0,4,27,0,0.0
RDS1398,2010-01-29,17,0,0,0,7,17,0,0.0
REM1733,2010-01-07,2,0,0,0,1,2,0,0.0
REM1733,2010-01-12,5,0,0,0,3,4,0,0.0
REM1733,2010-01-26,1,0,0,0,1,1,0,0.0
RFP1918,2010-01-02,27,0,0,0,5,14,0,0.0
RFP1918,2010-01-13,27,27,0,0,10,20,0,0.0
RFP1918,2010-01-16,23,0,0,0,7,19,0,0.0
RFP1918,2010-01-19,27,0,0,0,9,19,0,0.0
RFP1918,2010-01-20,25,0,0,0,8,20,0,0.0
RFP1918,2010-01-22,24,0,0,0,6,13,0,0.0
RFP1918,2010-01-23,27,27,0,0,10,24,0,0.0
RHG0882,2010-01-06,4,0,0,0,2,4,0,0.0
RHG0882,2010-01-08,1,0,0,0,1,1,0,0.0
RHG0882,2010-01-13,1,0,0,0,1,1,0,0.0
RHG0882,2010-01-19,1,1,0,0,1,1,0,0.0
RHG0882,2010-01-28,4,0,0,0,3,4,0,0.0
RJW0348,2010-01-04,4,0,0,0,2,4,0,0.0
RJW0348,2010-01-05,10,0,0,0,8,10,0,0.0
RJW0348,2010-01-06,2,0,0,0,2,2,0,0.0
RJW0348,2010-01-08,3,0,0,0,3,3,0,0.0
RJW0348,2010-01-11,11,0,0,0,7,10,0,0.0
RJW0348,2010-01-13,8,0,0,0,6,6,0,0.0
RJW0348,2010-01-14,5,0,0,0,3,5,0,0.0
RJW0348,2010-01-15,9,0,0,0,6,9,0,0.0
RJW0348,2010-01-18,1,0,0,0,1,1,0,0.0
RJW0348,2010-01-20,8,0,0,0,6,6,0,0.0
RJW0348,2010-01-22,2,0,0,0,2,2,0,0.0
RJW0348,2010-01-25,6,0,0,0,3,6,0,0.0
RJW0348,2010-01-27,5,0,0,0,4,5,0,0.0
RJW0348,2010-01-29,4,0,0,0,3,4,0,0.0
RJW1406,2010-01-08,27,0,0,0,6,25,0,0.0
RJW1406,2010-01-09,23,23,0,0,4,7,0,0.0
RJW1406,2010-01-13,24,0,0,0,5,23,0,0.0
RJW1406,2010-01-14,19,0,0,0,9,12,0,0.0
RJW1406,2010-01-18,26,0,0,0,9,16,0,0.0
RJW1406,2010-01-19,26,0,0,0,13,18,0,0.0
RJW1406,2010-01-28,27,0,0,0,9,18,0,0.0
RLM1578,2010-01-04,5,1,0,0,3,3,0,0.0
RLM1578,2010-01-05,13,0,0,0,10,12,0,0.0
RLM1578,2010-01-06,10,0,0,0,7,10,0,0.0
RLM1578,2010-01-07,10,2,0,0,8,9,0,0.0
RLM1578,2010-01-08,8,6,0,0,4,6,0,0.0
RLM1578,2010-01-11,1,1,0,0,1,0,0,0.0
RLM1578,2010-01-12,8,2,0,0,4,6,0,0.0
RLM1578,2010-01-13,10,1,0,0,2,10,0,0.0
RLM1578,2010-01-14,8,2,0,0,6,7,0,0.0
RLM1578,2010-01-15,7,2,0,0,5,6,0,0.0
RLM1578,2010-01-18,10,7,0,0,5,8,0,0.0
RLM1578,2010-01-20,12,11,0,0,8,9,0,0.0
RLM1578,2010-01-21,14,0,0,0,8,11,0,0.0
RLM1578,2010-01-22,4,0,0,0,3,4,0,0.0
RLM1578,2010-01-25,8,6,0,0,5,6,0,0.0
RLM1578,2010-01-26,4,0,0,0,4,3,0,0.0
RLM1578,2010-01-27,12,0,0,0,8,10,0,0.0
RLM1578,2010-01-28,6,1,0,0,4,4,0,0.0
RLM1578,2010-01-29,4,0,0,0,2,1,0,0.0
RMP0754,2010-01-08,5,0,0,0,4,4,0,0.0
RMP0754,2010-01-15,3,0,0,0,3,2,0,0.0
RMP0754,2010-01-19,4,0,0,0,3,2,0,0.0
RMP0754,2010-01-20,1,0,0,0,1,1,0,0.0
RMP0754,2010-01-25,4,0,0,0,3,2,0,0.0
RMP0754,2010-01-26,3,3,0,0,1,3,0,0.0
RMT0496,2010-01-04,12,1,0,0,8,10,0,0.0
RMT0496,2010-01-05,12,0,0,0,5,12,0,0.0
RMT0496,2010-01-06,11,0,0,0,7,11,0,0.0
RMT0496,2010-01-07,10,0,0,0,6,9,0,0.0
RMT0496,2010-01-08,8,0,0,0,6,6,0,0.0
RMT0496,2010-01-11,11,0,0,0,8,10,0,0.0
RMT0496,2010-01-12,7,0,0,0,6,7,0,0.0
RMT0496,2010-01-13,10,0,0,0,6,10,0,0.0
RMT0496,2010-01-14,14,0,0,0,9,14,0,0.0
RMT0496,2010-01-15,10,0,0,0,3,10,0,0.0
RMT0496,2010-01-18,15,0,0,0,4,10,0,0.0
RMT0496,2010-01-19,11,0,0,0,9,11,0,0.0
RMT0496,2010-01-20,11,0,0,0,8,9,1,0.0
RMT0496,2010-01-21,16,0,0,0,8,16,0,0.0
RMT0496,2010-01-22,11,0,0,0,4,9,0,0.0
RMT0496,2010-01-25,6,0,0,0,5,6,0,0.0
RMT0496,2010-01-26,6,0,0,0,6,4,0,0.0
RMT0496,2010-01-27,12,0,0,0,7,12,0,0.0
RMT0496,2010-01-28,9,0,0,0,7,8,0,0.0
ROB0477,2010-01-04,1,0,0,0,1,1,0,0.0
ROB0477,2010-01-05,1,0,0,0,1,1,0,0.0
ROB0477,2010-01-12,5,0,0,0,3,1,0,0.0
ROB0477,2010-01-13,5,0,0,0,3,2,0,0.0
ROB0477,2010-01-18,4,0,0,0,3,2,1,0.0
ROB0477,2010-01-19,2,0,0,0,2,1,0,0.0
RPJ1159,2010-01-04,5,0,0,0,5,5,0,0.0
RPJ1159,2010-01-05,11,0,0,0,5,4,0,0.0
RPJ1159,2010-01-06,2,0,0,0,1,0,0,0.0
RPJ1159,2010-01-07,11,0,0,0,9,10,0,0.0
RPJ1159,2010-01-08,10,0,0,0,5,5,0,0.0
RPJ1159,2010-01-11,8,0,0,0,7,5,0,0.0
RPJ1159,2010-01-12,12,0,0,0,9,8,0,0.0
RPJ1159,2010-01-13,6,0,0,0,5,6,0,0.0
RPJ1159,2010-01-14,6,0,0,0,5,6,0,0.0
RPJ1159,2010-01-15,7,0,0,0,5,5,0,0.0
RPJ1159,2010-01-18,10,0,0,0,7,9,0,0.0
RPJ1159,2010-01-19,5,1,0,0,5,3,0,0.0
RPJ1159,2010-01-20,7,0,0,0,5,7,0,0.0
RPJ1159,2010-01-21,11,0,0,0,10,10,0,0.0
RPJ1159,2010-01-22,9,0,0,0,8,6,0,0.0
RPJ1159,2010-01-25,11,0,0,0,8,5,0,0.0
RPJ1159,2010-01-26,7,0,0,0,6,7,0,0.0
RPJ1159,2010-01-27,4,0,0,0,4,3,0,0.0
RPJ1159,2010-01-28,11,0,0,0,9,8,0,0.0
RPJ1159,2010-01-29,2,0,0,0,2,2,0,0.0
RRS0056,2010-01-04,3,0,0,0,2,3,0,0.0
RRS0056,2010-01-06,5,0,0,0,4,5,0,0.0
RRS0056,2010-01-07,1,0,0,0,1,1,0,0.0
RRS0056,2010-01-11,4,0,0,0,3,4,0,0.0
RRS0056,2010-01-12,3,0,0,0,3,3,0,0.0
RRS0056,2010-01-13,4,0,0,0,2,3,0,0.0
RRS0056,2010-01-18,2,0,0,0,1,2,0,0.0
RRS0056,2010-01-19,5,0,0,0,5,5,0,0.0
RRS0056,2010-01-20,5,0,0,0,3,5,0,0.0
RRS0056,2010-01-21,5,0,0,0,2,5,0,0.0
RRS0056,2010-01-26,1,0,0,0,1,1,0,0.0
RRS0056,2010-01-27,4,0,0,0,2,4,0,0.0
RRS0056,2010-01-29,2,0,0,0,2,2,0,0.0
RWJ1403,2010-01-04,7,0,0,0,5,6,0,0.0
RWJ1403,2010-01-05,3,0,0,0,3,3,0,0.0
RWJ1403,2010-01-06,7,0,0,0,6,4,0,0.0
RWJ1403,2010-01-07,7,0,0,0,4,7,0,0.0
RWJ1403,2010-01-08,2,0,0,0,2,2,0,0.0
RWJ1403,2010-01-11,5,0,0,0,5,5,0,0.0
RWJ1403,2010-01-13,5,0,0,0,4,4,0,0.0
RWJ1403,2010-01-14,5,0,0,0,5,5,0,0.0
RWJ1403,2010-01-15,8,0,0,0,5,4,0,0.0
RWJ1403,2010-01-18,3,0,0,0,3,3,0,0.0
RWJ1403,2010-01-19,3,0,0,0,3,3,0,0.0
RWJ1403,2010-01-20,10,0,0,0,7,7,0,0.0
RWJ1403,2010-01-21,5,0,0,0,4,5,0,0.0
RWJ1403,2010-01-22,9,0,0,0,6,9,0,0.0
RWJ1403,2010-01-25,13,0,0,0,10,11,0,0.0
RWJ1403,2010-01-26,2,0,0,0,2,1,0,0.0
RWJ1403,2010-01-27,7,0,0,0,6,5,0,0.0
RWJ1403,2010-01-28,1,0,0,0,1,1,0,0.0
RXH1139,2010-01-04,1,0,0,0,1,1,0,0.0
RXH1139,2010-01-06,2,0,0,0,2,1,0,0.0
RXH1139,2010-01-07,1,0,0,0,1,1,0,0.0
RXH1139,2010-01-14,1,0,0,0,1,1,0,0.0
RXH1139,2010-01-19,1,0,0,0,1,1,0,0.0
RXH1139,2010-01-21,5,2,0,0,4,5,0,0.0
RXH1139,2010-01-22,5,0,0,0,5,5,0,0.0
RXH1139,2010-01-25,1,0,0,0,1,1,0,0.0
RXH1139,2010-01-27,2,0,0,0,2,2,0,0.0
RXH1139,2010-01-28,4,3,0,0,4,3,0,0.0
SAM0628,2010-01-05,6,0,0,0,5,3,0,0.0
SAM0628,2010-01-07,5,0,0,0,5,4,0,0.0
SAM0628,2010-01-08,6,0,0,0,6,5,0,0.0
SAM0628,2010-01-09,3,0,0,0,3,3,0,0.0
SAM0628,2010-01-11,3,0,0,0,3,3,0,0.0
SAM0628,2010-01-12,4,0,0,0,3,4,0,0.0
SAM0628,2010-01-17,2,0,0,0,2,2,0,0.0
SAM0628,2010-01-19,5,0,0,0,2,5,0,0.0
SAM0628,2010-01-22,10,0,0,0,5,9,0,0.0
SAM0628,2010-01-28,5,0,0,0,3,5,0,0.0
SAM0911,2010-01-04,11,11,0,0,3,11,0,0.0
SAM0911,2010-01-05,21,21,0,0,5,21,0,0.0
SAM0911,2010-01-07,6,6,0,0,3,6,0,0.0
SAM0911,2010-01-08,4,4,0,0,3,4,0,0.0
SAM0911,2010-01-12,8,8,0,0,2,8,0,0.0
SAM0911,2010-01-13,3,3,0,0,2,3,0,0.0
SAM0911,2010-01-14,8,0,0,0,2,8,0,0.0
SAM0911,2010-01-15,12,12,0,0,4,12,0,0.0
SAM0911,2010-01-18,3,3,0,0,2,3,0,0.0
SAM0911,2010-01-19,8,8,0,0,2,8,0,0.0
SAM0911,2010-01-21,9,9,0,0,2,9,0,0.0
SAM0911,2010-01-22,8,8,0,0,3,8,0,0.0
SAM0911,2010-01-25,3,3,0,0,2,3,0,0.0
SAM0911,2010-01-26,3,2,0,0,2,3,0,0.0
SAM0911,2010-01-27,9,9,0,0,4,9,0,0.0
SAM0911,2010-01-28,16,8,0,0,4,16,0,0.0
SCC1470,2010-01-05,7,0,0,0,7,7,0,0.0
SCC1470,2010-01-06,3,0,0,0,3,3,0,0.0
SCC1470,2010-01-08,4,0,0,0,3,3,0,0.0
SCC1470,2010-01-11,4,0,0,0,4,4,0,0.0
SCC1470,2010-01-12,3,0,0,0,3,3,0,0.0
SCC1470,2010-01-14,7,0,0,0,4,6,0,0.0
SCC1470,2010-01-15,8,0,0,0,7,7,0,0.0
SCC1470,2010-01-20,1,0,0,0,1,1,0,0.0
SCC1470,2010-01-21,6,0,0,0,4,6,0,0.0
SCC1470,2010-01-27,1,0,0,0,1,1,0,0.0
SCF0430,2010-01-05,22,0,0,0,4,21,0,0.0
SCF0430,2010-01-06,26,0,0,0,12,24,0,0.0
SCF0430,2010-01-13,27,0,0,0,6,27,0,0.0
SCF0430,2010-01-14,25,0,0,0,9,19,0,0.0
SCF0430,2010-01-18,23,0,0,0,4,23,0,0.0
SCF0430,2010-01-19,23,0,0,0,6,23,0,0.0
SCF0430,2010-01-20,26,0,0,0,11,24,0,0.0
SCF0430,2010-01-21,27,0,0,0,13,23,0,0.0
SCF0430,2010-01-28,24,0,0,0,12,20,0,0.0
SCF0430,2010-01-29,15,0,0,0,4,15,0,0.0
SEO0946,2010-01-04,6,0,0,0,3,6,0,0.0
SEO0946,2010-01-05,7,1,0,0,5,5,0,0.0
SEO0946,2010-01-06,6,0,0,0,2,4,0,0.0
SEO0946,2010-01-07,11,0,0,0,2,11,0,0.0
SEO0946,2010-01-08,7,0,0,0,3,6,0,0.0
SEO0946,2010-01-11,6,0,0,0,5,6,0,0.0
SEO0946,2010-01-12,7,0,0,0,5,4,0,0.0
SEO0946,2010-01-13,3,0,0,0,3,1,0,0.0
SEO0946,2010-01-14,4,0,0,0,3,2,0,0.0
SEO0946,2010-01-15,7,2,0,0,4,1,0,0.0
SEO0946,2010-01-18,12,4,0,0,3,9,0,0.0
SEO0946,2010-01-19,11,0,0,0,4,9,0,0.0
SEO0946,2010-01-20,8,1,0,0,5,7,0,0.0
SEO0946,2010-01-21,9,5,0,0,4,3,0,0.0
SEO0946,2010-01-22,9,2,0,0,4,7,0,0.0
SEO0946,2010-01-25,10,1,0,0,7,6,0,0.0
SEO0946,2010-01-26,3,0,0,0,3,3,0,0.0
SEO0946,2010-01-27,10,0,0,0,4,6,0,0.0
SEO0946,2010-01-28,6,4,0,0,4,3,0,0.0
SFA1912,2010-01-03,27,0,0,0,6,27,0,0.0
SFA1912,2010-01-04,23,0,0,0,5,23,0,0.0
SFA1912,2010-01-06,27,0,0,0,2,27,0,0.0
SFA1912,2010-01-13,24,0,0,0,4,24,0,0.0
SFA1912,2010-01-15,27,0,0,0,8,27,0,0.0
SFA1912,2010-01-22,25,0,0,0,6,25,0,0.0
SFA1912,2010-01-24,27,0,0,0,8,27,0,0.0
SFA1912,2010-01-25,25,0,0,0,4,24,0,0.0
SFA1912,2010-01-26,25,0,0,0,7,24,0,0.0
SGN0146,2010-01-04,27,0,0,0,6,26,0,0.0
SGN0146,2010-01-05,27,0,0,0,6,24,0,0.0
SGN0146,2010-01-06,19,0,0,0,7,13,0,0.0
SGN0146,2010-01-07,26,0,0,0,12,25,0,0.0
SGN0146,2010-01-08,27,0,0,0,11,23,0,0.0
SGN0146,2010-01-11,27,0,0,0,12,22,0,0.0
SGN0146,2010-01-12,27,0,0,0,11,22,2,0.0
SGN0146,2010-01-14,23,0,0,0,8,22,0,0.0
SGN0146,2010-01-18,21,0,0,0,11,15,0,0.0
SGN0146,2010-01-19,27,0,0,0,10,21,0,0.0
SGN0146,2010-01-20,27,0,0,0,4,27,0,0.0
SGN0146,2010-01-21,26,0,0,0,9,17,1,0.0
SGN0146,2010-01-22,27,0,0,0,5,27,0,0.0
SGN0146,2010-01-25,27,0,0,0,4,27,0,0.0
SGN0146,2010-01-26,27,0,0,0,10,22,0,0.0
SGN0146,2010-01-27,27,0,0,0,4,27,0,0.0
SGN0146,2010-01-28,27,0,0,0,11,23,0,0.0
SGN0146,2010-01-29,14,0,0,0,3,14,0,0.0
SHC1499,2010-01-04,13,0,0,0,7,12,0,0.0
SHC1499,2010-01-05,7,0,0,0,5,4,0,0.0
SHC1499,2010-01-06,13,0,0,0,4,13,0,0.0
SHC1499,2010-01-07,12,0,0,0,5,10,0,0.0
SHC1499,2010-01-08,8,0,0,0,4,8,0,0.0
SHC1499,2010-01-11,10,0,0,0,1,10,0,0.0
SHC1499,2010-01-12,13,0,0,0,11,10,0,0.0
SHC1499,2010-01-14,12,0,0,0,7,10,0,0.0
SHC1499,2010-01-15,15,0,0,0,9,13,0,0.0
SHC1499,2010-01-18,13,0,0,0,8,12,0,0.0
SHC1499,2010-01-20,10,0,0,0,6,8,0,0.0
SHC1499,2010-01-21,16,0,0,0,7,16,0,0.0
SHC1499,2010-01-22,18,0,0,0,6,15,0,0.0
SHC1499,2010-01-26,13,0,0,0,4,13,0,0.0
SHC1499,2010-01-27,10,0,0,0,5,10,0,0.0
SHC1499,2010-01-28,15,0,0,0,6,13,0,0.0
SIS0042,2010-01-07,6,6,0,0,2,5,0,0.0
SIS0042,2010-01-08,2,2,0,0,2,2,0,0.0
SIS0042,2010-01-11,6,6,0,0,2,6,0,0.0
SIS0042,2010-01-12,7,7,0,0,2,7,0,0.0
SIS0042,2010-01-13,2,2,0,0,1,2,0,0.0
SIS0042,2010-01-14,5,5,0,0,1,5,0,0.0
SIS0042,2010-01-15,6,0,0,0,1,6,0,0.0
SIS0042,2010-01-18,1,1,0,0,1,1,0,0.0
SIS0042,2010-01-19,7,0,0,0,2,7,0,0.0
SIS0042,2010-01-21,9,7,0,0,1,9,0,0.0
SIS0042,2010-01-22,7,7,0,0,2,7,0,0.0
SIS0042,2010-01-25,12,12,0,0,2,12,0,0.0
SIS0042,2010-01-26,5,5,0,0,1,5,0,0.0
SIS0042,2010-01-27,3,3,0,0,1,3,0,0.0
SIS0042,2010-01-28,13,3,0,0,1,13,0,0.0
SJG0228,2010-01-14,1,0,0,0,1,1,0,0.0
SJG0228,2010-01-25,6,0,0,0,3,3,0,0.0
SKC0074,2010-01-07,4,0,0,0,4,3,0,0.0
SKC0074,2010-01-09,2,0,0,0,2,1,0,0.0
SKC0074,2010-01-15,1,0,0,0,1,1,0,0.0
SKE1251,2010-01-04,26,0,0,0,10,25,0,0.0
SKE1251,2010-01-05,27,0,0,0,8,24,0,0.0
SKE1251,2010-01-06,27,0,0,0,15,26,0,0.0
SKE1251,2010-01-07,26,0,0,0,11,26,0,0.0
SKE1251,2010-01-08,27,0,0,0,11,24,0,0.0
SKE1251,2010-01-11,25,0,0,0,13,25,0,0.0
SKE1251,2010-01-12,27,0,0,0,4,27,0,0.0
SKE1251,2010-01-13,27,0,0,0,15,25,0,0.0
SKE1251,2010-01-14,26,0,0,0,7,19,0,0.0
SKE1251,2010-01-15,23,0,0,0,10,20,0,0.0
SKE1251,2010-01-18,27,0,0,0,7,21,0,0.0
SKE1251,2010-01-19,25,2,0,0,10,23,0,0.0
SKE1251,2010-01-20,27,0,0,0,13,24,0,0.0
SKE1251,2010-01-21,26,0,0,0,4,19,0,0.0
SKE1251,2010-01-22,27,0,0,0,13,26,0,0.0
SKE1251,2010-01-25,25,0,0,0,11,24,0,0.0
SKE1251,2010-01-26,23,0,0,0,1,23,0,0.0
SKE1251,2010-01-27,26,0,0,0,8,25,0,0.0
SKE1251,2010-01-28,27,2,0,0,12,27,0,0.0
SKE1251,2010-01-29,25,0,0,0,3,25,0,0.0
SKH1910,2010-01-12,2,0,0,0,2,1,0,0.0
SKH1910,2010-01-14,2,2,0,0,2,1,0,0.0
SKH1910,2010-01-15,5,0,0,0,5,5,0,0.0
SKH1910,2010-01-25,4,0,0,0,3,4,0,0.0
SKH1910,2010-01-26,3,0,0,0,3,3,0,0.0
SKH1910,2010-01-29,1,0,0,0,1,1,0,0.0
SKW0066,2010-01-09,1,0,0,0,1,1,0,0.0
SKW0066,2010-01-23,3,0,0,0,3,2,0,0.0
SKW0066,2010-01-28,4,0,0,0,3,4,0,0.0
SMK1323,2010-01-04,27,2,0,0,11,25,0,0.0
SMK1323,2010-01-05,15,0,0,0,8,12,0,0.0
SMK1323,2010-01-06,26,9,0,0,8,14,0,0.0
SMK1323,2010-01-07,22,0,0,0,7,11,0,0.0
SMK1323,2010-01-08,23,8,0,0,6,16,0,0.0
SMK1323,2010-01-11,25,2,0,0,11,18,0,0.0
SMK1323,2010-01-12,26,0,0,0,13,14,0,0.0
SMK1323,2010-01-13,27,0,0,0,9,10,0,0.0
SMK1323,2010-01-14,27,1,0,0,9,15,0,0.0
SMK1323,2010-01-15,23,3,0,0,11,15,0,0.0
SMK1323,2010-01-18,24,0,0,0,10,17,0,0.0
SMK1323,2010-01-19,25,2,0,0,11,16,0,0.0
SMK1323,2010-01-20,19,3,0,0,7,12,0,0.0
SMK1323,2010-01-21,25,0,0,0,3,1,0,0.0
SMK1323,2010-01-22,19,1,0,0,9,17,0,0.0
SMK1323,2010-01-25,27,0,0,0,7,27,0,0.0
SMK1323,2010-01-26,24,2,0,0,6,23,0,0.0
SMK1323,2010-01-27,26,2,0,0,7,10,0,0.0
SMK1323,2010-01-28,25,0,0,0,3,14,0,0.0
SMK1323,2010-01-29,5,0,0,0,3,5,0,0.0
SMN0397,2010-01-07,6,0,0,0,4,6,0,0.0
SMN0397,2010-01-18,3,0,0,0,3,2,0,0.0
SMN0397,2010-01-19,6,0,0,0,5,5,1,0.0
SMN0397,2010-01-28,2,0,0,0,1,2,0,0.0
SMW1131,2010-01-04,14,14,0,0,7,9,0,0.0
SMW1131,2010-01-05,9,8,0,0,5,8,0,0.0
SMW1131,2010-01-06,13,9,0,0,6,9,0,0.0
SMW1131,2010-01-07,12,12,0,0,4,11,0,0.0
SMW1131,2010-01-08,18,18,0,0,8,15,0,0.0
SMW1131,2010-01-12,5,5,0,0,5,4,0,0.0
SMW1131,2010-01-14,13,13,0,0,7,10,0,0.0
SMW1131,2010-01-18,5,5,0,0,5,5,0,0.0
SMW1131,2010-01-19,7,7,0,0,6,4,0,0.0
SMW1131,2010-01-20,3,3,0,0,3,3,0,0.0
SMW1131,2010-01-21,4,4,0,0,2,2,0,0.0
SMW1131,2010-01-27,8,8,0,0,5,7,0,0.0
SMW1131,2010-01-28,6,6,0,0,5,5,0,0.0
SMW1764,2010-01-04,2,0,0,0,1,2,0,0.0
SMW1764,2010-01-05,2,0,0,0,2,2,0,0.0
SMW1764,2010-01-06,3,0,0,0,3,2,0,0.0
SMW1764,2010-01-11,3,0,0,0,2,3,0,0.0
SMW1764,2010-01-12,1,1,0,0,1,1,0,0.0
SMW1764,2010-01-14,7,1,0,0,7,6,0,0.0
SMW1764,2010-01-15,2,0,0,0,2,2,0,0.0
SMW1764,2010-01-20,6,0,0,0,4,5,0,0.0
SMW1764,2010-01-22,6,3,0,0,5,4,0,0.0
SMW1764,2010-01-25,2,2,0,0,2,2,0,0.0
SMW1764,2010-01-26,2,0,0,0,2,2,0,0.0
SMW1764,2010-01-27,3,0,0,0,3,2,0,0.0
SMW1764,2010-01-28,5,1,0,0,4,3,0,0.0
SMW1764,2010-01-29,2,0,0,0,2,1,0,0.0
SNK1280,2010-01-05,3,0,0,0,3,3,0,0.0
SNK1280,2010-01-06,1,0,0,0,1,1,0,0.0
SNK1280,2010-01-07,5,0,0,0,5,4,0,0.0
SNK1280,2010-01-13,3,0,0,0,2,3,0,0.0
SNK1280,2010-01-18,3,0,0,0,2,3,0,0.0
SNK1280,2010-01-20,3,0,0,0,2,3,0,0.0
SNK1280,2010-01-21,5,0,0,0,4,5,0,0.0
SNK1280,2010-01-22,3,0,0,0,3,2,0,0.0
SNK1280,2010-01-25,5,0,0,0,4,5,0,0.0
SNK1280,2010-01-26,4,0,0,0,3,4,0,0.0
SNK1280,2010-01-28,1,0,0,0,1,1,0,0.0
SNK1280,2010-01-29,1,0,0,0,1,0,0,0.0
SOP1142,2010-01-04,4,0,0,0,4,4,0,0.0
SOP1142,2010-01-06,1,0,0,0,1,0,0,0.0
SOP1142,2010-01-07,5,0,0,0,3,3,0,0.0
SOP1142,2010-01-08,4,0,0,0,3,4,0,0.0
SOP1142,2010-01-11,3,0,0,0,3,1,0,0.0
SOP1142,2010-01-14,2,0,0,0,2,2,0,0.0
SOP1142,2010-01-18,2,0,0,0,1,2,0,0.0
SOP1142,2010-01-21,5,0,0,0,3,5,0,0.0
SOP1142,2010-01-25,3,0,0,0,3,2,0,0.0
SOP1142,2010-01-27,4,0,0,0,3,4,0,0.0
SOP1142,2010-01-28,9,0,0,0,8,9,0,0.0
SRP1576,2010-01-06,8,0,0,0,7,7,0,0.0
SRP1576,2010-01-07,6,0,0,0,4,6,0,0.0
SRP1576,2010-01-15,3,0,0,0,3,3,0,0.0
SRP1576,2010-01-18,6,0,0,0,4,6,0,0.0
SRP1576,2010-01-22,6,0,0,0,5,4,0,0.0
SRP1576,2010-01-28,2,0,0,0,2,1,0,0.0
SSS1057,2010-01-05,27,0,0,0,9,16,0,0.0
SSS1057,2010-01-06,27,0,0,0,9,23,0,0.0
SSS1057,2010-01-07,24,0,0,0,5,14,0,0.0
SSS1057,2010-01-08,27,0,0,0,10,18,0,0.0
SSS1057,2010-01-13,23,0,0,0,9,17,0,0.0
SSS1057,2010-01-18,26,0,0,0,7,17,0,0.0
SSS1057,2010-01-19,27,0,0,0,7,22,0,0.0
SSS1057,2010-01-22,26,0,0,0,6,14,0,0.0
SSS1057,2010-01-26,24,0,0,0,9,16,0,0.0
SSS1057,2010-01-27,27,0,0,0,7,20,0,0.0
SSS1057,2010-01-29,16,0,0,0,7,12,0,0.0
SSS1129,2010-01-04,5,0,0,0,2,5,0,0.0
SSS1129,2010-01-05,11,8,0,0,1,11,0,0.0
SSS1129,2010-01-06,8,8,0,0,1,8,0,0.0
SSS1129,2010-01-08,17,17,0,0,2,17,0,0.0
SSS1129,2010-01-11,7,7,0,0,1,7,0,0.0
SSS1129,2010-01-12,26,26,0,0,1,26,0,0.0
SSS1129,2010-01-13,16,7,0,0,1,16,0,0.0
SSS1129,2010-01-14,5,5,0,0,1,5,0,0.0
SSS1129,2010-01-17,7,7,0,0,2,6,0,0.0
SSS1129,2010-01-18,1,1,0,0,1,1,0,0.0
SSS1129,2010-01-19,2,2,0,0,2,1,0,0.0
SSS1129,2010-01-20,8,8,0,0,1,8,0,0.0
SSS1129,2010-01-21,1,1,0,0,1,1,0,0.0
SSS1129,2010-01-22,9,9,0,0,4,8,0,0.0
SSS1129,2010-01-25,5,5,0,0,1,5,0,0.0
SSS1129,2010-01-26,10,0,0,0,2,10,0,0.0
SSS1129,2010-01-27,10,10,0,0,3,10,0,0.0
SSS1683,2010-01-04,27,0,0,0,2,27,0,0.0
SSS1683,2010-01-05,26,0,0,0,7,23,0,0.0
SSS1683,2010-01-06,24,3,0,0,8,24,0,0.0
SSS1683,2010-01-07,26,0,0,0,11,20,3,0.0
SSS1683,2010-01-08,27,0,0,0,10,19,6,0.0
SSS1683,2010-01-11,27,0,0,0,11,26,1,0.0
SSS1683,2010-01-12,27,0,0,0,2,27,0,0.0
SSS1683,2010-01-13,24,0,0,0,7,22,0,0.0
SSS1683,2010-01-14,23,0,0,0,9,17,4,0.0
SSS1683,2010-01-15,13,0,0,0,7,12,0,0.0
SSS1683,2010-01-18,27,0,0,0,9,27,0,0.0
SSS1683,2010-01-19,26,0,0,0,10,23,1,0.0
SSS1683,2010-01-20,23,0,0,0,10,21,1,0.0
SSS1683,2010-01-21,24,0,0,0,6,18,0,0.0
SSS1683,2010-01-22,27,5,0,0,10,23,4,0.0
SSS1683,2010-01-25,18,0,0,0,7,15,0,0.0
SSS1683,2010-01-26,27,0,0,0,10,26,0,0.0
SSS1683,2010-01-27,27,0,0,0,7,27,0,0.0
SSS1683,2010-01-28,27,0,0,0,6,26,1,0.0
SSS1683,2010-01-29,10,0,0,0,4,9,0,0.0
SVB0209,2010-01-04,5,1,0,0,4,3,0,0.0
SVB0209,2010-01-05,2,0,0,0,1,2,0,0.0
SVB0209,2010-01-07,1,0,0,0,1,1,0,0.0
SVB0209,2010-01-11,6,1,0,0,5,5,0,0.0
SVB0209,2010-01-12,3,0,0,0,2,3,0,0.0
SVB0209,2010-01-13,2,2,0,0,1,2,0,0.0
SVB0209,2010-01-19,4,0,0,0,3,2,0,0.0
SVB0209,2010-01-20,10,1,0,0,6,9,0,0.0
SVB0209,2010-01-22,1,0,0,0,1,1,0,0.0
SVB0209,2010-01-25,9,1,0,0,3,8,0,0.0
SVB0209,2010-01-26,5,1,0,0,5,3,0,0.0
SVB0209,2010-01-27,1,0,0,0,1,0,0,0.0
SWM1653,2010-01-04,4,0,0,0,2,4,0,0.0
SWM1653,2010-01-05,5,0,0,0,4,5,0,0.0
SWM1653,2010-01-06,7,0,0,0,5,6,0,0.0
SWM1653,2010-01-07,3,0,0,0,1,3,0,0.0
SWM1653,2010-01-08,5,0,0,0,3,5,0,0.0
SWM1653,2010-01-11,5,0,0,0,4,4,0,0.0
SWM1653,2010-01-12,6,0,0,0,5,6,0,0.0
SWM1653,2010-01-13,3,0,0,0,3,3,0,0.0
SWM1653,2010-01-15,1,0,0,0,1,1,0,0.0
SWM1653,2010-01-19,4,0,0,0,3,4,0,0.0
SWM1653,2010-01-20,5,0,0,0,4,5,0,0.0
SWM1653,2010-01-21,4,0,0,0,4,4,0,0.0
SWM1653,2010-01-22,1,0,0,0,1,1,0,0.0
SWM1653,2010-01-25,2,0,0,0,1,2,0,0.0
SWM1653,2010-01-26,2,0,0,0,2,2,0,0.0
SWM1653,2010-01-28,2,0,0,0,1,2,0,0.0
TAW0689,2010-01-04,2,2,0,0,2,2,0,0.0
TAW0689,2010-01-05,17,17,0,0,5,17,0,0.0
TAW0689,2010-01-06,9,9,0,0,5,9,0,0.0
TAW0689,2010-01-07,5,5,0,0,2,5,0,0.0
TAW0689,2010-01-08,5,5,0,0,3,5,0,0.0
TAW0689,2010-01-11,6,0,0,0,3,6,0,0.0
TAW0689,2010-01-12,9,9,0,0,5,8,0,0.0
TAW0689,2010-01-13,6,6,0,0,3,6,0,0.0
TAW0689,2010-01-14,2,2,0,0,2,2,0,0.0
TAW0689,2010-01-15,15,15,0,0,4,15,0,0.0
TAW0689,2010-01-18,6,6,0,0,3,6,0,0.0
TAW0689,2010-01-20,1,1,0,0,1,1,0,0.0
TAW0689,2010-01-21,9,9,0,0,3,9,0,0.0
TAW0689,2010-01-22,1,1,0,0,1,1,0,0.0
TAW0689,2010-01-25,4,4,0,0,4,4,0,0.0
TAW0689,2010-01-26,5,5,0,0,3,5,0,0.0
TAW0689,2010-01-27,10,10,0,0,3,10,0,0.0
TBA0283,2010-01-05,4,0,0,0,2,1,3,0.0
TBA0283,2010-01-08,4,0,0,0,3,4,0,0.0
TBA0283,2010-01-12,7,7,0,0,4,6,0,0.0
TBA0283,2010-01-13,4,0,0,0,4,3,1,0.0
TBA0283,2010-01-15,4,0,0,0,3,4,0,0.0
TBA0283,2010-01-19,3,0,0,0,2,3,0,0.0
TBA0283,2010-01-22,3,0,0,0,3,2,0,0.0
TBA0283,2010-01-26,5,3,0,0,5,3,1,0.0
TBA0283,2010-01-28,5,0,0,0,3,4,1,0.0
TCL0855,2010-01-04,4,0,0,0,4,1,0,0.0
TCL0855,2010-01-05,11,8,0,0,4,10,0,0.0
TCL0855,2010-01-06,12,0,0,0,5,5,0,0.0
TCL0855,2010-01-07,7,0,0,0,4,7,0,0.0
TCL0855,2010-01-08,9,0,0,0,3,5,0,0.0
TCL0855,2010-01-11,8,0,0,0,7,6,0,0.0
TCL0855,2010-01-12,8,0,0,0,5,7,0,0.0
TCL0855,2010-01-13,8,4,0,0,4,8,0,0.0
TCL0855,2010-01-14,3,0,0,0,2,0,0,0.0
TCL0855,2010-01-15,11,4,0,0,8,8,0,0.0
TCL0855,2010-01-18,10,0,0,0,5,5,0,0.0
TCL0855,2010-01-19,10,2,0,0,4,7,0,0.0
TCL0855,2010-01-20,8,0,0,0,3,8,0,0.0
TCL0855,2010-01-21,12,7,0,0,7,10,0,0.0
TCL0855,2010-01-22,14,5,0,0,6,6,0,0.0
TCL0855,2010-01-25,9,3,0,0,3,9,0,0.0
TCL0855,2010-01-26,10,3,0,0,6,9,0,0.0
TCL0855,2010-01-27,8,0,0,0,7,6,0,0.0
TCL0855,2010-01-28,6,0,0,0,6,5,0,0.0
TIH0573,2010-01-04,24,0,0,0,8,11,0,0.0
TIH0573,2010-01-06,27,0,0,0,20,20,0,0.0
TIH0573,2010-01-11,26,0,0,0,10,6,0,0.0
TIH0573,2010-01-12,27,0,0,0,8,26,0,0.0
TIH0573,2010-01-13,27,0,0,0,12,21,0,0.0
TIH0573,2010-01-20,23,23,0,0,11,20,0,0.0
TIH0573,2010-01-22,14,3,0,0,2,7,0,0.0
TLB0894,2010-01-04,13,0,0,0,7,11,0,0.0
TLB0894,2010-01-05,3,0,0,0,2,2,0,0.0
TLB0894,2010-01-06,5,0,0,0,3,1,0,0.0
TLB0894,2010-01-07,7,0,0,0,5,7,0,0.0
TLB0894,2010-01-08,5,0,0,0,1,5,0,0.0
TLB0894,2010-01-11,3,0,0,0,3,2,0,0.0
TLB0894,2010-01-12,5,0,0,0,1,5,0,0.0
TLB0894,2010-01-13,7,0,0,0,2,7,0,0.0
TLB0894,2010-01-14,2,0,0,0,2,2,0,0.0
TLB0894,2010-01-15,11,0,0,0,4,11,0,0.0
TLB0894,2010-01-18,6,2,0,0,4,3,0,0.0
TLB0894,2010-01-19,4,0,0,0,3,3,0,0.0
TLB0894,2010-01-20,3,0,0,0,2,3,0,0.0
TLB0894,2010-01-21,4,0,0,0,3,4,0,0.0
TLB0894,2010-01-22,7,0,0,0,4,6,0,0.0
TLB0894,2010-01-25,8,0,0,0,4,8,0,0.0
TLB0894,2010-01-26,3,0,0,0,2,1,0,0.0
TLB0894,2010-01-27,7,0,0,0,6,6,0,0.0
TLB0894,2010-01-28,1,0,0,0,1,1,0,0.0
TLM0421,2010-01-17,3,0,0,0,3,3,0,0.0
TMT0851,2010-01-06,2,0,0,0,2,2,0,0.0
TMT0851,2010-01-07,4,0,0,0,4,3,0,0.0
TNB1616,2010-01-08,3,0,0,0,3,2,0,0.0
TNB1616,2010-01-11,5,0,0,0,3,5,0,0.0
TNB1616,2010-01-13,5,0,0,0,2,5,0,0.0
TNB1616,2010-01-20,2,0,0,0,1,2,0,0.0
TNB1616,2010-01-25,1,1,0,0,1,1,0,0.0
TNB1616,2010-01-26,3,0,0,0,2,3,0,0.0
TRC1838,2010-01-04,1,0,0,0,1,0,1,0.0
TRC1838,2010-01-05,2,0,0,0,1,2,0,0.0
TRC1838,2010-01-06,2,0,0,0,1,2,0,0.0
TRC1838,2010-01-08,4,0,0,0,3,4,0,0.0
TRC1838,2010-01-13,4,0,0,0,2,4,0,0.0
TRC1838,2010-01-14,5,0,0,0,5,4,0,0.0
TRC1838,2010-01-15,4,0,0,0,3,4,0,0.0
TRC1838,2010-01-18,2,0,0,0,2,1,1,0.0
TRC1838,2010-01-21,2,0,0,0,2,2,0,0.0
TRC1838,2010-01-22,4,0,0,0,4,3,0,0.0
TRC1838,2010-01-26,5,0,0,0,4,5,0,0.0
TRC1838,2010-01-28,2,0,0,0,2,2,0,0.0
TSG0262,2010-01-02,21,0,0,0,4,8,0,0.0
TSG0262,2010-01-05,27,0,0,0,7,21,0,0.0
TSG0262,2010-01-06,21,0,0,0,7,16,0,0.0
TSG0262,2010-01-07,26,0,0,0,7,24,0,0.0
TSG0262,2010-01-09,22,0,0,0,3,21,0,0.0
TSG0262,2010-01-19,27,0,0,0,7,22,0,0.0
TSG0262,2010-01-22,25,0,0,0,2,25,0,0.0
TSG0262,2010-01-25,23,0,0,0,5,23,0,0.0
TSG0262,2010-01-27,19,0,0,0,2,18,0,0.0
TSG0262,2010-01-28,23,0,0,0,6,12,0,0.0
TSG0262,2010-01-29,26,0,0,0,4,26,0,0.0
USW1994,2010-01-04,23,0,0,0,8,18,0,0.0
USW1994,2010-01-05,25,5,0,0,8,17,0,0.0
USW1994,2010-01-06,26,9,0,0,9,23,3,0.0
USW1994,2010-01-07,23,8,0,0,11,22,0,0.0
USW1994,2010-01-08,24,3,0,0,9,23,0,0.0
USW1994,2010-01-11,25,3,0,0,8,23,0,0.0
USW1994,2010-01-12,23,3,0,0,16,18,0,0.0
USW1994,2010-01-13,21,5,0,0,10,16,0,0.0
USW1994,2010-01-14,27,0,0,0,12,22,0,0.0
USW1994,2010-01-15,27,0,0,0,10,21,0,0.0
USW1994,2010-01-18,27,13,0,0,7,22,0,0.0
USW1994,2010-01-19,17,2,0,0,8,16,0,0.0
USW1994,2010-01-20,21,0,0,0,11,18,2,0.0
USW1994,2010-01-21,24,0,0,0,7,20,0,0.0
USW1994,2010-01-22,22,0,0,0,10,11,0,0.0
USW1994,2010-01-25,19,8,0,0,6,15,0,0.0
USW1994,2010-01-26,24,18,0,0,9,15,0,0.0
USW1994,2010-01-27,26,7,0,0,8,15,0,0.0
USW1994,2010-01-28,20,0,0,0,11,14,1,0.0
USW1994,2010-01-29,12,0,0,0,3,12,0,0.0
VCF1602,2010-01-03,3,0,0,0,3,2,0,0.0
VCF1602,2010-01-05,5,0,0,0,5,3,0,0.0
VCF1602,2010-01-08,5,0,0,0,5,4,0,0.0
VCF1602,2010-01-09,2,0,0,0,1,2,0,0.0
VCF1602,2010-01-11,4,0,0,0,3,4,0,0.0
VCF1602,2010-01-12,5,0,0,0,5,5,0,0.0
VCF1602,2010-01-13,5,1,0,0,5,4,0,0.0
VCF1602,2010-01-15,2,0,0,0,2,2,0,0.0
VCF1602,2010-01-17,2,0,0,0,2,2,0,0.0
VCF1602,2010-01-18,3,0,0,0,3,3,0,0.0
VCF1602,2010-01-22,5,2,0,0,3,5,0,0.0
VCF1602,2010-01-23,3,2,0,0,3,3,0,0.0
VCF1602,2010-01-24,1,0,0,0,1,1,0,0.0
VCF1602,2010-01-26,1,1,0,0,1,1,0,0.0
VCF1602,2010-01-27,3,0,0,0,3,2,0,0.0
VCF1602,2010-01-28,2,0,0,0,2,2,0,0.0
VCM0992,2010-01-08,1,0,0,0,1,1,0,0.0
VCM0992,2010-01-13,3,0,0,0,2,3,0,0.0
VCM0992,2010-01-21,6,2,0,0,3,6,0,0.0
VCM0992,2010-01-22,5,0,0,0,1,5,0,0.0
VCM0992,2010-01-25,5,0,0,0,4,3,0,0.0
VFA1284,2010-01-04,25,0,0,0,3,25,0,0.0
VFA1284,2010-01-05,26,0,0,0,4,26,0,0.0
VFA1284,2010-01-06,27,0,0,0,7,26,0,0.0
VFA1284,2010-01-07,21,0,0,0,7,18,0,0.0
VFA1284,2010-01-08,25,0,0,0,6,17,0,0.0
VFA1284,2010-01-11,27,0,0,0,8,26,0,0.0
VFA1284,2010-01-12,20,0,0,0,3,20,0,0.0
VFA1284,2010-01-13,24,0,0,0,7,24,0,0.0
VFA1284,2010-01-14,23,0,0,0,5,18,0,0.0
VFA1284,2010-01-15,22,0,0,0,5,22,0,0.0
VFA1284,2010-01-18,24,0,0,0,7,24,0,0.0
VFA1284,2010-01-19,27,0,0,0,8,26,0,0.0
VFA1284,2010-01-20,26,0,0,0,4,23,0,0.0
VFA1284,2010-01-21,17,0,0,0,6,17,0,0.0
VFA1284,2010-01-22,23,0,0,0,6,22,0,0.0
VFA1284,2010-01-25,25,0,0,0,11,24,0,0.0
VFA1284,2010-01-26,23,0,0,0,7,20,0,0.0
VFA1284,2010-01-27,24,2,0,0,6,21,0,0.0
VFA1284,2010-01-28,16,0,0,0,5,16,0,0.0
VFA1284,2010-01-29,22,0,0,0,3,22,0,0.0
VMP1252,2010-01-08,4,0,0,0,4,3,0,0.0
VMP1252,2010-01-14,2,0,0,0,2,2,0,0.0
VMP1252,2010-01-15,3,0,0,0,2,0,0,0.0
VMP1252,2010-01-22,4,0,0,0,2,4,0,0.0
VMP1252,2010-01-27,4,0,0,0,4,3,0,0.0
VRP0267,2010-01-02,3,3,0,0,3,3,0,0.0
VRP0267,2010-01-03,6,0,0,0,2,6,0,0.0
VRP0267,2010-01-04,1,1,0,0,1,0,0,0.0
VRP0267,2010-01-07,11,11,0,0,2,11,0,0.0
VRP0267,2010-01-08,17,17,0,0,3,17,0,0.0
VRP0267,2010-01-10,5,5,0,0,2,5,0,0.0
VRP0267,2010-01-11,9,9,0,0,3,9,0,0.0
VRP0267,2010-01-12,3,3,0,0,2,3,0,0.0
VRP0267,2010-01-13,5,5,0,0,2,5,0,0.0
VRP0267,2010-01-15,2,2,0,0,2,2,0,0.0
VRP0267,2010-01-16,21,15,0,0,3,21,0,0.0
VRP0267,2010-01-17,12,3,0,0,4,12,0,0.0
VRP0267,2010-01-18,14,14,0,0,2,14,0,0.0
VRP0267,2010-01-19,9,7,0,0,3,9,0,0.0
VRP0267,2010-01-20,6,6,0,0,3,6,0,0.0
VRP0267,2010-01-21,5,5,0,0,3,5,0,0.0
VRP0267,2010-01-22,5,5,0,0,2,5,0,0.0
VRP0267,2010-01-23,4,3,0,0,2,4,0,0.0
VRP0267,2010-01-24,11,8,0,0,3,11,0,0.0
VRP0267,2010-01-25,3,3,0,0,2,3,0,0.0
VRP0267,2010-01-27,23,23,0,0,6,23,0,0.0
VRP0267,2010-01-28,13,10,0,0,2,13,0,0.0
VRP0267,2010-01-29,8,8,0,0,2,8,0,0.0
VSH1899,2010-01-11,2,0,0,0,2,2,0,0.0
VSH1899,2010-01-12,1,0,0,0,1,1,0,0.0
VSH1899,2010-01-14,4,3,0,0,2,4,0,0.0
VSH1899,2010-01-15,2,2,0,0,2,2,0,0.0
VSH1899,2010-01-18,9,4,0,0,6,8,0,0.0
VSH1899,2010-01-20,8,1,0,0,6,6,0,0.0
VSH1899,2010-01-21,5,0,0,0,5,3,0,0.0
VSH1899,2010-01-22,4,0,0,0,4,3,0,0.0
VSH1899,2010-01-25,2,2,0,0,2,2,0,0.0
VSH1899,2010-01-26,5,2,0,0,5,3,0,0.0
VSH1899,2010-01-28,2,0,0,0,2,1,0,0.0
WBK1077,2010-01-04,4,0,0,0,3,2,0,0.0
WBK1077,2010-01-05,4,0,0,0,3,3,0,0.0
WBK1077,2010-01-14,1,0,0,0,1,0,0,0.0
WBK1077,2010-01-15,1,0,0,0,1,1,0,0.0
WBK1077,2010-01-20,4,0,0,0,3,4,0,0.0
WBK1077,2010-01-21,1,0,0,0,1,0,0,0.0
WBK1077,2010-01-25,4,0,0,0,4,2,0,0.0
WBK1077,2010-01-26,1,0,0,0,1,1,0,0.0
WBK1077,2010-01-28,3,0,0,0,2,3,0,0.0
WCN0261,2010-01-04,27,0,0,0,8,25,1,0.0
WCN0261,2010-01-05,21,0,0,0,2,4,0,0.0
WCN0261,2010-01-06,26,0,0,0,9,23,0,0.0
WCN0261,2010-01-07,19,0,0,0,6,10,0,0.0
WCN0261,2010-01-08,21,0,0,0,7,18,0,0.0
WCN0261,2010-01-11,26,0,0,0,3,4,0,0.0
WCN0261,2010-01-12,18,0,0,0,4,12,0,0.0
WCN0261,2010-01-13,18,0,0,0,5,15,0,0.0
WCN0261,2010-01-14,25,0,0,0,8,22,0,0.0
WCN0261,2010-01-15,17,0,0,0,4,5,0,0.0
WCN0261,2010-01-18,18,0,0,0,6,17,0,0.0
WCN0261,2010-01-19,16,0,0,0,7,14,0,0.0
WCN0261,2010-01-20,20,0,0,0,4,2,0,0.0
WCN0261,2010-01-21,20,0,0,0,3,9,0,0.0
WCN0261,2010-01-22,27,0,0,0,9,14,0,0.0
WCN0261,2010-01-25,20,0,0,0,6,12,0,0.0
WCN0261,2010-01-26,15,2,0,0,2,4,0,0.0
WCN0261,2010-01-27,21,0,0,0,9,19,0,0.0
WCN0261,2010-01-28,25,0,0,0,6,19,0,0.0
WCN0261,2010-01-29,11,0,0,0,3,11,0,0.0
WDS1286,2010-01-07,2,0,0,0,2,2,0,0.0
WDT1634,2010-01-05,4,0,0,0,3,4,0,0.0
WDT1634,2010-01-06,2,0,0,0,1,2,0,0.0
WDT1634,2010-01-07,5,0,0,0,4,5,0,0.0
WDT1634,2010-01-08,4,0,0,0,3,3,0,0.0
WDT1634,2010-01-12,5,0,0,0,3,3,0,0.0
WDT1634,2010-01-13,1,0,0,0,1,1,0,0.0
WDT1634,2010-01-14,5,0,0,0,4,4,0,0.0
WDT1634,2010-01-18,1,0,0,0,1,1,0,0.0
WDT1634,2010-01-20,2,0,0,0,1,2,0,0.0
WDT1634,2010-01-21,5,0,0,0,4,5,0,0.0
WDT1634,2010-01-22,3,0,0,0,2,2,0,0.0
WDT1634,2010-01-25,2,0,0,0,1,2,0,0.0
WDT1634,2010-01-28,5,0,0,0,3,4,0,0.0
WIR1720,2010-01-03,3,0,0,0,2,3,0,0.0
WIR1720,2010-01-05,6,0,0,0,3,5,0,0.0
WIR1720,2010-01-06,2,0,0,0,2,2,0,0.0
WIR1720,2010-01-07,4,0,0,0,3,4,0,0.0
WIR1720,2010-01-08,3,0,0,0,3,1,0,0.0
WIR1720,2010-01-10,1,0,0,0,1,0,0,0.0
WIR1720,2010-01-11,4,0,0,0,2,4,0,0.0
WIR1720,2010-01-12,3,0,0,0,2,3,0,0.0
WIR1720,2010-01-13,3,2,0,0,1,3,0,0.0
WIR1720,2010-01-14,5,0,0,0,5,5,0,0.0
WIR1720,2010-01-15,7,0,0,0,5,3,0,0.0
WIR1720,2010-01-16,6,0,0,0,4,5,0,0.0
WIR1720,2010-01-18,2,0,0,0,2,2,0,0.0
WIR1720,2010-01-19,5,0,0,0,4,3,0,0.0
WIR1720,2010-01-21,6,0,0,0,2,1,0,0.0
WIR1720,2010-01-22,4,0,0,0,3,4,0,0.0
WIR1720,2010-01-24,5,0,0,0,4,5,0,0.0
WIR1720,2010-01-25,5,4,0,0,2,3,0,0.0
WIR1720,2010-01-26,2,0,0,0,2,2,0,0.0
WIR1720,2010-01-27,7,0,0,0,3,7,0,0.0
WIR1720,2010-01-28,5,0,0,0,3,5,0,0.0
WIR1720,2010-01-29,1,0,0,0,1,1,0,0.0
WJM1922,2010-01-06,4,0,0,0,2,1,0,0.0
WJM1922,2010-01-11,5,2,0,0,3,5,0,0.0
WJM1922,2010-01-15,6,5,0,0,5,6,0,0.0
WJM1922,2010-01-19,7,3,0,0,4,7,0,0.0
WJM1922,2010-01-20,11,9,0,0,6,6,0,0.0
WJM1922,2010-01-21,6,0,0,0,4,5,0,0.0
WJM1922,2010-01-26,2,0,0,0,2,1,0,0.0
WLP0123,2010-01-04,9,2,0,0,6,8,0,0.0
WLP0123,2010-01-05,11,3,0,0,4,11,0,0.0
WLP0123,2010-01-06,8,1,0,0,7,7,0,0.0
WLP0123,2010-01-07,10,0,0,0,10,8,0,0.0
WLP0123,2010-01-08,8,1,0,0,7,7,0,0.0
WLP0123,2010-01-11,7,4,0,0,6,5,0,0.0
WLP0123,2010-01-12,8,0,0,0,6,6,0,0.0
WLP0123,2010-01-13,10,6,0,0,6,8,0,0.0
WLP0123,2010-01-14,10,1,0,0,7,6,0,0.0
WLP0123,2010-01-15,12,3,0,0,10,10,0,0.0
WLP0123,2010-01-18,5,0,0,0,4,4,0,0.0
WLP0123,2010-01-19,9,0,0,0,9,8,0,0.0
WLP0123,2010-01-20,10,7,0,0,7,10,0,0.0
WLP0123,2010-01-21,15,0,0,0,5,15,0,0.0
WLP0123,2010-01-22,13,0,0,0,4,13,0,0.0
WLP0123,2010-01-25,13,1,0,0,5,13,0,0.0
WLP0123,2010-01-26,8,0,0,0,6,7,0,0.0
WLP0123,2010-01-27,7,3,0,0,6,5,0,0.0
WLP0123,2010-01-28,7,3,0,0,4,7,0,0.0
WLP0123,2010-01-29,2,0,0,0,1,2,0,0.0
WTC0699,2010-01-03,27,6,0,0,15,24,0,0.0
WTC0699,2010-01-04,22,16,0,0,14,16,0,0.0
WTC0699,2010-01-05,25,0,0,0,12,22,0,0.0
WTC0699,2010-01-06,27,11,0,0,8,21,0,0.0
WTC0699,2010-01-07,22,5,0,0,12,20,0,0.0
WTC0699,2010-01-08,20,4,0,0,7,11,0,0.0
WTC0699,2010-01-10,26,8,0,0,7,9,0,0.0
WTC0699,2010-01-11,27,11,0,0,7,26,0,0.0
WTC0699,2010-01-12,25,4,0,0,13,20,0,0.0
WTC0699,2010-01-13,25,3,0,0,13,19,0,0.0
WTC0699,2010-01-14,24,4,0,0,14,20,0,0.0
WTC0699,2010-01-15,23,2,0,0,9,18,0,0.0
WTC0699,2010-01-18,27,20,0,0,10,18,0,0.0
WTC0699,2010-01-19,26,6,0,0,13,20,0,0.0
WTC0699,2010-01-20,23,2,0,0,11,16,0,0.0
WTC0699,2010-01-21,22,12,0,0,8,22,0,0.0
WTC0699,2010-01-22,22,10,0,0,13,19,0,0.0
WTC0699,2010-01-24,22,0,0,0,11,20,0,0.0
WTC0699,2010-01-25,24,0,0,0,11,18,0,0.0
WTC0699,2010-01-26,22,7,0,0,9,15,0,0.0
WTC0699,2010-01-27,24,4,0,0,12,19,0,0.0
WTC0699,2010-01-28,27,9,0,0,9,19,0,0.0
WTC0699,2010-01-29,4,0,0,0,2,4,0,0.0
XMG1579,2010-01-04,7,0,0,0,6,6,0,0.0
XMG1579,2010-01-05,4,0,0,0,3,3,0,0.0
XMG1579,2010-01-06,1,0,0,0,1,1,0,0.0
XMG1579,2010-01-07,10,0,0,0,4,9,0,0.0
XMG1579,2010-01-08,4,0,0,0,2,4,0,0.0
XMG1579,2010-01-11,4,0,0,0,4,3,0,0.0
XMG1579,2010-01-12,6,1,0,0,3,5,0,0.0
XMG1579,2010-01-13,5,0,0,0,2,5,0,0.0
XMG1579,2010-01-14,4,0,0,0,2,4,0,0.0
XMG1579,2010-01-15,7,0,0,0,2,2,0,0.0
XMG1579,2010-01-18,2,0,0,0,1,2,0,0.0
XMG1579,2010-01-19,4,0,0,0,1,4,0,0.0
XMG1579,2010-01-20,4,3,0,0,3,2,0,0.0
XMG1579,2010-01-21,6,0,0,0,3,6,0,0.0
XMG1579,2010-01-22,4,0,0,0,3,4,0,0.0
XMG1579,2010-01-26,5,0,0,0,3,5,0,0.0
XMG1579,2010-01-27,3,3,0,0,2,3,0,0.0
XMG1579,2010-01-28,7,1,0,0,3,7,0,0.0
XNC1338,2010-01-02,2,0,0,0,2,1,0,0.0
XNC1338,2010-01-05,2,0,0,0,2,2,0,0.0
XNC1338,2010-01-06,2,0,0,0,2,2,0,0.0
XNC1338,2010-01-10,3,0,0,0,3,3,0,0.0
XNC1338,2010-01-11,3,0,0,0,3,3,0,0.0
XNC1338,2010-01-13,8,0,0,0,6,6,1,0.0
XNC1338,2010-01-15,4,0,0,0,3,2,0,0.0
XNC1338,2010-01-16,5,0,0,0,4,4,0,0.0
XNC1338,2010-01-18,7,0,0,0,4,6,0,0.0
XNC1338,2010-01-21,2,0,0,0,2,2,0,0.0
XNC1338,2010-01-22,3,0,0,0,3,3,0,0.0
XNC1338,2010-01-23,2,0,0,0,1,2,0,0.0
XNC1338,2010-01-24,2,0,0,0,1,0,0,0.0
XNC1338,2010-01-27,1,0,0,0,1,1,0,0.0
XNC1338,2010-01-28,3,0,0,0,1,3,0,0.0
YBH0948,2010-01-06,7,0,0,0,4,7,0,0.0
YBH0948,2010-01-07,3,0,0,0,2,1,0,0.0
YBH0948,2010-01-08,7,0,0,0,2,1,0,0.0
YBH0948,2010-01-12,3,1,0,0,3,3,0,0.0
YBH0948,2010-01-13,2,0,0,0,2,2,0,0.0
YBH0948,2010-01-15,4,4,0,0,2,2,0,0.0
YBH0948,2010-01-19,8,0,0,0,2,8,0,0.0
YBH0948,2010-01-20,4,1,0,0,2,3,0,0.0
YBH0948,2010-01-21,5,1,0,0,4,3,0,0.0
YBH0948,2010-01-22,1,0,0,0,1,1,0,0.0
YBH0948,2010-01-25,1,0,0,0,1,1,0,0.0
YBH0948,2010-01-26,3,0,0,0,3,3,0,0.0
YBH0948,2010-01-27,4,0,0,0,4,4,0,0.0
YBH0948,2010-01-28,6,0,0,0,6,6,0,0.0
YBH0948,2010-01-29,5,0,0,0,5,5,0,0.0
YCC0119,2010-01-04,4,0,0,0,2,3,0,0.0
YCC0119,2010-01-05,6,0,0,0,3,2,0,0.0
YCC0119,2010-01-07,3,0,0,0,2,0,0,0.0
YCC0119,2010-01-08,2,0,0,0,2,1,0,0.0
YCC0119,2010-01-13,4,0,0,0,3,4,0,0.0
YCC0119,2010-01-14,1,0,0,0,1,0,0,0.0
YCC0119,2010-01-18,4,0,0,0,2,3,0,0.0
YCC0119,2010-01-19,6,0,0,0,5,5,0,0.0
YCC0119,2010-01-25,7,0,0,0,2,5,0,0.0
YCC0119,2010-01-27,4,0,0,0,3,3,0,0.0
YCC0119,2010-01-28,7,0,0,0,4,7,0,0.0
YCC0119,2010-01-29,2,0,0,0,2,1,0,0.0
YHO0982,2010-01-05,1,0,0,0,1,1,0,0.0
YHO0982,2010-01-06,3,0,0,0,3,3,0,0.0
YHO0982,2010-01-08,2,0,0,0,2,1,0,0.0
YHO0982,2010-01-11,4,0,0,0,4,4,0,0.0
YHO0982,2010-01-12,10,8,0,0,7,10,0,0.0
YHO0982,2010-01-13,8,0,0,0,5,8,0,0.0
YHO0982,2010-01-14,5,0,0,0,3,5,0,0.0
YHO0982,2010-01-19,1,0,0,0,1,1,0,0.0
YHO0982,2010-01-22,5,0,0,0,4,5,0,0.0
YHO0982,2010-01-26,8,0,0,0,4,8,0,0.0
YHO0982,2010-01-27,6,0,0,0,3,6,0,0.0
YHO0982,2010-01-28,5,0,0,0,2,5,0,0.0
YIN0342,2010-01-04,10,0,0,0,8,10,0,0.0
YIN0342,2010-01-05,8,0,0,0,6,8,0,0.0
YIN0342,2010-01-06,11,0,0,0,11,9,0,0.0
YIN0342,2010-01-07,4,0,0,0,4,4,0,0.0
YIN0342,2010-01-08,9,0,0,0,7,6,0,0.0
YIN0342,2010-01-11,6,0,0,0,6,6,0,0.0
YIN0342,2010-01-12,11,0,0,0,9,9,0,0.0
YIN0342,2010-01-13,11,0,0,0,10,9,0,0.0
YIN0342,2010-01-14,14,0,0,0,12,10,0,0.0
YIN0342,2010-01-18,7,0,0,0,6,5,0,0.0
YIN0342,2010-01-19,8,0,0,0,6,8,0,0.0
YIN0342,2010-01-20,7,0,0,0,5,6,0,0.0
YIN0342,2010-01-21,11,0,0,0,10,8,0,0.0
YIN0342,2010-01-22,7,0,0,0,6,6,0,0.0
YIN0342,2010-01-25,7,0,0,0,6,5,0,0.0
YIN0342,2010-01-26,7,0,0,0,5,4,0,0.0
YIN0342,2010-01-27,17,0,0,0,12,16,0,0.0
YIN0342,2010-01-28,9,0,0,0,7,6,0,0.0
YIN0342,2010-01-29,4,0,0,0,4,4,0,0.0
YJB0171,2010-01-05,26,0,0,0,6,25,1,0.0
YJB0171,2010-01-07,26,0,0,0,5,26,0,0.0
YJB0171,2010-01-17,23,0,0,0,6,23,0,0.0
YJB0171,2010-01-26,25,0,0,0,8,25,0,0.0
YJB0171,2010-01-28,24,0,0,0,10,23,0,0.0
YNO0103,2010-01-14,6,0,0,0,3,6,0,0.0
YNO0103,2010-01-19,6,0,0,0,5,6,0,0.0
YNO0103,2010-01-26,11,0,0,0,7,11,0,0.0
YNO0103,2010-01-27,3,0,0,0,3,3,0,0.0
YWF1562,2010-01-04,25,0,0,0,16,23,0,0.0
YWF1562,2010-01-05,21,2,0,0,12,19,0,0.0
YWF1562,2010-01-06,26,0,0,0,10,19,0,0.0
YWF1562,2010-01-07,27,1,0,0,15,24,0,0.0
YWF1562,2010-01-08,27,0,0,0,12,20,0,0.0
YWF1562,2010-01-11,24,0,0,0,10,18,0,0.0
YWF1562,2010-01-12,27,0,0,0,13,23,0,0.0
YWF1562,2010-01-13,23,0,0,0,11,21,0,0.0
YWF1562,2010-01-14,27,0,0,0,15,20,0,0.0
YWF1562,2010-01-15,26,3,0,0,9,20,0,0.0
YWF1562,2010-01-18,27,0,0,0,10,25,0,0.0
YWF1562,2010-01-19,24,0,0,0,12,19,0,0.0
YWF1562,2010-01-20,22,0,0,0,13,20,0,0.0
YWF1562,2010-01-21,23,0,0,0,12,21,0,0.0
YWF1562,2010-01-22,24,1,0,0,17,22,0,0.0
YWF1562,2010-01-25,26,0,0,0,10,21,0,0.0
YWF1562,2010-01-26,27,0,0,0,12,21,0,0.0
YWF1562,2010-01-27,27,0,0,0,17,20,0,0.0
YWF1562,2010-01-28,27,0,0,0,9,23,0,0.0
YWF1562,2010-01-29,16,0,0,0,9,15,0,0.0
ZIE0741,2010-01-04,5,0,0,0,5,3,0,0.0
ZIE0741,2010-01-06,3,0,0,0,3,2,0,0.0
ZIE0741,2010-01-07,3,0,0,0,3,1,0,0.0
ZIE0741,2010-01-08,5,1,0,0,5,4,0,0.0
ZIE0741,2010-01-13,5,1,0,0,5,5,0,0.0
ZIE0741,2010-01-14,1,0,0,0,1,0,0,0.0
ZIE0741,2010-01-15,3,0,0,0,3,2,0,0.0
ZIE0741,2010-01-18,5,0,0,0,5,4,0,0.0
ZIE0741,2010-01-19,5,0,0,0,4,3,0,0.0
ZIE0741,2010-01-22,3,0,0,0,3,2,0,0.0
ZIE0741,2010-01-25,4,0,0,0,4,4,0,0.0
ZIE0741,2010-01-27,1,0,0,0,1,0,0,0.0
ZJT1601,2010-01-04,3,0,0,0,3,2,0,0.0
ZJT1601,2010-01-08,4,0,0,0,4,3,0,0.0
ZJT1601,2010-01-13,2,0,0,0,2,2,0,0.0
ZJT1601,2010-01-14,1,0,0,0,1,1,0,0.0
ZJT1601,2010-01-19,1,0,0,0,1,0,0,0.0
ZJT1601,2010-01-21,1,1,0,0,1,0,0,0.0
ZJT1601,2010-01-22,2,0,0,0,2,1,0,0.0
ZJT1601,2010-01-26,6,2,0,0,5,5,0,0.0
ZJT1601,2010-01-27,6,1,0,0,5,3,0,0.0
ZJT1601,2010-01-29,2,0,0,0,2,1,0,0.0
ZRF1980,2010-01-07,23,0,0,0,4,15,8,0.0
ZRF1980,2010-01-12,21,0,0,0,10,19,1,0.0
ZRF1980,2010-01-13,24,0,0,0,1,24,0,0.0
ZRF1980,2010-01-14,21,0,0,0,11,13,0,0.0
ZRF1980,2010-01-22,24,0,0,0,3,15,0,0.0
ZRF1980,2010-01-25,22,0,0,0,3,8,0,0.0
ZRF1980,2010-01-26,27,0,0,0,7,15,0,0.0
ZRF1980,2010-01-27,27,0,0,0,8,18,5,0.0
