user,day,email_sent_total,email_sent_external,email_sent_after_hours,email_sent_weekend,email_attachment_count,email_attachment_total_bytes,email_unique_recipients,email_external_ratio,email_bcc_count,email_sentiment_score
AAB1302,2010-01-02,3,3,0,3,josiah.exe(1048126);conditions.pdf(1755431);change.jpg(1542847),4440772,3,0.9999966666777778,0.0,0.15
AAB1302,2010-01-04,11,11,0,0,out.pdf(1450713)surprised.txt(789216);small.pdf(335),2545267,10,0.9999990909099173,0.0,0.15
AAB1762,2010-01-04,13,13,0,0,association.pdf(1669480);when.jpg(1233024);daughter.jpg(1832498);half.doc(1086822)blue.txt(1144008)video.zip(658171);figure.txt(250130);hits.exe(1158066)video.zip(658171);figure.txt(250130);hits.exe(1158066)profits.zip(114145);only.jpg(3517);written.exe(1301900)temporary.txt(1797184),14710550,9,0.9999992307698226,0.0,0.15
AAC0904,2010-01-04,58,58,0,0,attempted.jpg(287667)died.txt(1536323)down.exe(879569)keep.txt(756813)961.txt(884515);feared.pdf(989214)eastern.exe(614780)moved.txt(662140)enemy.zip(204098);proponent.zip(597987);fifty.txt(739419)considered.doc(90703)future.pdf(606370)section.pdf(846941)17.zip(784130)multiple.pdf(623211)puerto.pdf(304667);acquire.exe(134660)whose.zip(1484211);graduated.exe(434453);8.doc(1859027)compared.txt(392479);october.txt(493482);composer.pdf(266216);work.exe(1418176);woman.exe(1022886);composer.jpg(268733);overall.jpg(1524723);release.pdf(1219898)foreign.zip(484830),24235675,51,0.9999998275862366,0.0,0.15
AAC1033,2010-01-04,4,4,0,0,prince.doc(309599),456157,4,0.9999975000062501,0.0,0.15
AAC1489,2010-01-04,43,43,7,0,brett.jpg(535131)circles.pdf(375642)yet.zip(416809);since.jpg(140338);one.jpg(650676);uk.exe(981516);purchased.txt(1705758);banned.txt(905153)straight.txt(307926);chouchun.doc(211270)election.txt(573234);2003.jpg(607488);sold.txt(160498);beginning.doc(1159532);december.exe(334789);cbs.doc(1226318);sold.doc(653694);serve.pdf(612421)greene.jpg(400756)costumes.pdf(1062374)defeating.pdf(1260720);well.txt(364449),15937646,33,0.9999997674419144,0.0,0.15
AAG1136,2010-01-04,28,28,3,0,had.zip(186942)working.doc(803614)guns.exe(27624);youngest.zip(977354);gil.zip(939645)told.doc(79278);front.exe(340679)first.pdf(486911);idiosyncratic.pdf(1961800),6581498,25,0.9999996428572704,0.0,0.15
AAL1327,2010-01-04,24,24,0,0,josiah.exe(1048126);conditions.pdf(1755431);change.jpg(1542847)neither.pdf(1046040);1968.zip(975633);21.pdf(656195);21.zip(1631798);harassment.doc(437859)institutions.zip(730442);mythical.txt(1619499);traditions.pdf(763587);largely.pdf(258422);one.exe(1415811);experts.zip(2191248);lengthy.zip(1232572);supporters.zip(799809)number.zip(64160)written.doc(674408)november.txt(1026872)accessible.doc(1487805);souls.exe(933069)saying.pdf(1084502);luxembourg.exe(262272)later.exe(833749)out.pdf(1450713),26696163,21,0.9999995833335069,0.0,0.15
AAM0972,2010-01-04,23,23,6,0,lungs.txt(459480)heat.doc(102278);child.exe(59380);21.txt(1177705)grow.zip(751391)possible.zip(1449968),4774692,21,0.9999995652175804,0.0,0.15
AAO1919,2010-01-04,7,7,0,0,pumapards.zip(1502798);reported.txt(2027824),3749982,7,0.9999985714306123,0.0,0.15
AAR1793,2010-01-04,5,5,0,0,over.doc(709383);framework.pdf(56737)probe.jpg(991870);near.pdf(1791879),3676063,5,0.9999980000040001,0.0,0.15
AAW0914,2010-01-04,24,24,9,0,prince.zip(170543)government.pdf(1433972);apparent.jpg(705385);apparent.exe(218717),3238156,20,0.9999995833335069,0.0,0.15
AAW0952,2010-01-04,35,35,0,0,harding.txt(342949)army.jpg(1698369);depends.doc(337114);honored.txt(959834);were.doc(420782);depends.pdf(858526);army.pdf(1201144)prone.jpg(214220)amount.txt(883319);elimination.jpg(2046143);elimination.exe(1257427)all.exe(271932)ii.zip(1612294);bloody.txt(1060701);severely.exe(1134549)james.jpg(791052);jack.doc(141462);polish.pdf(2059786);land.exe(1420456);props.txt(325446);2009.jpg(9459);more.doc(1027863)all.zip(32328),21121789,29,0.9999997142857958,0.0,0.15
AAW0969,2010-01-04,20,20,11,0,further.doc(506699);introducing.pdf(1245910)controlling.pdf(2114976),4503980,16,0.9999995000002501,0.0,0.15
ABB0019,2010-01-04,29,29,0,0,one.txt(112777);stage.doc(1129838);time.exe(700754);instruction.zip(1289528)one.txt(112777);stage.doc(1129838);time.exe(700754);instruction.zip(1289528)ramonce.pdf(540870)ramonce.pdf(540870)companies.doc(736551);contributed.zip(114281)companies.doc(736551);contributed.zip(114281)between.pdf(409102),10539201,18,0.9999996551725328,0.0,0.15
ABC1881,2010-01-04,32,32,3,0,6000.exe(439781)freeze.doc(720743)now.doc(700479)enlistments.txt(1486781)issue.exe(1259329)balance.jpg(963388)balance.jpg(963388)governor.exe(39789);under.txt(1574936)governor.exe(39789);under.txt(1574936)frontenac.exe(804566)frontenac.exe(804566)addition.jpg(897449);village.pdf(585255)awnings.jpg(119094),13990374,19,0.9999996875000976,0.0,0.15
ABL1229,2010-01-04,27,27,4,0,regions.txt(2257515);80.doc(327867)winter.txt(1636411);not.doc(755787)introduced.jpg(628641)sokolnitz.doc(149989)ferry.txt(1050459);distribution.pdf(976361)genetic.jpg(1359156)320.txt(9099);obituary.zip(448655),10496708,22,0.9999996296297669,0.0,0.15
ABM0890,2010-01-04,41,41,0,0,release.txt(317941)though.jpg(1950344)again.pdf(164856);is.txt(636744)onomastic.pdf(372500)including.txt(879583);mean.pdf(1116530);seen.exe(1194238);these.exe(280486);either.jpg(374093)well.exe(1236490)navy.txt(1123689)itchy.exe(528728),11492770,36,0.9999997560976204,0.0,0.15
ACA1126,2010-01-04,33,33,2,0,had.zip(186942)believed.jpg(2187151);corresponds.txt(1620323);among.doc(1432535);signal.jpg(1239081)pennant.zip(690810)due.zip(1221683);fans.jpg(327695);met.doc(290612);met.txt(521783)able.pdf(33820);game.zip(258031)fact.doc(1237886)offers.doc(454111)1920.txt(1117295)listened.exe(825326);any.txt(1119995);any.exe(350861);any.jpg(1320969);favor.jpg(750529);favor1.jpg(529462);dozen.doc(463529)publication.exe(35058)tomb.doc(1214921),20394551,27,0.9999996969697887,0.0,0.15
ACB0220,2010-01-04,25,25,0,0,while.zip(227177)delegates.jpg(224108);poor.zip(1289432);suspend.doc(90517)enthusiastic.pdf(1508389)long.txt(447416)explained.doc(375073)between.zip(534707),5508067,24,0.99999960000016,0.0,0.15
ACB1087,2010-01-04,55,55,3,0,autumn.doc(862282);took.doc(1196004);repeatedly.jpg(537792);generally.pdf(300941);an.exe(566130)base.doc(637538);sick.pdf(256908);fill.doc(895809);destroyed.exe(1437591);dramatic.txt(574708);swimming.zip(1284925);plover.pdf(876966);sediment.txt(952339)acceptance.zip(1408758)industry.txt(375234)top.zip(508914);party.txt(759258);based.pdf(835126)seen.zip(849946);trip.jpg(2263663);funeral.txt(61174);level.txt(97760);units.exe(1158518);south.doc(1726634);got.jpg(1103339);mount.exe(908320);mount.pdf(350514)seen.zip(849946);trip.jpg(2263663);funeral.txt(61174);level.txt(97760);units.exe(1158518);south.doc(1726634);got.jpg(1103339);mount.exe(908320);mount.pdf(350514)m.zip(182558)m.zip(182558)instead.exe(705129);arisen.zip(1376616);while.pdf(721722)instead.exe(705129);arisen.zip(1376616);while.pdf(721722)army.pdf(631668)comeback.exe(572431)issues.doc(403368)issues.doc(403368)century.zip(1583258);bisects.txt(1547716);5.exe(1663825);left.doc(620730);contact.exe(1124258)century.zip(1583258);bisects.txt(1547716);5.exe(1663825);left.doc(620730);contact.exe(1124258),54140097,35,0.9999998181818511,0.0,0.15
ACB1485,2010-01-04,6,6,0,0,led.zip(1042666);nio.txt(1146835)culminated.zip(257827)nominally.exe(837910);modelled.txt(395233);an.jpg(1542855);reign.pdf(928555);includes.jpg(954180)affected.pdf(833842);field.pdf(964529),9076360,6,0.9999983333361112,0.0,0.15
ACC0950,2010-01-02,19,19,6,19,paid.exe(163337)paid.exe(163337)is.exe(745556);within.jpg(934114)is.exe(745556);within.jpg(934114)prone.jpg(214220)amount.txt(883319);elimination.jpg(2046143);elimination.exe(1257427)amount.txt(883319);elimination.jpg(2046143);elimination.exe(1257427),12858886,11,0.9999994736844876,0.0,0.15
ACC0950,2010-01-03,18,18,4,18,much.exe(979481)much.exe(979481)118.exe(975747);official.jpg(247965);spent.exe(1166072)jason.pdf(1953116)118.exe(975747);official.jpg(247965);spent.exe(1166072)jason.pdf(1953116)harding.txt(342949)harding.txt(342949),11778982,9,0.9999994444447531,0.0,0.15
ACC0950,2010-01-04,12,12,0,0,attention.doc(932470),1262830,12,0.9999991666673611,0.0,0.15
ACC1855,2010-01-04,12,12,0,0,cross.exe(615125);wide.txt(232151)acceptable.zip(1851577),3108773,10,0.9999991666673611,0.0,0.15
ACD1174,2010-01-04,26,26,2,0,prince.jpg(123972);prince.doc(1359481);prince.exe(33019)ankh.doc(58473)intestines.exe(901202);visited.pdf(688550);widely.txt(523196)series.exe(846165);annals.exe(10862);in.jpg(356126);whom.doc(1278576)prince.pdf(1495119),8508037,24,0.9999996153847633,0.0,0.15
ACE1431,2010-01-04,7,7,0,0,explain.jpg(598365)july.jpg(336297),1135991,7,0.9999985714306123,0.0,0.15
ACG0152,2010-01-04,4,4,0,0,,119347,4,0.9999975000062501,0.0,0.15
ACH0937,2010-01-04,28,28,0,0,set.exe(299465)see.exe(1286971)attracts.jpg(1541547)including.txt(879583);mean.pdf(1116530);seen.exe(1194238);these.exe(280486);either.jpg(374093)moved.exe(1059310);russia.jpg(434405)navy.txt(1123689),10411132,25,0.9999996428572704,0.0,0.15
ACH1011,2010-01-04,38,38,9,0,applied.jpg(355954);prolific.pdf(2206110);vulnerable.doc(393181)head.zip(349435)valley.pdf(1059460)long.doc(1029952);325.zip(144377)reading.txt(173710);bending.exe(269442)rather.exe(170600)prefecture.doc(619388);highest.txt(491451);coordinates.doc(273878);near.txt(1240008);consistent.pdf(2529555);independently.exe(1883447);30.exe(252754);return.txt(1757025)novel.pdf(1854421)liberal.zip(832261)stock.exe(1251172)most.doc(1029000);may.doc(288991);indicated.zip(362081),21901544,31,0.9999997368421745,0.0,0.15
ACH1831,2010-01-04,45,45,0,0,time.txt(62626);broda.pdf(341267);opening.txt(387883)killer.doc(532544);spoof.pdf(1001786)separate.pdf(907075);chemical.zip(1071401);altogether.exe(1838406);closest.pdf(843359);rites.doc(426523);daniels.pdf(1651471)he.txt(1131747);because.doc(1621767)7.jpg(366992);decision.exe(2293231);main.exe(706880);face.pdf(530176);penetrated.zip(15684);50.jpg(1183334)stop.doc(454641)used.jpg(653764)would.doc(558886);g4tv.jpg(557417);versa.jpg(2066055)which.exe(597990);temporary.doc(620799);morning.pdf(568332);scene.zip(725961);vilified.exe(377106);felt.doc(1876088);felt.pdf(186737);lesson.pdf(1263656);stephen.zip(1060697),29927606,39,0.9999997777778271,0.0,0.15
ACH1840,2010-01-04,42,42,0,0,hesitant.txt(357459);end.jpg(819884);played.zip(1369095);contradicts.pdf(1116391)morning.txt(317694)present.doc(228989);sweet.txt(1217743);greek.jpg(323292)several.txt(959481);fornara.txt(1358252);rhetorician.doc(1269794)circumventing.exe(377572)fox.pdf(638222);given.txt(1208037)super.pdf(1096255),13951404,33,0.9999997619048185,0.0,0.15
ACJ1797,2010-01-02,2,2,0,2,display.pdf(865802);not.jpg(1194396),2113125,2,0.9999950000249999,0.0,0.15
ACJ1797,2010-01-03,1,1,0,1,,31151,1,0.9999900000999989,0.0,0.15
ACJ1797,2010-01-04,4,4,0,0,exhibition.zip(917272)probe.jpg(991870);near.pdf(1791879)different.doc(379163);cirrostratus.zip(2417212);less.zip(1016836),7604719,4,0.9999975000062501,0.0,0.15
ACM1770,2010-01-04,9,9,0,0,pumapards.zip(1502798);reported.txt(2027824)cars.txt(1240778);status.zip(1654840),6702246,9,0.9999988888901234,0.0,0.15
ACR1045,2010-01-04,5,5,1,0,comes.zip(1730579),1903467,5,0.9999980000040001,0.0,0.15
ACS0589,2010-01-04,19,19,2,0,related.txt(727982);abolished.pdf(591859);laid.txt(1218616);district.exe(1480340);written.exe(916277);compared.exe(867613);district.txt(730174),7137793,16,0.9999994736844876,0.0,0.15
ACT1903,2010-01-04,4,4,0,0,preferred.txt(760196);inspection.exe(515130)preferred.txt(760196);inspection.exe(515130),2661159,3,0.9999975000062501,0.0,0.15
ACW0078,2010-01-04,19,19,0,0,elevated.jpg(886344);replaced.exe(924225),2444632,18,0.9999994736844876,0.0,0.15
ADC1014,2010-01-04,32,32,1,0,emigration.doc(1347484);less.doc(1560657);2000.jpg(1819616);wild.pdf(690449);arranged.exe(364042);commercially.txt(68386);resembles.doc(1020649)often.pdf(1343543);facing.pdf(477073)approach.txt(1208253)every.doc(934686);horrible.jpg(962857)stock.exe(1251172),14014752,24,0.9999996875000976,0.0,0.15
ADG0619,2010-01-04,7,7,1,0,show.doc(1705231);nevertheless.zip(394106);three.exe(1504700)19th.doc(765754);l.zip(1019353)war.pdf(1297089);where.zip(459863);war.exe(2111305)being.exe(1780472);sky.jpg(847933)sent.doc(781719);however.zip(395273);position.jpg(1184780),14434036,7,0.9999985714306123,0.0,0.15
ADH0153,2010-01-04,15,15,3,0,july.txt(1898023)explained.doc(375073),2791700,11,0.9999993333337778,0.0,0.15
ADH1016,2010-01-04,28,28,3,0,suffocating.doc(2015145)offensive.zip(955160);hull.pdf(1238698);guns.jpg(1112645);commodore.jpg(1099237);resign.pdf(367923);180.jpg(1488009)s.doc(299187);meaning.txt(333547);500.exe(814748)recognize.zip(808612),11351369,25,0.9999996428572704,0.0,0.15
ADL1898,2010-01-04,6,6,0,0,eight.zip(91356)prince.txt(879632);prince.doc(1210938);prince.exe(578599)skeletal.txt(485955);1935.txt(844636)far.txt(1164728);opportunistic.jpg(733284),6196530,6,0.9999983333361112,0.0,0.15
ADR0810,2010-01-04,13,13,1,0,them.exe(1135167);crises.doc(292235)option.zip(233134)businessman.zip(1296120);opening.pdf(1562730)students.doc(1033919),5882522,11,0.9999992307698226,0.0,0.15
ADR1156,2010-01-03,18,18,6,18,primary.pdf(492666);became.jpg(306176);outpost.pdf(1554927);way.doc(960610);safety.zip(210245)primary.pdf(492666);became.jpg(306176);outpost.pdf(1554927);way.doc(960610);safety.zip(210245)bar.txt(514433)bar.txt(514433)determined.zip(1099372);processes.doc(791852)determined.zip(1099372);processes.doc(791852)roman.jpg(829648)roman.jpg(829648),14026968,9,0.9999994444447531,0.0,0.15
ADR1156,2010-01-04,33,33,3,0,significantly.zip(716883);matthau.exe(1015106)significantly.zip(716883);matthau.exe(1015106)young.doc(1331547)fight.txt(171416)fight.txt(171416)weeks.jpg(1395145)profitably.jpg(330232)unpopular.pdf(431586),8237744,22,0.9999996969697887,0.0,0.15
AEC1085,2010-01-04,43,43,4,0,jerry.exe(305546);21.txt(1322098);village.doc(214844)families.pdf(671839)discharges.zip(405108)illyria.jpg(535320);port.pdf(618895)coastline.pdf(258410)1997.pdf(1104958)during.pdf(713133)retakes.pdf(1095198)same.txt(841736);program.jpg(1422156);while.txt(1000031);abandoned.exe(1069499);showcases.pdf(1497420);abandoned.zip(1249551)issues.doc(403368)set.pdf(138816);overran.zip(1295482),17586374,37,0.9999997674419144,0.0,0.15
AEF1032,2010-01-04,1,1,0,0,,29225,1,0.9999900000999989,0.0,0.15
AEG0962,2010-01-02,18,18,0,18,problem.txt(998595)problem.txt(998595)no.txt(385865);mutual.doc(2033674)no.txt(385865);mutual.doc(2033674)confidence.doc(415576)confidence.doc(415576),8089208,9,0.9999994444447531,0.0,0.15
AEG0962,2010-01-03,18,18,0,18,country.zip(150888);considered.exe(704290)country.zip(150888);considered.exe(704290)eight.doc(2920721)eight.doc(2920721)opposition.jpg(307586)opposition.jpg(307586)lungs.txt(459480)lungs.txt(459480)kingdom.exe(1907861);people.txt(846952);ubiquity.doc(1186273)kingdom.exe(1907861);people.txt(846952);ubiquity.doc(1186273),17568514,8,0.9999994444447531,0.0,0.15
AEG0962,2010-01-04,27,27,2,0,steel.exe(1574304)steel.exe(1574304)asked.doc(1109202);expected.txt(33982)asked.doc(1109202);expected.txt(33982),6260991,15,0.9999996296297669,0.0,0.15
AEH0001,2010-01-04,45,45,0,0,emphasised.exe(953087);reality.jpg(1388071)parties.txt(430093)alberta.doc(1299520)though.exe(303367);busy.doc(1821101)david.zip(1615676);earnest.zip(1338187)verse.pdf(1321551);impossible.txt(257869)level.exe(1638953)ne.zip(1450800);sydney.doc(688314);party.jpg(1112370);so.pdf(315321)though.doc(1558585)that.txt(1444303)local.doc(984273);mixed.zip(713253);perception.exe(950567);phrase.exe(1330760)pacific.doc(1569429);conduct.pdf(707516)egypt.txt(461958)cabbage.exe(328188),27444269,32,0.9999997777778271,0.0,0.15
AEM0113,2010-01-04,42,42,3,0,threw.jpg(393479);sent.doc(579459);corresponding.zip(783092)looking.txt(308903)eight.jpg(174320)contract.txt(800190)herself.pdf(397837)folly.doc(381719)casa.txt(274161);because.pdf(1099834);surveillance.jpg(1781471)responded.zip(1805551);particularly.txt(718086)that.jpg(592501)gave.pdf(334514)also.pdf(1350960)before.pdf(101871)given.zip(473823);mixing.doc(1608191);made.pdf(708220)22.txt(1565281),17416220,36,0.9999997619048185,0.0,0.15
AEO1116,2010-01-04,10,10,2,0,1865.pdf(126031);failure.doc(175657)either.doc(48603)facing.pdf(561680);considers.txt(9277)highest.txt(734712)describes.doc(705995)aqha.exe(1386490);meadows.doc(741306);be.txt(71546),4865404,10,0.9999990000010001,0.0,0.15
AES1373,2010-01-04,7,7,1,0,actor.txt(509063);expressed.txt(1484107),2186104,7,0.9999985714306123,0.0,0.15
AFC0792,2010-01-02,9,9,0,9,,274631,9,0.9999988888901234,0.0,0.15
AFC0792,2010-01-03,9,9,3,9,future.jpg(1862001)exceeded.txt(914196);forced.zip(1406199);entrance.doc(905084)antagonists.doc(852680);unique.txt(974856);state.pdf(1490131),8660683,9,0.9999988888901234,0.0,0.15
AFC0792,2010-01-04,11,11,0,0,imaginary.zip(1262311);intent.zip(1165945);lyman.txt(14418);coolness.jpg(475678);culminated.txt(664266)expire.zip(699054)imperial.doc(2038979),6619098,8,0.9999990909099173,0.0,0.15
AFL1759,2010-01-04,12,12,0,0,,332365,9,0.9999991666673611,0.0,0.15
AFN0176,2010-01-04,45,45,14,0,effects.exe(1743079)include.pdf(2788764)later.pdf(508379)soul.zip(867387)spotlight.pdf(64799);tallest.exe(712040);approaching.exe(451068)whether.txt(85193)run.pdf(96666)tortured.zip(1165403);valley.jpg(1549084);taylor.pdf(2048915)whose.zip(1239530);drawn.doc(695289);quality.exe(344762)lost.exe(1688746);economic.zip(1695618)acting.pdf(288278);embarrassing.exe(58659);miss.zip(1201263);until.zip(353009)later.exe(1512649)philip.pdf(823308),23300091,35,0.9999997777778271,0.0,0.15
AFP1341,2010-01-04,32,32,10,0,howard.zip(187156);from.pdf(531506);6.doc(477617)sent.zip(782232);itself.txt(1096335)fragment.txt(1575957)13.doc(1835701);army.doc(1931135);covered.jpg(857454);parliamentary.pdf(50720);next.doc(646408)post.jpg(275051);post1.jpg(830832)collaborating.doc(1425505);opposite.zip(794600);his.doc(178503);dramatic.zip(272702);recast.zip(1226990);operation.zip(324931)then.txt(315522)style.pdf(231506);major.pdf(734448)tokyo.txt(1986562)moved.txt(1092960),20644883,30,0.9999996875000976,0.0,0.15
AFW1639,2010-01-04,8,8,0,0,northeastern.jpg(1228822);385.zip(257584);miles.jpg(259260),1999731,8,0.9999987500015626,0.0,0.15
AGB0447,2010-01-04,45,45,17,0,prosperous.txt(1705624)very.zip(792484);described.zip(2375575);against.zip(1595242);very.jpg(960482);led.exe(380420);regarded.exe(911651);point.zip(1661547);though.doc(128987);map.doc(214434)secondary.pdf(676881);mass.pdf(1934038);attain.jpg(2792841);into.doc(704001);peaked.pdf(1510884)believed.exe(1197098)comprise.txt(1179767)succeeded.pdf(1286346);he.pdf(264469)senior.jpg(439902)village.pdf(1508765);constantine.doc(13716);influence.jpg(1465972);section.exe(631962);inexperienced.txt(250206);keep.exe(339972);hero.pdf(832277);proposals.exe(116566)secretly.exe(331750);significant.zip(963606);golden.txt(8253)long.txt(447416)entered.pdf(1213476)explained.doc(375073),32522392,37,0.9999997777778271,0.0,0.15
AGB0901,2010-01-04,53,53,10,0,roman.jpg(829648)determined.zip(1099372);processes.doc(791852)bar.txt(514433)primary.pdf(492666);became.jpg(306176);outpost.pdf(1554927);way.doc(960610);safety.zip(210245)herself.pdf(397837)significantly.zip(716883);matthau.exe(1015106)fight.txt(171416)conclude.txt(493020);several.doc(1331503),12485952,43,0.9999998113207903,0.0,0.15
AGB1507,2010-01-04,39,39,6,0,2006.jpg(1475046)black.exe(465613);communicate.exe(291534);those.doc(560880),4050408,32,0.9999997435898093,0.0,0.15
AGC0592,2010-01-04,17,17,6,0,reservoirs.pdf(173373);reservoirs.zip(1739471)related.txt(727982);abolished.pdf(591859);laid.txt(1218616);district.exe(1480340);written.exe(916277);compared.exe(867613);district.txt(730174)science.zip(1058627)mvog.jpg(1296182);soldiers.zip(639461),11917294,17,0.9999994117650519,0.0,0.15
AGH1971,2010-01-02,1,1,1,1,,15732,1,0.9999900000999989,0.0,0.15
AGH1971,2010-01-04,12,12,0,0,governed.zip(616252);captain.txt(865842);at.txt(1440000)joseph.exe(1855106);grants.txt(1454989)council.zip(940328);out.jpg(588927);privy.zip(685818)council.zip(940328);out.jpg(588927);privy.zip(685818)during.pdf(55411),11124544,7,0.9999991666673611,0.0,0.15
AGW1389,2010-01-04,30,30,0,0,population.exe(202916)off.jpg(1345916)concern.zip(1305226)minor.txt(65741);des.pdf(1696740);series.txt(990349)entitled.exe(1013942)pm.exe(777842)inquiry.pdf(1561493),9812437,29,0.9999996666667778,0.0,0.15
AHC1044,2010-01-04,6,6,0,0,1898.jpg(140501),350037,6,0.9999983333361112,0.0,0.15
AHD0590,2010-01-04,30,30,5,0,six.doc(934551);one.pdf(941049);greater.doc(1803193)october.jpg(597098)capacity.doc(180426)mvog.jpg(1296182);soldiers.zip(639461),7261883,29,0.9999996666667778,0.0,0.15
AHH0085,2010-01-04,31,31,0,0,depression.txt(1448774);depression1.txt(906609)landscaping.pdf(1054477)20.zip(302934)form.zip(1074157)allegations.jpg(938695),6686432,20,0.9999996774194589,0.0,0.15
AHJ1993,2010-01-04,22,22,0,0,argyle.exe(1055257)argyle.exe(1055257)defenders.zip(81865)defenders.zip(81865)numbers.pdf(1583225);no.pdf(1802636)characteristics.pdf(921766);operations.doc(1067760)characteristics.pdf(921766);operations.doc(1067760)with.txt(1017497);t.pdf(121690);approximately.txt(189294),11572937,12,0.9999995454547521,0.0,0.15
AHN0681,2010-01-02,23,23,11,23,used.zip(400474)used.zip(400474)wide.doc(1076305);larger.zip(1435384)wide.doc(1076305);larger.zip(1435384)rain.zip(927168)rain.zip(927168)simple.zip(1376128);near.doc(128249);perform.exe(1078233)simple.zip(1376128);near.doc(128249);perform.exe(1078233),13456147,12,0.9999995652175804,0.0,0.15
AHN0681,2010-01-03,23,23,4,23,suffocating.zip(499137)cerebellum.zip(6127)cerebellum.zip(6127)torched.pdf(423265);long.doc(1158703);indies.txt(472763)torched.pdf(423265);long.doc(1158703);indies.txt(472763)continental.zip(458497);army.exe(1005686);valcour.doc(152934);smallpox.zip(1161157);relatively.txt(551361)continental.zip(458497);army.exe(1005686);valcour.doc(152934);smallpox.zip(1161157);relatively.txt(551361)foot.txt(631249);recorded.txt(1619663)foot.txt(631249);recorded.txt(1619663)scheduled.exe(914020)scheduled.exe(914020),18354094,12,0.9999995652175804,0.0,0.15
AHN0681,2010-01-04,13,13,0,0,unpredictable.txt(1937846),2285003,12,0.9999992307698226,0.0,0.15
AHN0998,2010-01-04,27,27,0,0,seals.jpg(1366463);television.exe(361207)metacritic.zip(725497)both.pdf(1112670)twelve.exe(1360772)presidents.doc(17835);new.zip(1898004)both.zip(654467)it.exe(1864104)random.doc(1735943),11920054,25,0.9999996296297669,0.0,0.15
AIE0773,2010-01-04,18,18,1,0,year.doc(550338);was.zip(836969)brand.jpg(1806181);joolas.txt(436514)usd.jpg(610974)competition.pdf(377777),5130273,14,0.9999994444447531,0.0,0.15
AIH0814,2010-01-04,4,4,0,0,decidedly.exe(121520),213379,4,0.9999975000062501,0.0,0.15
AJB1763,2010-01-04,7,7,0,0,emerging.zip(968362);thirteen.zip(554669)about.jpg(1525747);briefly.pdf(1979000)casualties.pdf(937853),6181199,7,0.9999985714306123,0.0,0.15
AJD1612,2010-01-04,37,37,0,0,together.jpg(513723)idea.jpg(415470)variety.zip(1186195);variety.txt(1431889);confusion.exe(653351)rus.doc(1403789)back.txt(409795)itself.exe(1631445);damage.zip(642484)break.doc(1197474)without.zip(1268723)round.zip(385881)germans.zip(935853);begun.pdf(959544);short.exe(314085)appointed.pdf(988416),15513904,28,0.9999997297298027,0.0,0.15
AJH0191,2010-01-04,43,43,0,0,subsequently.exe(1578838);pushkin.doc(1760684);would.txt(652709)eastern.zip(2454305)segments.doc(450959);wickenheiser.zip(1095864);leading.exe(402282)coolness.pdf(820920)are.pdf(224349)36.zip(1732788);that.txt(811585)never.doc(407087);never.jpg(728020)one.exe(726882)dusk.txt(900456);fiction.exe(1232560)bank.txt(1447224)she.exe(296614)largely.doc(606853)accommodation.pdf(948223);poor.jpg(434944),21017280,39,0.9999997674419144,0.0,0.15
AJH0724,2010-01-04,35,35,2,0,joined.jpg(1021784)maddox.pdf(29209)maddox.pdf(29209)medical.doc(266286);baseball.zip(628651);was.txt(1383693);baseball1.zip(1003975)medical.doc(266286);baseball.zip(628651);was.txt(1383693);baseball1.zip(1003975)kingston.txt(1605444)kingston.txt(1605444)visiting.doc(867775);being.exe(1142885);4.doc(1148693)visiting.doc(867775);being.exe(1142885);4.doc(1148693)thrust.exe(186091),18402110,23,0.9999997142857958,0.0,0.15
AJM0049,2010-01-04,36,36,0,0,place.pdf(772536)1930.zip(1620989)wamu.jpg(725087);contender.exe(148315)suggestion.txt(658591);en.jpg(1438205)so.jpg(322151);persistent.exe(737855);hair.jpg(1570192);had.txt(2252483);energy.doc(2396301);ground.exe(2516789);amongst.txt(748866);after.exe(964116);second.jpg(1348713)instructor.doc(873895)i.zip(314027);research.doc(1020980);compound.zip(366488);members.zip(235552),22080670,29,0.9999997222222993,0.0,0.15
AJM0956,2010-01-04,20,20,0,0,cavalry.jpg(1438295);so.exe(460611)courtiers.txt(1251776);regulations.pdf(1552057);how.zip(1303437);led.doc(1073994)741.doc(688483),8299531,17,0.9999995000002501,0.0,0.15
AJR1103,2010-01-04,11,11,0,0,magpie.jpg(495085)aspects.exe(787688);downtown.zip(880456)aspects.exe(787688);downtown.zip(880456)man.zip(612471)man.zip(612471)although.jpg(1005108);november.txt(1423206),7809209,6,0.9999990909099173,0.0,0.15
AJS1408,2010-01-04,28,28,2,0,part.zip(1283823);difficult.doc(732016);down.zip(603642);onto.pdf(158991)sank.jpg(984588)twelve.zip(603191);interview.zip(1476289);fact.jpg(301943)work.doc(2187036);armed.doc(1148963),10328461,27,0.9999996428572704,0.0,0.15
AJS1482,2010-01-04,8,8,0,0,,201991,8,0.9999987500015626,0.0,0.15
AJT0419,2010-01-04,13,13,0,0,sent.exe(416572);rough.zip(797594)confidence.pdf(115902);115.jpg(1220574);directly.jpg(655927);western.zip(1926023);underwent.txt(992695)september.doc(1321577),7808388,13,0.9999992307698226,0.0,0.15
AKD0332,2010-01-04,27,27,0,0,children.doc(95977);ergotamine.jpg(80409);question.doc(313949);22.zip(1195694)children.doc(95977);ergotamine.jpg(80409);question.doc(313949);22.zip(1195694)strongest.pdf(661163);much.jpg(1337362)son.doc(584367)127.doc(286295)minister.pdf(2167639);committed.txt(1738041)minister.pdf(2167639);committed.txt(1738041)freshwater.jpg(554496)freshwater.jpg(554496)same.exe(336681)art.txt(609531);fight.pdf(23748)roster.pdf(1277788),18277036,17,0.9999996296297669,0.0,0.15
AKK0032,2010-01-04,18,18,0,0,1991.zip(263692);enough.txt(2312333);led.pdf(1826857);enough.exe(1345379)brother.pdf(657007);attended.zip(1493853),8435709,16,0.9999994444447531,0.0,0.15
AKM0214,2010-01-04,39,39,0,0,suffering.txt(1261255)smithsonian.jpg(600270)square.jpg(1450718);been.doc(1840542)notwithstanding.doc(754630);required.pdf(896748)collinwood.txt(923917);domed.pdf(1506727);talk.txt(947468)diminished.zip(1208014);arts.pdf(1223665);ne.jpg(403841)behavior.jpg(185915),14335775,34,0.9999997435898093,0.0,0.15
AKP0503,2010-01-04,16,16,0,0,20.zip(302934),808708,14,0.9999993750003906,0.0,0.15
AKR0756,2010-01-04,27,27,4,0,campaigns.zip(965421);brown.zip(431568)traditional.pdf(1606724)early.pdf(912697)governor.zip(1425081);extensive.txt(135677)threw.txt(430758)greenwich.jpg(1518400)prince.pdf(634545),8850767,26,0.9999996296297669,0.0,0.15
AKS0448,2010-01-04,27,27,0,0,prince.doc(821790);prince.jpg(16569)achr.jpg(747190)us.zip(427481);map.txt(1607797);sexual.doc(950297);part.jpg(763213);may.doc(588156);cornered.jpg(209282)cost.zip(281808);men.zip(432107)major.exe(1139457)all.jpg(839545),9688906,22,0.9999996296297669,0.0,0.15
AKS0586,2010-01-02,22,22,0,22,spitfire.exe(2427249);intention.zip(1325298)spitfire.exe(2427249);intention.zip(1325298)figure.zip(286346)figure.zip(286346)nightfall.txt(957987)nightfall.txt(957987)womens.txt(763032)womens.txt(763032)them.jpg(1524812)them.jpg(1524812),15140028,10,0.9999995454547521,0.0,0.15
AKS0586,2010-01-03,21,21,2,21,vulnerable.zip(675894)vulnerable.zip(675894)southwest.pdf(1129013);birth.doc(1090910);from.exe(570047)southwest.pdf(1129013);birth.doc(1090910);from.exe(570047),7602409,11,0.9999995238097505,0.0,0.15
AKS0586,2010-01-04,35,35,0,0,law.exe(818484)law.exe(818484)27.doc(350633);employed.txt(347066)parts.doc(989076);intensification.jpg(1414834);but.pdf(224512)200.jpg(186581);high.doc(1275063)harbour.pdf(84681),7593777,23,0.9999997142857958,0.0,0.15
AKS0662,2010-01-04,9,9,0,0,named.exe(2399673);raise.pdf(1892680),4499632,8,0.9999988888901234,0.0,0.15
ALB0668,2010-01-04,19,19,0,0,anecdotes.txt(415702)congress.txt(471276)left.zip(816363)committee.pdf(215353);raider.doc(1101829);long.jpg(396382)washington.exe(1292487);professor.exe(1083668)elusive.doc(127354);5.exe(66850);further.pdf(1618380),8173350,18,0.9999994736844876,0.0,0.15
ALB1144,2010-01-04,20,20,0,0,100.jpg(729602);can.pdf(1154137)speech.jpg(1279177);man.zip(849997)study.jpg(694311)living.txt(909074);animals.jpg(39447)proposed.pdf(234962)led.zip(899443);theropod.pdf(694744)lineages.txt(1349323)smoothly.jpg(1065644),10448122,17,0.9999995000002501,0.0,0.15
ALC0604,2010-01-04,8,8,2,0,rough.exe(619965);poor.doc(2021465);wishes.exe(1403534);carried.zip(941617);worries.pdf(446236)week.zip(267660);duration.jpg(1090337);most.jpg(670468)document.txt(461712),8137360,8,0.9999987500015626,0.0,0.15
ALH0506,2010-01-04,19,19,0,0,united.zip(592410);knight.jpg(648660)primarily.pdf(717360);both.exe(1161462);owned.doc(929232);allowed.zip(553664);hour.pdf(1362827);part.exe(691962);readily.doc(82825)was.exe(1019232)honorable.doc(112187),8456579,19,0.9999994736844876,0.0,0.15
ALM1768,2010-01-04,35,35,6,0,who.jpg(1340403)who.jpg(1340403)daughter.zip(1627039)time.doc(410969);cannot.zip(901130)you.exe(898450)jolie.zip(1634743);several.exe(1003336)jolie.zip(1634743);several.exe(1003336),12829087,25,0.9999997142857958,0.0,0.15
ALN0182,2010-01-04,43,43,9,0,changed.pdf(1001877)reliable.pdf(402727);women.doc(1332907);new.txt(177293);expecting.doc(1787642)secretly.doc(2680737);10.pdf(1005053)comedy.zip(910675);are.zip(1044736)tape.doc(151148)declines.exe(2483773)how.jpg(486448)peter.pdf(526979)known.txt(980334);clumps.exe(1306525)together.doc(1677038);people.txt(987980)step.exe(1212513)upset.pdf(932948);surviving.jpg(104180);around.zip(1117308)costumes.pdf(275168)non.txt(1375577),25193162,36,0.9999997674419144,0.0,0.15
ALT1465,2010-01-04,5,5,0,0,has.pdf(666675);status.zip(1065520),1910655,4,0.9999980000040001,0.0,0.15
ALW0764,2010-01-04,31,31,0,0,issued.pdf(201706);nations.exe(736100);meanwhile.pdf(376795);until.doc(1007296);southeast.exe(1146290);if.pdf(79526)away.zip(153576);technical.exe(256158)away.zip(153576);technical.exe(256158)derived.doc(462603)shall.jpg(337029);acquired.txt(185507);quick.txt(805502);vi.txt(1488251)derived.doc(462603)shall.jpg(337029);acquired.txt(185507);quick.txt(805502);vi.txt(1488251)chosen.txt(386285);chosen1.txt(646304);21.txt(1258140)emmy.pdf(223368);structure.doc(1211319)currently.txt(1118801);arnison.txt(1251711);talbot.doc(1059291);self.zip(91120)same.exe(336681)same.exe(336681),19745573,20,0.9999996774194589,0.0,0.15
AMB0403,2010-01-04,14,14,0,0,country.doc(306048);productive.doc(1641142);kick.pdf(1276415),3606043,12,0.9999992857147959,0.0,0.15
AMB0745,2010-01-04,20,20,3,0,national.jpg(494002);five.txt(1511369)prince.doc(832376);prince.txt(2281939);prince.zip(892664);prince1.zip(1438394);prince2.txt(769518);prince.pdf(380275)prince.txt(334241);prince.doc(228277);ankh.pdf(361680);ankh.jpg(416012);prince.exe(1304416);prince1.exe(11669);ankh2.pdf(655172),12483316,17,0.9999995000002501,0.0,0.15
AMC0265,2010-01-04,34,34,9,0,torched.pdf(423265);long.doc(1158703);indies.txt(472763)until.exe(995327)output.txt(37211)doubles.zip(860859);prevented.pdf(1351794);personality.doc(315907);two.doc(465455);syndrome.zip(1546953)statistics.txt(1773135)explanation.exe(239463);surface.zip(924160),11681022,27,0.9999997058824394,0.0,0.15
AMC0854,2010-01-04,21,21,0,0,heroes.txt(871449);faked.doc(752594)requested.exe(1688496);heard.exe(1540659);born.doc(196935);born1.doc(808564);identification.zip(447789),6898189,20,0.9999995238097505,0.0,0.15
AMC1724,2010-01-04,33,33,2,0,reviewer.pdf(153328);they.txt(1051941)force.doc(1355351)half.txt(177403);secure.pdf(1515829)story.txt(824818)born.exe(220162);television.exe(1186040);despite.pdf(1069348);too.jpg(513550),9055082,31,0.9999996969697887,0.0,0.15
AMC1883,2010-01-04,25,25,2,0,26.exe(919059);would.txt(755350);25.zip(78506);heightened.pdf(613269);25.exe(902741);outrage.zip(797416);list.zip(103017)spite.zip(1306502);field.exe(1389169);employed.zip(1937279)faced.txt(657589)it.pdf(1695304);reasons.pdf(788303)hospital.jpg(1390276),14117893,23,0.99999960000016,0.0,0.15
AME1364,2010-01-04,4,4,0,0,maximum.txt(702674);produce.exe(1120681)decade.exe(79297);idea.txt(634011);described.pdf(968087),3604562,4,0.9999975000062501,0.0,0.15
AMG1628,2010-01-04,54,54,0,0,rus.doc(1403789)chieftain.pdf(1088);reported.zip(545691)chieftain.pdf(1088);reported.zip(545691)give.pdf(1781109);segment.txt(696539)give.pdf(1781109);segment.txt(696539)1937.jpg(922607);merging.zip(82910)1937.jpg(922607);merging.zip(82910)exclusive.exe(1124633)exclusive.exe(1124633)back.txt(409795)designed.exe(1669856)back.txt(409795)designed.exe(1669856)relationship.txt(317913)currently.txt(1118801);arnison.txt(1251711);talbot.doc(1059291);self.zip(91120)instruments.exe(145708)instruments.exe(145708)ion.exe(1053431)misl.exe(586430)bahamas.pdf(370230)635.txt(914506)left.pdf(1345058);crashed.doc(846364),26778129,33,0.999999814814849,0.0,0.15
AMH1887,2010-01-04,31,31,1,0,lost.jpg(122096)spite.zip(1306502);field.exe(1389169);employed.zip(1937279)spite.zip(1306502);field.exe(1389169);employed.zip(1937279)now.jpg(104764)now.jpg(104764)balance.jpg(963388)before.txt(33159);synthetic.exe(158114);ever.txt(1209910)before.txt(33159);synthetic.exe(158114);ever.txt(1209910)fifth.exe(826688);then.txt(258415)control.jpg(500442),15759995,20,0.9999996774194589,0.0,0.15
AML0268,2010-01-04,30,30,4,0,orbit.doc(40737);apart.zip(826223)wide.doc(1076305);larger.zip(1435384)until.exe(995327)fantastic.zip(380823);skilled.zip(198469);this.jpg(1399145)fantastic.zip(380823);skilled.zip(198469);this.jpg(1399145),9327684,16,0.9999996666667778,0.0,0.15
AMM1285,2010-01-04,35,35,0,0,for.doc(755464)without.exe(876238)realisation.jpg(781034)limbs.pdf(1384005)letter.zip(443222);these.exe(885817)achieve.doc(786789)positive.jpg(1740885)decided.doc(100720);creates.pdf(545745),9362064,32,0.9999997142857958,0.0,0.15
AMS1236,2010-01-04,26,26,7,0,nomination.exe(1355904)than.pdf(1805171);mood.jpg(1406515);yet.jpg(717443)prince.pdf(938019)non.zip(156346)casa.txt(274161);because.pdf(1099834);surveillance.jpg(1781471)that.jpg(592501)offer.pdf(923815);no.doc(167145);strengths.exe(1332471);2004.txt(1048205);academys.zip(1711530);2004.zip(1512974);latter.doc(1590922)berth.jpg(1185357);tourists.doc(986794),21360394,16,0.9999996153847633,0.0,0.15
ANC0027,2010-01-04,18,18,0,0,disposing.txt(1456690)jro.txt(513052),2568936,13,0.9999994444447531,0.0,0.15
ANG0427,2010-01-04,5,5,0,0,modification.jpg(1021780)modification.jpg(1021780),2172652,4,0.9999980000040001,0.0,0.15
ANH1110,2010-01-04,6,6,0,0,aqha.exe(1386490);meadows.doc(741306);be.txt(71546)thousands.zip(353358)thousands.zip(353358)itself.txt(376972),3478830,5,0.9999983333361112,0.0,0.15
ANH1583,2010-01-04,2,2,1,0,,37872,2,0.9999950000249999,0.0,0.15
ANM0830,2010-01-04,1,1,0,0,his.exe(2080911);researchers.txt(280129),2398022,1,0.9999900000999989,0.0,0.15
ANR0502,2010-01-04,8,8,0,0,american.pdf(884750);organized.doc(1029032)force.doc(1355351),3530930,6,0.9999987500015626,0.0,0.15
ANS0705,2010-01-04,14,14,0,0,vessels.exe(1114691);appeared.exe(630007)telling.txt(1914605);site.txt(82669);match.pdf(1222548)for.exe(899729);great.zip(561721);third.pdf(1314619)tsin.exe(747438);park.doc(864397);claims.zip(1326725);outward.exe(742527);beginning.zip(688230);supercontinent.txt(627156);mandates.doc(1137493);turn.doc(350191),14769181,13,0.9999992857147959,0.0,0.15
ANT0148,2010-01-04,11,11,0,0,flames.jpg(856486);has.doc(378270),1647798,8,0.9999990909099173,0.0,0.15
AOB0391,2010-01-04,11,11,0,0,internet.zip(719603)panels.txt(921527)progressively.exe(598410);characters.exe(747814)own.doc(39838),3384637,10,0.9999990909099173,0.0,0.15
AOC1283,2010-01-04,47,47,2,0,everyone.txt(685827);night.exe(1144879);candidate.exe(569162)mountains.txt(124304)nominated.pdf(1344747);success.txt(512550);bank.pdf(282215);called.exe(751867)no.exe(474002)looked.zip(926425);cohesion.jpg(930841);our.doc(830165);abraham.pdf(154725)probably.jpg(19122)july.doc(975142)memoirs.exe(408343);horse.zip(2210972)modern.jpg(1970212);activities.txt(638198);in.zip(871057);in.exe(176950)congress.zip(719912);february.zip(2132785);found.doc(1136167)verified.exe(795766)positive.jpg(1740885),23908193,35,0.9999997872340878,0.0,0.15
AOH0883,2010-01-04,11,11,0,0,worker.zip(1552107)new.exe(525926)new.exe(525926)ascent.jpg(751660);eight.zip(1859806);26.pdf(254559),5890387,7,0.9999990909099173,0.0,0.15
AOP1202,2010-01-04,20,20,0,0,workers.doc(183313)i.pdf(480070)ridden.pdf(1663705);turns.zip(1005651);disc.zip(1341633)their.doc(50912);vessel.pdf(1166333)support.doc(597020)bishop.zip(465769),7550574,20,0.9999995000002501,0.0,0.15
APD1148,2010-01-04,37,37,1,0,saga.exe(1260521);arrival.exe(1262598)once.jpg(567026);contemplation.jpg(532236)living.txt(909074);animals.jpg(39447)proposed.pdf(234962)assumed.txt(1678741)faculty.pdf(1097518)assumed.txt(1678741)faculty.pdf(1097518)must.pdf(2484226);and.jpg(867924)must.pdf(2484226);and.jpg(867924)caption.pdf(1276565)caption.pdf(1276565),20634837,23,0.9999997297298027,0.0,0.15
APR1168,2010-01-04,28,28,4,0,six.doc(325105);he.jpg(273338)prince.zip(170543)italian.jpg(682564)numerous.txt(966009);begins.pdf(370352)which.doc(1239442),4821723,25,0.9999996428572704,0.0,0.15
AQC0371,2010-01-04,8,8,1,0,robert.pdf(725582);suddenly.pdf(865995);hence.jpg(207917);crew.jpg(1227345);oriented.jpg(355385);addition.zip(1782686);oath.exe(1127334);commercial.pdf(834016);waiting.exe(853171)cars.txt(1240778);status.zip(1654840),11126189,7,0.9999987500015626,0.0,0.15
AQL1757,2010-01-04,6,6,0,0,momentarily.pdf(1328077);today.doc(902866)these.exe(308378),2768547,6,0.9999983333361112,0.0,0.15
ARB0626,2010-01-04,7,7,3,0,cables.pdf(680887);loft.zip(1251150),2143470,7,0.9999985714306123,0.0,0.15
ARD0538,2010-01-03,23,23,5,23,too.pdf(486237)too.pdf(486237)six.doc(934551);one.pdf(941049);greater.doc(1803193)six.doc(934551);one.pdf(941049);greater.doc(1803193)gambling.exe(674984);third.exe(1121005)gambling.exe(674984);third.exe(1121005)tunnel.pdf(282304)tunnel.pdf(282304),13197873,13,0.9999995652175804,0.0,0.15
ARD0538,2010-01-04,36,36,10,0,74.txt(258579);superior.exe(1026938)july.doc(1554973);14.jpg(705242)74.txt(258579);superior.exe(1026938)july.doc(1554973);14.jpg(705242)faunas.exe(628994);pronounced.txt(531947)faunas.exe(628994);pronounced.txt(531947)now.jpg(913397)horatio.zip(1357703);occupied.jpg(2069310);modern.jpg(597175)indies.doc(1317347);cautiously.txt(854083);boarded.txt(395205)both.txt(350381)both.txt(350381)1972.doc(1608180);heading.jpg(124134)1972.doc(1608180);heading.jpg(124134)suggested.exe(1112283)near.zip(560529),23798781,23,0.9999997222222993,0.0,0.15
ARD0790,2010-01-02,18,18,0,18,possible.pdf(1277953);hole.doc(1545111)possible.pdf(1277953);hole.doc(1545111),6244964,8,0.9999994444447531,0.0,0.15
ARD0790,2010-01-03,20,20,0,20,erupted.doc(273440)erupted.doc(273440),1149575,11,0.9999995000002501,0.0,0.15
ARD0790,2010-01-04,17,17,0,0,experiences.exe(1468784)10000.jpg(327151);tennessee.txt(1196120);ten.doc(1766418);twelve.zip(719202)protection.jpg(359077)impressed.zip(907565);billion.txt(481700);distortion.zip(762330)survey.pdf(49776)canadian.zip(1060237)canadian.zip(1060237)available.txt(185818);left.exe(62023);visible.doc(398256)available.txt(185818);left.exe(62023);visible.doc(398256),11983914,13,0.9999994117650519,0.0,0.15
ARF0719,2010-01-04,17,17,0,0,walls.jpg(753224);run.jpg(1224522)because.txt(976645);mood.zip(1088978);passing.txt(899120)waterfalls.txt(1205466)sales.jpg(909993),7555115,15,0.9999994117650519,0.0,0.15
ARG1264,2010-01-04,2,2,1,0,,51563,2,0.9999950000249999,0.0,0.15
ARL0411,2010-01-04,17,17,4,0,,522951,15,0.9999994117650519,0.0,0.15
ARM0333,2010-01-04,25,25,0,0,rail.jpg(863293)appeared.zip(1343681);appreciation.txt(2053711);were.zip(441071)son.doc(584367)127.doc(286295)motion.exe(1278761);modification.exe(828870)grown.jpg(643842)same.exe(336681)tom.zip(898548);tom.txt(473611)various.txt(1593992);known.doc(789304);literature.txt(10022);sativum.zip(563570)roster.pdf(1277788),14960413,20,0.99999960000016,0.0,0.15
ARM0805,2010-01-04,41,41,1,0,touloubre.txt(897159);diet.jpg(823488)touloubre.txt(897159);diet.jpg(823488)were.txt(1230036);development.pdf(789850);delay.zip(285576)were.txt(1230036);development.pdf(789850);delay.zip(285576)argues.zip(1209989)argues.zip(1209989)animated.doc(1098037)animated.doc(1098037)large.jpg(546425)material.doc(50531);accord.exe(149090)guns.jpg(899403);officials.exe(1486715),16991995,29,0.9999997560976204,0.0,0.15
ARP0574,2010-01-04,31,31,0,0,determined.zip(1099372);processes.doc(791852)roman.jpg(829648)february.doc(1031094);provisions.doc(861138)1704.jpg(182415)young.doc(1331547)maurice.exe(1244536)wreck.doc(1857545),10182110,28,0.9999996774194589,0.0,0.15
ARP1356,2010-01-04,4,4,1,0,heroes.txt(871449);faked.doc(752594),1743205,4,0.9999975000062501,0.0,0.15
ARV1884,2010-01-04,21,21,1,0,works.jpg(1131091);due.zip(1922384);three.zip(1754170);beginning.doc(349578);enlistments.pdf(637505);enlistments.exe(634696)26.exe(919059);would.txt(755350);25.zip(78506);heightened.pdf(613269);25.exe(902741);outrage.zip(797416);list.zip(103017)published.pdf(471753);presence.doc(111885);2011.zip(1462813)governor.exe(39789);under.txt(1574936)medieval.exe(47419)athletes.doc(956924)years.jpg(1215202)awnings.jpg(119094),17215141,17,0.9999995238097505,0.0,0.15
ASB0658,2010-01-04,6,6,0,0,then.txt(315522),439278,6,0.9999983333361112,0.0,0.15
ASC1297,2010-01-04,41,41,3,0,prince.pdf(905293)tournament.exe(621080);final.pdf(631364)chemistry.exe(252021);equipment.zip(812785);really.zip(327700)zealand.txt(1922238)defense.zip(524126)through.txt(544524)established.zip(816003);argentina.exe(877266);penetration.exe(1756506),11288409,30,0.9999997560976204,0.0,0.15
ASH0298,2010-01-04,12,12,0,0,rebutting.txt(601346);c.pdf(544682)non.doc(769732)thomas.exe(368840);introduction.jpg(1016990)referenced.pdf(1781722);settler.txt(479165);government.exe(498277);1960.jpg(269867),6665197,10,0.9999991666673611,0.0,0.15
ASH0458,2010-01-04,39,39,3,0,1937.exe(869832)war.pdf(1297089);where.zip(459863);war.exe(2111305)rested.doc(999799)21.doc(2020265);25.exe(1063456)war.txt(698809)dream.txt(1423326);braithwaite.zip(1008921);even.doc(545380);appear.jpg(584033);total.pdf(365519);total.exe(2299613);appear.zip(917897);deficiency.txt(573486)derivative.doc(1380752);forgo.doc(4303);jcr.pdf(886753),20750485,31,0.9999997435898093,0.0,0.15
ASM0398,2010-01-04,23,23,0,0,particularly.txt(856800);since.pdf(1347193)non.doc(1811109)tsar.jpg(780424);development.doc(645621)i.pdf(480070)prince.zip(641296)knowledge.txt(415249);pard.pdf(1280431)segregated.exe(841529);forecasting.doc(1373159),11146653,19,0.9999995652175804,0.0,0.15
ASO0180,2010-01-04,12,12,1,0,kevin.txt(93551);gulf.doc(128929),590939,11,0.9999991666673611,0.0,0.15
ASR0150,2010-01-04,5,5,0,0,part.txt(64045);brown.zip(913627)parameters.jpg(978213);nest.zip(121983);approximately.jpg(1233653),3474287,4,0.9999980000040001,0.0,0.15
AST0328,2010-01-04,29,29,11,0,harding.txt(342949)ok.exe(556344);lot.txt(594258)valuable.exe(109997);catholic.doc(760313);staff.pdf(674992)paid.exe(163337)prince.zip(409222)frontier.pdf(1262139),5755446,25,0.9999996551725328,0.0,0.15
ATB0490,2010-01-04,19,19,0,0,number.doc(1254598);specialized.txt(1702620);nearly.zip(1038560);valley.zip(374480);acquired.txt(1371262);below.exe(1185874);acquired.pdf(1323314);operator.exe(911250)on.doc(365366);width.doc(1039594)person.txt(1835471)person.txt(1835471)per.txt(1554506)when.zip(2164602)show.pdf(727914);or.doc(561431)show.pdf(727914);or.doc(561431),21105431,12,0.9999994736844876,0.0,0.15
ATC1916,2010-01-04,3,3,0,0,further.pdf(688167);directly.pdf(969051);becoming.zip(310757),2083201,3,0.9999966666777778,0.0,0.15
ATD0517,2010-01-02,9,9,0,9,natural.zip(325376)within.txt(1373850);heavily.doc(16367)are.jpg(2106105)april.pdf(1491851);passed.zip(1657300);collisions.txt(78174);implies.pdf(90332);degrees.pdf(154116);away.exe(760617);eye.jpg(919293),9295498,8,0.9999988888901234,0.0,0.15
ATD0517,2010-01-03,9,9,0,9,thought.exe(139903)influence.pdf(723724)upcoming.doc(989349);formed.jpg(284997);advantage.doc(881347);night.exe(781809);advantage.zip(1103448),5165950,9,0.9999988888901234,0.0,0.15
ATD0517,2010-01-04,32,32,0,0,lateral.jpg(1627367)killed.pdf(4450);area.doc(858548);seemingly.pdf(1639452);received.txt(1110619);ever.exe(2144581);threw.exe(480379)issue.exe(1259329)possibly.pdf(952299)murder.zip(313612),11316521,27,0.9999996875000976,0.0,0.15
ATD1067,2010-01-04,41,41,6,0,seals.jpg(1366463);television.exe(361207)base.doc(637538);sick.pdf(256908);fill.doc(895809);destroyed.exe(1437591);dramatic.txt(574708);swimming.zip(1284925);plover.pdf(876966);sediment.txt(952339)eaten.jpg(657678);epics.txt(168013)discharges.zip(405108)03.exe(1323083);criminals.zip(56805);criminals.txt(832415);influenced.exe(184511)january.exe(1098241);according.pdf(949696)coastline.pdf(258410)equal.jpg(1131284);given.jpg(585120)once.doc(629896)2005.jpg(928245)more.txt(796814),19898430,32,0.9999997560976204,0.0,0.15
ATO0307,2010-01-04,25,25,0,0,knowledge.doc(995718);cross.txt(601057)negotiating.zip(1549008);known.doc(1086747);lure.txt(1501047);lucky.exe(94058)sloop.doc(392131);himself.txt(811553);involve.pdf(481641)mclaren.txt(679490);eight.zip(870417),9788499,21,0.99999960000016,0.0,0.15
ATS1073,2010-01-04,42,42,5,0,although.zip(1123200)table.txt(657178);contemporary.jpg(472870);incorporation.zip(607195);factor.txt(1430121);gain.exe(8950);annual.txt(281427);gulf.exe(193808);battle.txt(811671)structure.doc(580405);art.jpg(804823)discharges.zip(405108)top.zip(508914);party.txt(759258);based.pdf(835126)july.zip(1274371);misl.txt(139391)loaded.exe(1441061);their.jpg(377212)saw.txt(133589);travel.txt(297762);william.doc(2215125);time.zip(688927)goods.doc(2608210)southwest.jpg(517963)comeback.exe(572431),20897525,38,0.9999997619048185,0.0,0.15
AUH0138,2010-01-04,26,26,1,0,holding.zip(1271808);center.pdf(926238);still.doc(1939012);ubiquitous.txt(740882)ball.jpg(1222920)after.txt(1078077);mid.doc(783094),8685279,22,0.9999996153847633,0.0,0.15
AVG1169,2010-01-04,28,28,3,0,back.doc(979276);6000.exe(1058388)ahmose.pdf(643221)rising.zip(411241)deposited.txt(2042327);5.jpg(1502787)enhanced.pdf(833469);administration.pdf(1747931)worldwide.doc(731359)320.txt(9099);obituary.zip(448655)aimed.jpg(650853),11893988,26,0.9999996428572704,0.0,0.15
AVH1217,2010-01-03,19,19,0,19,indicates.exe(1216659),1886331,10,0.9999994736844876,0.0,0.15
AVH1217,2010-01-04,27,27,0,0,review.exe(1001353);close.pdf(165248)review.exe(1001353);close.pdf(165248)keep.txt(756813)alliance.jpg(84035),4053525,19,0.9999996296297669,0.0,0.15
AVP1137,2010-01-04,35,35,1,0,retrieve.exe(346346)exist.exe(420433)relatively.doc(880396)outbreak.zip(1503602)pushing.zip(1587107)relatively.doc(880396)outbreak.zip(1503602)pushing.zip(1587107)third.zip(1783338)listed.jpg(150855);mark.doc(1519803)tomb.doc(1214921)listed.jpg(150855);mark.doc(1519803)tomb.doc(1214921),17362529,20,0.9999997142857958,0.0,0.15
AWB1309,2010-01-04,8,8,0,0,characters.pdf(5138);maniraptora.exe(1081457),1413464,8,0.9999987500015626,0.0,0.15
AWB1661,2010-01-03,9,9,1,9,chicago.jpg(1383855)faded.doc(1202784);daughters.doc(1604047)stable.jpg(1928921)national.jpg(1012632);1793.txt(823849);recognised.pdf(1400604),9604337,9,0.9999988888901234,0.0,0.15
AWB1661,2010-01-04,18,18,6,0,prohibited.doc(351664)pennsylvania.zip(1447128)couldnt.exe(1401629);2006.zip(1196083)german.doc(1343724);proposal.exe(358005);or.pdf(426932)deputy.txt(474012)unexpected.jpg(287002);he.jpg(84590)grains.jpg(644044);phenomena.pdf(1319609);view.zip(928994)embarked.pdf(172897);19th.doc(150993),11166802,18,0.9999994444447531,0.0,0.15
AWC1213,2010-01-04,22,22,0,0,attempted.jpg(287667)trough.exe(1812867)keep.txt(756813)mikhail.zip(817090)level.jpg(645690);navy.zip(931732)british.txt(822247);marked.exe(245312)british.txt(822247);marked.exe(245312),8022213,19,0.9999995454547521,0.0,0.15
AWD1976,2010-01-02,3,3,0,3,,59799,3,0.9999966666777778,0.0,0.15
AWD1976,2010-01-04,14,14,0,0,what.jpg(855073);early.txt(1980740)stationary.txt(768867);northern.exe(487565);around.exe(475248)no.txt(1253226);input.pdf(1947524),8164050,12,0.9999992857147959,0.0,0.15
AWK1773,2010-01-04,28,28,0,0,greeted.exe(947041)sold.jpg(768233);taken.zip(1148327)being.doc(1301959)making.jpg(928420);making.pdf(1779633);office.doc(1316194)many.doc(1556877)main.zip(838767);situated.jpg(66602)difficult.jpg(923624),12387774,25,0.9999996428572704,0.0,0.15
AWW0676,2010-01-04,43,43,12,0,full.txt(153092);billion.jpg(704475);developer.doc(962654)on.jpg(1460245)which.jpg(693989);second.exe(411946)1986.exe(192909)rest.txt(631557);field.pdf(911941)spring.doc(841669);sufferers.zip(1688630)milton.pdf(307823)alerted.exe(728565);when.zip(1634850);1974.doc(664038)keeping.jpg(349096)worked.zip(1973462)system.zip(336705),15880991,35,0.9999997674419144,0.0,0.15
AWW0718,2010-01-04,28,28,0,0,agencies.zip(1429467)burned.exe(2084262)yi.pdf(71392)how.exe(2193474),6579770,20,0.9999996428572704,0.0,0.15
AWW1749,2010-01-04,9,9,0,0,roadside.jpg(2712820)association.pdf(1669480);when.jpg(1233024);daughter.jpg(1832498);half.doc(1086822)atmosphere.jpg(846516),9701593,6,0.9999988888901234,0.0,0.15
AXP1568,2010-01-04,33,33,4,0,widespread.pdf(1198929)biblical.pdf(258483);us.zip(373375)24.doc(565117)system.zip(336705)clear.exe(434138),4127824,29,0.9999996969697887,0.0,0.15
AXS0729,2010-01-04,22,22,1,0,most.zip(841445);f.pdf(1119978)stands.txt(1744769)willing.exe(1242428)must.zip(614450)kingston.txt(1605444),7860119,15,0.9999995454547521,0.0,0.15
AYG1697,2010-01-04,4,4,0,0,pursue.exe(625838);believed.doc(2224701),2967819,4,0.9999975000062501,0.0,0.15
AZW1420,2010-01-04,17,17,3,0,villa.exe(617651)began.zip(106391);do.jpg(368111);hands.jpg(39280)canada.pdf(1585056);february.jpg(1372337)1898.jpg(140501),4824740,16,0.9999994117650519,0.0,0.15
BAA0385,2010-01-04,4,4,0,0,,116244,4,0.9999975000062501,0.0,0.15
BAB1874,2010-01-04,2,2,0,0,young.zip(1603746);young.jpg(1855332),3510884,2,0.9999950000249999,0.0,0.15
BAG0315,2010-01-04,26,26,6,0,multiple.zip(17065);survey.zip(642131);sky.exe(964232);cycle.exe(278233)affect.doc(1347926);samuel.txt(796714);maximum.txt(546236)component.txt(605333)reservoirs.pdf(173373);reservoirs.zip(1739471)while.exe(971898),8820769,20,0.9999996153847633,0.0,0.15
BAH1537,2010-01-04,6,6,3,0,inculcate.jpg(1125237);among.jpg(810299);humanity.zip(255513),2388800,6,0.9999983333361112,0.0,0.15
BAR1328,2010-01-04,2,2,0,0,fabian.doc(1006936);fabian.zip(599511)descending.txt(437912);winner.doc(416341),2522719,2,0.9999950000249999,0.0,0.15
BAR1640,2010-01-04,10,10,0,0,manoeuvre.exe(686759)mississippi.zip(561479);rapid.pdf(921583)career.jpg(1624331);traced.zip(953020);create.pdf(503197)up.txt(713209);yet.pdf(1167575)harboured.pdf(2009257),9466628,8,0.9999990000010001,0.0,0.15
BAS0763,2010-01-04,21,21,0,0,english.jpg(675732)cherry.doc(1170955);while.jpg(1204325);encompasses.exe(744543)february.doc(1324008)position.zip(1903305)embrace.txt(1633872)contains.doc(882993)sometimes.jpg(1522900)easily.pdf(313787)art.txt(609531);fight.pdf(23748),12576883,17,0.9999995238097505,0.0,0.15
BAS1078,2010-01-04,44,44,3,0,crucial.txt(563465)soul.pdf(264111);philosophy.doc(582486);saptibhag.exe(264173)equal.jpg(1131284);given.jpg(585120)century.zip(1583258);bisects.txt(1547716);5.exe(1663825);left.doc(620730);contact.exe(1124258),11324922,34,0.9999997727273243,0.0,0.15
BAS1097,2010-01-04,4,4,0,0,,160273,4,0.9999975000062501,0.0,0.15
BAT1359,2010-01-04,10,10,3,0,sent.zip(782232);itself.txt(1096335)larger.zip(746794);lines.doc(960084);another.txt(884419)actor.txt(509063);expressed.txt(1484107)band.exe(743334);heavily.jpg(1116908),8613189,10,0.9999990000010001,0.0,0.15
BBB0012,2010-01-04,32,32,4,0,name.zip(1190800)minds.txt(65638);14.zip(303733)however.pdf(349175);bear.jpg(39764);evidence.doc(138846)history.zip(1829959)planet.doc(1306621)between.doc(691745)might.zip(1419918)lombards.zip(1476843);early.jpg(827953)still.doc(443940)manufacturers.jpg(1204065),12232719,23,0.9999996875000976,0.0,0.15
BBC1191,2010-01-04,17,17,1,0,martial.jpg(748703)provides.exe(1078384)prince.jpg(1611245);prince.exe(94593);prince.txt(383054),4332014,14,0.9999994117650519,0.0,0.15
BBF0480,2010-01-04,29,29,4,0,november.pdf(974141)natural.jpg(1425252);1986.zip(1277333)look.exe(1943695)de.zip(506072)de.zip(506072)mother.txt(349540)mother.txt(349540)congress.zip(1455920);consequences.zip(641504)congress.zip(1455920);consequences.zip(641504)hat.jpg(889894),13139242,21,0.9999996551725328,0.0,0.15
BBG0378,2010-01-04,4,4,0,0,elizabeth.exe(676104)however.zip(573705);222.exe(520051)american.txt(523593);moderate.pdf(1596496),3991177,4,0.9999975000062501,0.0,0.15
BBH1945,2010-01-04,40,40,16,0,difficulties.zip(462762);promote.jpg(158531);rich.txt(1303660);methods.exe(243288);account.zip(1335219);none.zip(1350705);rich.zip(1305348);hey.txt(53520);meanwhile.pdf(2189536)lasted.exe(1294803);ejection.zip(793798)short.exe(1509267)attention.exe(764743)grew.jpg(616116)find.exe(888910);avoid.txt(1467413)ring.doc(203693);ring.txt(881836);atlantic.doc(607586),18616472,34,0.9999997500000625,0.0,0.15
BBM0588,2010-01-04,29,29,6,0,french.pdf(703038)brown.jpg(795922);among.exe(384479)sea.jpg(1884672)dare.pdf(987150);democratic.doc(271871)every.doc(934686);horrible.jpg(962857)however.pdf(927871)july.jpg(336297)professional.exe(139406);meat.exe(1136206);infidelity.zip(172256);fiction.doc(1021702);necks.txt(144912),11683903,23,0.9999996551725328,0.0,0.15
BBN0449,2010-01-04,21,21,0,0,prince.doc(821790);prince.jpg(16569)achr.jpg(747190)occasion.doc(137828);first.pdf(718741);magdalene.exe(703369),3759334,20,0.9999995238097505,0.0,0.15
BBR1381,2010-01-04,5,5,0,0,prestige.zip(642028);2006.pdf(573465);revealed.pdf(1223045)gloucester.exe(151438);1800.pdf(2208586)modern.txt(754338);miss.jpg(661234)units.jpg(79264);was.pdf(176277),6642857,5,0.9999980000040001,0.0,0.15
BBW0151,2010-01-04,5,5,1,0,under.zip(663351);outnumbering.zip(349088)control.jpg(365113),1535723,4,0.9999980000040001,0.0,0.15
BCA1517,2010-01-03,3,3,0,3,spread.doc(1417863)unlike.exe(602958);fees.jpg(814719),2912471,3,0.9999966666777778,0.0,0.15
BCA1517,2010-01-04,7,7,5,0,inculcate.jpg(1125237);among.jpg(810299);humanity.zip(255513),2428175,7,0.9999985714306123,0.0,0.15
BCB1715,2010-01-04,47,47,6,0,ill.jpg(489654)aside.doc(878471);greatly.txt(481258)push.doc(601109)house.exe(1387090);pop.exe(979733)push.doc(601109)house.exe(1387090);pop.exe(979733)first.pdf(1059856)first.pdf(1059856)supporting.doc(175152);1926.zip(292874)supporting.doc(175152);1926.zip(292874)407.exe(131005)407.exe(131005)wealthy.jpg(1071299);billionaire.exe(1199953);vast.doc(1597437);manner.pdf(594695),17093636,28,0.9999997872340878,0.0,0.15
BCC1259,2010-01-04,1,1,1,0,,40582,1,0.9999900000999989,0.0,0.15
BCC1597,2010-01-02,1,1,0,1,removal.exe(509751);2.zip(2536668),3069839,1,0.9999900000999989,0.0,0.15
BCC1597,2010-01-04,3,3,0,0,fined.zip(854933),938304,3,0.9999966666777778,0.0,0.15
BCG0853,2010-01-04,32,32,0,0,heroes.txt(871449);faked.doc(752594)entirely.txt(1248204);approached.txt(762935)levels.doc(923494)pressure.zip(586900)leading.txt(1082047)moderate.doc(660913)observed.exe(1002590);previous.jpg(339951)six.pdf(2037736);pressure.exe(1691521);undergo.txt(655410)after.jpg(1331257)had.txt(946826)economy.doc(102577);observed.exe(1486449),17405257,28,0.9999996875000976,0.0,0.15
BCL0231,2010-01-04,82,82,12,0,contacted.jpg(719961)write.exe(184724);version.pdf(1783566)him.exe(319162)himself.doc(973747)then.doc(1753118)scholars.jpg(613511)1990s.doc(1299436)dawn.exe(291644);give.txt(364272);color.pdf(725146)compared.doc(1729585)finally.zip(1060240);been.jpg(331337);john.jpg(203032);even.doc(1026846);creates.pdf(1029702)officers.txt(876999);ato.jpg(1562629)student.txt(35280);funeral.jpg(524580)retreated.txt(1202270)non.doc(769732)mothers.exe(142952);designed.pdf(2696873)navys.zip(1993887);width.txt(694120),27277658,61,0.9999998780487953,0.0,0.15
BCL1423,2010-01-04,10,10,2,0,southern.jpg(2077268),2388115,10,0.9999990000010001,0.0,0.15
BCR0747,2010-01-04,36,36,0,0,prince.doc(832376);prince.txt(2281939);prince.zip(892664);prince1.zip(1438394);prince2.txt(769518);prince.pdf(380275)prince.doc(832376);prince.txt(2281939);prince.zip(892664);prince1.zip(1438394);prince2.txt(769518);prince.pdf(380275)prince.txt(788575)prince.zip(409222)prince.txt(788575)prince.zip(409222)hogs.exe(1142104)hogs.exe(1142104)german.jpg(627548);253.zip(868867)german.jpg(627548);253.zip(868867)19.txt(1611501);191.txt(1223481);imperial.jpg(749410)divided.doc(2462612)skenesborough.doc(366643),28396197,24,0.9999997222222993,0.0,0.15
BCS1310,2010-01-04,11,11,0,0,declaring.pdf(1390743);would.zip(655180)have.pdf(636916)reactions.doc(1761830);transfer.doc(574927);fathers.pdf(334736),5664165,11,0.9999990909099173,0.0,0.15
BDB1111,2010-01-04,7,7,1,0,,203633,6,0.9999985714306123,0.0,0.15
BDC0936,2010-01-04,36,36,0,0,150000.exe(931819)sequences.pdf(281675);two.doc(873434)sequences.pdf(281675);two.doc(873434)culture.doc(196356)1984.exe(860061);less.pdf(2310354)repeated.jpg(1927355);medulla.exe(211365);person.exe(408489);burst.jpg(698716);an.exe(149185),11055054,25,0.9999997222222993,0.0,0.15
BDF0015,2010-01-02,36,36,0,36,female.doc(713811)female.doc(713811)size.zip(367356);been.pdf(893908);2007.exe(896914)size.zip(367356);been.pdf(893908);2007.exe(896914)jro.txt(513052)jro.txt(513052)minds.txt(65638);14.zip(303733)minds.txt(65638);14.zip(303733)name.zip(1190800)name.zip(1190800)parents.jpg(830369);road.exe(673945);road.zip(1159088);nobody.pdf(584045)parents.jpg(830369);road.exe(673945);road.zip(1159088);nobody.pdf(584045)disposing.txt(1456690)disposing.txt(1456690),20365424,17,0.9999997222222993,0.0,0.15
BDF0015,2010-01-04,65,65,0,0,rewritten.pdf(1136140);threat.zip(1328581);writers.exe(448674);silly.doc(202156);widower.doc(1572278);attempts.zip(1455529);b.txt(204864);brought.exe(124261);stretch.txt(1026509)rewritten.pdf(1136140);threat.zip(1328581);writers.exe(448674);silly.doc(202156);widower.doc(1572278);attempts.zip(1455529);b.txt(204864);brought.exe(124261);stretch.txt(1026509)include.exe(761999)necessary.doc(990134)include.exe(761999)necessary.doc(990134)confront.doc(503892);difficulties.doc(59250);funds.pdf(9987);difficulties.exe(1059538)confront.doc(503892);difficulties.doc(59250);funds.pdf(9987);difficulties.exe(1059538)suffered.zip(1144245)united.zip(36409)promenade.jpg(298169)manufacturers.jpg(1204065)either.txt(1124577);row.pdf(1121301);it.txt(1425394),30033838,39,0.9999998461538697,0.0,0.15
BDH0981,2010-01-04,23,23,2,0,tennessee.exe(819779)lakefront.jpg(1054043)declined.exe(221773)apparatus.exe(788215);testimony.jpg(655179);apparatus.txt(1091597)anti.doc(1711146)stopped.txt(878750);crucial.txt(1021059),8873806,20,0.9999995652175804,0.0,0.15
BDM0274,2010-01-04,23,23,5,0,violence.pdf(1085946)circuits.txt(1406338)preparing.exe(928341)immediate.pdf(24898);three.zip(107419),4353574,22,0.9999995652175804,0.0,0.15
BDM0442,2010-01-04,27,27,11,0,william.doc(172549)considered.exe(668169);gap.zip(1159776)considered.exe(668169);gap.zip(1159776)properties.jpg(668008)properties.jpg(668008)residual.exe(272569),6301985,19,0.9999996296297669,0.0,0.15
BDM1204,2010-01-04,21,21,0,0,trough.exe(1812867)whose.zip(1484211);graduated.exe(434453);8.doc(1859027)14.zip(952508);while.zip(1902041)foreign.zip(484830)considerable.jpg(956317),10510045,18,0.9999995238097505,0.0,0.15
BDM1457,2010-01-04,8,8,0,0,ahmose.pdf(643221),868014,7,0.9999987500015626,0.0,0.15
BDP0096,2010-01-04,82,82,50,0,renamed.exe(774458);assembled.doc(698480)begins.zip(779465)god.doc(1811486);god1.doc(56376);feast.exe(1017945)deceased.doc(1445596)deceased.doc(1445596)variety.doc(89031)lawyers.pdf(1307925);ignores.exe(727874)variety.doc(89031)lawyers.pdf(1307925);ignores.exe(727874)rear.doc(1963785);or.doc(709966);personal.zip(351730);november.exe(1498135)rear.doc(1963785);or.doc(709966);personal.zip(351730);november.exe(1498135)convincing.jpg(112461);ten.jpg(433188);thousands.pdf(740509)convincing.jpg(112461);ten.jpg(433188);thousands.pdf(740509)reporter.txt(1249954);newsnight.doc(1672292)reporter.txt(1249954);newsnight.doc(1672292)contact.pdf(1743040)contact.pdf(1743040)william.zip(412363);shaped.exe(253065);room.pdf(325427);factors.txt(1043732);ohio.jpg(586421);had.exe(1030046);attendance.jpg(427819)amount.txt(1182508)any.doc(1584237)reputation.pdf(544035);grew.exe(810245)advice.doc(1036475)6.doc(901445)layers.doc(866367);eight.pdf(87649);this.zip(76318)left.doc(493482)contrary.jpg(2267991);a.zip(1698895)ellipsoids.exe(507659)mis.txt(824869);lore.txt(1692229);sorcerers.exe(2042594),56306592,55,0.9999998780487953,0.0,0.15
BDP1162,2010-01-04,15,15,1,0,break.exe(859071)find.doc(756650)italian.jpg(682564),2714609,11,0.9999993333337778,0.0,0.15
BDR0223,2010-01-04,23,23,0,0,reduced.exe(1555069)aiming.pdf(313782)probably.pdf(965202);often.pdf(1473757);lack.jpg(830025);wigmunds.doc(24790);record.exe(1230936);record.pdf(1317759);described.doc(976122);neighbouring.doc(223638)container.txt(226263)old.txt(414541)supervising.doc(1914057)emerged.jpg(1648029);seven.pdf(457024);dj.zip(1020785)early.doc(612716);womans.jpg(1637049);april.txt(1222930)notwithstanding.doc(754630);required.pdf(896748)behavior.jpg(185915),20572764,18,0.9999995652175804,0.0,0.15
BEM1501,2010-01-04,16,16,3,0,english.jpg(1549198)defeating.pdf(1260720);well.txt(364449),3578971,15,0.9999993750003906,0.0,0.15
BGC0649,2010-01-04,34,34,0,0,present.zip(1172795);ago.txt(930348)soviet.pdf(1318782);ultimate.pdf(1161526)rather.pdf(1751466)paul.doc(369238);tv.jpg(728966)general.exe(1359703)representatives.doc(14392),9717964,30,0.9999997058824394,0.0,0.15
BGF1845,2010-01-04,27,27,0,0,waiting.exe(1119563);commissioned.exe(934208);vast.exe(532008);harriet.zip(787448)did.pdf(513385)national.txt(2232983);central.zip(306741),7235907,21,0.9999996296297669,0.0,0.15
BGH1443,2010-01-04,23,23,4,0,place.jpg(831174)style.exe(1368311)participate.doc(1389649);signs.zip(90040)reached.txt(1742549)lying.txt(644013);near.exe(1363118);humane.doc(192817);suvorin.txt(1233040);uncle.doc(885111);lying.jpg(1699080);painted.txt(1960585);an.pdf(475735);humane.exe(337487),14921300,20,0.9999995652175804,0.0,0.15
BGK0345,2010-01-04,45,45,0,0,exceeded.txt(914196);forced.zip(1406199);entrance.doc(905084)possible.pdf(1277953);hole.doc(1545111)unusual.txt(184686);great.doc(415200);occasionally.exe(1008595)protection.jpg(359077)protection.jpg(359077)angrily.pdf(1289131);sense.zip(148477);dalhousie.doc(1547676);technical.txt(480436)larger.doc(593664);who.doc(972343)imperial.doc(2038979)still.doc(1425805);southern.pdf(1349083);retreating.zip(1906033)conservatives.exe(1039764);way.zip(731962);spirits.doc(335951);wracked.zip(1101878);am.jpg(546109);think.zip(1704863);am.doc(1628728);angus.txt(483248);itself.exe(9617)merged.jpg(1399076)merged.jpg(1399076)10000.jpg(327151);tennessee.txt(1196120);ten.doc(1766418);twelve.zip(719202)10000.jpg(327151);tennessee.txt(1196120);ten.doc(1766418);twelve.zip(719202)1932.zip(337209);however.zip(1021279)1932.zip(337209);however.zip(1021279),42580284,33,0.9999997777778271,0.0,0.15
BGM0233,2010-01-04,41,41,0,0,contacted.jpg(719961)write.exe(184724);version.pdf(1783566)parameters.jpg(978213);nest.zip(121983);approximately.jpg(1233653)shadows.zip(504852)concluded.doc(77277)of.doc(241879);william.zip(711111)clearing.pdf(72077);before.exe(464538);phil.txt(1300470),9599551,32,0.9999997560976204,0.0,0.15
BGR0917,2010-01-02,12,12,0,12,is.pdf(760642);oregons.pdf(360787)architectural.txt(663899)located.txt(1160306);live.doc(642121),4014172,12,0.9999991666673611,0.0,0.15
BGR0917,2010-01-03,8,8,0,8,served.pdf(301911);appropriate.txt(771802);jet.txt(745783);crew.pdf(58320);if.txt(1010991);end.exe(1406001),4515233,8,0.9999987500015626,0.0,0.15
BGR0917,2010-01-04,30,30,0,0,better.exe(113692);jump.pdf(668689);championship.exe(1330664);championship.doc(927285);rumours.pdf(100775);alan.jpg(1489416)be.exe(1168347)prince.zip(170543)can.jpg(1728768)eventually.txt(1946788)recolonization.doc(103059);2010.jpg(269651);investigation.jpg(101608);resumed.zip(950798);17.doc(104217)took.zip(109430);series.doc(490665)have.pdf(636916)prince.exe(887147);ankh.txt(645825)richards.txt(2460114);entry.pdf(501563);they.zip(172904)modern.txt(1416683);korn.jpg(181399);participated.doc(796996),20382346,26,0.9999996666667778,0.0,0.15
BHA1577,2010-01-04,7,7,1,0,champion.doc(105107);du.jpg(1119570)champion.doc(105107);du.jpg(1119570)concluded.zip(1281569);usurping.exe(1654475),5590670,5,0.9999985714306123,0.0,0.15
BHB0717,2010-01-04,21,21,0,0,perihelion.jpg(253360)prince.jpg(627812)unchallenged.doc(665033);hannibal.txt(1293436)propelled.zip(1499563);such.zip(210190),5155386,17,0.9999995238097505,0.0,0.15
BHG1947,2010-01-04,46,46,7,0,formed.pdf(1072669);destroyed.jpg(743058)perennial.doc(268861)owner.jpg(1348670)resolution.jpg(797087);200.exe(457793);sub.doc(178990);veils.doc(653851);emissions.zip(2349658);sub.exe(47176);down.pdf(1010979)correlated.exe(391413)our.pdf(1036804);royal.doc(1602348)whom.doc(495325);took.txt(1932462)frequently.doc(513772)blind.txt(322406);south.jpg(1393240);had.exe(1914038)lighter.jpg(445276);geared.zip(1875564)circles.zip(931432);top.jpg(1833962);confirmed.doc(2161266);nation.pdf(586923);received.exe(1117992)unfortunate.pdf(1132835)real.doc(1672941);trying.jpg(407644);may.jpg(1636987)information.zip(898959)technical.jpg(856296);never.pdf(1072481);going.doc(14211);political.doc(37216)staff.jpg(799862),37415190,41,0.9999997826087429,0.0,0.15
BHM1707,2010-01-04,40,40,8,0,halloween.zip(661729)most.zip(841445);f.pdf(1119978)2000.pdf(391407)407.exe(131005),4332547,33,0.9999997500000625,0.0,0.15
BHP1872,2010-01-04,8,8,2,0,485.txt(382299);mobile.exe(129823),733708,8,0.9999987500015626,0.0,0.15
BIM0885,2010-01-04,5,5,0,0,located.txt(1160306);live.doc(642121)early.txt(1543250);listing.txt(1053615),4604785,5,0.9999980000040001,0.0,0.15
BIS1598,2010-01-04,6,6,0,0,lessens.doc(277946);indicates.zip(1228578)exchange.zip(1133718)begin.txt(1451213);banned.txt(1491015)begin.txt(1451213);banned.txt(1491015),8712407,5,0.9999983333361112,0.0,0.15
BJG0492,2010-01-04,15,15,0,0,cavalry.jpg(1438295);so.exe(460611)prince.zip(641296),3050726,14,0.9999993333337778,0.0,0.15
BJG1852,2010-01-04,10,10,1,0,bridged.doc(253691);rebellin.pdf(912886)where.pdf(329513)acceptable.zip(1851577),3671394,10,0.9999990000010001,0.0,0.15
BJH0601,2010-01-04,2,2,0,0,,71331,2,0.9999950000249999,0.0,0.15
BJM1314,2010-01-02,3,3,0,3,,93474,3,0.9999966666777778,0.0,0.15
BJM1314,2010-01-03,4,4,0,4,fabian.doc(1006936);fabian.zip(599511),1724547,4,0.9999975000062501,0.0,0.15
BJM1314,2010-01-04,8,8,0,0,gate.zip(1835329),2080566,8,0.9999987500015626,0.0,0.15
BKA1178,2010-01-04,27,27,2,0,well.doc(541732);winter.jpg(1182043)as.jpg(179063);representative.jpg(354125)prince.txt(217501)shall.exe(328585)payroll.txt(1471280)measuring.zip(1550340)prince.doc(785212)cornered.zip(2575117);critical.pdf(1509129),11628990,25,0.9999996296297669,0.0,0.15
BKB0669,2010-01-04,19,19,0,0,perceives.txt(1658785);unfavourable.jpg(548892)approved.pdf(1039514)rating.pdf(102983);robbed.pdf(1370653);allowing.jpg(957138)2005.jpg(695048);prior.zip(338447),7335148,15,0.9999994736844876,0.0,0.15
BKF0632,2010-01-04,26,26,0,0,successor.exe(630463);robert.jpg(833000)inaugural.doc(322222)36.zip(1732788);that.txt(811585)informing.exe(23622),5205116,24,0.9999996153847633,0.0,0.15
BKG0597,2010-01-04,7,7,1,0,main.doc(1448712);two.exe(1503218)1844.pdf(603806);turn.doc(719082),4552549,6,0.9999985714306123,0.0,0.15
BKL0545,2010-01-04,36,36,24,0,begins.zip(779465)reporter.txt(1249954);newsnight.doc(1672292)contact.pdf(1743040)brilliant.pdf(1763849)caught.pdf(506813)brilliant.pdf(1763849)caught.pdf(506813)last.doc(355755);furniture.zip(1120012);controls.zip(975250)last.doc(355755);furniture.zip(1120012);controls.zip(975250)portage.zip(290895),16227213,26,0.9999997222222993,0.0,0.15
BLC1263,2010-01-04,5,5,0,0,fusion.doc(1154361);village.pdf(1277875)switzerland.doc(103424);overweight.exe(395443),3052416,5,0.9999980000040001,0.0,0.15
BLK0698,2010-01-04,28,28,0,0,court.doc(696238);spherical.pdf(1181307)court.doc(696238);spherical.pdf(1181307)but.jpg(1261269)but.jpg(1261269)roofs.pdf(477260);swimming.zip(796202);based.exe(656956);french.txt(637873)roofs.pdf(477260);swimming.zip(796202);based.exe(656956);french.txt(637873)far.zip(228337);shortly.doc(1081486);bankrupt.zip(1008741),14537969,19,0.9999996428572704,0.0,0.15
BLW0552,2010-01-04,23,23,3,0,looking.txt(308903)class.exe(248917);sebastin.exe(634185)bills.txt(329398)folly.doc(381719)atmosphere.doc(4962);elia.txt(893728);around.pdf(1211881);has.jpg(1135597);forces.pdf(1215713);entire.jpg(748867);london.zip(1846806);own.exe(596337)find.exe(888910);avoid.txt(1467413)march.txt(310819)before.pdf(101871)longest.zip(1900024),14955021,19,0.9999995652175804,0.0,0.15
BMC0650,2010-01-04,52,52,0,0,soviet.pdf(1318782);ultimate.pdf(1161526)contrast.exe(234100)senate.exe(971047)towed.zip(505067)opening.exe(1397847)successor.exe(630463);robert.jpg(833000)successor.exe(630463);robert.jpg(833000)dynamics.zip(1867535);warned.pdf(659219);elevated.exe(1187358)dynamics.zip(1867535);warned.pdf(659219);elevated.exe(1187358)inaugural.doc(322222)inaugural.doc(322222)one.exe(726882)one.exe(726882)embarked.zip(689021)embarked.zip(689021)ss.pdf(2133776)ss.pdf(2133776)december.txt(622088)december.txt(622088)engine.exe(33830);votes.pdf(1659504);will.doc(920585)rancho.txt(1131336),30175039,32,0.9999998076923446,0.0,0.15
BMG1070,2010-01-04,40,40,3,0,base.doc(637538);sick.pdf(256908);fill.doc(895809);destroyed.exe(1437591);dramatic.txt(574708);swimming.zip(1284925);plover.pdf(876966);sediment.txt(952339)industry.txt(375234)appealing.doc(1383304)again.pdf(164856);is.txt(636744)sure.pdf(827863),11523097,34,0.9999997500000625,0.0,0.15
BMR0343,2010-01-04,19,19,0,0,argentine.pdf(891878);already.pdf(2023929);1951.pdf(21624)attempted.zip(1112016)average.txt(140499);advice.doc(2012018)lead.pdf(1763740)covered.txt(539811)saw.jpg(528535);day.jpg(1971399);dressed.zip(1127233);due.pdf(2179438)formations.pdf(1341119);mentioned.txt(845594),17033844,16,0.9999994736844876,0.0,0.15
BMR0865,2010-01-04,19,19,0,0,department.exe(1192314)prison.jpg(1565524);saw.txt(474191);following.doc(725756),4521676,17,0.9999994736844876,0.0,0.15
BNE1140,2010-01-04,30,30,0,0,new.pdf(794412)100.jpg(729602);can.pdf(1154137)100.jpg(729602);can.pdf(1154137)later.jpg(160639);rendering.exe(531219)paul.exe(246984)paul.exe(246984)april.zip(1503171);been.zip(953795);been.jpg(1079428);r.txt(286451);square.txt(1615306);april.doc(1246969);way.jpg(13341);photo.pdf(1140443);way.doc(471287)april.zip(1503171);been.zip(953795);been.jpg(1079428);r.txt(286451);square.txt(1615306);april.doc(1246969);way.jpg(13341);photo.pdf(1140443);way.doc(471287)1880.pdf(869755);serve.txt(264289),24465965,21,0.9999996666667778,0.0,0.15
BNN0975,2010-01-04,28,28,0,0,american.exe(634756);18.doc(669723)suffering.txt(1261255)1993.txt(1245142)suffering.txt(1261255)completed.exe(369805);down.txt(1576076);british.zip(1370352)completed.exe(369805);down.txt(1576076);british.zip(1370352)western.doc(1717629)guns.jpg(899403);officials.exe(1486715)prince.jpg(1481296)nominally.exe(837910);modelled.txt(395233);an.jpg(1542855);reign.pdf(928555);includes.jpg(954180)prince.jpg(1481296)nominally.exe(837910);modelled.txt(395233);an.jpg(1542855);reign.pdf(928555);includes.jpg(954180)if.pdf(505084);a.exe(2338165),31668145,17,0.9999996428572704,0.0,0.15
BNS0484,2010-01-04,24,24,0,0,example.pdf(3476383)former.pdf(494717)potential.zip(477617);miss.doc(2154221);source.txt(748373);source.zip(1510921)vessels.exe(1114691);appeared.exe(630007)formed.txt(27105);re.zip(836594)elevated.jpg(886344);replaced.exe(924225)elevated.jpg(886344);replaced.exe(924225)100000.doc(1221283)ft.zip(81379);parents.txt(1775516)100000.doc(1221283),20128159,19,0.9999995833335069,0.0,0.15
BNT1804,2010-01-04,5,5,0,0,describes.doc(705995),887987,5,0.9999980000040001,0.0,0.15
BNV1461,2010-01-04,5,5,0,0,game.doc(481677);universally.pdf(799920),1462909,5,0.9999980000040001,0.0,0.15
BOC1318,2010-01-04,7,7,0,0,,206246,7,0.9999985714306123,0.0,0.15
BOS1170,2010-01-04,29,29,11,0,william.doc(172549)spent.doc(918448)spent.doc(918448)as.jpg(179063);representative.jpg(354125)as.jpg(179063);representative.jpg(354125)realised.zip(783376)realised.zip(783376)how.exe(2193474),7720446,17,0.9999996551725328,0.0,0.15
BPA0095,2010-01-04,63,63,24,0,too.pdf(486237)six.doc(934551);one.pdf(941049);greater.doc(1803193)gambling.exe(674984);third.exe(1121005)tunnel.pdf(282304)combined.exe(1422553)vietnam.zip(727223)july.doc(1554973);14.jpg(705242)74.txt(258579);superior.exe(1026938)decision.zip(1582027);role.doc(824987)1997.zip(704268);requested.txt(378370)gumilev.exe(1066559);childhood.pdf(518483)faunas.exe(628994);pronounced.txt(531947)both.txt(350381)1972.doc(1608180);heading.jpg(124134)frentzen.exe(674890);an.zip(338939)charge.pdf(925291),24100123,57,0.9999998412698664,0.0,0.15
BPK1731,2010-01-04,24,24,5,0,influence.zip(396160)tone.jpg(538104),1621731,21,0.9999995833335069,0.0,0.15
BRG0728,2010-01-04,25,25,2,0,joined.jpg(1021784)1770s.zip(1326985)referred.doc(2397451),5454256,23,0.99999960000016,0.0,0.15
BRL1701,2010-01-04,3,3,0,0,,70029,3,0.9999966666777778,0.0,0.15
BRM0126,2010-01-04,23,23,2,0,notion.doc(116584)dry.txt(124828);twin.txt(2201346);players.exe(52467)capacity.doc(180426)27.exe(5396);same.zip(889311);therefore.jpg(900274)bathgate.zip(149263)lighter.jpg(445276);geared.zip(1875564)event.exe(1445584);honour.pdf(1784010),10749177,21,0.9999995652175804,0.0,0.15
BRM1080,2010-01-04,45,45,6,0,acceptance.zip(1408758)called.jpg(918208)settings.jpg(832858);reporting.doc(668265)top.zip(508914);party.txt(759258);based.pdf(835126)incubator.pdf(1130717)july.zip(1274371);misl.txt(139391)m.zip(182558)dutch.doc(567290);pieces.txt(77874);youngster.doc(1740412);elements.jpg(1808163);vikings.exe(1618532);bedford.doc(452104)during.pdf(713133),16973463,39,0.9999997777778271,0.0,0.15
BRM1454,2010-01-04,22,22,5,0,2.doc(779982);where.doc(511324);three.jpg(1029334);towards.doc(61987);fact.txt(657566);demotion.jpg(666804);2.txt(1298073)searching.exe(504582)freezes.zip(406913)saw.pdf(2325361)luz.zip(112772),9031839,22,0.9999995454547521,0.0,0.15
BSD1735,2010-01-04,10,10,0,0,also.doc(1613770)way.jpg(1186665)atmosphere.jpg(846516)these.exe(308378)route.doc(1171564);nova.txt(1417762),6854974,7,0.9999990000010001,0.0,0.15
BSO0826,2010-01-04,4,4,0,0,government.pdf(576480)again.jpg(637992);regardless.exe(64351)section.pdf(846941),2259242,4,0.9999975000062501,0.0,0.15
BSS0847,2010-01-04,3,3,0,0,,106406,3,0.9999966666777778,0.0,0.15
BSW1959,2010-01-04,9,9,0,0,,245790,9,0.9999988888901234,0.0,0.15
BSY1451,2010-01-04,32,32,6,0,strongholds.zip(485060)commemorated.exe(1003312);be.exe(650057);commemorated.doc(1077223);separate.doc(312313);attendance.pdf(130922);to.jpg(1551431);community.exe(1367726);cycle.txt(282902);anna.jpg(121256),7961574,29,0.9999996875000976,0.0,0.15
BTD0296,2010-01-04,17,17,0,0,female.exe(827495),1282707,14,0.9999994117650519,0.0,0.15
BTD1059,2010-01-04,44,44,2,0,particularly.txt(856800);since.pdf(1347193)only.pdf(735740);seeking.zip(214642);britain.pdf(884916)settings.jpg(832858);reporting.doc(668265)july.zip(1274371);misl.txt(139391)saw.txt(133589);travel.txt(297762);william.doc(2215125);time.zip(688927)m.zip(182558)chosen.jpg(19772)combination.pdf(981808)retakes.pdf(1095198),13847130,37,0.9999997727273243,0.0,0.15
BTG1551,2010-01-04,63,63,14,0,national.jpg(1012632);1793.txt(823849);recognised.pdf(1400604)stable.jpg(1928921)faded.doc(1202784);daughters.doc(1604047)chicago.jpg(1383855)prohibited.doc(351664)couldnt.exe(1401629);2006.zip(1196083)german.doc(1343724);proposal.exe(358005);or.pdf(426932)deputy.txt(474012)touches.txt(661334)broken.zip(2046944)seclusion.txt(225336);thus.jpg(555249)long.doc(1029952);325.zip(144377)extensive.exe(868370);lifted.jpg(53122);data.jpg(1946072);one.pdf(1063006)told.zip(278518);smoking.pdf(531415);main.zip(1060556);helper.exe(164214);when.doc(997848);did.txt(609674);plot.exe(764612);did.jpg(76400)perched.doc(1346453);south.doc(283713);extends.jpg(975920)west.jpg(565250)west.jpg(565250)embarked.pdf(172897);19th.doc(150993)embarked.pdf(172897);19th.doc(150993)more.txt(796814)overlordships.zip(1403327),36451098,47,0.9999998412698664,0.0,0.15
BTN0147,2010-01-04,23,23,4,0,within.doc(1501272);three.txt(1111695)ocean.zip(138872);an.pdf(135820);air.zip(533275)among.doc(721426);male.zip(1215446)sent.doc(781719);however.zip(395273);position.jpg(1184780),8406719,20,0.9999995652175804,0.0,0.15
BTR1410,2010-01-04,30,30,2,0,with.pdf(87351);horizon.exe(2030757);contributed.pdf(1022902)concluded.doc(1674014)harder.txt(727187);only.doc(1567662)simply.doc(1490068);different.pdf(162230)classification.txt(859189),10504113,28,0.9999996666667778,0.0,0.15
BTV1433,2010-01-03,6,6,0,6,century.pdf(2023081);cultural.zip(1582404)century.pdf(2023081);cultural.zip(1582404),7455186,3,0.9999983333361112,0.0,0.15
BTV1433,2010-01-04,10,10,0,0,order.txt(1148401)order.txt(1148401)july.jpg(336297),2896560,7,0.9999990000010001,0.0,0.15
BUE1561,2010-01-02,18,18,0,18,accord.exe(1448955)accord.exe(1448955)24.exe(1071501);need.doc(391275);nations.pdf(1561603)24.exe(1071501);need.doc(391275);nations.pdf(1561603),9333640,9,0.9999994444447531,0.0,0.15
BUE1561,2010-01-04,37,37,1,0,agencies.jpg(1072555);minor.jpg(912928);young.exe(1973026)agencies.jpg(1072555);minor.jpg(912928);young.exe(1973026)speech.zip(1113765);common.pdf(973136);against.jpg(540166)soon.jpg(520613)gags.doc(771516);all.zip(497656)contrails.jpg(1108827);milky.pdf(271816),14729654,27,0.9999997297298027,0.0,0.15
BUH1249,2010-01-04,9,9,1,0,took.pdf(942537);vary.txt(488821);suggests.txt(1210965)novel.pdf(1854421)political.exe(219029);citizen.doc(737010),5731838,9,0.9999988888901234,0.0,0.15
BWC0509,2010-01-04,29,29,0,0,especially.txt(1727655);january.txt(1768475)happened.doc(1842156)primarily.pdf(717360);both.exe(1161462);owned.doc(929232);allowed.zip(553664);hour.pdf(1362827);part.exe(691962);readily.doc(82825)compete.doc(830142)was.exe(1019232)tend.exe(1573288)stone.jpg(789180);ideological.txt(1065046),17042633,20,0.9999996551725328,0.0,0.15
BWJ1539,2010-01-02,6,6,0,6,ok.exe(556344);lot.txt(594258)ok.exe(556344);lot.txt(594258),2528244,3,0.9999983333361112,0.0,0.15
BWJ1539,2010-01-04,24,24,5,0,amount.txt(883319);elimination.jpg(2046143);elimination.exe(1257427)formerly.txt(1172207);formerly.zip(968760);following.zip(861301)attention.doc(932470)attention.doc(932470)11.pdf(169424);jamaica.jpg(332484);70.pdf(526178)moved.exe(954612)james.jpg(791052);jack.doc(141462);polish.pdf(2059786);land.exe(1420456);props.txt(325446);2009.jpg(9459);more.doc(1027863),17507990,19,0.9999995833335069,0.0,0.15
BWM0175,2010-01-04,16,16,0,0,run.pdf(96666)ring.doc(69341)back.zip(718488);840s.pdf(565747)whose.zip(1239530);drawn.doc(695289);quality.exe(344762),4237848,14,0.9999993750003906,0.0,0.15
BWW0751,2010-01-04,31,31,3,0,effectively.doc(1807693)contributions.doc(597885);illustrate.pdf(1969003)ammunition.txt(1472065)cavalry.jpg(1438295);so.exe(460611)i.pdf(480070)early.doc(612716);womans.jpg(1637049);april.txt(1222930)segregated.exe(841529);forecasting.doc(1373159),14783329,29,0.9999996774194589,0.0,0.15
BYO1846,2010-01-04,30,30,0,0,absent.doc(201647);old.jpg(1354580);e.doc(293378);peak.pdf(315677);case.zip(340929);habitation.pdf(675123)you.jpg(1354594)are.exe(396011);along.txt(693870)convince.exe(980083)uricchio.jpg(634087)responding.doc(1064884)neutralize.pdf(1039396);opening.zip(1213771)happen.pdf(330234),11747562,22,0.9999996666667778,0.0,0.15
BYS0199,2010-01-04,28,28,0,0,successor.exe(630463);robert.jpg(833000)result.jpg(973415)informing.exe(23622),3362806,20,0.9999996428572704,0.0,0.15
BYV1695,2010-01-02,1,1,0,1,thick.pdf(1374763);increase.exe(1027494),2421875,1,0.9999900000999989,0.0,0.15
BYV1695,2010-01-04,3,3,0,0,free.exe(652251);van.pdf(174321);disappoint.txt(300284),1199321,3,0.9999966666777778,0.0,0.15
BYW1523,2010-01-04,12,12,2,0,tape.doc(151148)shrubs.zip(1889754);shrubs1.zip(931267)should.txt(909339)examinations.pdf(219588),4498680,11,0.9999991666673611,0.0,0.15
BZC1806,2010-01-04,1,1,0,0,,28175,1,0.9999900000999989,0.0,0.15
BZF0651,2010-01-04,21,21,0,0,game.exe(88852);left.zip(1949860)number.doc(1254598);specialized.txt(1702620);nearly.zip(1038560);valley.zip(374480);acquired.txt(1371262);below.exe(1185874);acquired.pdf(1323314);operator.exe(911250)largest.pdf(353419)defects.pdf(934752)50000.doc(558312);four.zip(1092113)continuing.txt(1163706),16004230,20,0.9999995238097505,0.0,0.15
CAB0290,2010-01-04,27,27,0,0,campo.zip(344910);role.zip(5379);suspended.zip(21916)spectators.pdf(2167584)353.txt(1836104);run.exe(973579);silver.txt(1527466)but.jpg(1261269)roofs.pdf(477260);swimming.zip(796202);based.exe(656956);french.txt(637873)trainer.doc(1432293)gathered.jpg(308677)confirmed.txt(231098);treated.jpg(691694);necessitating.doc(45243);mile.jpg(1395352);shoot.pdf(144976),15735408,27,0.9999996296297669,0.0,0.15
CAB1160,2010-01-04,21,21,2,0,extensive.jpg(152734)lakes.zip(1286794);massive.doc(1897324);alike.jpg(151521)casa.txt(274161);because.pdf(1099834);surveillance.jpg(1781471)offer.pdf(923815);no.doc(167145);strengths.exe(1332471);2004.txt(1048205);academys.zip(1711530);2004.zip(1512974);latter.doc(1590922)prince.zip(1525013);prince.pdf(864);prince.doc(1346992),18395527,18,0.9999995238097505,0.0,0.15
CAB1189,2010-01-04,24,24,1,0,emigration.doc(1347484);less.doc(1560657);2000.jpg(1819616);wild.pdf(690449);arranged.exe(364042);commercially.txt(68386);resembles.doc(1020649)distinguish.doc(770197)every.doc(934686);horrible.jpg(962857)breaking.jpg(375287);aid.zip(1162883);vol.doc(760010)however.pdf(927871)inner.exe(985411),14494476,18,0.9999995833335069,0.0,0.15
CAB1886,2010-01-04,22,22,2,0,excellent.jpg(566376);convinced.pdf(136175)lost.jpg(122096)published.pdf(471753);presence.doc(111885);2011.zip(1462813)medieval.exe(47419),3598319,20,0.9999995454547521,0.0,0.15
CAC1083,2010-01-04,57,57,5,0,seals.jpg(1366463);television.exe(361207)base.doc(637538);sick.pdf(256908);fill.doc(895809);destroyed.exe(1437591);dramatic.txt(574708);swimming.zip(1284925);plover.pdf(876966);sediment.txt(952339)breast.exe(1402519)rough.exe(619965);poor.doc(2021465);wishes.exe(1403534);carried.zip(941617);worries.pdf(446236)january.exe(1098241);according.pdf(949696)loaded.exe(1441061);their.jpg(377212)decision.jpg(693160),21884310,37,0.9999998245614342,0.0,0.15
CAD0354,2010-01-04,32,32,6,0,friends.exe(1752851)then.doc(569713)power.exe(499002)so.doc(1463710);afternoon.txt(755767)sokolnitz.doc(149989)admit.doc(340323);weekend.txt(2235911)320.txt(9099);obituary.zip(448655)monks.txt(144714);received.exe(1538122),10784636,28,0.9999996875000976,0.0,0.15
CAD0866,2010-01-04,17,17,0,0,it.txt(849402)65.jpg(1054891)asked.exe(188858);reduced.jpg(1024172),3619109,14,0.9999994117650519,0.0,0.15
CAF0109,2010-01-03,20,20,2,20,confirm.zip(1261558)confirm.zip(1261558)available.doc(210449)available.doc(210449)leap.exe(778690);intent.doc(614595)leap.exe(778690);intent.doc(614595),6272260,11,0.9999995000002501,0.0,0.15
CAF0109,2010-01-04,33,33,6,0,database.txt(2391029)brilliant.pdf(1763849)alive.jpg(2227580)bad.zip(1057527)diplomatic.txt(823554)diplomatic.txt(823554)ship.doc(990106)guardian.zip(1292846)guardian.zip(1292846)ellipsoids.exe(507659)ellipsoids.exe(507659)better.jpg(986854);unless.txt(1321985);institute.doc(1633912);independence.zip(301988)better.jpg(986854);unless.txt(1321985);institute.doc(1633912);independence.zip(301988)1365.exe(21399)1365.exe(21399),23151237,20,0.9999996969697887,0.0,0.15
CAG1416,2010-01-04,19,19,4,0,landscape.pdf(505181);among.zip(1006185)elevated.jpg(886344);replaced.exe(924225)specifically.exe(92205);anti.jpg(718863)improving.jpg(459622);every.doc(572780);families.doc(87571);early.zip(1282783),7059510,16,0.9999994736844876,0.0,0.15
CAH0149,2010-01-04,7,7,1,0,,218119,7,0.9999985714306123,0.0,0.15
CAH0595,2010-01-04,25,25,7,0,connected.pdf(1448077);exists.zip(333208);attempting.txt(1100936)brown.jpg(795922);among.exe(384479)an.jpg(1384386)27.exe(5396);same.zip(889311);therefore.jpg(900274)bathgate.zip(149263),8064461,19,0.99999960000016,0.0,0.15
CAM0158,2010-01-04,7,7,0,0,,242078,6,0.9999985714306123,0.0,0.15
CAM1025,2010-01-04,11,11,0,0,including.jpg(182054);known.zip(981081)most.doc(1029000);may.doc(288991);indicated.zip(362081),3158435,11,0.9999990909099173,0.0,0.15
CAP0471,2010-01-04,16,16,0,0,halo.pdf(877171)out.zip(1427795),2731179,14,0.9999993750003906,0.0,0.15
CAS0997,2010-01-04,25,25,0,0,alleged.zip(1002419)both.pdf(1112670)guerre.jpg(934004)eastern.exe(614780)20.exe(84601);right.doc(933699)charge.pdf(925291)organism.txt(66450);partnership.exe(690585);lay.jpg(1013524);areas.zip(365530);rose.jpg(1153172),9676329,23,0.99999960000016,0.0,0.15
CAS1068,2010-01-04,55,55,8,0,eaten.jpg(657678);epics.txt(168013)spotlight.zip(282967)spotlight.zip(282967)merely.jpg(671641);pictures.txt(376811)merely.jpg(671641);pictures.txt(376811)red.exe(1521380);janney.doc(722809);seem.zip(1094660)red.exe(1521380);janney.doc(722809);seem.zip(1094660)across.zip(757009)gardening.txt(1390358)across.zip(757009)gardening.txt(1390358)attends.exe(1243091)soon.exe(483437);north.jpg(1462697)married.jpg(1207201)aimed.doc(2802598);ensuing.jpg(231350),23614686,37,0.9999998181818511,0.0,0.15
CAV0656,2010-01-04,5,5,0,0,may.txt(1531476)elusive.doc(127354);5.exe(66850);further.pdf(1618380),3456621,5,0.9999980000040001,0.0,0.15
CBC1504,2010-01-04,42,42,1,0,two.pdf(881244);shoreline.jpg(299195)numerous.jpg(201519);king.jpg(1274303)acclaimed.jpg(599719);holiday.exe(344411);johnson.zip(216646),5015761,37,0.9999997619048185,0.0,0.15
CBC1607,2010-01-04,20,20,0,0,tabloid.zip(1788150)idea.jpg(415470)again.doc(235011);as.exe(746909)personally.txt(974933);experience.jpg(585981);their.jpg(935084)holds.zip(607280);14th.doc(2101310);americans.txt(134624)left.pdf(507672);construct.doc(593763),10306288,17,0.9999995000002501,0.0,0.15
CBD1128,2010-01-04,36,36,1,0,content.exe(345046);eccles.doc(675818)weighs.pdf(502678)weighs.pdf(502678)script.txt(1032551)script.txt(1032551)around.doc(1521214);pals.zip(1210837)around.doc(1521214);pals.zip(1210837)throw.doc(512664)throw.doc(512664),11605486,21,0.9999997222222993,0.0,0.15
CBD1574,2010-01-03,1,1,0,1,,28364,1,0.9999900000999989,0.0,0.15
CBD1574,2010-01-04,4,4,0,0,,115672,4,0.9999975000062501,0.0,0.15
CBG0183,2010-01-04,42,42,0,0,secretly.doc(2680737);10.pdf(1005053)reliable.pdf(402727);women.doc(1332907);new.txt(177293);expecting.doc(1787642)university.zip(1313036);congress.doc(681203)james.doc(677247);italian.txt(1499905);lobbying.zip(105529);francisco.jpg(1278102);so.txt(884235);business.txt(1520603)have.exe(1477195)peter.pdf(526979)together.doc(1677038);people.txt(987980)ownership.pdf(958418);required.exe(291656)18th.txt(1674842),24211343,32,0.9999997619048185,0.0,0.15
CBH1635,2010-01-04,9,9,0,0,f3.jpg(2158603);f3.doc(398676);amounts.exe(246543)northeastern.jpg(1228822);385.zip(257584);miles.jpg(259260)within.doc(1356759)sixty.pdf(240074);toward.txt(132274),6498938,9,0.9999988888901234,0.0,0.15
CBK0185,2010-01-04,26,26,1,0,august.pdf(793137);suggested.zip(1134997);construction.jpg(731608)specific.txt(226576);paper.exe(812793)how.jpg(486448)fourteen.exe(857334)upset.pdf(932948);surviving.jpg(104180);around.zip(1117308)non.txt(1375577),9431224,21,0.9999996153847633,0.0,0.15
CBK1908,2010-01-04,3,3,0,0,1960.pdf(735530);5000.exe(1171497);allowed.exe(112626),2124059,3,0.9999966666777778,0.0,0.15
CBM1272,2010-01-04,39,39,0,0,more.pdf(577757)tournament.exe(621080);final.pdf(631364)senate.exe(971047)leaky.zip(83268);each.zip(73413)congress.zip(719912);february.zip(2132785);found.doc(1136167)age.txt(518563)rain.exe(531050);washington.pdf(753797),9874236,35,0.9999997435898093,0.0,0.15
CBN1983,2010-01-02,14,14,0,14,interviews.exe(1999665);many.doc(493920),2968980,12,0.9999992857147959,0.0,0.15
CBN1983,2010-01-04,29,29,0,0,argyle.exe(1055257)treated.txt(2282120)what.txt(1059132);later.txt(1993336);rich.zip(717986)them.exe(1004314);list.pdf(772466)submitted.zip(172234);gun.jpg(1064164);protect.txt(1072478)langley.txt(696676)hours.txt(1386196);forcing.zip(588271),14693817,27,0.9999996551725328,0.0,0.15
CBP0507,2010-01-04,18,18,0,0,35.zip(807862);they.doc(360552)honorable.doc(112187)first.pdf(643620);el.zip(298798);bending.jpg(868974),3638934,17,0.9999994444447531,0.0,0.15
CBS1856,2010-01-04,3,3,1,0,contract.txt(800190)york.txt(2066352);exist.exe(2036787),5014666,3,0.9999966666777778,0.0,0.15
CBW1826,2010-01-04,42,42,0,0,14th.exe(1052191)prince.zip(1323895)he.txt(1131747);because.doc(1621767)alone.jpg(655012)manager.pdf(1029725);tigers.pdf(783834)born.exe(1995301),10940590,34,0.9999997619048185,0.0,0.15
CCB0076,2010-01-04,67,67,0,0,thought.exe(139903)influence.pdf(723724)upcoming.doc(989349);formed.jpg(284997);advantage.doc(881347);night.exe(781809);advantage.zip(1103448)war.pdf(1025740)april.pdf(1491851);passed.zip(1657300);collisions.txt(78174);implies.pdf(90332);degrees.pdf(154116);away.exe(760617);eye.jpg(919293)are.jpg(2106105)within.txt(1373850);heavily.doc(16367)natural.zip(325376)how.doc(541585)keeping.exe(1306450)animal.jpg(17492)questioned.pdf(356262);one.pdf(1187138)between.jpg(1485608)discovery.zip(1045742)is.jpg(140253)bad.txt(1116363),24304928,56,0.9999998507462909,0.0,0.15
CCB1836,2010-01-04,36,36,0,0,while.doc(482581)waiting.exe(1119563);commissioned.exe(934208);vast.exe(532008);harriet.zip(787448)look.jpg(475985)half.jpg(413068)risky.jpg(837768)25.jpg(1765746)editor.pdf(867172)11.zip(1129982),10474844,28,0.9999997222222993,0.0,0.15
CCC0569,2010-01-04,28,28,0,0,extends.doc(262228)lasting.txt(628185)lasting.txt(628185)scandinavia.jpg(1556175);below.zip(787269)scandinavia.jpg(1556175);below.zip(787269)lead.exe(179001);valued.exe(678511),7937591,19,0.9999996428572704,0.0,0.15
CCC1691,2010-01-04,3,3,0,0,ephraim.txt(1361202);weapons.txt(1835698),3310767,3,0.9999966666777778,0.0,0.15
CCC1900,2010-01-02,1,1,0,1,,30447,1,0.9999900000999989,0.0,0.15
CCC1900,2010-01-04,4,4,0,0,officers.txt(876999);ato.jpg(1562629)contain.exe(379445);separate.doc(420157),3371957,4,0.9999975000062501,0.0,0.15
CCG1347,2010-01-04,26,26,5,0,account.zip(1303697)continents.exe(742838);million.jpg(232299)x.doc(1608865)1970s.zip(1030654)first.pdf(1059856)beset.doc(506240)germany.doc(830681);no.exe(580925);valid.zip(1115607)ensure.doc(268542);overwhelmed.doc(88468);rode.doc(1304677)tokyo.txt(1986562)moved.txt(1092960),14554403,21,0.9999996153847633,0.0,0.15
CCK1540,2010-01-04,6,6,1,0,following.txt(1560633),1764751,6,0.9999983333361112,0.0,0.15
CCM0612,2010-01-04,10,10,1,0,bloody.doc(217512);hills.doc(1258090)including.exe(833464);expected.txt(151030)70.zip(799471);cable.zip(426509)dignitaries.exe(784278);represented.zip(418945),5190284,10,0.9999990000010001,0.0,0.15
CCM1270,2010-01-04,38,38,0,0,need.txt(1014853)11.jpg(566472)futility.doc(795333)decided.txt(586559);this.pdf(1121085)modern.jpg(1970212);activities.txt(638198);in.zip(871057);in.exe(176950)long.txt(1565391)buff.jpg(54816),10512829,30,0.9999997368421745,0.0,0.15
CCM1401,2010-01-04,23,23,1,0,invasion.pdf(1738363);was.txt(1439599)classification.txt(859189)1935.exe(587825),5280636,21,0.9999995652175804,0.0,0.15
CCP0774,2010-01-04,9,9,0,0,recording.jpg(1750635),1962545,7,0.9999988888901234,0.0,0.15
CCP1460,2010-01-04,4,4,0,0,affected.pdf(833842);field.pdf(964529)mixture.jpg(1214850),3129003,4,0.9999975000062501,0.0,0.15
CCP1491,2010-01-04,29,29,4,0,election.txt(573234);2003.jpg(607488);sold.txt(160498);beginning.doc(1159532);december.exe(334789);cbs.doc(1226318);sold.doc(653694);serve.pdf(612421)they.pdf(1030228)radiators.exe(1055188)english.jpg(1549198)spotted.doc(947727);joseph.exe(810523);got.exe(6543);show.zip(1309542)emerged.txt(764122)greene.jpg(400756),14009644,27,0.9999996551725328,0.0,0.15
CCR0338,2010-01-04,17,17,0,0,why.doc(1414752);down.pdf(1651624);off.doc(541148);opinion.doc(1625408)specific.pdf(170209)race.jpg(562721)14.exe(402142);english.txt(316579)9.zip(217101),7387421,17,0.9999994117650519,0.0,0.15
CCR1396,2010-01-04,21,21,3,0,invasion.pdf(1738363);was.txt(1439599)population.exe(202916)upset.exe(590539)alone.zip(2164353)atil.pdf(1320420);defeated.doc(972359);jim.doc(275198);defined.doc(855907);even.pdf(1666145);were.txt(1208094);blood.jpg(176045),13251363,19,0.9999995238097505,0.0,0.15
CCT0142,2010-01-04,16,16,0,0,decatur.jpg(715891);viable.exe(319771)appeared.doc(127452),1651809,12,0.9999993750003906,0.0,0.15
CCW0097,2010-01-04,55,55,18,0,16th.pdf(2040601);imposed.exe(1001553)mast.exe(158760)1974.pdf(2517883);would.doc(1993791);respectively.jpg(16031)if.zip(1283654)sale.txt(1168960)grew.doc(185063)ships.txt(85882);crew.pdf(512147)under.txt(496199)image.doc(194928)eight.jpg(174320)resourceful.doc(114589);73.pdf(1545372);light.exe(1357935)ordered.zip(148614);smaller.exe(667822)folly.doc(381719)moved.txt(1168421)before.pdf(101871)call.jpg(1701720);wales.jpg(42438);latter.exe(135330);gave.zip(566488)co.jpg(2016520)anniversary.txt(1275143),24810592,48,0.9999998181818511,0.0,0.15
CDB1594,2010-01-04,4,4,0,0,concluded.zip(1281569);usurping.exe(1654475)lessens.doc(277946);indicates.zip(1228578),4565519,4,0.9999975000062501,0.0,0.15
CDD1124,2010-01-04,37,37,4,0,treatment.jpg(1125784)streaks.jpg(463282);quantity.zip(89971)sun.zip(1528291)fieldturf.zip(492635)believed.jpg(2187151);corresponds.txt(1620323);among.doc(1432535);signal.jpg(1239081)agencies.zip(1429467)around.doc(1521214);pals.zip(1210837)reestablish.zip(2131777);75.zip(979539)first.pdf(486911);idiosyncratic.pdf(1961800)listened.exe(825326);any.txt(1119995);any.exe(350861);any.jpg(1320969);favor.jpg(750529);favor1.jpg(529462);dozen.doc(463529)27.jpg(632565);sir.pdf(1027163);grenades.doc(267127);shore.exe(577641)gray.pdf(561966);2.zip(1113261),30428382,31,0.9999997297298027,0.0,0.15
CDG0551,2010-01-03,20,20,4,20,16th.pdf(2040601);imposed.exe(1001553)mast.exe(158760)1974.pdf(2517883);would.doc(1993791);respectively.jpg(16031)opinion.exe(1421582);equal.doc(1832710)opinion.exe(1421582);equal.doc(1832710)television.doc(595287)television.doc(595287),16095431,11,0.9999995000002501,0.0,0.15
CDG0551,2010-01-04,30,30,6,0,designated.exe(81963)grew.doc(185063)grew.doc(185063)rendered.doc(1960903)gives.zip(1517696)rendered.doc(1960903)gives.zip(1517696)which.jpg(693989);second.exe(411946)looking.txt(308903)looking.txt(308903)scrap.jpg(1719856);took.doc(1287062);single.exe(1163424);september.zip(1086839)scrap.jpg(1719856);took.doc(1287062);single.exe(1163424);september.zip(1086839)stay.pdf(674251)trials.zip(1867081)given.zip(473823);mixing.doc(1608191);made.pdf(708220),25842093,19,0.9999996666667778,0.0,0.15
CDG0770,2010-01-04,19,19,0,0,why.doc(1414752);down.pdf(1651624);off.doc(541148);opinion.doc(1625408)poorly.jpg(456194);then.zip(809730);much.exe(1440691);1972.jpg(804703)race.jpg(562721)moved.txt(662140)14.exe(402142);english.txt(316579)problem.doc(57784)should.exe(1605713)standing.zip(884980)potential.jpg(45913),13772079,14,0.9999994736844876,0.0,0.15
CDL0189,2010-01-04,78,78,0,0,modern.txt(595473);magill.doc(1021164)minds.txt(65638);14.zip(303733)passed.jpg(1274491)silenced.txt(665478)body.jpg(747301)his.txt(720404)introduced.jpg(1002074);catch.exe(761048)sank.jpg(810274)university.zip(1313036);congress.doc(681203)university.zip(1313036);congress.doc(681203)james.doc(677247);italian.txt(1499905);lobbying.zip(105529);francisco.jpg(1278102);so.txt(884235);business.txt(1520603)james.doc(677247);italian.txt(1499905);lobbying.zip(105529);francisco.jpg(1278102);so.txt(884235);business.txt(1520603)have.exe(1477195)have.exe(1477195)fundraising.doc(111432)ferry.txt(1050459);distribution.pdf(976361)accommodation.pdf(948223);poor.jpg(434944),32890018,45,0.9999998717948881,0.0,0.15
CDO0684,2010-01-04,49,49,31,0,close.txt(221627);away.zip(1056085);eyes.jpg(1036855)other.jpg(997743)circuits.txt(1406338)young.doc(686126)potential.zip(477617);miss.doc(2154221);source.txt(748373);source.zip(1510921)other.jpg(997743)circuits.txt(1406338)young.doc(686126)potential.zip(477617);miss.doc(2154221);source.txt(748373);source.zip(1510921)specifically.exe(92205);anti.jpg(718863)unpredictable.txt(1937846)for.exe(899729);great.zip(561721);third.pdf(1314619)for.exe(899729);great.zip(561721);third.pdf(1314619)caption.pdf(1276565),29339053,33,0.9999997959184089,0.0,0.15
CEB1879,2010-01-04,21,21,0,0,works.jpg(1131091);due.zip(1922384);three.zip(1754170);beginning.doc(349578);enlistments.pdf(637505);enlistments.exe(634696)now.doc(700479)11.jpg(1576980)26.exe(919059);would.txt(755350);25.zip(78506);heightened.pdf(613269);25.exe(902741);outrage.zip(797416);list.zip(103017)had.pdf(6840)issue.exe(1259329)it.pdf(1695304);reasons.pdf(788303),17258115,18,0.9999995238097505,0.0,0.15
CEG1442,2010-01-04,29,29,4,0,strongholds.zip(485060)freezes.zip(406913)humidity.doc(445929)sought.exe(970055)luz.zip(112772)commodore.jpg(557999);convert.jpg(281723);spring.txt(1380532)commemorated.exe(1003312);be.exe(650057);commemorated.doc(1077223);separate.doc(312313);attendance.pdf(130922);to.jpg(1551431);community.exe(1367726);cycle.txt(282902);anna.jpg(121256),12058843,24,0.9999996551725328,0.0,0.15
CEG1467,2010-01-04,4,4,0,0,,128911,4,0.9999975000062501,0.0,0.15
CEG1535,2010-01-04,12,12,2,0,dense.txt(156358);5.exe(221309)fully.pdf(1200037),1939009,9,0.9999991666673611,0.0,0.15
CEH1567,2010-01-04,32,32,2,0,owing.doc(1026027);competition.jpg(659342)speech.zip(1113765);common.pdf(973136);against.jpg(540166)area.jpg(1326317)horse.zip(10841);before.doc(1112212)already.doc(94202);difficult.txt(626014)1936.exe(1217476)highly.pdf(667081);project.pdf(1654948)beyond.zip(75058),12068082,30,0.9999996875000976,0.0,0.15
CEM1385,2010-01-04,43,43,1,0,with.pdf(87351);horizon.exe(2030757);contributed.pdf(1022902)series.txt(1669249);would.txt(757220);to.pdf(1281431)series.txt(1669249);would.txt(757220);to.pdf(1281431)population.exe(202916)13th.txt(1146703);mixed.jpg(936191)population.exe(202916)13th.txt(1146703);mixed.jpg(936191)despite.zip(1363661)musical.exe(1131560)musical.exe(1131560)pieces.doc(930809);marine.jpg(33780)1935.exe(587825)1935.exe(587825)1934.exe(1064006),23224896,28,0.9999997674419144,0.0,0.15
CES0201,2010-01-04,12,12,0,0,do.jpg(262057);best.doc(98136)prolonged.doc(528170)correlated.exe(391413)daughter.zip(1627039)you.exe(898450),4163086,12,0.9999991666673611,0.0,0.15
CEW1960,2010-01-04,11,11,0,0,changed.pdf(124733)discrimination.jpg(103884)irons.jpg(1001004);solo.jpg(148665);result.pdf(41763)previous.pdf(1391150),3121710,9,0.9999990909099173,0.0,0.15
CFJ0335,2010-01-04,22,22,0,0,year.doc(550338);was.zip(836969)known.zip(46820);beggar.zip(222621)into.pdf(763182)explain.jpg(598365)vary.doc(983411);indicate.jpg(820272);separate.zip(1539487)maternity.doc(1172528)should.exe(1605713)potential.jpg(45913),9872396,21,0.9999995454547521,0.0,0.15
CGF1056,2010-01-04,5,5,0,0,1990.doc(4482),152760,5,0.9999980000040001,0.0,0.15
CGN0451,2010-01-04,29,29,0,0,spot.txt(1124459);while.zip(193333)prince.txt(205821)prince.doc(821790);prince.jpg(16569)occasion.doc(137828);first.pdf(718741);magdalene.exe(703369)major.exe(1139457)hours.zip(664757)harbour.pdf(84681),6681695,25,0.9999996551725328,0.0,0.15
CGS0309,2010-01-04,25,25,0,0,same.pdf(557537);glazed.jpg(90624);replacement.txt(1799600);interchange.doc(817389);effort.txt(2104074);the.pdf(829780);1940.pdf(18373);additional.exe(1522378);effort.exe(849143)shaped.txt(789413)friends.exe(1752851)university.zip(1313036);congress.doc(681203)ferry.txt(1050459);distribution.pdf(976361)genetic.jpg(1359156)towards.doc(1189648);long.jpg(1144732)admit.doc(340323);weekend.txt(2235911),22155082,24,0.99999960000016,0.0,0.15
CGS0647,2010-01-04,46,46,0,0,inspire.exe(879726)mclean.pdf(614071)mclean.pdf(614071)together.exe(1626363)regarding.zip(1360073)regarding.zip(1360073)reliable.zip(1532439);joseph.zip(74294)reliable.zip(1532439);joseph.zip(74294)result.jpg(973415)result.jpg(973415)casa.txt(274161);because.pdf(1099834);surveillance.jpg(1781471)one.exe(726882)embarked.zip(689021)together.doc(1677038);people.txt(987980)help.txt(1157994),21261917,28,0.9999997826087429,0.0,0.15
CGV0671,2010-01-04,41,41,5,0,especially.jpg(540124)under.txt(187217)for.doc(755464)spring.doc(841669);sufferers.zip(1688630)towed.zip(505067)roughly.txt(877927)landmark.txt(872154)those.txt(524877);boats.txt(741464);important.zip(6830);rain.pdf(965629)milton.pdf(307823)did.txt(736128);because.txt(301394)worked.zip(1973462)night.jpg(550366);intended.exe(1047867);pressure.doc(1271318)taken.jpg(507921);restored.doc(104378);he.doc(1997490),18514731,32,0.9999997560976204,0.0,0.15
CGW1511,2010-01-04,36,36,3,0,undergo.zip(1570946);returned.exe(1571215)strong.jpg(505644);attained.jpg(622130)military.jpg(621361)other.jpg(415751)capital.pdf(1185218)greene.jpg(400756),7924636,29,0.9999997222222993,0.0,0.15
CHL0953,2010-01-04,29,29,0,0,champion.doc(105107);du.jpg(1119570)exploit.doc(731563);system.pdf(94010);crowd.zip(612608)progress.jpg(300485)manchurian.jpg(946113);has.jpg(1602193)according.doc(295368)frontier.pdf(1262139)position.doc(706920);create.exe(427475)system.pdf(689180)northeast.zip(150092)southern.doc(430832);tail.exe(975495);conditions.txt(1745236),13014546,25,0.9999996551725328,0.0,0.15
CHM1312,2010-01-04,12,12,0,0,fighter.exe(1584795);troubled.pdf(316351)gate.zip(1835329)surprised.txt(789216);small.pdf(335)surprised.txt(789216);small.pdf(335),5700768,10,0.9999991666673611,0.0,0.15
CHN0282,2010-01-04,37,37,8,0,burning.exe(618411)himself.doc(973747)curlew.exe(1771425)bursting.jpg(1065354)first.pdf(1958458)burn.doc(1277537)falling.jpg(1296953)atmosphere.doc(4962);elia.txt(893728);around.pdf(1211881);has.jpg(1135597);forces.pdf(1215713);entire.jpg(748867);london.zip(1846806);own.exe(596337)reading.txt(173710);bending.exe(269442)novel.pdf(1854421)prefecture.doc(619388);highest.txt(491451);coordinates.doc(273878);near.txt(1240008);consistent.pdf(2529555);independently.exe(1883447);30.exe(252754);return.txt(1757025)liberal.zip(832261)stock.exe(1251172),31127449,30,0.9999997297298027,0.0,0.15
CHP1711,2010-01-04,45,45,3,0,interactive.txt(383429);viewed.txt(445548);dissolves.pdf(243842)often.doc(1998376)deal.txt(1213277)wispy.exe(472219);cycle.jpg(11532);funnels.doc(1161086)site.doc(1298574)house.exe(1387090);pop.exe(979733)emmy.zip(1545413);construction.jpg(251644)century.exe(790943);demand.jpg(2055833),15598928,37,0.9999997777778271,0.0,0.15
CHS1238,2010-01-04,34,34,14,0,i.txt(415414);meetings.zip(724944);mentor.jpg(1219281)or.pdf(1099132)acquire.doc(17794)through.exe(167991);wider.jpg(1117471)studied.jpg(809178)circle.doc(782918);year.pdf(558145)things.zip(918404);plants.txt(817336)part.zip(1283823);difficult.doc(732016);down.zip(603642);onto.pdf(158991)line.jpg(912799);nearby.pdf(215342)dispute.zip(766803);lower.txt(342431)fabrication.jpg(1051776);why.jpg(1683586),17420503,26,0.9999997058824394,0.0,0.15
CHW0919,2010-01-04,38,38,0,0,programmers.exe(660496)huge.exe(579313)report.pdf(575986)government.pdf(1433972);apparent.jpg(705385);apparent.exe(218717)government.pdf(1433972);apparent.jpg(705385);apparent.exe(218717)opposed.doc(1522388)opposed.doc(1522388)confiscated.zip(676312),11518787,24,0.9999997368421745,0.0,0.15
CHW1210,2010-01-04,15,15,0,0,applied.jpg(355954);prolific.pdf(2206110);vulnerable.doc(393181)attempted.jpg(287667)si.txt(348307);kind.zip(1040956)961.txt(884515);feared.pdf(989214),6939948,13,0.9999993333337778,0.0,0.15
CIF1430,2010-01-04,14,14,0,0,chocolate.zip(1949544);united.jpg(211620)looked.pdf(1073390)second.pdf(675340);produced.pdf(1751813)journalist.exe(745392)rather.jpg(318390),7157817,13,0.9999992857147959,0.0,0.15
CIM1095,2010-01-04,10,10,2,0,will.zip(763617);understand.exe(1047916),2083379,9,0.9999990000010001,0.0,0.15
CIM1232,2010-01-03,10,10,0,10,advisories.jpg(69448)worthwhile.exe(1408029)18.doc(2141822)installed.pdf(1582259);attempting.zip(1210506)nomination.exe(1355904),8059235,10,0.9999990000010001,0.0,0.15
CIM1232,2010-01-04,7,7,0,0,line.jpg(912799);nearby.pdf(215342)highly.doc(159862);highly1.doc(1370137);losing.txt(685334)drove.exe(1564372),5118526,7,0.9999985714306123,0.0,0.15
CIS1542,2010-01-04,8,8,2,0,defect.txt(1082147);hung.txt(285117)indicated.exe(712668);dedicated.pdf(304853),2687966,8,0.9999987500015626,0.0,0.15
CIW1591,2010-01-04,5,5,2,0,wants.pdf(1300881);less.zip(935740)concluded.zip(1281569);usurping.exe(1654475)9.doc(1316584);cut.zip(1282413),7914070,5,0.9999980000040001,0.0,0.15
CJE1192,2010-01-04,14,14,1,0,vacancy.pdf(731696)attempted.jpg(287667)rebutting.txt(601346);c.pdf(544682)f.doc(85656)st.pdf(830096);lovers.exe(802120);until.exe(1285241)prince.jpg(1611245);prince.exe(94593);prince.txt(383054)500.pdf(1421243)thomas.exe(368840);introduction.jpg(1016990),10493911,11,0.9999992857147959,0.0,0.15
CJG0897,2010-01-04,107,107,19,0,seals.jpg(1366463);television.exe(361207)1st.doc(1641669);newer.txt(740088)rough.exe(619965);poor.doc(2021465);wishes.exe(1403534);carried.zip(941617);worries.pdf(446236)beorhtwulfs.zip(538369)among.txt(234021)spotlight.zip(282967)stem.doc(1009332);wisconsinian.exe(527148)03.exe(1323083);criminals.zip(56805);criminals.txt(832415);influenced.exe(184511)relatively.zip(55316)merely.jpg(671641);pictures.txt(376811)red.exe(1521380);janney.doc(722809);seem.zip(1094660)across.zip(757009)gardening.txt(1390358)attention.pdf(1889916)experiences.exe(1468784)illyria.jpg(535320);port.pdf(618895)coastline.pdf(258410)emigration.doc(1347484);less.doc(1560657);2000.jpg(1819616);wild.pdf(690449);arranged.exe(364042);commercially.txt(68386);resembles.doc(1020649)some.zip(907121)army.pdf(631668)another.pdf(284620)travel.zip(1489848),39385884,94,0.9999999065420648,0.0,0.15
CJH0504,2010-01-04,15,15,0,0,anhydrous.zip(895561)challenge.exe(829754);voice.zip(806531);knowing.pdf(5035)compete.doc(830142)dropped.doc(1849901),5653044,15,0.9999993333337778,0.0,0.15
CJL0143,2010-01-04,12,12,0,0,,491195,12,0.9999991666673611,0.0,0.15
CJM0410,2010-01-04,29,29,5,0,hand.exe(204909);new.exe(150408)hand.exe(204909);new.exe(150408)conversation.doc(5951),1592657,17,0.9999996551725328,0.0,0.15
CJM0802,2010-01-04,32,32,1,0,smithsonian.jpg(600270)than.jpg(1642775);arrows.doc(1633312)measures.txt(681261)young.doc(178046);guns.zip(95169)tone.jpg(538104),6303004,22,0.9999996875000976,0.0,0.15
CKB0245,2010-01-04,37,37,0,0,747s.doc(2065830)cast.doc(282380);many.zip(524623);remarked.jpg(1079631);peter.zip(1027052);attracted.jpg(354746);been.doc(981801)cast.doc(282380);many.zip(524623);remarked.jpg(1079631);peter.zip(1027052);attracted.jpg(354746);been.doc(981801)gatherings.txt(2391231);interests.exe(267080);students.zip(943835)country.zip(409291);idea.exe(923103)country.zip(409291);idea.exe(923103)animatics.doc(387888)animatics.doc(387888)later.exe(1512649),20172961,22,0.9999997297298027,0.0,0.15
CKC0487,2010-01-04,11,11,0,0,wide.exe(886506)biblical.pdf(258483);us.zip(373375)nonetheless.txt(1643223)are.txt(587563),4077309,9,0.9999990909099173,0.0,0.15
CKD0967,2010-01-04,27,27,5,0,lungs.txt(459480)no.txt(385865);mutual.doc(2033674)further.doc(506699);introducing.pdf(1245910)coupled.doc(639613),6046106,22,0.9999996296297669,0.0,0.15
CKE0373,2010-01-04,5,5,0,0,whereas.doc(462894);precede.jpg(674643);interstellar.zip(74294)declared.pdf(393886)navys.zip(1993887);width.txt(694120),4453126,5,0.9999980000040001,0.0,0.15
CKH0316,2010-01-04,25,25,1,0,200.exe(165295);russian.doc(1985668)bass.txt(2285188);adult.zip(227424)prince.doc(1628422)mark.zip(800556),7820516,22,0.99999960000016,0.0,0.15
CKL0652,2010-01-04,6,6,0,0,pass.txt(797822);provoking.zip(1081765);attempt.txt(304125),2413178,6,0.9999983333361112,0.0,0.15
CKM0939,2010-01-04,28,28,0,0,sequences.pdf(281675);two.doc(873434)including.txt(879583);mean.pdf(1116530);seen.exe(1194238);these.exe(280486);either.jpg(374093)beyond.jpg(435141)1984.exe(860061);less.pdf(2310354)poem.exe(1272842);between.txt(1235714);implied.doc(1032746);hardly.pdf(187090);old.zip(613901);casket.jpg(1266493);accounts.zip(1021003);inspiration.jpg(1312967)complete.exe(803767),18229360,26,0.9999996428572704,0.0,0.15
CKP0213,2010-01-04,50,50,0,0,1961.pdf(1087783);daytime.exe(796884);daytime.doc(928358)2000.pdf(391407)recolonization.doc(103059);2010.jpg(269651);investigation.jpg(101608);resumed.zip(950798);17.doc(104217)rehearsals.zip(755911);northern.txt(936105);non.jpg(584344)ankh.pdf(1243141);prince.jpg(515924);prince1.jpg(1685910)next.jpg(726425);comes.doc(589853)two.exe(1701190);retreats.exe(1082982);randalls.pdf(1294608)keep.zip(818805)modern.txt(1416683);korn.jpg(181399);participated.doc(796996),20516272,44,0.99999980000004,0.0,0.15
CKP0630,2010-01-04,8,8,1,0,figure.zip(286346)70.zip(799471);cable.zip(426509),1757303,8,0.9999987500015626,0.0,0.15
CKR1446,2010-01-04,29,29,2,0,humidity.doc(445929)sub.doc(215521);employed.zip(418882)1990.doc(4482)luz.zip(112772)leaves.pdf(1436415)referenced.pdf(1781722);settler.txt(479165);government.exe(498277);1960.jpg(269867),6629492,23,0.9999996551725328,0.0,0.15
CKR1700,2010-01-04,2,2,0,0,people.exe(1118708);people.doc(989188);public.jpg(1314457);minute.txt(47074),3535804,2,0.9999950000249999,0.0,0.15
CKW0915,2010-01-04,25,25,3,0,war.jpg(1165795);redundant.zip(1486312)can.jpg(1728768)upon.doc(1226955)technical.jpg(856296);never.pdf(1072481);going.doc(14211);political.doc(37216),8307715,22,0.99999960000016,0.0,0.15
CLC1425,2010-01-04,10,10,0,0,began.zip(106391);do.jpg(368111);hands.jpg(39280)chocolate.zip(1949544);united.jpg(211620)local.zip(358499);montreal.exe(702087)geological.exe(156725);solid.txt(1394232),5558712,9,0.9999990000010001,0.0,0.15
CLD1435,2010-01-04,9,9,0,0,instead.exe(1749437)risk.doc(976688);warmest.zip(1427450),4423553,8,0.9999988888901234,0.0,0.15
CLF1981,2010-01-04,13,13,0,0,as.doc(2169552)grandchildren.jpg(1158140);grandchildren.pdf(148023)as.doc(2169552)grandchildren.jpg(1158140);grandchildren.pdf(148023),7390411,10,0.9999992307698226,0.0,0.15
CLG0114,2010-01-04,44,44,8,0,opinion.exe(1421582);equal.doc(1832710)instead.jpg(132270);alden.doc(1274290);training.txt(1034766)1974.pdf(2517883);would.doc(1993791);respectively.jpg(16031)government.txt(1501846);scrap.doc(627221);following.zip(240638)gives.zip(1517696)looking.txt(308903)remainder.jpg(1183397)remainder.jpg(1183397)contract.txt(800190)contract.txt(800190)sharing.txt(1270057)oars.exe(997022)before.pdf(101871)before.pdf(101871)mis.txt(824869);lore.txt(1692229);sorcerers.exe(2042594),26785822,27,0.9999997727273243,0.0,0.15
CLG0516,2010-01-04,11,11,0,0,vacancy.pdf(731696)private.doc(848656)rebutting.txt(601346);c.pdf(544682),3023632,11,0.9999990909099173,0.0,0.15
CLJ1447,2010-01-04,29,29,2,0,with.txt(259014);with1.txt(1054705);contest.zip(450449);fourth.pdf(1160474);aaat.doc(1049725),5013630,26,0.9999996551725328,0.0,0.15
CLL0306,2010-01-04,18,18,0,0,regular.pdf(683105);accompanying.jpg(993339)perihelion.jpg(253360)because.txt(976645);mood.zip(1088978);passing.txt(899120)slowly.txt(1093952);needed.txt(2175671);opportunities.doc(612030),9345403,18,0.9999994444447531,0.0,0.15
CLL0494,2010-01-04,42,42,0,0,erupted.doc(273440)instead.jpg(132270);alden.doc(1274290);training.txt(1034766)similar.doc(1200664);capable.jpg(63685)called.zip(746971)despite.zip(1363661)embrace.txt(1633872)such.pdf(974868);introduced.pdf(137643);had.doc(911358);living.pdf(1855822);country.jpg(198067);companions.jpg(1160238);it.pdf(1038728);be.zip(1932534)ahmose.txt(33065);prince.exe(358945);prince.pdf(798924);prince.txt(256961);ankh.exe(14416)notable.zip(1902206)road.zip(1820997),22430469,37,0.9999997619048185,0.0,0.15
CLM1538,2010-01-04,4,4,0,0,yukon.txt(781818);yukon.jpg(508484),1419664,4,0.9999975000062501,0.0,0.15
CLN0061,2010-01-04,19,19,0,0,appearance.txt(809600)found.jpg(1125079)them.exe(1004314);list.pdf(772466)well.exe(1236490),5525538,16,0.9999994736844876,0.0,0.15
CLS1331,2010-01-04,50,50,2,0,off.jpg(1345916)concern.zip(1305226)minor.txt(65741);des.pdf(1696740);series.txt(990349)quickly.doc(1941121);day.pdf(1592724);edward.exe(1424929)entitled.exe(1013942)pm.exe(777842)harder.txt(727187);only.doc(1567662)inquiry.pdf(1561493)twelve.zip(603191);interview.zip(1476289);fact.jpg(301943)journey.exe(1389432)personally.txt(974933);experience.jpg(585981);their.jpg(935084),23676921,41,0.99999980000004,0.0,0.15
CLZ1937,2010-01-04,48,48,10,0,cavaras.txt(466240)relative.pdf(849719)perennial.doc(268861)owner.jpg(1348670)12.pdf(194875);alter.jpg(1029722);12.txt(801920)main.txt(1033420)provide.exe(2072421)located.pdf(594081);illegal.txt(1007899);honor.exe(182524);windows.doc(1341661);created.doc(629484);established.doc(207193)whom.doc(495325);took.txt(1932462)ring.doc(203693);ring.txt(881836);atlantic.doc(607586)actually.pdf(328256);section.exe(1443423)parliament.jpg(212665)when.exe(711835);fell.jpg(1906061);city.pdf(1365063)mort.zip(1569369)per.zip(899215);facsimile.jpg(10720)real.doc(1672941);trying.jpg(407644);may.jpg(1636987)points.zip(529728);fashion.pdf(2013774);republican.pdf(732511),33063228,40,0.99999979166671,0.0,0.15
CMB0824,2010-01-04,21,21,5,0,william.doc(172549)e.doc(329466)sale.txt(1168960)considered.exe(668169);gap.zip(1159776)whereas.doc(462894);precede.jpg(674643);interstellar.zip(74294)flames.jpg(856486);has.doc(378270)wildlife.jpg(215265);materials.pdf(1405205)inch.exe(699117),8938454,17,0.9999995238097505,0.0,0.15
CMC0816,2010-01-04,4,4,0,0,body.zip(901033);run.pdf(1208662),2199251,4,0.9999975000062501,0.0,0.15
CMD0127,2010-01-04,18,18,7,0,connected.pdf(1448077);exists.zip(333208);attempting.txt(1100936)brown.jpg(795922);among.exe(384479)show.doc(1705231);nevertheless.zip(394106);three.exe(1504700)science.zip(1058627)event.exe(1445584);honour.pdf(1784010)alongside.txt(616496),13048052,16,0.9999994444447531,0.0,0.15
CML1114,2010-01-04,5,5,0,0,aqha.exe(1386490);meadows.doc(741306);be.txt(71546),2342879,5,0.9999980000040001,0.0,0.15
CMM1987,2010-01-04,11,11,0,0,montreal.exe(2009378)daughter.doc(250780),2553451,10,0.9999990909099173,0.0,0.15
CMV0524,2010-01-04,25,25,0,0,treatment.jpg(1125784)prince.exe(397082)southern.exe(1470659);hospital.jpg(1572949);catholic.pdf(1426792)gray.pdf(561966);2.zip(1113261),8437826,22,0.99999960000016,0.0,0.15
CNH1896,2010-01-04,4,4,0,0,,117990,4,0.9999975000062501,0.0,0.15
CNM0787,2010-01-04,25,25,0,0,exceeded.txt(914196);forced.zip(1406199);entrance.doc(905084)body.exe(1328818);religion.doc(168427)changes.exe(829794);put.doc(606678)expire.zip(699054)producers.zip(2092020)survey.pdf(49776)gathered.txt(796620)conservatives.exe(1039764);way.zip(731962);spirits.doc(335951);wracked.zip(1101878);am.jpg(546109);think.zip(1704863);am.doc(1628728);angus.txt(483248);itself.exe(9617)affirmative.txt(1280661);decide.exe(1760323),21183171,24,0.99999960000016,0.0,0.15
CNM1208,2010-01-04,16,16,0,0,attempted.jpg(287667)workers.doc(183313)puerto.pdf(304667);acquire.exe(134660)foreign.zip(484830)bishop.zip(465769),2288890,16,0.9999993750003906,0.0,0.15
COB0021,2010-01-04,31,31,0,0,thieu.pdf(1887440);denver.pdf(781518);good.pdf(1107172);near.txt(1194706);need.jpg(1892758);her.pdf(882890);central.zip(1395097)ramonce.pdf(540870)12.jpg(353537);january.exe(964828);contain.jpg(225333);approval.txt(772133);tasted.jpg(285099);62.txt(1159626);away.txt(1116349)between.pdf(409102)these.exe(855929)number.pdf(610969),17351768,29,0.9999996774194589,0.0,0.15
COG0940,2010-01-04,27,27,0,0,help.txt(273059);decision.txt(1648127);french.exe(794166);forgotten.zip(699586);nourishes.doc(867487);19.txt(43639);forgotten1.zip(606879);help.jpg(1430050)is.zip(1172876)150000.exe(931819)see.exe(1286971)only.pdf(735740);seeking.zip(214642);britain.pdf(884916)penetrating.zip(1808669)usa.txt(956903);she.txt(1241219);transport.pdf(1442572)prime.doc(305653);mother.doc(670094);coup.zip(210390)culture.doc(196356)next.jpg(726425);comes.doc(589853)pearsons.exe(1377485);1904.txt(854604),22800000,24,0.9999996296297669,0.0,0.15
CPC0190,2010-01-04,31,31,0,0,not.doc(547239);played.pdf(1359359)8.jpg(181105);became.exe(6028);writer.pdf(856544);ideology.jpg(723991)presence.exe(609668);recalled.doc(640614);made.doc(1301560);hell.pdf(1297519);subject.zip(892196)are.pdf(224349)help.txt(1157994)passing.jpg(1492497);go.jpg(1436940)interrupted.jpg(2175689);bostons.pdf(486630)prospects.pdf(940611)created.zip(764363);tail.doc(192366);gave.exe(6299)copies.exe(374393),18467082,26,0.9999996774194589,0.0,0.15
CPD0474,2010-01-04,34,34,5,0,plot.pdf(566920);failure.doc(1090180);facility.txt(1053814)lists.exe(354975)november.pdf(974141)november.pdf(974141)gave.exe(1127624);came.txt(904097)natural.jpg(1425252);1986.zip(1277333)streaks.jpg(1576172)streaks.jpg(1576172)correspondent.zip(621243);into.doc(763180);intensity.doc(180675)suffered.zip(786226)de.zip(506072)telling.txt(1914605);site.txt(82669);match.pdf(1222548)telling.txt(1914605);site.txt(82669);match.pdf(1222548)between.exe(995533)between.exe(995533),25131448,22,0.9999997058824394,0.0,0.15
CPD1525,2010-01-04,11,11,2,0,female.zip(1486949)radio.pdf(1515648);low.doc(1328576)dense.txt(156358);5.exe(221309),5046425,10,0.9999990909099173,0.0,0.15
CPL0439,2010-01-04,36,36,0,0,achr.jpg(747190)major.exe(1139457)hours.zip(664757),3647508,28,0.9999997222222993,0.0,0.15
CPS1512,2010-01-04,31,31,1,0,50000.txt(1297038);viewed.jpg(1476217);billboard.zip(1002735);film.txt(970666);music.zip(1020340)free.exe(1222997);gravity.txt(1045348);next.exe(80812);gravity.zip(1151758);county.exe(130855);develop.doc(962554)will.zip(590428);wheat.zip(1123356);umpire.pdf(991579)other.jpg(415751)arabic.exe(1635183);rose.doc(229556);unusual.exe(510013);well.exe(435991)tight.jpg(491483)emerged.txt(764122),18444251,29,0.9999996774194589,0.0,0.15
CPW0219,2010-01-04,45,45,0,0,comprise.txt(1179767)system.doc(802457)system.doc(802457)while.zip(227177)while.zip(227177)attends.exe(1243091),5892831,26,0.9999997777778271,0.0,0.15
CQR1172,2010-01-04,22,22,1,0,spent.doc(918448)ahmose.pdf(643221)widespread.pdf(1198929)highest.txt(673430)series.exe(846165);annals.exe(10862);in.jpg(356126);whom.doc(1278576)despite.pdf(1232903);captain.exe(1196491)aimed.jpg(650853)prince.doc(309599),9955359,21,0.9999995454547521,0.0,0.15
CRB0648,2010-01-04,50,50,0,0,his.txt(720404)28.jpg(730100)reliable.zip(1532439);joseph.zip(74294)300.zip(845138);death.doc(254816);excessively.txt(1168379);constantinople.doc(278273)300.zip(845138);death.doc(254816);excessively.txt(1168379);constantinople.doc(278273)sol.jpg(1000525);again.zip(14407)sol.jpg(1000525);again.zip(14407)never.doc(407087);never.jpg(728020)easily.txt(2259309);graduated.pdf(2053730);within.doc(2131024);chancellor.pdf(22260)fighter.exe(1584795);troubled.pdf(316351)where.jpg(1357414)general.exe(1359703)easily.txt(2259309);graduated.pdf(2053730);within.doc(2131024);chancellor.pdf(22260)fighter.exe(1584795);troubled.pdf(316351)where.jpg(1357414)general.exe(1359703)informing.exe(23622)informing.exe(23622)aircraft.txt(1204525);country.exe(1313444)bank.txt(1447224),39196882,31,0.99999980000004,0.0,0.15
CRC0217,2010-01-04,26,26,0,0,style.txt(1168552)needed.exe(1826540);unable.exe(1040353)container.txt(226263)rating.zip(575504);separated.zip(899100)rehearsals.zip(755911);northern.txt(936105);non.jpg(584344)rift.pdf(35171),8789750,26,0.9999996153847633,0.0,0.15
CRC1132,2010-01-04,29,29,2,0,acquire.doc(17794)pennant.zip(690810)due.zip(1221683);fans.jpg(327695);met.doc(290612);met.txt(521783)guns.exe(27624);youngest.zip(977354);gil.zip(939645)third.jpg(1122778);part.doc(1342806)parish.exe(700591)information.doc(867594)meant.jpg(1562146);major.txt(947597)relatively.doc(880396)tomb.doc(1214921),14485726,25,0.9999996551725328,0.0,0.15
CRD0272,2010-01-04,46,46,15,0,torched.pdf(423265);long.doc(1158703);indies.txt(472763)narrowly.txt(82176)setting.zip(391467)suffocating.zip(499137)prominently.doc(321539)used.zip(400474)australia.zip(823543)hagglund.jpg(205134)hagglund.jpg(205134)sufferers.exe(508923);towed.exe(923135)sufferers.exe(508923);towed.exe(923135)statistics.txt(1773135)statistics.txt(1773135)realizing.jpg(826021)realizing.jpg(826021)banned.zip(1600697);die.pdf(715884)banned.zip(1600697);die.pdf(715884),19071301,28,0.9999997826087429,0.0,0.15
CRD0404,2010-01-04,15,15,0,0,art.txt(609531);fight.pdf(23748),1074171,14,0.9999993333337778,0.0,0.15
CRD0987,2010-01-04,33,33,5,0,acting.exe(1334210)game.exe(88852);left.zip(1949860)young.zip(1603746);young.jpg(1855332)seen.txt(159570)seen.txt(159570)had.jpg(1003472)keeping.exe(1306450)excellent.doc(460399);alongside.pdf(930373);from.jpg(1289040)1993.txt(1245142)keeping.exe(1306450)excellent.doc(460399);alongside.pdf(930373);from.jpg(1289040)1993.txt(1245142)discovery.zip(1045742)is.jpg(140253),20780478,24,0.9999996969697887,0.0,0.15
CRG0063,2010-01-04,20,20,0,0,though.jpg(1950344)altitude.exe(135520)defied.txt(176138);arabic.exe(554878);anyone.exe(1371329)1994.zip(1592107);intensive.zip(428318);360.doc(500691)near.zip(677288),8053349,18,0.9999995000002501,0.0,0.15
CRM0880,2010-01-04,10,10,0,0,modification.jpg(1021780)many.jpg(1441928);amateur.doc(782731);much.jpg(295324)policy.jpg(103205)hostile.doc(97246);february.pdf(1639259);mastery.exe(678658)annexation.jpg(1121404),7481506,10,0.9999990000010001,0.0,0.15
CRM0907,2010-01-03,29,29,0,29,present.zip(1172795);ago.txt(930348)present.zip(1172795);ago.txt(930348)prince.pdf(905293)prince.pdf(905293)everyone.txt(685827);night.exe(1144879);candidate.exe(569162)everyone.txt(685827);night.exe(1144879);candidate.exe(569162)spoon.txt(1486715)spoon.txt(1486715)problems.txt(684496)problems.txt(684496)distant.txt(946912)distant.txt(946912)substance.exe(1657061);social.exe(1087763)substance.exe(1657061);social.exe(1087763),23419955,15,0.9999996551725328,0.0,0.15
CRM0907,2010-01-04,111,111,0,0,need.txt(1014853)birminghams.pdf(1392918)chemistry.exe(252021);equipment.zip(812785);really.zip(327700)emphasised.exe(953087);reality.jpg(1388071)reported.jpg(1684040);farmers.zip(116957);border.exe(1021524);known.exe(901422)recolonization.doc(103059);2010.jpg(269651);investigation.jpg(101608);resumed.zip(950798);17.doc(104217)took.zip(109430);series.doc(490665)hills.zip(2567191)chambers.doc(426307)queens.zip(382546)queens.zip(382546)60.doc(364623)60.doc(364623)congress.zip(719912);february.zip(2132785);found.doc(1136167)sit.pdf(1097154)sit.pdf(1097154)iconography.zip(557357)policies.jpg(242270)34.pdf(1484367);overgrown.exe(129501)petawawa.exe(1520545)three.pdf(551650)british.doc(852887)reducing.pdf(1198946)caves.pdf(1153684);variation.txt(808901);distribution.txt(1859985);frequency.doc(943724);head.zip(876539);agile.zip(784861);agile1.zip(286524);habituates.jpg(920340);head.doc(779840)employed.pdf(455249)age.txt(518563)time.doc(815288)rain.exe(531050);washington.pdf(753797)through.txt(544524)recuperating.zip(1639877)toward.exe(567203);larger.doc(733216)established.zip(816003);argentina.exe(877266);penetration.exe(1756506)established.zip(816003);argentina.exe(877266);penetration.exe(1756506),54520398,84,0.999999909909918,0.0,0.15
CRM0963,2010-01-04,36,36,3,0,confidence.doc(415576)numerous.jpg(433432)controlling.pdf(2114976)numerous.jpg(433432)mouth.zip(1682281);23.jpg(300117)technology.doc(301180);used.exe(241109)mouth.zip(1682281);23.jpg(300117)controlling.pdf(2114976)warranted.exe(965588)impressed.zip(907565);billion.txt(481700);distortion.zip(762330)financial.txt(151087),14437644,25,0.9999997222222993,0.0,0.15
CRR1966,2010-01-04,9,9,0,0,heavy.pdf(435706)process.txt(456270);fourth.txt(397103),1581174,9,0.9999988888901234,0.0,0.15
CRW0627,2010-01-04,5,5,0,0,19th.doc(765754);l.zip(1019353)70.zip(799471);cable.zip(426509),3160018,5,0.9999980000040001,0.0,0.15
CSB0327,2010-01-04,28,28,8,0,then.jpg(315898);tasted.txt(536381);week.exe(424196)above.zip(754629)governor.zip(1425081);extensive.txt(135677)prince.exe(397082)provides.exe(1078384)show.doc(1042601)arrested.zip(916147)prince.jpg(1611245);prince.exe(94593);prince.txt(383054)prince.pdf(634545),10576646,22,0.9999996428572704,0.0,0.15
CSB0990,2010-01-04,22,22,0,0,few.zip(1020215);appearance.zip(801055);philosophical.zip(1020703)both.pdf(1112670)twelve.exe(1360772)fly.zip(643630);law.doc(174785);recalled.jpg(714394)re.txt(276707);made.exe(235372)degree.exe(1804587);45.jpg(510475)voting.zip(1285846)upgraded.txt(544652)both.zip(654467)nor.exe(655459);between.jpg(346674)no.txt(1253226);input.pdf(1947524),17058527,19,0.9999995454547521,0.0,0.15
CSE0417,2010-01-04,14,14,0,0,exclusively.doc(456102);communication.doc(827423)asked.exe(188858);reduced.jpg(1024172)down.zip(142756);table.exe(1372036)pressure.zip(586900),5021283,14,0.9999992857147959,0.0,0.15
CSV1242,2010-01-04,4,4,0,0,,101645,4,0.9999975000062501,0.0,0.15
CSW1165,2010-01-04,38,38,0,0,is.exe(649959);fog.jpg(583229)within.txt(1373850);heavily.doc(16367)importance.exe(124494)falling.jpg(1296953)eeriness.txt(659372);attempted.doc(63594);political.pdf(421163)germans.zip(935853);begun.pdf(959544);short.exe(314085)possibly.pdf(952299)any.jpg(1300115);her.zip(1107120);scene.jpg(85094)murder.zip(313612),12366519,28,0.9999997368421745,0.0,0.15
CTB0744,2010-01-04,29,29,0,0,patrol.jpg(251393)settlement.exe(565171);canadian.exe(988293)east.zip(793555);and.txt(1406216);either.jpg(1333574);maker.exe(1359401);grade.doc(438764)prince.doc(1539213);prince.exe(43647);prince.jpg(229561)show.doc(1042601),10854461,25,0.9999996551725328,0.0,0.15
CTB0923,2010-01-04,40,40,4,0,programmers.exe(660496)can.jpg(1728768)european.doc(507822);never.doc(914720)became.exe(613511)1540.exe(1140320);kind.doc(1597087)1844.pdf(603806);turn.doc(719082)took.pdf(942537);vary.txt(488821);suggests.txt(1210965)report.pdf(575986)improving.doc(108734);created.doc(1742314);birth.txt(796948)prince.jpg(253450),15806230,35,0.9999997500000625,0.0,0.15
CTH1812,2010-01-04,2,2,1,0,300.pdf(1841764),1938604,2,0.9999950000249999,0.0,0.15
CTK0037,2010-01-04,52,52,4,0,move.txt(193564);december.jpg(301916);ignored.zip(930755);resume.jpg(322167)ownership.txt(964483)such.doc(61830);conversation.zip(1094907)wrote.jpg(884941)short.exe(652500);massacre.jpg(694454);signed.pdf(251344);100.pdf(1552789);albert.doc(335146);equipment.pdf(712637)undergone.pdf(2110111);before.exe(1965253);reaction.jpg(63072)prince.pdf(1248888);prince1.pdf(813461)prince.pdf(1248888);prince1.pdf(813461)professional.exe(887299)professional.exe(887299),20577045,33,0.9999998076923446,0.0,0.15
CTK0406,2010-01-04,42,42,5,0,printed.doc(440193);their.pdf(830855);may.exe(1400723)hand.exe(204909);new.exe(150408)population.exe(202916)parameters.jpg(978213);nest.zip(121983);approximately.jpg(1233653)source.jpg(1638331)moved.txt(1092960)mark.jpg(467699)intensive.jpg(1326891)conversation.doc(5951),11272433,32,0.9999997619048185,0.0,0.15
CTM1817,2010-01-04,7,7,1,0,master.zip(527906);teaching.txt(1241200)listened.exe(825326);any.txt(1119995);any.exe(350861);any.jpg(1320969);favor.jpg(750529);favor1.jpg(529462);dozen.doc(463529)entirely.exe(1117309);by.txt(556900),8991360,7,0.9999985714306123,0.0,0.15
CTP0071,2010-01-04,19,19,3,0,how.doc(541585)animal.jpg(17492)10.doc(2007915);believe.zip(194185);family.exe(207741);american.doc(1858200);claimed.jpg(276892)small.doc(76084);did.exe(782520);borders.doc(1026022);master.doc(311097);persons.jpg(1165696)game.txt(760834)4.pdf(758302)sky.jpg(1279636)bone.jpg(1001146);only.txt(1542276);kind.jpg(395706),14797582,16,0.9999994736844876,0.0,0.15
CTT0639,2010-01-04,29,29,0,0,subsequently.exe(1578838);pushkin.doc(1760684);would.txt(652709)successor.exe(630463);robert.jpg(833000)one.exe(726882)embarked.zip(689021)november.exe(1073684)role.doc(1658204);outdoor.pdf(482379)prospects.pdf(940611),11922820,27,0.9999996551725328,0.0,0.15
CVS0720,2010-01-04,31,31,0,0,find.doc(756650)formed.txt(27105);re.zip(836594)manchurian.jpg(946113);has.jpg(1602193)relief.jpg(1448633)part.exe(1318026)southern.doc(430832);tail.exe(975495);conditions.txt(1745236)slowly.txt(1093952);needed.txt(2175671);opportunities.doc(612030),14844286,30,0.9999996774194589,0.0,0.15
CWC0006,2010-01-04,83,83,21,0,performance.zip(528735)generated.exe(2358158);star.zip(622626);sung.pdf(1053760)properly.pdf(802407)person.jpg(1032279);sometime.txt(743435)disposing.txt(1456690)size.zip(367356);been.pdf(893908);2007.exe(896914)aiming.pdf(313782)between.pdf(409102)speculative.jpg(625592);following.exe(1195595)attached.exe(665610)should.txt(909339)emerged.jpg(1648029);seven.pdf(457024);dj.zip(1020785)however.pdf(349175);bear.jpg(39764);evidence.doc(138846)between.doc(691745)early.doc(612716);womans.jpg(1637049);april.txt(1222930)early.doc(612716);womans.jpg(1637049);april.txt(1222930)cabbage.exe(328188)rainstorms.jpg(1556872)5.jpg(35298)every.doc(934686);horrible.jpg(962857)successor.jpg(1445449)felt.pdf(1009641),35046741,63,0.9999998795180868,0.0,0.15
CWM0618,2010-01-04,5,5,1,0,suffocating.zip(499137)sent.doc(781719);however.zip(395273);position.jpg(1184780),2976672,5,0.9999980000040001,0.0,0.15
CWR0696,2010-01-04,26,26,0,0,man.jpg(1904368)man.jpg(1904368)eastern.txt(1404651);genuine.exe(563476)eastern.txt(1404651);genuine.exe(563476)permit.pdf(126988)permit.pdf(126988)about.zip(856824)gathered.jpg(308677),9896214,17,0.9999996153847633,0.0,0.15
CWW1120,2010-01-04,28,28,4,0,opposite.pdf(835519);been.zip(1819566)acquire.doc(17794)before.jpg(296847);incorporated.pdf(784222);rendezvous.exe(588173)including.txt(1556358);appropriated.jpg(771941)reestablish.zip(2131777);75.zip(979539)suffered.exe(427237)surrounding.jpg(1607630)enhance.exe(1883759)retrieve.exe(346346),14860035,25,0.9999996428572704,0.0,0.15
CYG0522,2010-01-04,27,27,0,0,are.jpg(2106105)young.doc(686126)rebutting.txt(601346);c.pdf(544682),4833660,25,0.9999996296297669,0.0,0.15
CZK1473,2010-01-04,3,3,0,0,national.txt(2232983);central.zip(306741),2630967,3,0.9999966666777778,0.0,0.15
CZY0110,2010-01-04,28,28,5,0,deceased.doc(1445596)reputation.pdf(544035);grew.exe(810245)bulk.pdf(928090);fireworks.zip(1057191);where.jpg(1102852)suggest.exe(471002)guardian.zip(1292846)ellipsoids.exe(507659)better.jpg(986854);unless.txt(1321985);institute.doc(1633912);independence.zip(301988)1929.txt(158860),13347370,25,0.9999996428572704,0.0,0.15
DAC1548,2010-01-04,12,12,3,0,below.txt(1203017);though.txt(1477242)wants.pdf(1300881);less.zip(935740)1991.zip(263692);enough.txt(2312333);led.pdf(1826857);enough.exe(1345379)exchange.zip(1133718)failure.exe(175612);becomes.jpg(439312)highly.pdf(667081);project.pdf(1654948),15055799,12,0.9999991666673611,0.0,0.15
DAC1641,2010-01-04,11,11,0,0,within.doc(1356759)then.pdf(637961)was.txt(981827),3305737,9,0.9999990909099173,0.0,0.15
DAD0331,2010-01-04,24,24,0,0,english.jpg(675732)away.zip(153576);technical.exe(256158)derived.doc(462603)shall.jpg(337029);acquired.txt(185507);quick.txt(805502);vi.txt(1488251)eastern.exe(614780)art.txt(609531);fight.pdf(23748),6340893,21,0.9999995833335069,0.0,0.15
DAD0713,2010-01-04,13,13,0,0,prince.jpg(661995);prince.zip(759877);prince.exe(883471)dance.pdf(1167156);professional.exe(150808),4028505,11,0.9999992307698226,0.0,0.15
DAD1438,2010-01-04,12,12,0,0,first.exe(1438296)canada.pdf(1585056);february.jpg(1372337)centro.doc(427240);running.zip(1099369)who.doc(1361685);behind.exe(1186285)illusion.jpg(352198),9159073,11,0.9999991666673611,0.0,0.15
DAE1219,2010-01-04,11,11,0,0,leading.doc(1124312);43.zip(1092717)slow.txt(245920)highly.doc(159862);highly1.doc(1370137);losing.txt(685334),5024413,11,0.9999990909099173,0.0,0.15
DAH0512,2010-01-04,19,19,0,0,between.jpg(1732419)profits.zip(114145);only.jpg(3517);written.exe(1301900)calculate.jpg(1066347)though.pdf(428254)stone.jpg(789180);ideological.txt(1065046),7105423,16,0.9999994736844876,0.0,0.15
DAH1996,2010-01-04,15,15,0,0,argyle.exe(1055257)montreal.exe(2009378)presence.exe(609668);recalled.doc(640614);made.doc(1301560);hell.pdf(1297519);subject.zip(892196)national.pdf(380540);free.zip(612320)snow.jpg(364287)blocks.zip(573876),10130939,15,0.9999993333337778,0.0,0.15
DAL0795,2010-01-04,20,20,0,0,shortly.exe(1488791)has.pdf(666675);status.zip(1065520)unusual.txt(184686);great.doc(415200);occasionally.exe(1008595)imaginary.zip(1262311);intent.zip(1165945);lyman.txt(14418);coolness.jpg(475678);culminated.txt(664266)eastern.txt(1404651);genuine.exe(563476)protection.jpg(359077)months.zip(1242042)seen.doc(832352)some.zip(907121),14328174,18,0.9999995000002501,0.0,0.15
DAR0139,2010-01-04,18,18,0,0,excessive.doc(877458)national.pdf(380540);free.zip(612320)decatur.jpg(715891);viable.exe(319771)approach.txt(1208253),4715509,12,0.9999994444447531,0.0,0.15
DAS1320,2010-01-04,9,9,0,0,league.jpg(1015587)league.jpg(1015587),2298343,7,0.9999988888901234,0.0,0.15
DBB1004,2010-01-04,50,50,0,0,vulnerable.zip(675894)southwest.pdf(1129013);birth.doc(1090910);from.exe(570047)15.doc(374875);filling.jpg(225795)figure.zip(286346)known.zip(46820);beggar.zip(222621)after.doc(1342081);equatorial.txt(1161951)richardson.pdf(1247740)27.doc(350633);employed.txt(347066)these.jpg(1525826)voting.zip(1285846)upgraded.txt(544652)200.jpg(186581);high.doc(1275063)charge.pdf(925291)leader.pdf(1463111)jasper.pdf(202469);everyone.pdf(633198)harbour.pdf(84681)roster.pdf(1277788)would.doc(72233),20019295,42,0.99999980000004,0.0,0.15
DBJ1992,2010-01-04,22,22,0,0,snow.jpg(364287)tourists.zip(1494368)died.jpg(1731139);occasions.doc(1497741),5788119,21,0.9999995454547521,0.0,0.15
DBK0284,2010-01-04,29,29,4,0,himself.doc(973747)spitfire.txt(1546244);later.doc(378978);dacres.exe(1785380)home.doc(639351)axis.jpg(945374);dwarf.jpg(897874)first.pdf(1958458)prince.jpg(317402)brought.exe(39346),10289844,19,0.9999996551725328,0.0,0.15
DBS0048,2010-01-04,46,46,0,0,fought.zip(1001412);second.exe(945332)negotiating.zip(1549008);known.doc(1086747);lure.txt(1501047);lucky.exe(94058)negotiating.zip(1549008);known.doc(1086747);lure.txt(1501047);lucky.exe(94058)saw.pdf(2325361)saw.pdf(2325361)sloop.doc(392131);himself.txt(811553);involve.pdf(481641)sloop.doc(392131);himself.txt(811553);involve.pdf(481641)receptions.exe(395096)mclaren.txt(679490);eight.zip(870417),21744861,30,0.9999997826087429,0.0,0.15
DCA0857,2010-01-02,15,15,0,15,world.zip(1775577)sent.exe(416572);rough.zip(797594),3441029,14,0.9999993333337778,0.0,0.15
DCA0857,2010-01-03,7,7,0,7,article.txt(1027199)front.exe(749896),1974660,7,0.9999985714306123,0.0,0.15
DCA0857,2010-01-04,29,29,0,0,asked.exe(188858);reduced.jpg(1024172)havent.doc(1063035);into.zip(1060469)much.txt(1321168)from.zip(929013);overall.exe(1591402)prison.jpg(1565524);saw.txt(474191);following.doc(725756),10797279,28,0.9999996551725328,0.0,0.15
DCB0446,2010-01-02,18,18,0,18,documents.zip(1297245);about.exe(59851);release.doc(329193)documents.zip(1297245);about.exe(59851);release.doc(329193)otherwise.txt(314288)otherwise.txt(314288)secondary.pdf(676881);mass.pdf(1934038);attain.jpg(2792841);into.doc(704001);peaked.pdf(1510884)secondary.pdf(676881);mass.pdf(1934038);attain.jpg(2792841);into.doc(704001);peaked.pdf(1510884)lover.txt(376932)lover.txt(376932),20580788,7,0.9999994444447531,0.0,0.15
DCB0446,2010-01-03,19,19,1,19,thieu.pdf(1887440);denver.pdf(781518);good.pdf(1107172);near.txt(1194706);need.jpg(1892758);her.pdf(882890);central.zip(1395097)thieu.pdf(1887440);denver.pdf(781518);good.pdf(1107172);near.txt(1194706);need.jpg(1892758);her.pdf(882890);central.zip(1395097)that.jpg(444486);special.pdf(620127)that.jpg(444486);special.pdf(620127)both.doc(1476770)both.doc(1476770)prosperous.txt(1705624)prosperous.txt(1705624)very.zip(792484);described.zip(2375575);against.zip(1595242);very.jpg(960482);led.exe(380420);regarded.exe(911651);point.zip(1661547);though.doc(128987);map.doc(214434)very.zip(792484);described.zip(2375575);against.zip(1595242);very.jpg(960482);led.exe(380420);regarded.exe(911651);point.zip(1661547);though.doc(128987);map.doc(214434),45395490,9,0.9999994736844876,0.0,0.15
DCB0446,2010-01-04,27,27,6,0,believed.exe(1197098)believed.exe(1197098)succeeded.pdf(1286346);he.pdf(264469)permanent.zip(1014215),5721047,14,0.9999996296297669,0.0,0.15
DCB1000,2010-01-04,9,9,0,0,145.pdf(560813);plans.zip(1401292);somewhat.jpg(1237903);men.txt(271643)praised.txt(1047256)controversy.pdf(900800)organism.txt(66450);partnership.exe(690585);lay.jpg(1013524);areas.zip(365530);rose.jpg(1153172),8989809,9,0.9999988888901234,0.0,0.15
DCC1119,2010-01-04,27,27,14,0,rebounded.jpg(417858)came.jpg(708815)source.exe(1775160)content.exe(345046);eccles.doc(675818)success.exe(1096352)by.zip(638722)respects.zip(2345587),8842669,22,0.9999996296297669,0.0,0.15
DCD0715,2010-01-04,13,13,0,0,slowly.txt(1093952);needed.txt(2175671);opportunities.doc(612030)slowly.txt(1093952);needed.txt(2175671);opportunities.doc(612030)third.zip(1783338)third.zip(1783338),11718163,8,0.9999992307698226,0.0,0.15
DCF1237,2010-01-04,31,31,3,0,advisories.jpg(69448)institutions.zip(730442);mythical.txt(1619499);traditions.pdf(763587);largely.pdf(258422);one.exe(1415811);experts.zip(2191248);lengthy.zip(1232572);supporters.zip(799809)highly.doc(159862);highly1.doc(1370137);losing.txt(685334)november.txt(1026872)accessible.doc(1487805);souls.exe(933069)2.exe(894958)recolonization.jpg(1318809);exceeding.exe(129013)authors.txt(1819086)1992.zip(734619),20540161,27,0.9999996774194589,0.0,0.15
DCF1479,2010-01-04,5,5,0,0,affected.pdf(833842);field.pdf(964529)affected.pdf(833842);field.pdf(964529)mid.jpg(835397);long.zip(1442843),5973355,4,0.9999980000040001,0.0,0.15
DCK1782,2010-01-04,26,26,1,0,greeted.exe(947041)national.zip(459371);was.jpg(869220)making.jpg(928420);making.pdf(1779633);office.doc(1316194),7016719,20,0.9999996153847633,0.0,0.15
DCR1648,2010-01-02,6,6,0,6,manoeuvre.exe(686759)manoeuvre.exe(686759)often.txt(340563);verna.zip(733384)often.txt(340563);verna.zip(733384),3656762,3,0.9999983333361112,0.0,0.15
DCR1648,2010-01-03,4,4,0,4,teeth.jpg(5934)teeth.jpg(5934),147010,2,0.9999975000062501,0.0,0.15
DCR1648,2010-01-04,10,10,0,0,mtis.txt(1059237);1868.zip(46527)allow.exe(560644)up.doc(1928779);program.pdf(770566)allow.exe(560644)up.doc(1928779);program.pdf(770566),7896405,6,0.9999990000010001,0.0,0.15
DCS0636,2010-01-04,33,33,0,0,his.txt(720404)worldwide.jpg(151307)opening.exe(1397847)advance.txt(793214);official.doc(417122);new.zip(679620)are.pdf(224349)28.jpg(730100)successor.exe(630463);robert.jpg(833000)300.zip(845138);death.doc(254816);excessively.txt(1168379);constantinople.doc(278273),10118147,26,0.9999996969697887,0.0,0.15
DCV1185,2010-01-04,21,21,3,0,,624099,19,0.9999995238097505,0.0,0.15
DDK0995,2010-01-04,31,31,0,0,after.doc(1342081);equatorial.txt(1161951)after.doc(1342081);equatorial.txt(1161951)called.exe(1301966)called.exe(1301966)just.txt(1207064);lines.doc(182885)just.txt(1207064);lines.doc(182885)episode.pdf(1526489)episode.pdf(1526489)controversy.pdf(900800),15207762,20,0.9999996774194589,0.0,0.15
DDM1065,2010-01-04,41,41,9,0,fine.txt(919394)discharges.zip(405108)for.jpg(173013)july.zip(1274371);misl.txt(139391)approached.jpg(864224),5021218,33,0.9999997560976204,0.0,0.15
DDR1649,2010-01-04,7,7,0,0,founded.exe(1219951),1425362,6,0.9999985714306123,0.0,0.15
DDR1876,2010-01-02,2,2,0,2,,78075,2,0.9999950000249999,0.0,0.15
DDR1876,2010-01-04,9,9,0,0,bridged.doc(253691);rebellin.pdf(912886)bridged.doc(253691);rebellin.pdf(912886)stylish.doc(1241656);vulnerable.jpg(1506019),5328796,6,0.9999988888901234,0.0,0.15
DDS1090,2010-01-04,7,7,1,0,role.pdf(767658);concept.txt(2756459);large.txt(318605);upset.doc(646086);be.exe(375800)snow.zip(1496478)proponents.pdf(1218159);multi.pdf(530684),8321522,7,0.9999985714306123,0.0,0.15
DDW0757,2010-01-04,23,23,3,0,sauce.txt(262006);boiled.doc(605655)vessels.exe(1114691);appeared.exe(630007)prince.txt(334241);prince.doc(228277);ankh.pdf(361680);ankh.jpg(416012);prince.exe(1304416);prince1.exe(11669);ankh2.pdf(655172)aid.jpg(1405229)alone.doc(1223338);middle.exe(396493)prince.pdf(634545),10224376,19,0.9999995652175804,0.0,0.15
DEB0727,2010-01-04,28,28,1,0,slowed.jpg(1555230)visiting.doc(867775);being.exe(1142885);4.doc(1148693)33.pdf(81852);help.exe(117071);average.txt(1011013),6810467,15,0.9999996428572704,0.0,0.15
DEB1767,2010-01-04,83,83,0,0,other.exe(1843823)beorhtwulfs.zip(538369)prince.zip(1323895)scientist.zip(917811)stop.doc(454641)likely.doc(885866);arrest.zip(1407605);moving.exe(694510);through.pdf(481464);announced.doc(2043277)shared.exe(750152)infant.pdf(748325)subject.txt(194910)posthumously.exe(307002)intelligent.doc(1721098);schemes.txt(205976);need.jpg(1108213)ownership.pdf(958418);required.exe(291656)accidentally.pdf(1555611);coffee.jpg(1279532)grayson.zip(382587),22709354,74,0.9999998795180868,0.0,0.15
DEC1939,2010-01-04,55,55,6,0,important.pdf(595298);forum.pdf(1272205)southwest.exe(273455)overwhelmed.txt(687001);activities.zip(519468)overwhelmed.txt(687001);activities.zip(519468)correlated.exe(391413)cables.pdf(680887);loft.zip(1251150)usd.jpg(610974)am.zip(2157898),11095240,35,0.9999998181818511,0.0,0.15
DEM0018,2010-01-04,55,55,0,0,speech.jpg(1389640);ultimate.txt(71959);longtime.txt(1705627)par.jpg(1622431)14.doc(582381)jro.txt(513052)size.zip(367356);been.pdf(893908);2007.exe(896914)help.jpg(1502852)var.pdf(174189);mercury.exe(1180191)confront.doc(503892);difficulties.doc(59250);funds.pdf(9987);difficulties.exe(1059538)general.doc(1567660)might.zip(1419918)apparently.jpg(1602647);each.doc(430599)promenade.jpg(298169)east.zip(1407479);had.doc(569910);began.pdf(530297);put.pdf(1074238)known.exe(1040538);week.jpg(715850)reserve.jpg(329026);maps.txt(1110261)rainstorms.jpg(1556872)5.jpg(35298)cradle.zip(713740);blood.exe(178587);front.exe(1354594);unaccompanied.zip(588561);knox.txt(1624921);proved.exe(1488169)manufacturers.jpg(1204065)successor.jpg(1445449)either.txt(1124577);row.pdf(1121301);it.txt(1425394)felt.pdf(1009641)9.doc(1316584);cut.zip(1282413),43652812,45,0.9999998181818511,0.0,0.15
DEO1964,2010-01-02,4,4,0,4,decided.doc(1182474);nixon.txt(1292024),2541446,4,0.9999975000062501,0.0,0.15
DEO1964,2010-01-03,4,4,0,4,heavy.pdf(435706),528875,4,0.9999975000062501,0.0,0.15
DEO1964,2010-01-04,10,10,0,0,including.jpg(182054);known.zip(981081)changes.exe(829794);put.doc(606678)10.txt(1367566);part.pdf(799248),5030970,9,0.9999990000010001,0.0,0.15
DES0591,2010-01-04,25,25,5,0,exposure.txt(971868);what.zip(731589)introduced.exe(2147346);same.exe(1693132)figure.doc(19080);fixed.zip(846852);eventually.txt(873976);9.pdf(107769)related.txt(727982);abolished.pdf(591859);laid.txt(1218616);district.exe(1480340);written.exe(916277);compared.exe(867613);district.txt(730174)nonetheless.txt(1643223)contrary.jpg(2267991);a.zip(1698895)apparatus.exe(788215);testimony.jpg(655179);apparatus.txt(1091597)stopped.txt(878750);crucial.txt(1021059)rating.pdf(102983);robbed.pdf(1370653);allowing.jpg(957138)less.txt(266055);using.exe(367140);metres.jpg(324260),28069895,23,0.99999960000016,0.0,0.15
DES1474,2010-01-04,4,4,0,0,,112655,4,0.9999975000062501,0.0,0.15
DEW0384,2010-01-04,4,4,0,0,kill.txt(359452);whose.zip(2532202);20.pdf(686799)sufferers.exe(508923);towed.exe(923135),5094618,4,0.9999975000062501,0.0,0.15
DEW1968,2010-01-04,16,16,0,0,what.jpg(855073);early.txt(1980740)undiminished.zip(155800);golden.txt(1826211);wide.exe(1418615)december.txt(622088)council.zip(940328);out.jpg(588927);privy.zip(685818)too.jpg(867924);these.pdf(270825),10644492,15,0.9999993750003906,0.0,0.15
DHP0732,2010-01-04,48,48,5,0,negotiating.doc(836208)soviet.pdf(1318782);ultimate.pdf(1161526)maddox.pdf(29209)two.exe(1701190);retreats.exe(1082982);randalls.pdf(1294608)increasingly.txt(794529);offers.jpg(911162)visiting.doc(867775);being.exe(1142885);4.doc(1148693)british.doc(852887)greenwich.jpg(1518400),15995482,42,0.99999979166671,0.0,0.15
DHP1989,2010-01-04,12,12,0,0,daughter.doc(250780)blocks.zip(573876),1155290,12,0.9999991666673611,0.0,0.15
DHR1157,2010-01-04,33,33,6,0,roman.jpg(829648)stated.pdf(1595200);intends.txt(315247)what.pdf(411605)1704.jpg(182415)like.txt(663994);1947.pdf(676470);common.doc(962986)hall.doc(118321);hold.jpg(562419)significantly.zip(716883);matthau.exe(1015106)young.doc(1331547)fight.txt(171416)profitably.jpg(330232)wreck.doc(1857545),12746711,25,0.9999996969697887,0.0,0.15
DHS0204,2010-01-02,3,3,0,3,prolonged.doc(528170)do.jpg(262057);best.doc(98136),974357,3,0.9999966666777778,0.0,0.15
DHS0204,2010-01-04,8,8,0,0,,262833,8,0.9999987500015626,0.0,0.15
DIB1946,2010-01-04,53,53,31,0,although.jpg(453756)although.jpg(453756)four.zip(2531662);three.jpg(1899613);best.doc(364034)bachelors.jpg(1662874)four.zip(2531662);three.jpg(1899613);best.doc(364034)bachelors.jpg(1662874)great.jpg(42277);control.txt(1364664);george.txt(1042110)victoria.txt(279787)victoria.txt(279787)1999.pdf(1085331)provide.exe(2072421)aqha.exe(1386490);meadows.doc(741306);be.txt(71546)november.txt(913104)ring.doc(203693);ring.txt(881836);atlantic.doc(607586)per.zip(899215);facsimile.jpg(10720),27241755,36,0.9999998113207903,0.0,0.15
DIM0330,2010-01-04,22,22,0,0,english.jpg(675732)february.doc(1324008)broken.zip(1326116);something.pdf(325618)bills.txt(329398)chosen.txt(386285);chosen1.txt(646304);21.txt(1258140)25.zip(1700853);begun.doc(425576),8998402,18,0.9999995454547521,0.0,0.15
DIR0835,2010-01-04,2,2,0,0,,47775,2,0.9999950000249999,0.0,0.15
DJA0192,2010-01-04,28,28,0,0,mclean.pdf(614071)rancho.txt(1131336),2572010,24,0.9999996428572704,0.0,0.15
DJC0137,2010-01-04,14,14,0,0,ball.jpg(1222920)however.pdf(624562),2270609,11,0.9999992857147959,0.0,0.15
DJC0337,2010-01-04,19,19,1,0,year.doc(550338);was.zip(836969)c.pdf(763193);added.txt(623929)prickly.jpg(618725)poorly.jpg(456194);then.zip(809730);much.exe(1440691);1972.jpg(804703)hometown.txt(1159007)pacific.txt(418119)revenge.zip(1363559),10440485,18,0.9999994736844876,0.0,0.15
DJH0253,2010-01-04,15,15,0,0,august.jpg(38553)tracking.txt(1497175);immediate.txt(459753),2461439,12,0.9999993333337778,0.0,0.15
DJH0812,2010-01-04,12,12,2,0,program.zip(371578)so.doc(1463710);afternoon.txt(755767)businessman.zip(1296120);opening.pdf(1562730)party.pdf(1544275)1929.txt(158860)masses.jpg(1287332);grand.exe(865494),9676244,12,0.9999991666673611,0.0,0.15
DJH0895,2010-01-04,36,36,0,0,ships.txt(85882);crew.pdf(512147)united.jpg(1911281)lift.jpg(946150)1997.zip(704268);requested.txt(378370)hero.txt(557783)capacity.doc(180426)anniversary.txt(1275143),7647015,30,0.9999997222222993,0.0,0.15
DJJ1480,2010-01-04,4,4,0,0,,87969,4,0.9999975000062501,0.0,0.15
DJP1603,2010-01-04,20,20,0,0,club.exe(104865)together.jpg(513723)take.zip(1047165)occasionally.exe(454308)miami.doc(1795253);stuffed.zip(1532079);assumption.zip(1565516),7670846,16,0.9999995000002501,0.0,0.15
DJT1534,2010-01-04,15,15,4,0,these.txt(835676);space.exe(314860)new.txt(885193);dominique.pdf(1337549);decision.zip(857166);children.zip(857893)college.exe(392615)11.pdf(169424);jamaica.jpg(332484);70.pdf(526178)suggestion.txt(658591);en.jpg(1438205),9075702,13,0.9999993333337778,0.0,0.15
DJW0357,2010-01-04,37,37,0,0,master.zip(527906);teaching.txt(1241200)product.exe(206670);great.exe(882079);and.doc(328659);about.pdf(1289543),5627208,32,0.9999997297298027,0.0,0.15
DJW0418,2010-01-04,40,40,0,0,could.doc(1593169);points.doc(799102)owner.jpg(1348670)educational.doc(701288);formed.doc(2252705)services.pdf(886764)pressure.zip(586900)levels.doc(923494)northern.txt(416537);since.txt(1347578)september.doc(1321577)diagnosed.pdf(622692),13938366,31,0.9999997500000625,0.0,0.15
DKC0053,2010-01-04,51,51,0,0,be.jpg(1380076);asks.txt(527716)interviews.exe(1999665);many.doc(493920)1969.exe(191747)additional.doc(269139)external.exe(37795)toys.pdf(329086)remembered.doc(216554)forcing.doc(1223804)attached.exe(665610)six.jpg(568258);excluding.exe(829461);opportunity.exe(690316);regulating.zip(924461);opportunity.txt(2075427)parents.pdf(1116976);computer.zip(647982);film.exe(118750)individuals.pdf(469282)1936.exe(1217476)including.exe(833464);expected.txt(151030)defied.txt(176138);arabic.exe(554878);anyone.exe(1371329)nationalists.pdf(721351);family.exe(1641838);john.zip(1268245),24171096,39,0.999999803921607,0.0,0.15
DKG0161,2010-01-04,5,5,1,0,honduras.exe(837907);miles.pdf(2363490)dignitaries.exe(784278);represented.zip(418945),4541219,5,0.9999980000040001,0.0,0.15
DKG0637,2010-01-04,47,47,0,0,8.jpg(181105);became.exe(6028);writer.pdf(856544);ideology.jpg(723991)presence.exe(609668);recalled.doc(640614);made.doc(1301560);hell.pdf(1297519);subject.zip(892196)300.zip(845138);death.doc(254816);excessively.txt(1168379);constantinople.doc(278273)infant.pdf(748325)died.zip(84895);chose.pdf(1904979);attention.doc(330721)help.txt(1157994)help.txt(1157994)engine.exe(33830);votes.pdf(1659504);will.doc(920585)play.jpg(891878)engine.exe(33830);votes.pdf(1659504);will.doc(920585)play.jpg(891878)where.jpg(1357414)informing.exe(23622)prospects.pdf(940611),25230599,30,0.9999997872340878,0.0,0.15
DKJ1319,2010-01-04,7,7,0,0,josiah.exe(1048126);conditions.pdf(1755431);change.jpg(1542847)have.pdf(636916)reactions.doc(1761830);transfer.doc(574927);fathers.pdf(334736)out.pdf(1450713),9324076,7,0.9999985714306123,0.0,0.15
DKS0563,2010-01-04,23,23,0,0,if.zip(1283654)better.jpg(1217826)factions.jpg(1460261);energy.zip(895203)checking.jpg(120477)blurred.jpg(263214);expects.txt(588006);directing.doc(431671);drifts.jpg(1164360);advise.txt(1408163)has.zip(1473862);earliest.zip(860437);converted.doc(575938)throwing.pdf(207952)d.doc(1382636);eight.txt(494485),14529240,18,0.9999995652175804,0.0,0.15
DLB0401,2010-01-04,16,16,3,0,project.doc(1239749);18.zip(2233070);brown.zip(313243)vitalian.txt(81006)vitalian.txt(81006)franchise.zip(606951);chords.txt(191938);stability.doc(842625);end.txt(709549);human.exe(1922833);chords.zip(157866);youngest.zip(1046249);collaborated.exe(1278968)franchise.zip(606951);chords.txt(191938);stability.doc(842625);end.txt(709549);human.exe(1922833);chords.zip(157866);youngest.zip(1046249);collaborated.exe(1278968)memorial.jpg(499617);sir.exe(1224690)memorial.jpg(499617);sir.exe(1224690)river.pdf(1722144);skilled.zip(892784)river.pdf(1722144);skilled.zip(892784),26621667,9,0.9999993750003906,0.0,0.15
DLB0955,2010-01-04,16,16,0,0,mixed.exe(208924);outer.txt(783181)five.zip(851539)outline.jpg(998618);hock.exe(908048),4268215,14,0.9999993750003906,0.0,0.15
DLH0679,2010-01-04,50,50,12,0,spoon.txt(1486715)especially.jpg(540124)afternoon.pdf(1477158)he.txt(545727);either.pdf(1928076)spring.doc(841669);sufferers.zip(1688630)franchise.doc(585291)site.pdf(1107196);minimal.pdf(479843);top.txt(972375)service.doc(502660);talk.pdf(40236);finalists.txt(541373);positively.doc(832535);abuse.exe(490196);time.txt(1478707)1780.txt(994528)chose.txt(1339679)singing.jpg(165624)left.pdf(507672);construct.doc(593763)narrow.zip(760863);years.pdf(566492),22041075,46,0.99999980000004,0.0,0.15
DLM0334,2010-01-04,16,16,0,0,issued.pdf(201706);nations.exe(736100);meanwhile.pdf(376795);until.doc(1007296);southeast.exe(1146290);if.pdf(79526)represents.txt(1611991)same.exe(336681)easily.pdf(313787),6284405,13,0.9999993750003906,0.0,0.15
DLM1699,2010-01-04,7,7,0,0,,262041,7,0.9999985714306123,0.0,0.15
DLW0349,2010-01-04,26,26,0,0,antagonists.doc(852680);unique.txt(974856);state.pdf(1490131)their.pdf(392248);local.doc(492866)around.txt(714928)producers.zip(2092020)conservatives.exe(1039764);way.zip(731962);spirits.doc(335951);wracked.zip(1101878);am.jpg(546109);think.zip(1704863);am.doc(1628728);angus.txt(483248);itself.exe(9617)impressed.zip(907565);billion.txt(481700);distortion.zip(762330)82.doc(1423448),18881194,24,0.9999996153847633,0.0,0.15
DLW1705,2010-01-03,20,20,1,20,interactive.txt(383429);viewed.txt(445548);dissolves.pdf(243842)reviewer.pdf(153328);they.txt(1051941)halloween.zip(661729)created.doc(298490)than.jpg(1207578)865.pdf(933630)passing.zip(2042431);suspended.exe(645883);niue.jpg(672918);contact.pdf(1086055),10382667,19,0.9999995000002501,0.0,0.15
DLW1705,2010-01-04,28,28,1,0,which.zip(70791);rejected.pdf(322360)next.txt(104442)riddler.pdf(1876551)understand.zip(425563)became.txt(244249),3876249,25,0.9999996428572704,0.0,0.15
DMB1459,2010-01-04,3,3,0,0,heads.jpg(1411533);bunch.zip(1126028),2618222,3,0.9999966666777778,0.0,0.15
DMD1197,2010-01-04,20,20,1,0,record.txt(115251)those.exe(1026087);people.pdf(651546);niuafoou.txt(218504)began.txt(218099);recurrences.doc(1279440);comes.pdf(683881)administrators.txt(716293);given.txt(776237),6358584,15,0.9999995000002501,0.0,0.15
DMJ0222,2010-01-04,21,21,0,0,than.txt(1784948);complaints.txt(1298995)emerged.jpg(1648029);seven.pdf(457024);dj.zip(1020785)depending.doc(1917627);judge.txt(2098992)grandson.txt(1216606);economic.txt(1297371);25.pdf(665796)grandson.txt(1216606);economic.txt(1297371);25.pdf(665796)behavior.jpg(185915),17360877,15,0.9999995238097505,0.0,0.15
DML0822,2010-01-04,11,11,0,0,probably.pdf(965202);often.pdf(1473757);lack.jpg(830025);wigmunds.doc(24790);record.exe(1230936);record.pdf(1317759);described.doc(976122);neighbouring.doc(223638)body.zip(901033);run.pdf(1208662)speculative.jpg(625592);following.exe(1195595),11338413,9,0.9999990909099173,0.0,0.15
DMN1365,2010-01-02,2,2,0,2,,38708,1,0.9999950000249999,0.0,0.15
DMN1365,2010-01-03,3,3,0,3,online.zip(590186);reported.exe(1897212),2580857,2,0.9999966666777778,0.0,0.15
DMN1365,2010-01-04,2,2,0,0,larger.zip(746794);lines.doc(960084);another.txt(884419)larger.zip(746794);lines.doc(960084);another.txt(884419),5270390,1,0.9999950000249999,0.0,0.15
DMP0344,2010-01-04,38,38,0,0,bloody.doc(217512);hills.doc(1258090)attempted.zip(1112016)average.txt(140499);advice.doc(2012018)sell.txt(1230412);overall.txt(430135)lead.pdf(1763740)covered.txt(539811)covered.txt(539811)only.zip(1471200);canceled.exe(791066)only.zip(1471200);canceled.exe(791066)saw.jpg(528535);day.jpg(1971399);dressed.zip(1127233);due.pdf(2179438)spent.jpg(897048)spent.jpg(897048)company.pdf(351344);water.zip(1146869)company.pdf(351344);water.zip(1146869)up.jpg(250140);british.zip(860111);international.exe(1456136);attended.doc(1169360)up.jpg(250140);british.zip(860111);international.exe(1456136);attended.doc(1169360),32998697,28,0.9999997368421745,0.0,0.15
DMW1849,2010-01-04,16,16,0,0,professional.exe(756014)kmh.jpg(941305);different.pdf(1212556),3441364,13,0.9999993750003906,0.0,0.15
DNF0876,2010-01-04,9,9,0,0,located.txt(1160306);live.doc(642121)further.txt(1051429)you.zip(1284626);passed.jpg(604265);r.doc(1475035),6448510,8,0.9999988888901234,0.0,0.15
DNG0831,2010-01-04,6,6,0,0,sail.pdf(1785620);struck.doc(1429112),3394046,4,0.9999983333361112,0.0,0.15
DNJ0740,2010-01-04,32,32,14,0,dominate.exe(1080640);fries.jpg(1908293)influence.pdf(723724)upcoming.doc(989349);formed.jpg(284997);advantage.doc(881347);night.exe(781809);advantage.zip(1103448)april.pdf(1491851);passed.zip(1657300);collisions.txt(78174);implies.pdf(90332);degrees.pdf(154116);away.exe(760617);eye.jpg(919293)are.jpg(2106105)killed.pdf(4450);area.doc(858548);seemingly.pdf(1639452);received.txt(1110619);ever.exe(2144581);threw.exe(480379)lateral.jpg(1627367)promontory.txt(1296048)importance.exe(124494)200.exe(165295);russian.doc(1985668)germans.zip(935853);begun.pdf(959544);short.exe(314085)dictatorial.txt(1129154);c.pdf(622379);ministry.pdf(812103)possibly.pdf(952299),33189345,28,0.9999996875000976,0.0,0.15
DNT1801,2010-01-04,5,5,0,0,intended.doc(63630);vicinity.exe(333296),527864,5,0.9999980000040001,0.0,0.15
DNW0899,2010-01-04,54,54,25,0,verbally.jpg(685513);laurence.exe(589449)opponent.pdf(154607)called.zip(746971)building.doc(1446686);7.exe(218629);forces.doc(1454785);building.txt(905807)circle.doc(782918);year.pdf(558145)studied.jpg(809178)through.exe(167991);wider.jpg(1117471)acquire.doc(17794)or.pdf(1099132)i.txt(415414);meetings.zip(724944);mentor.jpg(1219281)success.exe(1096352)panic.doc(1511341)things.zip(918404);plants.txt(817336)even.zip(172995);cash.jpg(776253)exist.exe(420433)fabrication.jpg(1051776);why.jpg(1683586)old.zip(212099);targeted.zip(227325)ahmose.txt(33065);prince.exe(358945);prince.pdf(798924);prince.txt(256961);ankh.exe(14416)suggestion.txt(658591);en.jpg(1438205)control.txt(1350693)along.pdf(1549286);vicinity.pdf(817452);australasian.txt(383656);declared.txt(1386113)notable.zip(1902206),34572634,44,0.999999814814849,0.0,0.15
DOH1483,2010-01-04,5,5,0,0,heads.jpg(1411533);bunch.zip(1126028),2669851,5,0.9999980000040001,0.0,0.15
DOL0765,2010-01-04,20,20,0,0,children.doc(95977);ergotamine.jpg(80409);question.doc(313949);22.zip(1195694)cherry.doc(1170955);while.jpg(1204325);encompasses.exe(744543)moderate.exe(1694668)contributed.exe(305360);anna.pdf(582153);leaders.jpg(818370)desire.jpg(2073157);theory.doc(1196058),12091888,16,0.9999995000002501,0.0,0.15
DOR0935,2010-01-04,24,24,0,0,150000.exe(931819)sequences.pdf(281675);two.doc(873434)cedarside.txt(733643)updates.zip(2048332);updates.exe(817206)flying.doc(1400560),7811977,23,0.9999995833335069,0.0,0.15
DOS0777,2010-01-04,35,35,6,0,southwest.pdf(1129013);birth.doc(1090910);from.exe(570047)spitfire.exe(2427249);intention.zip(1325298)known.zip(46820);beggar.zip(222621)prince.txt(205821)27.doc(350633);employed.txt(347066)these.jpg(1525826)harbour.pdf(84681)almonds.doc(205285),10586964,27,0.9999997142857958,0.0,0.15
DOT0144,2010-01-04,17,17,0,0,combined.pdf(886190)declared.zip(185761);bluntly.jpg(764141);would.exe(1607840);accumulating.doc(1145005),5155560,17,0.9999994117650519,0.0,0.15
DPC1618,2010-01-04,38,38,0,0,1937.jpg(922607);merging.zip(82910)among.txt(1395146)four.pdf(1199244);volga.jpg(220005);met.zip(265870);failed.zip(73266);removal.exe(2115001)among.txt(1395146)four.pdf(1199244);volga.jpg(220005);met.zip(265870);failed.zip(73266);removal.exe(2115001)eastern.txt(1852453)campaign.txt(367582);best.txt(860337);bachelors.pdf(582317);squad.pdf(1501628);european.jpg(285661);influenced.zip(1100309);bachelors.exe(1099500)best.jpg(31793)best.jpg(31793)again.doc(235011);as.exe(746909)1903.jpg(312165)luther.jpg(1112923);l.doc(405014)influence.exe(694205)fiction.jpg(152139)fiction.jpg(152139)left.pdf(1345058);crashed.doc(846364),26403734,20,0.9999997368421745,0.0,0.15
DPK0954,2010-01-04,26,26,0,0,jason.pdf(1953116)these.exe(855929)fled.exe(563359);several.exe(901469);taken.exe(962919);attempt.pdf(1363791)they.pdf(1030228)number.pdf(610969),8985629,20,0.9999996153847633,0.0,0.15
DPL1307,2010-01-04,15,15,0,0,league.jpg(1015587)including.txt(1556358);appropriated.jpg(771941)gate.zip(1835329),5582488,11,0.9999993333337778,0.0,0.15
DPN1990,2010-01-04,25,25,0,0,escorts.doc(575428);machine.zip(1041842)escorts.doc(575428);machine.zip(1041842)from.exe(415342)from.exe(415342)however.jpg(255501)however.jpg(255501)treated.txt(2282120)politics.jpg(622328);assumed.exe(710352),8998174,16,0.99999960000016,0.0,0.15
DPR1589,2010-01-04,4,4,1,0,emerged.jpg(1648029);seven.pdf(457024);dj.zip(1020785),3240650,4,0.9999975000062501,0.0,0.15
DQM0809,2010-01-04,28,28,8,0,game.exe(88852);left.zip(1949860)reduced.jpg(518374);revealed.doc(1367781)reduced.jpg(518374);revealed.doc(1367781)option.zip(233134)option.zip(233134)arrival.doc(1465065)arrival.doc(1465065)so.doc(1463710);afternoon.txt(755767)possible.jpg(1348494);basic.zip(1102012)monks.txt(144714);received.exe(1538122),16368094,18,0.9999996428572704,0.0,0.15
DQR1670,2010-01-04,18,18,6,0,specifications.pdf(1628222)9.zip(1256235)extensive.exe(868370);lifted.jpg(53122);data.jpg(1946072);one.pdf(1063006)similar.txt(202350)perched.doc(1346453);south.doc(283713);extends.jpg(975920)band.exe(743334);heavily.jpg(1116908)overlordships.zip(1403327),13442925,18,0.9999994444447531,0.0,0.15
DQS0807,2010-01-04,14,14,3,0,training.doc(1892375);fully.jpg(186324);prestige.zip(170265)son.doc(584367)masses.jpg(1287332);grand.exe(865494)monks.txt(144714);received.exe(1538122),7034061,12,0.9999992857147959,0.0,0.15
DRH1041,2010-01-04,5,5,0,0,,194488,4,0.9999980000040001,0.0,0.15
DRJ0070,2010-01-04,13,13,2,0,like.jpg(101455)spitfire.exe(2427249);intention.zip(1325298)expands.jpg(61341)de.zip(506072)telling.txt(1914605);site.txt(82669);match.pdf(1222548),8001657,11,0.9999992307698226,0.0,0.15
DRM0443,2010-01-04,27,27,3,0,positive.doc(1636595);surrounded.exe(832253)slater.doc(1328440)found.exe(1048774);mentor.doc(1885404)entire.pdf(782451);assumed.doc(1362834)relocation.jpg(1197972)wounded.jpg(680246),11578893,23,0.9999996296297669,0.0,0.15
DRN0735,2010-01-04,20,20,4,0,training.pdf(1023178)achievement.zip(1101364)while.exe(971898)such.pdf(974868);introduced.pdf(137643);had.doc(911358);living.pdf(1855822);country.jpg(198067);companions.jpg(1160238);it.pdf(1038728);be.zip(1932534)ft.zip(81379);parents.txt(1775516)for.exe(899729);great.zip(561721);third.pdf(1314619),16549691,16,0.9999995000002501,0.0,0.15
DSB0530,2010-01-02,19,19,0,19,among.doc(84266)second.exe(1647698)second.exe(1647698)own.jpg(368903);june.jpg(703986)own.jpg(368903);june.jpg(703986),6059158,10,0.9999994736844876,0.0,0.15
DSB0530,2010-01-03,17,17,0,17,led.zip(1042666);nio.txt(1146835),2737066,9,0.9999994117650519,0.0,0.15
DSB0530,2010-01-04,31,31,1,0,effectively.doc(1807693)sale.jpg(615559);november.doc(247601)minded.exe(1038664)larger.doc(593664);who.doc(972343)larger.doc(593664);who.doc(972343)notional.jpg(933970)blues.doc(1064991)title.txt(408966)title.txt(408966),10523475,21,0.9999996774194589,0.0,0.15
DSC1741,2010-01-04,5,5,0,0,present.txt(408118);death.pdf(698186)directly.txt(417930),1673938,5,0.9999980000040001,0.0,0.15
DSH1074,2010-01-04,47,47,0,0,rough.exe(619965);poor.doc(2021465);wishes.exe(1403534);carried.zip(941617);worries.pdf(446236)rough.exe(619965);poor.doc(2021465);wishes.exe(1403534);carried.zip(941617);worries.pdf(446236)among.txt(234021)among.txt(234021)stem.doc(1009332);wisconsinian.exe(527148)stem.doc(1009332);wisconsinian.exe(527148)relatively.zip(55316)relatively.zip(55316)across.zip(757009)attention.pdf(1889916)attention.pdf(1889916)1968.zip(326086);21.jpg(2082326)also.jpg(1300463);receiving.txt(1003919)southwest.jpg(517963)during.pdf(713133)issues.doc(403368)set.pdf(138816);overran.zip(1295482),28272441,29,0.9999997872340878,0.0,0.15
DTB0722,2010-01-04,23,23,1,0,including.exe(1060395);for.txt(38672);recovery.zip(1330190)out.exe(1348416);according.exe(548923)must.zip(614450)original.jpg(1832524);along.zip(923426);original1.jpg(836161),9304692,20,0.9999995652175804,0.0,0.15
DTB0964,2010-01-04,22,22,4,0,heat.doc(102278);child.exe(59380);21.txt(1177705)amount.exe(655238)oars.exe(997022)financial.txt(151087)christmas.exe(303865),4198668,17,0.9999995454547521,0.0,0.15
DTC0840,2010-01-04,5,5,0,0,war.jpg(1165795);redundant.zip(1486312),2824657,5,0.9999980000040001,0.0,0.15
DVM1290,2010-01-04,34,34,0,0,mountains.txt(124304)losing.txt(1179303)hall.doc(118321);hold.jpg(562419)morning.txt(1751119)king.zip(686201)advises.zip(1306773);prefers.doc(2069147)achieve.doc(786789)buff.jpg(54816)positive.jpg(1740885)agree.exe(718767);quantum.doc(27017);accelerating.txt(309115),12511682,30,0.9999997058824394,0.0,0.15
DVV1986,2010-01-04,6,6,0,0,cars.txt(1240778);status.zip(1654840),3083754,6,0.9999983333361112,0.0,0.15
DWR1387,2010-01-04,27,27,2,0,concern.zip(1305226)coast.zip(1120323);outfitted.exe(756153)massively.txt(1178292);arrival.jpg(1357090);site.doc(1746484);time.pdf(1067874);disease.pdf(87424);rock.jpg(739353);strongholds.pdf(231431);defended.pdf(750293)operate.zip(1581212)below.jpg(1076588)1934.exe(1064006)early.txt(1156628);rudely.jpg(1655592);families.jpg(122391)months.exe(920352);islands.doc(843652);austrian.jpg(2054788),21554171,23,0.9999996296297669,0.0,0.15
DXB1791,2010-01-04,4,4,2,0,display.pdf(865802);not.jpg(1194396)boatman.doc(605115);24.pdf(1008631),3830233,4,0.9999975000062501,0.0,0.15
DXF1662,2010-01-04,20,20,6,0,sighted.exe(1125495);skagerrak.exe(1612256);field.doc(494735)deputy.txt(474012)grains.jpg(644044);phenomena.pdf(1319609);view.zip(928994)pulled.exe(1638856);beginning.txt(338014);provincial.zip(1188418),10327636,17,0.9999995000002501,0.0,0.15
DYN1105,2010-01-02,5,5,1,5,post.jpg(275051);post1.jpg(830832),1249719,5,0.9999980000040001,0.0,0.15
DYN1105,2010-01-03,3,3,0,3,1865.pdf(126031);failure.doc(175657),371963,3,0.9999966666777778,0.0,0.15
DYN1105,2010-01-04,7,7,0,0,fifth.doc(419801);events.jpg(937168)lineages.txt(1349323),2875312,7,0.9999985714306123,0.0,0.15
DZA0195,2010-01-04,31,31,0,0,not.doc(547239);played.pdf(1359359)offer.zip(615835);each.pdf(1033287);variety.txt(575738)against.zip(833449)03f.exe(543520);rain.zip(813204)fundraising.doc(111432)take.exe(1042922);nearby.exe(1011937);help.exe(1137610)never.doc(407087);never.jpg(728020)initially.jpg(882001)36.zip(1732788);that.txt(811585)saw.exe(195446);area.txt(2231114)died.zip(84895);chose.pdf(1904979);attention.doc(330721)role.jpg(913822);move.txt(1171397);december.exe(621203);independent.doc(1253209)fighter.exe(1584795);troubled.pdf(316351),25641560,28,0.9999996774194589,0.0,0.15
DZH1867,2010-01-04,10,10,3,0,york.txt(2066352);exist.exe(2036787)an.zip(245710),4803307,9,0.9999990000010001,0.0,0.15
DZM1550,2010-01-04,24,24,0,0,teeth.jpg(5934)often.txt(340563);verna.zip(733384)manoeuvre.exe(686759)direction.exe(1493908);made.jpg(269020);withdraw.doc(406279)followed.doc(48309);whole.jpg(569709)widely.pdf(970672);core.doc(1717382)conditions.doc(1547669)allow.exe(560644)up.doc(1928779);program.pdf(770566),12693241,21,0.9999995833335069,0.0,0.15
DZO0285,2010-01-04,18,18,0,0,around.txt(848340);dispute.pdf(1887240),3319556,16,0.9999994444447531,0.0,0.15
DZO0999,2010-01-04,36,36,0,0,richardson.pdf(1247740)fly.zip(643630);law.doc(174785);recalled.jpg(714394)upgraded.txt(544652)degree.exe(1804587);45.jpg(510475)controversy.pdf(900800)sides.zip(258253)sides.zip(258253)organism.txt(66450);partnership.exe(690585);lay.jpg(1013524);areas.zip(365530);rose.jpg(1153172)organism.txt(66450);partnership.exe(690585);lay.jpg(1013524);areas.zip(365530);rose.jpg(1153172)18.exe(1108666);broken.doc(476149),16363104,21,0.9999997222222993,0.0,0.15
EAC0769,2010-01-04,21,21,0,0,14.exe(402142);english.txt(316579),1383651,19,0.9999995238097505,0.0,0.15
EAG0633,2010-01-04,55,55,0,0,not.doc(547239);played.pdf(1359359)his.txt(720404)praised.txt(1047256)his.txt(720404)rather.pdf(1751466)rather.pdf(1751466)8.jpg(181105);became.exe(6028);writer.pdf(856544);ideology.jpg(723991)8.jpg(181105);became.exe(6028);writer.pdf(856544);ideology.jpg(723991)engine.exe(33830);votes.pdf(1659504);will.doc(920585)role.doc(1658204);outdoor.pdf(482379)gathering.txt(230009);central.txt(471896);several.exe(1292850)gathering.txt(230009);central.txt(471896);several.exe(1292850)rancho.txt(1131336)rancho.txt(1131336),23989890,36,0.9999998181818511,0.0,0.15
EAH1973,2010-01-04,7,7,0,0,decided.doc(1182474);nixon.txt(1292024)jittery.txt(1064206)process.txt(456270);fourth.txt(397103)denotes.exe(209438),4773193,7,0.9999985714306123,0.0,0.15
EAL1813,2010-01-04,4,4,0,0,amount.exe(655238),772506,4,0.9999975000062501,0.0,0.15
EAM1308,2010-01-04,2,2,0,0,declaring.pdf(1390743);would.zip(655180)discovered.exe(585357);that.zip(758739),3452543,2,0.9999950000249999,0.0,0.15
EAP0107,2010-01-04,30,30,7,0,caught.pdf(506813)absorb.pdf(1033499)inflicted.exe(107765);james.zip(178032)subject.jpg(364695)advice.doc(1036475)slightly.jpg(621930)bulk.pdf(928090);fireworks.zip(1057191);where.jpg(1102852)founded.txt(860996),8736675,28,0.9999996666667778,0.0,0.15
EAP0312,2010-01-04,39,39,0,0,applied.jpg(355954);prolific.pdf(2206110);vulnerable.doc(393181)keeping.exe(1306450)joined.jpg(1021784)continue.exe(114885);toys.txt(282608)including.exe(1060395);for.txt(38672);recovery.zip(1330190)original.jpg(1832524);along.zip(923426);original1.jpg(836161),12873134,36,0.9999997435898093,0.0,0.15
EAS1970,2010-01-04,12,12,0,0,including.jpg(182054);known.zip(981081)including.jpg(182054);known.zip(981081)previous.pdf(1391150)previous.pdf(1391150),5479614,9,0.9999991666673611,0.0,0.15
EBA0758,2010-01-04,30,30,2,0,provided.zip(1066028)congress.zip(719912);february.zip(2132785);found.doc(1136167)after.txt(1078077);mid.doc(783094),7843738,28,0.9999996666667778,0.0,0.15
EBB0827,2010-01-04,4,4,0,0,,121959,4,0.9999975000062501,0.0,0.15
EBD1636,2010-01-04,6,6,0,0,f3.jpg(2158603);f3.doc(398676);amounts.exe(246543)within.doc(1356759)then.pdf(637961),4969079,6,0.9999983333361112,0.0,0.15
EBG1553,2010-01-04,75,75,32,0,thoroughly.exe(187689);few.pdf(1233127)than.jpg(1207578)professional.jpg(341328);caspian.exe(893405);event.zip(764165);land.exe(1606519)strongest.jpg(837393)negotiations.pdf(579591);advantage.zip(886878)simply.pdf(672101)story.txt(824818)iconography.zip(557357)supporting.doc(175152);1926.zip(292874)streets.exe(1597298);van.doc(323464)meanwhile.txt(2013627);railroad.zip(587049);batgirl.txt(809952);division.txt(1398734);ambiguous.pdf(973617);stored.exe(1251078)instructor.doc(873895),23216971,64,0.9999998666666844,0.0,0.15
EBP1022,2010-01-04,10,10,2,0,ships.txt(85882);crew.pdf(512147),889509,10,0.9999990000010001,0.0,0.15
EBQ1246,2010-01-04,6,6,1,0,,190666,6,0.9999983333361112,0.0,0.15
EBW0553,2010-01-04,22,22,5,0,threw.jpg(393479);sent.doc(579459);corresponding.zip(783092)responded.exe(576907);over.jpg(683139);reported.zip(1858998);plata.doc(1565032)scrap.jpg(1719856);took.doc(1287062);single.exe(1163424);september.zip(1086839)image.doc(194928)train.doc(1057624);invaded.zip(371243)eight.jpg(174320)call.jpg(1701720);wales.jpg(42438);latter.exe(135330);gave.zip(566488),16568787,21,0.9999995454547521,0.0,0.15
ECD1434,2010-01-04,10,10,1,0,is.jpg(136577);owners.exe(1336634)rank.zip(17485);given.jpg(205043),2005336,10,0.9999990000010001,0.0,0.15
ECT1326,2010-01-04,9,9,0,0,food.jpg(881677);or.txt(897163);northeastern.pdf(1559314)reactions.doc(1761830);transfer.doc(574927);fathers.pdf(334736)saved.pdf(431134);alternated.doc(271783),6962431,8,0.9999988888901234,0.0,0.15
ECV1289,2010-01-04,39,39,2,0,prince.pdf(905293)mountains.txt(124304)losing.txt(1179303)senate.exe(971047)zealand.txt(1922238)leaky.zip(83268);each.zip(73413)sit.pdf(1097154)petawawa.exe(1520545),8994775,30,0.9999997435898093,0.0,0.15
ECW0160,2010-01-04,8,8,0,0,being.exe(1780472);sky.jpg(847933)being.exe(1780472);sky.jpg(847933)among.doc(721426);male.zip(1215446)sent.doc(781719);however.zip(395273);position.jpg(1184780),9799938,6,0.9999987500015626,0.0,0.15
ECY0838,2010-01-04,3,3,0,0,american.pdf(884750);organized.doc(1029032)trapped.doc(955285),2952171,3,0.9999966666777778,0.0,0.15
EDC0697,2010-01-04,27,27,0,0,maurice.jpg(1406671)surrounded.jpg(55663)treaty.exe(931252)treaty.exe(931252)gathered.jpg(308677)known.jpg(51981);we.jpg(467477);private.doc(2273956);harsher.pdf(2428278);would.txt(468992)known.jpg(51981);we.jpg(467477);private.doc(2273956);harsher.pdf(2428278);would.txt(468992),15758172,20,0.9999996296297669,0.0,0.15
EGF1305,2010-01-04,10,10,0,0,formerly.txt(374137);often.txt(440624);plans.zip(1337755)reactions.doc(1761830);transfer.doc(574927);fathers.pdf(334736)saved.pdf(431134);alternated.doc(271783)saved.pdf(431134);alternated.doc(271783),6466986,7,0.9999990000010001,0.0,0.15
EGM1222,2010-01-04,5,5,2,0,,159869,5,0.9999980000040001,0.0,0.15
EHJ1339,2010-01-04,26,26,8,0,thumb.txt(946837)continents.exe(742838);million.jpg(232299)good.doc(991453);long.jpg(548653);good.txt(1108450)then.txt(315522)since.exe(1454911);fide.doc(1029797)outside.pdf(1290478);services.pdf(569406);villages.exe(94784)1982.doc(390349);house.exe(911438)adaptation.pdf(683668);ones.jpg(1123078);use.doc(1055261);flight.jpg(1353559);defends.jpg(323771)options.zip(778160),16733492,17,0.9999996153847633,0.0,0.15
EHM0340,2010-01-04,32,32,0,0,cornet.exe(437578)saskatchewan.txt(1289270)formations.pdf(1341119);mentioned.txt(845594)up.jpg(250140);british.zip(860111);international.exe(1456136);attended.doc(1169360),8580424,26,0.9999996875000976,0.0,0.15
EIW0714,2010-01-04,16,16,0,0,november.txt(1026872)prince.jpg(661995);prince.zip(759877);prince.exe(883471)prince.txt(1117086)felt.pdf(1009641),5935273,15,0.9999993750003906,0.0,0.15
EJB0241,2010-01-04,78,78,23,0,help.txt(972538);massive.zip(908874)help.txt(972538);massive.zip(908874)hits.exe(1933290)hits.exe(1933290)mississippi.zip(561479);rapid.pdf(921583)wkyc.doc(1546491)fans.exe(1346448);takes.exe(1568309);age.jpg(1360954);referred.txt(238370);described.zip(821532)fans.exe(1346448);takes.exe(1568309);age.jpg(1360954);referred.txt(238370);described.zip(821532)parties.txt(1431866)find.exe(419357)st.pdf(1034839);numbering.txt(206394);october.txt(1152238);another.jpg(775438)parties.txt(1431866)find.exe(419357)st.pdf(1034839);numbering.txt(206394);october.txt(1152238);another.jpg(775438)clearing.pdf(72077);before.exe(464538);phil.txt(1300470)tsin.exe(747438);park.doc(864397);claims.zip(1326725);outward.exe(742527);beginning.zip(688230);supercontinent.txt(627156);mandates.doc(1137493);turn.doc(350191),42143249,50,0.9999998717948881,0.0,0.15
EJC1225,2010-01-04,26,26,2,0,worthwhile.exe(1408029)earliest.doc(1823753);earliest.pdf(1405190);earliest.zip(306755)emigration.doc(1347484);less.doc(1560657);2000.jpg(1819616);wild.pdf(690449);arranged.exe(364042);commercially.txt(68386);resembles.doc(1020649)often.pdf(1343543);facing.pdf(477073)every.doc(934686);horrible.jpg(962857)however.pdf(927871)inner.exe(985411)some.zip(907121),19211895,21,0.9999996153847633,0.0,0.15
EJG1445,2010-01-04,27,27,7,0,alien.txt(1577846);eighth.jpg(1640634)sub.doc(215521);employed.zip(418882)635.txt(914506)commemorated.exe(1003312);be.exe(650057);commemorated.doc(1077223);separate.doc(312313);attendance.pdf(130922);to.jpg(1551431);community.exe(1367726);cycle.txt(282902);anna.jpg(121256),12146525,26,0.9999996296297669,0.0,0.15
EJM1742,2010-01-04,13,13,0,0,emerging.zip(968362);thirteen.zip(554669)michael.txt(783093)police.txt(801592)directly.txt(417930),3954717,12,0.9999992307698226,0.0,0.15
EJO0236,2010-01-04,46,46,14,0,contacted.jpg(719961)lorenzo.pdf(2766938);option.jpg(1305805);southern.doc(1294491);chose.doc(538262);cannons.zip(190389);successfully.pdf(894932);hagglund.doc(287949);line.zip(494343)segments.txt(1470574)fore.exe(1585465)short.exe(1917047);december.doc(64387)savage.doc(1669836)parties.txt(1431866)st.pdf(1034839);numbering.txt(206394);october.txt(1152238);another.jpg(775438)across.doc(121419)road.zip(1820997)higher.exe(989482);higher.doc(1796664);south.jpg(1293205)clearing.pdf(72077);before.exe(464538);phil.txt(1300470),29054138,37,0.9999997826087429,0.0,0.15
EJV0094,2010-01-04,25,25,0,0,dutton.exe(143330)related.txt(727982);abolished.pdf(591859);laid.txt(1218616);district.exe(1480340);written.exe(916277);compared.exe(867613);district.txt(730174)1997.zip(704268);requested.txt(378370)1997.zip(704268);requested.txt(378370)hero.txt(557783)hero.txt(557783)6.doc(901445)6.doc(901445)sources.exe(1610307);benefited.jpg(285378);back.zip(1765276);priest.zip(1083420);fact.txt(128481);fact.doc(1632981),19029960,17,0.99999960000016,0.0,0.15
EJW1544,2010-01-04,6,6,1,0,inculcate.jpg(1125237);among.jpg(810299);humanity.zip(255513)been.jpg(1578050);praise.zip(1351781),5325237,6,0.9999983333361112,0.0,0.15
EKR0073,2010-01-04,22,22,5,0,reason.txt(1347385)tale.zip(876440);whose.jpg(1011684)mixed.exe(208924);outer.txt(783181)animal.jpg(17492)streaks.jpg(1576172)bone.jpg(1001146);only.txt(1542276);kind.jpg(395706)excitement.pdf(443900);shorter.zip(1847375)along.pdf(1549286);vicinity.pdf(817452);australasian.txt(383656);declared.txt(1386113),15861063,17,0.9999995454547521,0.0,0.15
EKS1182,2010-01-04,22,22,0,0,television.exe(865574);despite.pdf(227558)shall.exe(328585)enhanced.pdf(833469);administration.pdf(1747931)initially.doc(95283);swedish.doc(666531)while.doc(848645);fragility.jpg(1980237);death.zip(806598)authors.txt(1819086)prince.doc(785212)aimed.jpg(650853),12340099,21,0.9999995454547521,0.0,0.15
ELC1173,2010-01-04,30,30,0,0,slightly.jpg(621930)highest.txt(673430)aimed.jpg(650853)aimed.jpg(650853)prince.pdf(1495119),4895928,19,0.9999996666667778,0.0,0.15
ELM1123,2010-01-04,42,42,2,0,developed.exe(872754)success.exe(1096352)including.txt(1556358);appropriated.jpg(771941)due.zip(1221683);fans.jpg(327695);met.doc(290612);met.txt(521783)negating.zip(634198)reestablish.zip(2131777);75.zip(979539)surrounding.jpg(1607630)surrounding.jpg(1607630)hot.pdf(415930)hot.pdf(415930)respects.zip(2345587)respects.zip(2345587)first.pdf(486911);idiosyncratic.pdf(1961800)first.pdf(486911);idiosyncratic.pdf(1961800),25364807,26,0.9999997619048185,0.0,0.15
ELT1370,2010-01-02,2,2,0,2,,91442,1,0.9999950000249999,0.0,0.15
ELT1370,2010-01-04,8,8,1,0,band.exe(743334);heavily.jpg(1116908)actor.txt(509063);expressed.txt(1484107)less.zip(40502),4093894,7,0.9999987500015626,0.0,0.15
EMB0902,2010-01-04,63,63,15,0,prince.zip(770605)payroll.txt(1471280)rising.zip(411241)cleared.pdf(1405652)church.doc(641453);matter.txt(249725);beside.txt(1120924)least.jpg(1205178);balloon.jpg(505066);college.pdf(1132324);width.pdf(183949)realised.zip(783376)businessman.zip(1296120);opening.pdf(1562730)one.zip(1259818)evidence.txt(1288674)death.pdf(546957);run.zip(163751)evidence.txt(1288674)death.pdf(546957);run.zip(163751)aimed.jpg(650853),20721384,39,0.9999998412698664,0.0,0.15
EMM0393,2010-01-04,10,10,0,0,project.doc(1239749);18.zip(2233070);brown.zip(313243)non.doc(1811109),5947563,9,0.9999990000010001,0.0,0.15
EMM0641,2010-01-04,25,25,0,0,contrast.exe(234100)presence.exe(609668);recalled.doc(640614);made.doc(1301560);hell.pdf(1297519);subject.zip(892196)28.jpg(730100)against.zip(833449)successor.exe(630463);robert.jpg(833000)scene.doc(623556)play.jpg(891878)copies.exe(374393),10679964,23,0.99999960000016,0.0,0.15
EMR0269,2010-01-02,23,23,5,23,bobcats.jpg(1778323);frequency.txt(1034919);hours.zip(1479448);especially.exe(1599037)bobcats.jpg(1778323);frequency.txt(1034919);hours.zip(1479448);especially.exe(1599037),12508605,11,0.9999995652175804,0.0,0.15
EMR0269,2010-01-03,25,25,0,25,suffocating.zip(499137)suffocating.zip(499137),1800793,14,0.99999960000016,0.0,0.15
EMR0269,2010-01-04,25,25,9,0,exact.exe(817987)exact.exe(817987)jami.pdf(313528)jami.pdf(313528)studio.pdf(344497);centre.doc(1185799);credited.doc(773676)inaugural.exe(1025229);victoria.pdf(499690)explanation.exe(239463);surface.zip(924160)banned.zip(1600697);die.pdf(715884),10300364,16,0.99999960000016,0.0,0.15
ENB1617,2010-01-04,41,41,0,0,freezes.exe(1553174)novels.exe(1369092)lover.txt(376932)variety.zip(1186195);variety.txt(1431889);confusion.exe(653351)34.txt(701899)25.exe(1087378);sought.zip(1025371);clustered.doc(1610744);showcases.exe(1111075);director.jpg(1504000)3.exe(506350);currents.zip(1604209);consistent.exe(4607)which.zip(1969680)left.pdf(1345058);crashed.doc(846364)jamaica.jpg(1697246),22851975,33,0.9999997560976204,0.0,0.15
ENM1861,2010-01-04,12,12,2,0,through.jpg(359835),719361,9,0.9999991666673611,0.0,0.15
EOG0433,2010-01-04,7,7,0,0,north.jpg(1297437);per.txt(846301);commercial.doc(597849)par.zip(753084);14.txt(687681)carefree.jpg(1455447);faced.zip(1968476);experimented.exe(627998),8426043,7,0.9999985714306123,0.0,0.15
EPB0893,2010-01-04,45,45,10,0,1969.jpg(151365);bring.jpg(757798);low.txt(1289438)3.txt(595918)how.doc(541585)eyes.txt(1699699)settlement.exe(565171);canadian.exe(988293)panelling.doc(2047877);did.jpg(242345);people.zip(992337)passed.doc(1758225)former.doc(251541)east.zip(793555);and.txt(1406216);either.jpg(1333574);maker.exe(1359401);grade.doc(438764)condition.pdf(782625);overhaul.pdf(1592285);quit.jpg(1329872);between.doc(564479);put.exe(849721);weapons.doc(498481)match.txt(1820771)excitement.pdf(443900);shorter.zip(1847375)if.pdf(505084);a.exe(2338165)deployed.txt(860320);against.pdf(718911)leucistic.jpg(1904535);where.pdf(277805),34879472,42,0.9999997777778271,0.0,0.15
EPG1196,2010-01-04,18,18,0,0,receipts.doc(78287)minded.exe(1038664)memories.jpg(412119);vol.exe(725506)next.exe(1145472);hugely.pdf(1408754)body.jpg(870577)500.pdf(1421243)first.pdf(1659973);enforcement.jpg(437290),9816178,14,0.9999994444447531,0.0,0.15
EPJ0445,2010-01-04,29,29,14,0,that.jpg(444486);special.pdf(620127)prosperous.txt(1705624)roman.jpg(829648)documents.zip(1297245);about.exe(59851);release.doc(329193)believed.exe(1197098)succeeded.pdf(1286346);he.pdf(264469)occupational.doc(1266485);earned.jpg(153675);municipal.pdf(380767);work.doc(1993158);higher.txt(1469862);stations.exe(1389726)entered.pdf(1213476),16808140,22,0.9999996551725328,0.0,0.15
ERB0104,2010-01-04,25,25,0,0,nineties.zip(66665)most.jpg(1157815);sent.jpg(899183)corroboration.txt(1598231)already.txt(2038158)german.jpg(627548);253.zip(868867)19.txt(1611501);191.txt(1223481);imperial.jpg(749410)competing.jpg(1271376)skenesborough.doc(366643),13144800,22,0.99999960000016,0.0,0.15
ERB0921,2010-01-04,30,30,7,0,tunnel.pdf(282304)stayed.doc(2643468);per.exe(1876478)became.exe(613511)s.doc(299187);meaning.txt(333547);500.exe(814748)his.doc(1137177)nebula.pdf(686842);up.txt(693239);allow.jpg(1849526),12152991,27,0.9999996666667778,0.0,0.15
ERM1590,2010-01-04,5,5,0,0,champion.doc(105107);du.jpg(1119570)231.doc(2524007);stepping.zip(374561);two.txt(479527)231.doc(2524007);stepping.zip(374561);two.txt(479527),8108831,4,0.9999980000040001,0.0,0.15
ERR0525,2010-01-04,34,34,0,0,instead.jpg(132270);alden.doc(1274290);training.txt(1034766)dictator.txt(982898);extraordinary.jpg(839524)dictator.txt(982898);extraordinary.jpg(839524)established.jpg(518517)small.doc(312431)established.jpg(518517)small.doc(312431)recreation.zip(960970)recreation.zip(960970)weeks.zip(1056882);michael.txt(273967),12014266,19,0.9999997058824394,0.0,0.15
ERV1880,2010-01-04,26,26,2,0,began.jpg(183328)11.jpg(1576980)enlistments.txt(1486781)describes.doc(705995)thought.txt(1282892);sequence.txt(837551);archaean.exe(626551)balance.jpg(963388)before.txt(33159);synthetic.exe(158114);ever.txt(1209910)years.jpg(1215202),11051771,24,0.9999996153847633,0.0,0.15
ESH1028,2010-01-02,19,19,4,19,defects.pdf(934752)defects.pdf(934752)young.zip(1603746);young.jpg(1855332)young.zip(1603746);young.jpg(1855332)largest.pdf(353419)largest.pdf(353419)through.exe(360723)1969.jpg(151365);bring.jpg(757798);low.txt(1289438)1969.jpg(151365);bring.jpg(757798);low.txt(1289438)either.pdf(330897)either.pdf(330897),15529475,9,0.9999994736844876,0.0,0.15
ESH1028,2010-01-03,19,19,0,19,lands.exe(347838)lands.exe(347838)number.doc(1254598);specialized.txt(1702620);nearly.zip(1038560);valley.zip(374480);acquired.txt(1371262);below.exe(1185874);acquired.pdf(1323314);operator.exe(911250)number.doc(1254598);specialized.txt(1702620);nearly.zip(1038560);valley.zip(374480);acquired.txt(1371262);below.exe(1185874);acquired.pdf(1323314);operator.exe(911250)applied.jpg(355954);prolific.pdf(2206110);vulnerable.doc(393181)applied.jpg(355954);prolific.pdf(2206110);vulnerable.doc(393181)war.pdf(1025740)war.pdf(1025740)colour.txt(388240)colour.txt(388240),28201513,10,0.9999994736844876,0.0,0.15
ESH1028,2010-01-04,35,35,2,0,has.txt(1077047);re.exe(461661)has.txt(1077047);re.exe(461661)tanager.doc(623712);largely.doc(2323736)states.jpg(236072)basement.txt(48114);nagasaki.zip(1240028)bad.txt(1116363)cartier.exe(1111806)cartier.exe(1111806),11908164,22,0.9999997142857958,0.0,0.15
ESM1828,2010-01-02,33,33,0,33,other.exe(1843823)other.exe(1843823)1980.jpg(352485)1980.jpg(352485)continued.doc(203950)continued.doc(203950)start.doc(965825)start.doc(965825)there.pdf(1306138);count.exe(400524)there.pdf(1306138);count.exe(400524),11116865,17,0.9999996969697887,0.0,0.15
ESM1828,2010-01-04,45,45,0,0,either.doc(48603)look.jpg(475985)mob.txt(1083311)mainly.pdf(933340);paper.zip(1734940);martial.exe(1103393);eighteenth.jpg(873281);kidnapped.jpg(787394);red.exe(271532);narrow.exe(1244176);adopted.jpg(1278629)look.jpg(475985)mob.txt(1083311)mainly.pdf(933340);paper.zip(1734940);martial.exe(1103393);eighteenth.jpg(873281);kidnapped.jpg(787394);red.exe(271532);narrow.exe(1244176);adopted.jpg(1278629)are.exe(396011);along.txt(693870)continue.exe(114885);toys.txt(282608)causes.doc(1249342)comes.doc(1469243);idolised.zip(1242355);after.exe(381353);later.zip(2012465)neutralize.pdf(1039396);opening.zip(1213771)inventive.jpg(543734);relaxed.txt(799085)inventive.jpg(543734);relaxed.txt(799085),33848896,27,0.9999997777778271,0.0,0.15
ESP1198,2010-01-04,17,17,0,0,traveled.doc(1006155);truth.pdf(981107);analysis.pdf(857872)east.zip(793555);and.txt(1406216);either.jpg(1333574);maker.exe(1359401);grade.doc(438764)breaking.jpg(375287);aid.zip(1162883);vol.doc(760010)deployed.txt(860320);against.pdf(718911)leucistic.jpg(1904535);where.pdf(277805),14761025,13,0.9999994117650519,0.0,0.15
ESW0928,2010-01-04,35,35,2,0,be.exe(1168347)be.exe(1168347)huge.exe(579313)huge.exe(579313)became.exe(613511)became.exe(613511)1540.exe(1140320);kind.doc(1597087)1540.exe(1140320);kind.doc(1597087)its.exe(1193019)its.exe(1193019)report.pdf(575986)before.pdf(1513204);suburbs.doc(1431357),17207050,23,0.9999997142857958,0.0,0.15
ETW0002,2010-01-04,38,38,0,0,parties.txt(430093)went.zip(191216)david.zip(1615676);earnest.zip(1338187)verse.pdf(1321551);impossible.txt(257869)level.exe(1638953)ne.zip(1450800);sydney.doc(688314);party.jpg(1112370);so.pdf(315321)though.doc(1558585)that.txt(1444303)local.doc(984273);mixed.zip(713253);perception.exe(950567);phrase.exe(1330760)egypt.txt(461958)roofs.pdf(477260);swimming.zip(796202);based.exe(656956);french.txt(637873)siegel.jpg(1466525),23016373,30,0.9999997368421745,0.0,0.15
EUN1870,2010-01-04,10,10,0,0,frequently.pdf(1599086);did.jpg(1073728)through.jpg(359835),3319209,9,0.9999990000010001,0.0,0.15
EVF1595,2010-01-04,1,1,0,0,,20911,1,0.9999900000999989,0.0,0.15
EWA0156,2010-01-04,4,4,1,0,holmenkollbakken.zip(217949);her.doc(1626635)holmenkollbakken.zip(217949);her.doc(1626635),3769799,3,0.9999975000062501,0.0,0.15
EWP1316,2010-01-04,11,11,0,0,remnant.zip(1357725);having.txt(354612)remnant.zip(1357725);having.txt(354612)have.pdf(636916)surprised.txt(789216);small.pdf(335),5118030,8,0.9999990909099173,0.0,0.15
EXB0090,2010-01-04,15,15,0,0,upset.exe(590539)recreation.zip(960970),2038643,13,0.9999993333337778,0.0,0.15
EYM0896,2010-01-04,5,5,0,0,,160302,5,0.9999980000040001,0.0,0.15
EZB0925,2010-01-03,23,23,0,23,prince.jpg(635510);prince.exe(1341412)prince.jpg(635510);prince.exe(1341412)ankh.zip(48514)ankh.zip(48514),4746874,12,0.9999995652175804,0.0,0.15
EZB0925,2010-01-04,29,29,0,0,averages.txt(659187);stemmed.txt(1190272);network.doc(71569);you.jpg(1355551);hot.doc(1028945);last.pdf(709004);does.pdf(2186652);act.zip(101248)averages.txt(659187);stemmed.txt(1190272);network.doc(71569);you.jpg(1355551);hot.doc(1028945);last.pdf(709004);does.pdf(2186652);act.zip(101248)report.pdf(575986)report.pdf(575986)prince.txt(563188)prince.txt(563188),17874443,17,0.9999996551725328,0.0,0.15
EZG0968,2010-01-04,30,30,5,0,opposition.jpg(307586)confidence.doc(415576)friends.exe(1752851)final.doc(298936);1979.zip(1986874);low.doc(958296);off.jpg(1448865);02.exe(778904);pet.doc(832153);subject.pdf(523106);although.zip(560815)order.txt(1148401)oars.exe(997022)admit.doc(340323);weekend.txt(2235911)financial.txt(151087)heavily.doc(1393727)320.txt(9099);obituary.zip(448655)previous.jpg(114868),17668012,23,0.9999996666667778,0.0,0.15
FAD1863,2010-01-04,14,14,1,0,who.jpg(1340403)his.pdf(1467733)countries.pdf(504769);fast.exe(105080)an.zip(245710)stylish.doc(1241656);vulnerable.jpg(1506019)stylish.doc(1241656);vulnerable.jpg(1506019),9588855,11,0.9999992857147959,0.0,0.15
FAH0134,2010-01-04,35,35,0,0,it.doc(759766)installed.pdf(1172286),3049795,30,0.9999997142857958,0.0,0.15
FAJ1122,2010-01-04,35,35,7,0,rebounded.jpg(417858)developed.exe(872754)opponent.pdf(154607)had.zip(186942)working.doc(803614)dropping.zip(1145175)dropping.zip(1145175)believed.jpg(2187151);corresponds.txt(1620323);among.doc(1432535);signal.jpg(1239081)believed.jpg(2187151);corresponds.txt(1620323);among.doc(1432535);signal.jpg(1239081)told.doc(79278);front.exe(340679)suffered.exe(427237)told.doc(79278);front.exe(340679)parish.exe(700591)meant.jpg(1562146);major.txt(947597)outbreak.zip(1503602)pushing.zip(1587107),26295477,21,0.9999997142857958,0.0,0.15
FAM0211,2010-01-04,3,3,0,0,then.zip(930373);moment.jpg(959271)leads.jpg(53704),2012681,3,0.9999966666777778,0.0,0.15
FAM0495,2010-01-04,40,40,0,0,depression.txt(1448774);depression1.txt(906609)printed.doc(440193);their.pdf(830855);may.exe(1400723)re.jpg(1395639);predecessors.doc(1413721);swedes.doc(1560583)offer.pdf(921021)around.jpg(1650876)bras.doc(784651);buy.jpg(2476143)growing.zip(340399)34.pdf(1484367);overgrown.exe(129501)772.jpg(1377207),19802484,31,0.9999997500000625,0.0,0.15
FAR0102,2010-01-04,25,25,3,0,had.jpg(1003472)offer.pdf(921021)galleys.exe(328287)received.doc(1356569);3000.zip(685732)772.jpg(1377207),6510951,23,0.99999960000016,0.0,0.15
FCB1141,2010-01-04,32,32,0,0,speech.jpg(1279177);man.zip(849997)speech.jpg(1279177);man.zip(849997)prefers.txt(1439402);disperser.zip(1213653);clutch.txt(1751455)prefers.txt(1439402);disperser.zip(1213653);clutch.txt(1751455)finish.zip(646607);always.doc(877792)feat.doc(853324);135.doc(855068);dropped.exe(404666);made.pdf(994200);cole.zip(620272)feat.doc(853324);135.doc(855068);dropped.exe(404666);made.pdf(994200);cole.zip(620272)assumed.txt(1678741)caption.pdf(1276565),25843182,22,0.9999996875000976,0.0,0.15
FCG0693,2010-01-04,29,29,0,0,ensured.txt(260651)campo.zip(344910);role.zip(5379);suspended.zip(21916)treaty.exe(931252)trainer.doc(1432293)well.exe(927165);south.zip(1245872);by.pdf(404447)far.zip(228337);shortly.doc(1081486);bankrupt.zip(1008741)far.zip(228337);shortly.doc(1081486);bankrupt.zip(1008741),11043766,20,0.9999996551725328,0.0,0.15
FCW1100,2010-01-04,11,11,0,0,zealand.txt(1922238)thousands.zip(353358)history.exe(1138835);loud.jpg(766690)society.zip(1036107);reduced.zip(37280),5585486,11,0.9999990909099173,0.0,0.15
FDD1520,2010-01-04,17,17,0,0,shrubs.zip(1889754);shrubs1.zip(931267)fully.pdf(1200037)after.txt(1078077);mid.doc(783094)reserve.jpg(329026);maps.txt(1110261),7753961,15,0.9999994117650519,0.0,0.15
FDS0523,2010-01-04,17,17,0,0,apparent.jpg(242974);suit.jpg(594114)between.jpg(1732419)lists.txt(499330)lists.txt(499330)left.zip(816363)do.zip(700317);greater.txt(72327),5696487,12,0.9999994117650519,0.0,0.15
FDS1690,2010-01-04,7,7,0,0,intended.txt(1702314);feature.txt(1573249)as.doc(157168);definition.txt(127588),3783133,7,0.9999985714306123,0.0,0.15
FDS1841,2010-01-04,55,55,0,0,eight.zip(91356)14th.exe(1052191)there.pdf(1306138);count.exe(400524)outposts.doc(1162975)newspapers.pdf(1221511);sharing.txt(704990)newspapers.pdf(1221511);sharing.txt(704990)you.jpg(1354594)present.doc(228989);sweet.txt(1217743);greek.jpg(323292)present.doc(228989);sweet.txt(1217743);greek.jpg(323292)7.jpg(366992);decision.exe(2293231);main.exe(706880);face.pdf(530176);penetrated.zip(15684);50.jpg(1183334)7.jpg(366992);decision.exe(2293231);main.exe(706880);face.pdf(530176);penetrated.zip(15684);50.jpg(1183334)risky.jpg(837768)risky.jpg(837768)walls.txt(320506);walls1.txt(1003305)stop.doc(454641)walls.txt(320506);walls1.txt(1003305)stop.doc(454641)engagements.doc(508072)engagements.doc(508072)several.txt(959481);fornara.txt(1358252);rhetorician.doc(1269794)sources.doc(907421);merely.exe(1194239)accidentally.pdf(1555611);coffee.jpg(1279532),39430578,36,0.9999998181818511,0.0,0.15
FES1814,2010-01-04,1,1,0,0,,16482,1,0.9999900000999989,0.0,0.15
FEV1955,2010-01-04,12,12,0,0,10.txt(1367566);part.pdf(799248)prince.doc(832376);prince.txt(2281939);prince.zip(892664);prince1.zip(1438394);prince2.txt(769518);prince.pdf(380275)grandchildren.jpg(1158140);grandchildren.pdf(148023)misses.jpg(1394696),11803390,11,0.9999991666673611,0.0,0.15
FGA0659,2010-01-04,14,14,0,0,rainstorms.jpg(1556872)elusive.doc(127354);5.exe(66850);further.pdf(1618380)elusive.doc(127354);5.exe(66850);further.pdf(1618380)consisting.txt(1355184);26.txt(1893373),8846640,11,0.9999992857147959,0.0,0.15
FGW1794,2010-01-04,5,5,2,0,involved.exe(720101),866249,5,0.9999980000040001,0.0,0.15
FIM0605,2010-01-04,6,6,0,0,keith.doc(959261);cougars.zip(1281293)ocean.zip(138872);an.pdf(135820);air.zip(533275),3259738,6,0.9999983333361112,0.0,0.15
FJP1692,2010-01-04,1,1,0,0,,51306,1,0.9999900000999989,0.0,0.15
FKH0864,2010-01-04,30,30,0,0,subject.jpg(1564235);development.zip(1864127)brothels.pdf(1700666)ten.jpg(191995);first.zip(1798875)leading.txt(1082047)representatives.doc(14392),9054782,23,0.9999996666667778,0.0,0.15
FKS0069,2010-01-02,3,3,3,3,,121698,3,0.9999966666777778,0.0,0.15
FKS0069,2010-01-04,22,22,4,0,1.txt(698179);pennsylvania.zip(1145386);primary.pdf(996326);received.exe(728396);foggy.exe(1003973)anaphylactic.exe(312709)ten.txt(1161279);controlling.txt(1020076);speeds.exe(880117);endure.pdf(928148);solo.txt(245816);completely.txt(646933);it.doc(959511)accepting.exe(211428);termed.txt(409799);look.pdf(717309);rubber.zip(475229)correspondent.zip(621243);into.doc(763180);intensity.doc(180675)suffered.zip(786226),15540404,20,0.9999995454547521,0.0,0.15
FKS1696,2010-01-04,2,2,0,0,,78081,2,0.9999950000249999,0.0,0.15
FLM1541,2010-01-04,10,10,1,0,unlike.exe(602958);fees.jpg(814719)female.zip(1486949)register.doc(760543);debates.zip(231462)fully.pdf(1200037)disillusioned.txt(1553774);bronx.txt(1206030),8175218,8,0.9999990000010001,0.0,0.15
FMG1549,2010-01-02,28,28,0,28,20th.zip(1705735);obtained.doc(676370)20th.zip(1705735);obtained.doc(676370)inches.exe(1433578)inches.exe(1433578)together.jpg(513723)together.jpg(513723)club.exe(104865)club.exe(104865)emit.exe(1050455);spread.jpg(1744693);administrations.jpg(765896)emit.exe(1050455);spread.jpg(1744693);administrations.jpg(765896)towards.jpg(1108574);widely.zip(1970648)towards.jpg(1108574);widely.zip(1970648)was.exe(1046720)was.exe(1046720)tabloid.zip(1788150)tabloid.zip(1788150),28789818,14,0.9999996428572704,0.0,0.15
FMG1549,2010-01-03,29,29,0,29,current.txt(1221681)current.txt(1221681)provincial.pdf(1186385);into.doc(1016703)provincial.pdf(1186385);into.doc(1016703)1.doc(924651)1.doc(924651)modern.txt(595473);magill.doc(1021164)modern.txt(595473);magill.doc(1021164)developers.jpg(912221);cannot.doc(132516),13975086,15,0.9999996551725328,0.0,0.15
FMG1549,2010-01-04,58,58,0,0,materials.txt(490);regarded.exe(496178)beorhtwulfs.zip(538369)break.doc(1197474)black.txt(119642)again.doc(235011);as.exe(746909)personally.txt(974933);experience.jpg(585981);their.jpg(935084)round.zip(385881)again.doc(235011);as.exe(746909)personally.txt(974933);experience.jpg(585981);their.jpg(935084)round.zip(385881)real.txt(128347);19th.exe(1832865);incubator.jpg(1297509)welcome.txt(67124);rabbis.pdf(840475);growth.zip(806495);spread.exe(924958)welcome.txt(67124);rabbis.pdf(840475);growth.zip(806495);spread.exe(924958)bahamas.pdf(370230)bahamas.pdf(370230)18th.txt(1674842)18th.txt(1674842),24397097,42,0.9999998275862366,0.0,0.15
FMH1018,2010-01-04,13,13,0,0,,381722,13,0.9999992307698226,0.0,0.15
FMH1552,2010-01-04,19,19,0,0,thick.pdf(1374763);increase.exe(1027494)imperial.exe(442597);once.exe(323112);niue.pdf(2148222)bauer.exe(1713638);spending.txt(513658)cars.txt(1240778);status.zip(1654840)primary.txt(211478);reaches.jpg(141560),11343218,17,0.9999994736844876,0.0,0.15
FMP0459,2010-01-04,60,60,0,0,1937.exe(869832)1937.exe(869832)post.zip(710753)post.zip(710753)fast.jpg(827499);heaviest.doc(834348)neoclassicism.zip(291377)exactly.pdf(959596)some.txt(1951638);first.exe(971286);safe.zip(430771);mission.pdf(472457)some.txt(1951638);first.exe(971286);safe.zip(430771);mission.pdf(472457)rested.doc(999799)rested.doc(999799)garden.exe(972485)1.zip(1190247);album.jpg(891678)1.zip(1190247);album.jpg(891678),22748940,35,0.9999998333333611,0.0,0.15
FRM0010,2010-01-04,81,81,20,0,sickening.exe(1461629)trials.jpg(1287564);large.doc(282771)public.exe(2748)people.jpg(1942748)investigator.zip(41116)changed.pdf(1001877)margin.exe(552041)bomb.jpg(324623);heritage.doc(1163534);increases.zip(1398099)long.doc(1487281)copies.doc(904602);including.jpg(1333067)pads.jpg(662615);m12.txt(565716);missed.doc(404983);unseen.doc(1850866)slept.doc(94275);supposedly.txt(662703)adding.txt(1132213)cabbage.exe(328188)entry.pdf(1408653)later.exe(1512649)costumes.pdf(275168),24456325,65,0.9999998765432251,0.0,0.15
FRS0694,2010-01-04,22,22,0,0,well.exe(927165);south.zip(1245872);by.pdf(404447)well.exe(927165);south.zip(1245872);by.pdf(404447)far.zip(228337);shortly.doc(1081486);bankrupt.zip(1008741)gathered.jpg(308677),8397734,14,0.9999995454547521,0.0,0.15
FWB1999,2010-01-04,15,15,0,0,blocks.zip(573876)tourists.zip(1494368)beat.txt(1407004),3942677,12,0.9999993333337778,0.0,0.15
FWT1586,2010-01-04,4,4,0,0,highly.pdf(667081);project.pdf(1654948),2450670,4,0.9999975000062501,0.0,0.15
FYC0060,2010-01-04,31,31,0,0,oussouye.txt(1899887);reluctant.exe(804530);only.jpg(1701893)six.jpg(568258);excluding.exe(829461);opportunity.exe(690316);regulating.zip(924461);opportunity.txt(2075427)sharpened.doc(560449)believed.doc(996868);believed.exe(774797)despite.zip(465389);voters.doc(34367)passed.txt(1191416);requests.pdf(1009875)waltham.pdf(1752312)plants.doc(528311)had.txt(752893)votes.txt(1460433),19894920,23,0.9999996774194589,0.0,0.15
FZG0389,2010-01-04,7,7,0,0,panels.txt(921527)progressively.exe(598410);characters.exe(747814)technology.zip(2498985),5039495,6,0.9999985714306123,0.0,0.15
GAD0664,2010-01-04,7,7,0,0,do.jpg(262057);best.doc(98136)reached.pdf(771357);dollars.txt(1011825);des.jpg(517634);slower.doc(811009)after.txt(1078077);mid.doc(783094)is.doc(2209484);earl.pdf(1281658),9078107,7,0.9999985714306123,0.0,0.15
GAF0250,2010-01-04,23,23,0,0,only.doc(578168);among.exe(708645);some.zip(671149);back.jpg(1344578);open.jpg(1890611);only.exe(398865)again.pdf(1090314)functionality.exe(210001);father.pdf(368050);god.pdf(596634),8457274,20,0.9999995652175804,0.0,0.15
GAF1862,2010-01-04,15,15,0,0,unique.doc(2338140);german.txt(1013284)his.pdf(1467733)countries.pdf(504769);fast.exe(105080)ahmose.txt(33065);prince.exe(358945);prince.pdf(798924);prince.txt(256961);ankh.exe(14416)kmh.jpg(941305);different.pdf(1212556),9478874,15,0.9999993333337778,0.0,0.15
GAT1343,2010-01-02,12,12,1,12,collaborating.doc(1425505);opposite.zip(794600);his.doc(178503);dramatic.zip(272702);recast.zip(1226990);operation.zip(324931)1930s.zip(24130);valemount.zip(1025641);west.exe(375073)involved.exe(720101)post.jpg(275051);post1.jpg(830832),7859901,12,0.9999991666673611,0.0,0.15
GAT1343,2010-01-03,15,15,0,15,appetite.doc(1153902)lee.zip(814987)225.zip(82159)us.txt(552367)howard.zip(187156);from.pdf(531506);6.doc(477617)sent.zip(782232);itself.txt(1096335)ensemble.doc(1393140)paul.doc(1312602),8824808,14,0.9999993333337778,0.0,0.15
GAT1343,2010-01-04,30,30,4,0,is.doc(1848332);spur.txt(104564);because.jpg(17158);important.exe(657035)six.exe(1132409)for.exe(627818);alfred.zip(1084103)mandarinus.jpg(1024195);mandarinus.doc(1318014);nesting.zip(846869)estimated.txt(2029713),11610768,27,0.9999996666667778,0.0,0.15
GBM0346,2010-01-04,19,19,0,0,going.doc(626621)flat.txt(1872959);phoenix.doc(515742)room.txt(683260);tell.jpg(247987);twentieth.jpg(1096916),5570501,19,0.9999994736844876,0.0,0.15
GBO1324,2010-01-04,3,3,0,0,committee.jpg(1207336)discovered.exe(585357);that.zip(758739),2645635,3,0.9999966666777778,0.0,0.15
GBV0440,2010-01-04,12,12,0,0,residual.exe(272569)entire.pdf(782451);assumed.doc(1362834),2807039,11,0.9999991666673611,0.0,0.15
GCB0118,2010-01-04,22,22,0,0,near.zip(560529),1211789,20,0.9999995454547521,0.0,0.15
GCC1659,2010-01-04,6,6,0,0,career.jpg(1624331);traced.zip(953020);create.pdf(503197)grow.zip(751391)northeast.zip(150092)copies.exe(374393),4512422,6,0.9999983333361112,0.0,0.15
GCD0194,2010-01-04,35,35,0,0,bloody.doc(217512);hills.doc(1258090)his.txt(720404)together.exe(1626363)advance.txt(793214);official.doc(417122);new.zip(679620)december.txt(622088)died.zip(84895);chose.pdf(1904979);attention.doc(330721)play.jpg(891878)involved.exe(1094580)organism.txt(66450);partnership.exe(690585);lay.jpg(1013524);areas.zip(365530);rose.jpg(1153172),14989621,31,0.9999997142857958,0.0,0.15
GCD0863,2010-01-04,33,33,0,0,could.doc(1593169);points.doc(799102)confrontation.jpg(671631);help.jpg(1597627);black.jpg(1553044)architectural.txt(663899)arrival.doc(1465065)immediately.txt(973143);seven.pdf(983966)can.txt(1497309)announced.pdf(2255380),15032996,29,0.9999996969697887,0.0,0.15
GCE1147,2010-01-04,28,28,2,0,trip.doc(1113587)underpin.exe(322874);rule.pdf(1255688)this.pdf(589199)finish.zip(646607);always.doc(877792)n.exe(672693)minh.zip(2266035)perished.jpg(1366704)signing.txt(1226852)lineages.txt(1349323)married.doc(1175164);sent.txt(2239404),15902763,24,0.9999996428572704,0.0,0.15
GCG1753,2010-01-04,8,8,0,0,camping.txt(1645111),1908092,8,0.9999987500015626,0.0,0.15
GCH0470,2010-01-04,23,23,0,0,waiting.exe(1151235)halo.pdf(877171)leisure.zip(631100)out.pdf(1450713)committee.pdf(215353);raider.doc(1101829);long.jpg(396382)occupied.pdf(1131584)out.zip(1427795)near.zip(677288),9797598,21,0.9999995652175804,0.0,0.15
GCS1686,2010-01-04,5,5,0,0,bachelors.jpg(1662874)free.exe(652251);van.pdf(174321);disappoint.txt(300284)as.doc(157168);definition.txt(127588),3223589,5,0.9999980000040001,0.0,0.15
GCT0366,2010-01-04,33,33,0,0,society.zip(1036107);reduced.zip(37280)elaborated.txt(721160);showed.exe(105368)william.txt(741989)mikhail.zip(817090)quarter.txt(1400452)revenge.zip(1363559)low.zip(268056);low.jpg(1038258)william.txt(741989)mikhail.zip(817090)quarter.txt(1400452)revenge.zip(1363559)low.zip(268056);low.jpg(1038258)essential.txt(1756773),15836785,19,0.9999996969697887,0.0,0.15
GCW0456,2010-01-04,40,40,1,0,influence.zip(396160)1979.jpg(759869)833.zip(641235);heights.txt(359614)them.exe(364780)entering.jpg(267874)designation.zip(11001)retreated.zip(87815)men.jpg(988782);finishing.doc(739673),5797648,30,0.9999997500000625,0.0,0.15
GDC0055,2010-01-04,25,25,0,0,26.zip(1335347)reason.txt(1347385)be.jpg(1380076);asks.txt(527716)design.txt(377389)together.doc(571744);met.zip(2138364)attached.exe(665610)except.doc(22451)tally.txt(1379894)hero.txt(557783)6.doc(901445)highest.txt(673430)afternoon.zip(79593);eight.doc(501731),13251812,21,0.99999960000016,0.0,0.15
GDD1687,2010-01-04,4,4,0,0,,106448,3,0.9999975000062501,0.0,0.15
GEK1638,2010-01-04,12,12,0,0,mtis.txt(1059237);1868.zip(46527)mtis.txt(1059237);1868.zip(46527)up.txt(713209);yet.pdf(1167575),4475891,9,0.9999991666673611,0.0,0.15
GEM0462,2010-01-04,46,46,4,0,1979.jpg(759869)such.doc(61830);conversation.zip(1094907)hesitant.txt(357459);end.jpg(819884);played.zip(1369095);contradicts.pdf(1116391)21.doc(2020265);25.exe(1063456)less.zip(40502)wrote.jpg(884941)them.zip(21837)approached.txt(1006719);st.doc(1104822)short.exe(652500);massacre.jpg(694454);signed.pdf(251344);100.pdf(1552789);albert.doc(335146);equipment.pdf(712637)closure.pdf(1261446);member.exe(1337387);member.txt(1340549);looking.doc(886987)war.txt(698809)garden.exe(972485)important.exe(618212)anti.pdf(1268651);of.pdf(2111704);paper.txt(577332)men.jpg(988782);finishing.doc(739673)census.pdf(503255);where.jpg(1962273);west.pdf(782210),33340281,33,0.9999997826087429,0.0,0.15
GER0350,2010-01-04,26,26,2,0,15th.jpg(540337)large.jpg(546425)about.pdf(676505)depending.doc(1917627);judge.txt(2098992)students.doc(1033919)party.pdf(1544275)lighter.jpg(445276);geared.zip(1875564)masses.jpg(1287332);grand.exe(865494),13614509,24,0.9999996153847633,0.0,0.15
GFM1815,2010-01-04,1,1,0,0,derivative.doc(1380752);forgo.doc(4303);jcr.pdf(886753),2299239,1,0.9999900000999989,0.0,0.15
GFS0555,2010-01-04,16,16,2,0,48.txt(1747528);night.txt(2149517)1896.jpg(950832);introduction.doc(118222);reservation.doc(999612);called.zip(2820739);1896.doc(832924);described.jpg(1174238)looking.txt(308903)moved.txt(1168421)given.zip(473823);mixing.doc(1608191);made.pdf(708220),15543357,15,0.9999993750003906,0.0,0.15
GFS0750,2010-01-04,27,27,0,0,prince.pdf(938019)then.zip(930373);moment.jpg(959271)european.jpg(783408);their.txt(1660644)alone.doc(1223338);middle.exe(396493)offer.pdf(923815);no.doc(167145);strengths.exe(1332471);2004.txt(1048205);academys.zip(1711530);2004.zip(1512974);latter.doc(1590922)suffered.exe(982937)prince.zip(1525013);prince.pdf(864);prince.doc(1346992)prince.zip(1525013);prince.pdf(864);prince.doc(1346992),22729285,19,0.9999996296297669,0.0,0.15
GFV1837,2010-01-04,41,41,0,0,scientist.zip(917811)assumed.pdf(669188);holding.exe(403052)killer.doc(532544);spoof.pdf(1001786)27.txt(635351)walls.txt(320506);walls1.txt(1003305)whl.exe(1232156);anticipated.txt(2153715)shared.exe(750152)alone.jpg(655012)sources.doc(907421);merely.exe(1194239)uricchio.jpg(634087)manager.pdf(1029725);tigers.pdf(783834)editor.pdf(867172)comes.doc(1469243);idolised.zip(1242355);after.exe(381353);later.zip(2012465),22106451,33,0.9999997560976204,0.0,0.15
GGD1545,2010-01-04,6,6,2,0,money.exe(836365);bay.doc(353729)money.exe(836365);bay.doc(353729)yukon.txt(781818);yukon.jpg(508484)support.doc(597020),4434575,5,0.9999983333361112,0.0,0.15
GGM1604,2010-01-03,33,33,0,33,current.txt(1221681)1854.doc(1337571),3471088,16,0.9999996969697887,0.0,0.15
GGM1604,2010-01-04,50,50,0,0,distribution.pdf(385642)distribution.pdf(385642)pitch.exe(1617421)pitch.exe(1617421)previous.doc(1525223);16.txt(92408);its.zip(22019);length.txt(795517)republican.pdf(432604)free.doc(964380);fifty.pdf(364061);bacon.jpg(739996);child.jpg(1277012);then.pdf(1206746);intel.exe(1653644)gale.zip(226070);most.txt(460950);6.exe(1671212);07p.txt(1349030);time.pdf(319342),18711310,30,0.99999980000004,0.0,0.15
GGM1629,2010-01-04,56,56,0,0,under.zip(663351);outnumbering.zip(349088)under.zip(663351);outnumbering.zip(349088)pitch.exe(1617421)determining.pdf(1111942)free.doc(964380);fifty.pdf(364061);bacon.jpg(739996);child.jpg(1277012);then.pdf(1206746);intel.exe(1653644)free.doc(964380);fifty.pdf(364061);bacon.jpg(739996);child.jpg(1277012);then.pdf(1206746);intel.exe(1653644)misl.exe(586430)misl.exe(586430)now.doc(1384180)1880s.pdf(1403518)gale.zip(226070);most.txt(460950);6.exe(1671212);07p.txt(1349030);time.pdf(319342)1880s.pdf(1403518)now.doc(1384180)black.txt(119642)damaged.jpg(619408);strain.txt(1384087),31936705,36,0.9999998214286032,0.0,0.15
GHM0736,2010-01-04,12,12,1,0,promontory.txt(1296048)continuing.txt(1163706)1898.pdf(651060);related.zip(395932),3840126,11,0.9999991666673611,0.0,0.15
GHW0372,2010-01-04,5,5,0,0,different.exe(1669593);promoted.txt(706702),2503387,5,0.9999980000040001,0.0,0.15
GIA1171,2010-01-03,9,9,0,9,prince.doc(397641)ankh.zip(561403)help.txt(273059);decision.txt(1648127);french.exe(794166);forgotten.zip(699586);nourishes.doc(867487);19.txt(43639);forgotten1.zip(606879);help.jpg(1430050)prince.txt(615818);ahmose.exe(1428612),9614447,9,0.9999988888901234,0.0,0.15
GIA1171,2010-01-04,25,25,1,0,is.doc(1848332);spur.txt(104564);because.jpg(17158);important.exe(657035)as.jpg(179063);representative.jpg(354125)nightfall.zip(396314);but.txt(637024);hsien.exe(120371);carry.txt(2058445);5.doc(755587)anything.jpg(980141)september.pdf(1047238);reform.jpg(459728);last.txt(386105)back.doc(979276);6000.exe(1058388)staff.doc(90192)ahmose.pdf(643221)payroll.txt(1471280)totalled.jpg(94598);token.doc(519356)crunch.txt(1623499),17204766,23,0.99999960000016,0.0,0.15
GIB0314,2010-01-04,25,25,1,0,200.exe(165295);russian.doc(1985668)200.exe(165295);russian.doc(1985668)spite.zip(1306502);field.exe(1389169);employed.zip(1937279)while.exe(971898)while.exe(971898)while.zip(1199673)while.zip(1199673)mclaren.txt(679490);eight.zip(870417),15550277,15,0.99999960000016,0.0,0.15
GIC1151,2010-01-04,26,26,0,0,frequently.pdf(1599086);did.jpg(1073728)april.zip(1503171);been.zip(953795);been.jpg(1079428);r.txt(286451);square.txt(1615306);april.doc(1246969);way.jpg(13341);photo.pdf(1140443);way.doc(471287)n.exe(672693)assumed.txt(1678741)caption.pdf(1276565),15393319,24,0.9999996153847633,0.0,0.15
GJB0363,2010-01-04,50,50,10,0,effects.exe(1743079)soul.zip(867387)whether.txt(85193)pads.jpg(662615);m12.txt(565716);missed.doc(404983);unseen.doc(1850866)majority.txt(771065)came.exe(771103)lost.exe(1688746);economic.zip(1695618)acting.pdf(288278);embarrassing.exe(58659);miss.zip(1201263);until.zip(353009)society.zip(1036107);reduced.zip(37280)william.txt(741989)mikhail.zip(817090)philip.pdf(823308),17917664,42,0.99999980000004,0.0,0.15
GJC0870,2010-01-04,7,7,0,0,observed.jpg(1243437);significant.exe(1033495)par.zip(753084);14.txt(687681),3932285,7,0.9999985714306123,0.0,0.15
GJM1409,2010-01-04,25,25,1,0,negotiations.pdf(579591);advantage.zip(886878)upset.exe(590539)quickly.doc(1941121);day.pdf(1592724);edward.exe(1424929)guitar.zip(419817)guitar.zip(419817)took.pdf(843422);north.exe(1067966);invented.txt(691178);could.jpg(1442724);experiment.txt(784934);going.pdf(74261)took.pdf(843422);north.exe(1067966);invented.txt(691178);could.jpg(1442724);experiment.txt(784934);going.pdf(74261),18426594,16,0.99999960000016,0.0,0.15
GKG1693,2010-01-04,9,9,0,0,monetary.zip(957437);satisfy.doc(1978396),3188402,9,0.9999988888901234,0.0,0.15
GKM1647,2010-01-04,4,4,0,0,often.txt(340563);verna.zip(733384),1179590,4,0.9999975000062501,0.0,0.15
GKW0043,2010-01-04,26,26,0,0,marine.pdf(739400);colors.jpg(194760)waiting.exe(1151235)halo.pdf(877171)is.doc(2209484);earl.pdf(1281658),7298858,24,0.9999996153847633,0.0,0.15
GLC1055,2010-01-04,5,5,0,0,brief.txt(1567085);erect.jpg(287085),2021877,5,0.9999980000040001,0.0,0.15
GLC1878,2010-01-04,28,28,1,0,works.jpg(1131091);due.zip(1922384);three.zip(1754170);beginning.doc(349578);enlistments.pdf(637505);enlistments.exe(634696)southwest.txt(675133)now.jpg(104764)issue.exe(1259329)published.pdf(471753);presence.doc(111885);2011.zip(1462813)awnings.jpg(119094),11455504,25,0.9999996428572704,0.0,0.15
GMB0400,2010-01-04,22,22,4,0,style.txt(1168552)their.exe(1568969);perturbations.zip(1680298)vitalian.txt(81006)ammunition.txt(1472065)cavalry.jpg(1438295);so.exe(460611)vincent.exe(1168403)river.pdf(1722144);skilled.zip(892784)segregated.exe(841529);forecasting.doc(1373159)promising.zip(257294);responsibility.pdf(219958),15034675,16,0.9999995454547521,0.0,0.15
GMC0051,2010-01-04,30,30,2,0,payroll.txt(1302311);ever.jpg(662252)northwestern.doc(2059238);designs.zip(206031)together.doc(571744);met.zip(2138364)copies.doc(904602);including.jpg(1333067)external.exe(37795)toys.pdf(329086)sent.exe(1560499);each.pdf(1203829)animal.jpg(17492)daughter.zip(1627039)six.jpg(568258);excluding.exe(829461);opportunity.exe(690316);regulating.zip(924461);opportunity.txt(2075427),19824691,23,0.9999996666667778,0.0,0.15
GMF0229,2010-01-04,41,41,7,0,write.exe(184724);version.pdf(1783566)him.exe(319162)shadows.zip(504852)ten.jpg(138613)finally.zip(1060240);been.jpg(331337);john.jpg(203032);even.doc(1026846);creates.pdf(1029702)officers.txt(876999);ato.jpg(1562629)realize.pdf(1911276);under.doc(1305372)season.jpg(528599)retreated.txt(1202270)parliament.jpg(212665),15397780,35,0.9999997560976204,0.0,0.15
GMM1037,2010-01-04,4,4,2,0,,91275,4,0.9999975000062501,0.0,0.15
GMR1399,2010-01-03,17,17,0,17,coach.zip(799535)with.pdf(87351);horizon.exe(2030757);contributed.pdf(1022902)violence.pdf(655245),5152866,16,0.9999994117650519,0.0,0.15
GMR1399,2010-01-04,32,32,0,0,agencies.zip(1429467)total.txt(116479)be.jpg(318554)operate.zip(1581212),4344975,29,0.9999996875000976,0.0,0.15
GNG1026,2010-01-04,17,17,0,0,tanager.doc(623712);largely.doc(2323736),3420324,15,0.9999994117650519,0.0,0.15
GNV1082,2010-01-04,45,45,7,0,half.zip(1341244)election.exe(1456061)any.txt(2447416)eaten.jpg(657678);epics.txt(168013)responded.pdf(298112)illyria.jpg(535320);port.pdf(618895)gumilev.exe(1066559);childhood.pdf(518483)owens.jpg(186832);harsh.zip(1326743);1969.zip(117660);roughly.txt(470541),12467953,37,0.9999997777778271,0.0,0.15
GPH0932,2010-01-04,27,27,0,0,1865.pdf(126031);failure.doc(175657)up.txt(2512737);235.zip(729241)see.exe(1286971)alan.pdf(378010)their.pdf(2151634),8216591,25,0.9999996296297669,0.0,0.15
GPO1020,2010-01-04,15,15,0,0,ships.txt(85882);crew.pdf(512147)recognize.zip(808612),1843218,13,0.9999993333337778,0.0,0.15
GPS0321,2010-01-04,36,36,0,0,specific.pdf(170209)introduced.jpg(628641)moved.txt(662140)could.doc(1355931);end.zip(892289)secretary.exe(1200752)along.doc(338362);died.jpg(921385);austria.doc(767351)number.exe(1245659)b.pdf(857436);b.doc(2541);room.pdf(1375793),11455337,34,0.9999997222222993,0.0,0.15
GPS0970,2010-01-04,32,32,14,0,country.zip(150888);considered.exe(704290)eight.doc(2920721)opposition.jpg(307586)heart.doc(491802);flags.exe(2082380);newspaper.exe(900302);48.exe(1840955);submit.pdf(735162);seconds.zip(1154730);denial.txt(518233);needless.pdf(1608393)extensive.jpg(152734)earlier.txt(838323)prince.pdf(938019)did.txt(736128);because.txt(301394)casa.txt(274161);because.pdf(1099834);surveillance.jpg(1781471)also.pdf(1350960)based.exe(398767)berth.jpg(1185357);tourists.doc(986794),24357418,23,0.9999996875000976,0.0,0.15
GQG1484,2010-01-04,5,5,0,0,,135455,4,0.9999980000040001,0.0,0.15
GRB0748,2010-01-04,20,20,0,0,1936.exe(1217476)catastrophic.doc(203012),2052606,19,0.9999995000002501,0.0,0.15
GRB1842,2010-01-04,63,63,0,0,days.txt(1122083);narrative.txt(1133090);innovative.txt(17543);gualtiero.txt(388810);time.pdf(910439);excerpt.txt(242227);very.pdf(198409)there.pdf(1306138);count.exe(400524)continued.doc(203950)outposts.doc(1162975)outposts.doc(1162975)scientist.zip(917811)assumed.pdf(669188);holding.exe(403052)assumed.pdf(669188);holding.exe(403052)separate.pdf(907075);chemical.zip(1071401);altogether.exe(1838406);closest.pdf(843359);rites.doc(426523);daniels.pdf(1651471)separate.pdf(907075);chemical.zip(1071401);altogether.exe(1838406);closest.pdf(843359);rites.doc(426523);daniels.pdf(1651471)hesitant.txt(357459);end.jpg(819884);played.zip(1369095);contradicts.pdf(1116391)challenged.txt(1069850)campaign.txt(367582);best.txt(860337);bachelors.pdf(582317);squad.pdf(1501628);european.jpg(285661);influenced.zip(1100309);bachelors.exe(1099500)before.jpg(963669)before.jpg(963669)dim.pdf(1428120)mvp.doc(1807762)mvp.doc(1807762)posthumously.exe(307002)would.doc(558886);g4tv.jpg(557417);versa.jpg(2066055)boy.exe(1635325);origins.jpg(838942)national.txt(2232983);central.zip(306741)national.txt(2232983);central.zip(306741),55284305,38,0.9999998412698664,0.0,0.15
GRK0623,2010-01-04,6,6,1,0,prosperous.txt(1705624),1854892,6,0.9999983333361112,0.0,0.15
GRR1428,2010-01-04,10,10,0,0,instead.exe(1749437)hanssen.jpg(177307);spending.doc(1737478)1898.jpg(140501),4056193,10,0.9999990000010001,0.0,0.15
GRS1214,2010-01-04,17,17,0,0,,524085,16,0.9999994117650519,0.0,0.15
GSA1925,2010-01-04,46,46,8,0,inch.pdf(179509)although.jpg(453756)provide.exe(2072421)whom.doc(495325);took.txt(1932462)relief.zip(1413522);other.pdf(1190457)chimney.txt(1273325)bells.pdf(670276);at.zip(969417),12045221,36,0.9999997826087429,0.0,0.15
GSB0173,2010-01-04,44,44,7,0,include.pdf(2788764)shock.zip(1161739)seventh.doc(341285)soul.zip(867387)system.doc(802457)pads.jpg(662615);m12.txt(565716);missed.doc(404983);unseen.doc(1850866)golden.doc(1371321)came.exe(771103)puerto.pdf(304667);acquire.exe(134660)all.doc(279546);1969.doc(667700)all.doc(279546);1969.doc(667700)premiered.exe(1427171)philip.pdf(823308),17530162,32,0.9999997727273243,0.0,0.15
GSH1262,2010-01-04,5,5,0,0,switzerland.doc(103424);overweight.exe(395443),641593,5,0.9999980000040001,0.0,0.15
GSV0295,2010-01-04,16,16,0,0,montreal.exe(2009378)actor.txt(509063);expressed.txt(1484107),4495059,15,0.9999993750003906,0.0,0.15
GTC0081,2010-01-04,18,18,0,0,settlement.exe(565171);canadian.exe(988293)introduced.jpg(1002074);catch.exe(761048)introduced.jpg(1002074);catch.exe(761048)27.pdf(467219)27.pdf(467219)former.doc(251541)harder.txt(727187);only.doc(1567662)restaurant.pdf(127323);government.jpg(277308);social.exe(1339570);horror.txt(68500),10858045,14,0.9999994444447531,0.0,0.15
GTC0614,2010-01-04,5,5,1,0,within.doc(1501272);three.txt(1111695)dignitaries.exe(784278);represented.zip(418945),3943392,5,0.9999980000040001,0.0,0.15
GTF1464,2010-01-04,4,4,0,0,bauer.exe(1713638);spending.txt(513658)affected.pdf(833842);field.pdf(964529),4115401,4,0.9999975000062501,0.0,0.15
GTN1021,2010-01-04,25,25,2,0,november.txt(913104)businessman.zip(1296120);opening.pdf(1562730)new.doc(379171)evidence.txt(1288674)act.pdf(709679);angry.txt(1532422);22.pdf(86855);irrelevant.zip(1590287),10143651,20,0.99999960000016,0.0,0.15
GTP1369,2010-01-04,3,3,0,0,non.zip(1077846)two.zip(870664);websites.pdf(701202)units.jpg(79264);was.pdf(176277),3026419,3,0.9999966666777778,0.0,0.15
GUT1619,2010-01-04,37,37,0,0,towards.jpg(1108574);widely.zip(1970648)developers.jpg(912221);cannot.doc(132516)current.txt(1221681)1.doc(924651)designed.exe(1669856)currently.txt(1118801);arnison.txt(1251711);talbot.doc(1059291);self.zip(91120)25.exe(1087378);sought.zip(1025371);clustered.doc(1610744);showcases.exe(1111075);director.jpg(1504000)1903.jpg(312165)possesses.doc(159138);taiwan.zip(1336528)black.txt(119642),20874596,31,0.9999997297298027,0.0,0.15
GVM1337,2010-01-02,19,19,6,19,13.doc(1835701);army.doc(1931135);covered.jpg(857454);parliamentary.pdf(50720);next.doc(646408)13.doc(1835701);army.doc(1931135);covered.jpg(857454);parliamentary.pdf(50720);next.doc(646408)islet.exe(412840)islet.exe(412840)continents.exe(742838);million.jpg(232299)continents.exe(742838);million.jpg(232299),14048036,10,0.9999994736844876,0.0,0.15
GVM1337,2010-01-03,21,21,0,21,appetite.doc(1153902)kilometres.zip(1040343);local.zip(375670)development.txt(714181);deputy.exe(874763)development.txt(714181);deputy.exe(874763)393.txt(1507121)393.txt(1507121)us.txt(552367)us.txt(552367)thumb.txt(946837)thumb.txt(946837)account.zip(1303697)account.zip(1303697),14941460,12,0.9999995238097505,0.0,0.15
GVM1337,2010-01-04,35,35,3,0,critical.txt(1981460);1935.exe(263759);more.exe(709037)critical.txt(1981460);1935.exe(263759);more.exe(709037)1970s.zip(1030654)mandarinus.jpg(1024195);mandarinus.doc(1318014);nesting.zip(846869)then.txt(315522)purposes.txt(1259350)tokyo.txt(1986562),14718516,22,0.9999997142857958,0.0,0.15
GWG0497,2010-01-04,28,28,0,0,is.exe(649959);fog.jpg(583229)100.doc(1963226)body.jpg(747301)power.exe(499002)abandoned.zip(396086)received.zip(286784);swapping.jpg(1387926)320.txt(9099);obituary.zip(448655),7758203,23,0.9999996428572704,0.0,0.15
GWH0961,2010-01-04,28,28,3,0,coupled.doc(639613)coupled.doc(639613)damaged.exe(1121568)damaged.exe(1121568)possible.zip(1449968)possible.zip(1449968)financial.txt(151087)financial.txt(151087),7663913,18,0.9999996428572704,0.0,0.15
GWO1660,2010-01-04,13,13,1,0,8.jpg(181105);became.exe(6028);writer.pdf(856544);ideology.jpg(723991)grains.jpg(644044);phenomena.pdf(1319609);view.zip(928994)installed.pdf(1172286)colonies.pdf(856410);seven.jpg(1658313);departure.zip(23643);attention.pdf(131402);returned.zip(482553),9388680,12,0.9999992307698226,0.0,0.15
GXM1952,2010-01-04,51,51,11,0,justice.zip(1483968)hills.doc(926188);illuminating.pdf(775584)example.exe(1618382)november.txt(913104)cables.pdf(680887);loft.zip(1251150)blind.txt(322406);south.jpg(1393240);had.exe(1914038)mort.zip(1569369)information.zip(898959)once.doc(417703);post.doc(1751042),17451436,42,0.999999803921607,0.0,0.15
GYP1321,2010-01-04,9,9,0,0,josiah.exe(1048126);conditions.pdf(1755431);change.jpg(1542847)descending.txt(437912);winner.doc(416341)descending.txt(437912);winner.doc(416341),6334751,6,0.9999988888901234,0.0,0.15
HAB1787,2010-01-04,20,20,0,0,sold.jpg(768233);taken.zip(1148327)national.zip(459371);was.jpg(869220)around.exe(1110927);quarters.exe(984734);lightly.pdf(1593363);providence.jpg(603457)being.doc(1301959)at.zip(1683365);of.txt(567925);much.txt(894029);viewed.zip(494368)new.doc(63652),13152645,14,0.9999995000002501,0.0,0.15
HAB1894,2010-01-04,8,8,0,0,far.txt(1164728);opportunistic.jpg(733284)1960.pdf(735530);5000.exe(1171497);allowed.exe(112626)1960.pdf(735530);5000.exe(1171497);allowed.exe(112626),6227976,7,0.9999987500015626,0.0,0.15
HAC1527,2010-01-04,11,11,2,0,defect.txt(1082147);hung.txt(285117),1729584,9,0.9999990909099173,0.0,0.15
HAD0702,2010-01-04,12,12,0,0,vacancy.pdf(731696)vacancy.pdf(731696)rebutting.txt(601346);c.pdf(544682)f.doc(85656)thomas.exe(368840);introduction.jpg(1016990),4406290,8,0.9999991666673611,0.0,0.15
HAE0105,2010-01-04,16,16,2,0,cartier.exe(1111806)made.pdf(369219)made.pdf(369219),2293164,11,0.9999993750003906,0.0,0.15
HAH1965,2010-01-04,9,9,0,0,stationary.txt(768867);northern.exe(487565);around.exe(475248)too.jpg(867924);these.pdf(270825),3127365,9,0.9999988888901234,0.0,0.15
HAL1933,2010-01-04,55,55,17,0,shaky.doc(1301589)perennial.doc(268861)august.jpg(1158972)august.jpg(1158972)victoria.txt(279787)them.exe(364780)located.pdf(594081);illegal.txt(1007899);honor.exe(182524);windows.doc(1341661);created.doc(629484);established.doc(207193)correlated.exe(391413)unremarkable.pdf(1840972);been.jpg(35336)bureaucracy.pdf(125961)am.zip(2157898)bells.pdf(670276);at.zip(969417)am.zip(2157898)information.zip(898959)bells.pdf(670276);at.zip(969417)father.exe(831768);born.exe(1431328);same.zip(1104851);faux.exe(2134125);same1.zip(1127991);2009.doc(561946);adams.doc(591813);faux.doc(716190)father.exe(831768);born.exe(1431328);same.zip(1104851);faux.exe(2134125);same1.zip(1127991);2009.doc(561946);adams.doc(591813);faux.doc(716190)points.zip(529728);fashion.pdf(2013774);republican.pdf(732511),41319867,33,0.9999998181818511,0.0,0.15
HBD0788,2010-01-04,26,26,0,0,erupted.doc(273440)body.exe(1328818);religion.doc(168427)cast.doc(282380);many.zip(524623);remarked.jpg(1079631);peter.zip(1027052);attracted.jpg(354746);been.doc(981801)x.doc(1608865)their.pdf(392248);local.doc(492866)survey.pdf(49776)intensively.pdf(185570)imperial.doc(2038979)their.pdf(889917)room.txt(683260);tell.jpg(247987);twentieth.jpg(1096916)rise.jpg(1080267);september.exe(390632)10000.jpg(327151);tennessee.txt(1196120);ten.doc(1766418);twelve.zip(719202)momentarily.pdf(1328077);today.doc(902866)82.doc(1423448),23541230,23,0.9999996153847633,0.0,0.15
HBF0022,2010-01-04,39,39,0,0,one.txt(112777);stage.doc(1129838);time.exe(700754);instruction.zip(1289528)ramonce.pdf(540870)radio.doc(730140)regional.exe(989904)existing.txt(575666);world.zip(45482)depressions.txt(1744274);gape.exe(352789);width.txt(963745)extends.txt(47513)yellow.pdf(149882)still.doc(443940)propelled.zip(1499563);such.zip(210190),12581410,34,0.9999997435898093,0.0,0.15
HBF1179,2010-01-04,22,22,0,0,shall.exe(328585)ahmose.pdf(643221)prince.jpg(123972);prince.doc(1359481);prince.exe(33019)payroll.txt(1471280)ankh.doc(58473)rising.zip(411241)enhanced.pdf(833469);administration.pdf(1747931)prince.pdf(1495119),9176829,19,0.9999995454547521,0.0,0.15
HBF1250,2010-01-04,5,5,0,0,ridden.pdf(1663705);turns.zip(1005651);disc.zip(1341633),4169959,5,0.9999980000040001,0.0,0.15
HBH0111,2010-01-04,18,18,1,0,sale.txt(1168960)small.pdf(420137);college.exe(304776);teams.pdf(1968699)gave.pdf(334514)1880.pdf(869755);serve.txt(264289)trials.zip(1867081)still.txt(399080);tends.jpg(158399),8301487,16,0.9999994444447531,0.0,0.15
HBH0988,2010-01-04,17,17,0,0,intensity.zip(466135)number.zip(64160)western.doc(1717629)guns.jpg(899403);officials.exe(1486715)tone.jpg(538104)collinwood.txt(923917);domed.pdf(1506727);talk.txt(947468),9078396,15,0.9999994117650519,0.0,0.15
HBP0009,2010-01-02,58,58,0,58,inch.pdf(179509)inch.pdf(179509)investigator.zip(41116)investigator.zip(41116)soil.pdf(1160621);extract.doc(1487094)soil.pdf(1160621);extract.doc(1487094)people.jpg(1942748)people.jpg(1942748)person.jpg(1032279);sometime.txt(743435)person.jpg(1032279);sometime.txt(743435)victoria.jpg(618144);liberal.pdf(2085126);july.zip(1078937);were.exe(876158);twice.exe(448589);july.pdf(1178724)victoria.jpg(618144);liberal.pdf(2085126);july.zip(1078937);were.exe(876158);twice.exe(448589);july.pdf(1178724)public.exe(2748)public.exe(2748),27419934,20,0.9999998275862366,0.0,0.15
HBP0009,2010-01-03,56,56,0,56,changed.jpg(790946)changed.jpg(790946)newton.txt(782442)newton.txt(782442)sickening.exe(1461629)sickening.exe(1461629)performance.zip(528735)performance.zip(528735)generated.exe(2358158);star.zip(622626);sung.pdf(1053760)generated.exe(2358158);star.zip(622626);sung.pdf(1053760)earliest.exe(784667);begun.txt(758987)otherwise.doc(1012721);experience.txt(2054176);stanislavski.pdf(1291892);glories.jpg(155462);stanislavski.exe(35726);actors.doc(1302340);change.exe(1526446);columns.jpg(1320803);described.txt(210691)earliest.exe(784667);begun.txt(758987)otherwise.doc(1012721);experience.txt(2054176);stanislavski.pdf(1291892);glories.jpg(155462);stanislavski.exe(35726);actors.doc(1302340);change.exe(1526446);columns.jpg(1320803);described.txt(210691)trials.jpg(1287564);large.doc(282771)trials.jpg(1287564);large.doc(282771)moment.txt(252194);along.doc(2697123)beginning.txt(648073)moment.txt(252194);along.doc(2697123)government.pdf(576480)properly.pdf(802407)beginning.txt(648073)cruel.pdf(1275530)government.pdf(576480)properly.pdf(802407),52295162,26,0.9999998214286032,0.0,0.15
HBP0009,2010-01-04,93,93,28,0,cruel.pdf(1275530)major.doc(624509)major.doc(624509)intervention.doc(1759672);critical.zip(848328);multiple.exe(1687188);expressing.pdf(818367);prompted.zip(783693);been.txt(1531382)intervention.doc(1759672);critical.zip(848328);multiple.exe(1687188);expressing.pdf(818367);prompted.zip(783693);been.txt(1531382)margin.exe(552041)margin.exe(552041)will.doc(568614)will.doc(568614)bomb.jpg(324623);heritage.doc(1163534);increases.zip(1398099)bomb.jpg(324623);heritage.doc(1163534);increases.zip(1398099)eleven.txt(21448)eleven.txt(21448)classed.jpg(764509);genus.exe(868414);campsites.jpg(141742);july.zip(1121150);removed.zip(925778);subsequently.doc(698783);reflect.pdf(849256);ailments.jpg(1228120);trip.pdf(805312)classed.jpg(764509);genus.exe(868414);campsites.jpg(141742);july.zip(1121150);removed.zip(925778);subsequently.doc(698783);reflect.pdf(849256);ailments.jpg(1228120);trip.pdf(805312)alan.pdf(378010)cabbage.exe(328188)mandate.zip(1463034);departments.zip(843136);latter.pdf(797120);appointed.pdf(642185);successive.doc(1148715);appointed.zip(931762);tombalbaye.doc(1094146),50539673,52,0.9999998924731298,0.0,0.15
HBP1076,2010-01-04,61,61,5,0,1990.doc(2040347)stock.txt(427582)for.jpg(173013)january.exe(1098241);according.pdf(949696)francis.zip(109161);tale.zip(784791)owens.jpg(186832);harsh.zip(1326743);1969.zip(117660);roughly.txt(470541)combination.pdf(981808)playboy.jpg(260379);shore.zip(125139);adopted.jpg(1901727)owens.jpg(186832);harsh.zip(1326743);1969.zip(117660);roughly.txt(470541)combination.pdf(981808)playboy.jpg(260379);shore.zip(125139);adopted.jpg(1901727)ulysses.exe(1721713),19926147,35,0.9999998360656006,0.0,0.15
HBR1528,2010-01-03,7,7,0,7,these.txt(835676);space.exe(314860)these.txt(835676);space.exe(314860)new.txt(885193);dominique.pdf(1337549);decision.zip(857166);children.zip(857893)new.txt(885193);dominique.pdf(1337549);decision.zip(857166);children.zip(857893),10354178,4,0.9999985714306123,0.0,0.15
HBR1528,2010-01-04,8,8,0,0,i.zip(398823)i.zip(398823)register.doc(760543);debates.zip(231462),2051037,5,0.9999987500015626,0.0,0.15
HBS0392,2010-01-04,8,8,0,0,characteristics.pdf(921766);operations.doc(1067760)may.doc(328918);western.txt(1378062);may1.doc(334796),4295714,8,0.9999987500015626,0.0,0.15
HBS1299,2010-01-04,6,6,0,0,received.doc(1001509),1178417,6,0.9999983333361112,0.0,0.15
HBW0057,2010-01-04,22,22,0,0,arrival.exe(671743);copra.zip(1216774);central.txt(132341)keep.txt(756813)occurred.exe(1980522);lyon.jpg(1750991)not.jpg(848555)believed.doc(996868);believed.exe(774797)waltham.pdf(1752312)votes.txt(1460433),12989730,19,0.9999995454547521,0.0,0.15
HBW0683,2010-01-04,28,28,8,0,setting.zip(391467)suffocating.zip(499137)orbit.doc(40737);apart.zip(826223)rain.zip(927168)australia.zip(823543)fined.zip(854933)buildings.txt(79403),5271550,26,0.9999996428572704,0.0,0.15
HCE1200,2010-01-04,25,25,0,0,argentine.pdf(891878);already.pdf(2023929);1951.pdf(21624)form.zip(57732);become.txt(1168303)rest.txt(631557);field.pdf(911941)least.doc(307441);friend.pdf(1064656);neither.exe(23809)considered.doc(90703)whose.zip(1484211);graduated.exe(434453);8.doc(1859027)fault.zip(799145);dated.zip(1406568)no.jpg(97839)year.jpg(1864840),15919613,25,0.99999960000016,0.0,0.15
HCM1717,2010-01-04,44,44,5,0,eighteenth.doc(1741877);local.txt(561340)president.zip(293444);author.doc(1453788);test.txt(81751)modern.jpg(1248494)aside.doc(878471);greatly.txt(481258)1987.pdf(491444);tigers.txt(1035648);sigmund.zip(1709032)journalist.doc(801574),12093463,35,0.9999997727273243,0.0,0.15
HCP0900,2010-01-04,41,41,3,0,trip.doc(1113587)around.txt(848340);dispute.pdf(1887240)new.pdf(794412)mineral.pdf(503000)perished.jpg(1366704)dig.zip(1179835),8961633,41,0.9999997560976204,0.0,0.15
HCV0286,2010-01-04,46,46,0,0,man.jpg(1904368)touches.txt(661334)eastern.txt(1404651);genuine.exe(563476)told.zip(278518);smoking.pdf(531415);main.zip(1060556);helper.exe(164214);when.doc(997848);did.txt(609674);plot.exe(764612);did.jpg(76400)jumped.doc(1699876)permit.pdf(126988)mineral.pdf(503000)but.jpg(1261269)tumbling.jpg(754762);approximately.exe(42130)night.jpg(550366);intended.exe(1047867);pressure.doc(1271318)far.zip(228337);shortly.doc(1081486);bankrupt.zip(1008741)gathered.jpg(308677)though.pdf(541027),20714747,42,0.9999997826087429,0.0,0.15
HDA1824,2010-01-04,36,36,0,0,spans.jpg(1194213);unhealthy.zip(983563)commercial.zip(1007483);commercial.exe(985986);run.zip(864291)hesitant.txt(357459);end.jpg(819884);played.zip(1369095);contradicts.pdf(1116391)morning.txt(317694)26.doc(58248)causes.doc(1249342)likely.doc(885866);arrest.zip(1407605);moving.exe(694510);through.pdf(481464);announced.doc(2043277)convince.exe(980083)editor.pdf(867172)posthumously.exe(307002),19117203,30,0.9999997222222993,0.0,0.15
HDC0844,2010-01-04,4,4,0,0,his.exe(2080911);researchers.txt(280129),2489235,4,0.9999975000062501,0.0,0.15
HDH1384,2010-01-04,26,26,1,0,wooden.pdf(813294)13th.txt(1146703);mixed.jpg(936191)massively.txt(1178292);arrival.jpg(1357090);site.doc(1746484);time.pdf(1067874);disease.pdf(87424);rock.jpg(739353);strongholds.pdf(231431);defended.pdf(750293)wants.pdf(830324);possibility.zip(346270);appearances.zip(867205)total.txt(116479)general.pdf(173749),13153988,20,0.9999996153847633,0.0,0.15
HDL0789,2010-01-04,16,16,0,0,body.exe(1328818);religion.doc(168427)alan.pdf(378010)seats.pdf(1080811)impressed.zip(907565);billion.txt(481700);distortion.zip(762330)seen.doc(832352)45.doc(26287);efforts.exe(1627531)82.doc(1423448),9476662,15,0.9999993750003906,0.0,0.15
HDL1230,2010-01-04,19,19,2,0,nomination.exe(1355904)than.pdf(1805171);mood.jpg(1406515);yet.jpg(717443)slow.txt(245920)dams.jpg(1205202)prairie.txt(448915);secretary.exe(1032482);north.zip(870600)dispute.zip(766803);lower.txt(342431)end.zip(1013780),11779808,19,0.9999994736844876,0.0,0.15
HDM0017,2010-01-04,53,53,0,0,help.jpg(1502852)1991.zip(263692);enough.txt(2312333);led.pdf(1826857);enough.exe(1345379)really.jpg(1665214)confront.doc(503892);difficulties.doc(59250);funds.pdf(9987);difficulties.exe(1059538)however.pdf(349175);bear.jpg(39764);evidence.doc(138846)planet.doc(1306621)united.zip(36409)reserve.jpg(329026);maps.txt(1110261)still.doc(443940)cradle.zip(713740);blood.exe(178587);front.exe(1354594);unaccompanied.zip(588561);knox.txt(1624921);proved.exe(1488169)son.jpg(595863),22253081,40,0.9999998113207903,0.0,0.15
HDM1040,2010-01-04,6,6,0,0,cavalry.jpg(1438295);so.exe(460611)brief.txt(1567085);erect.jpg(287085),3897235,6,0.9999983333361112,0.0,0.15
HDW0743,2010-01-04,42,42,7,0,building.doc(1446686);7.exe(218629);forces.doc(1454785);building.txt(905807)stayed.doc(2643468);per.exe(1876478)heavily.doc(86676)no.pdf(189619)and.txt(175041)200.exe(165295);russian.doc(1985668)prince.jpg(1693245)small.doc(312431)while.zip(1199673)weeks.zip(1056882);michael.txt(273967)weeks.zip(1056882);michael.txt(273967)road.zip(1820997)road.zip(1820997)so.jpg(322151);persistent.exe(737855);hair.jpg(1570192);had.txt(2252483);energy.doc(2396301);ground.exe(2516789);amongst.txt(748866);after.exe(964116);second.jpg(1348713)so.jpg(322151);persistent.exe(737855);hair.jpg(1570192);had.txt(2252483);energy.doc(2396301);ground.exe(2516789);amongst.txt(748866);after.exe(964116);second.jpg(1348713)i.zip(314027);research.doc(1020980);compound.zip(366488);members.zip(235552),49453758,26,0.9999997619048185,0.0,0.15
HDW1779,2010-01-04,27,27,1,0,begins.pdf(352419)divisional.jpg(181618);their.jpg(1496866);recalls.pdf(16796);company.exe(84350);official.jpg(878785);divisional.pdf(1963097);stock.doc(892682)being.doc(1301959)being.doc(1301959)according.pdf(1848341);cross.exe(997529)according.pdf(1848341);cross.exe(997529),15079827,20,0.9999996296297669,0.0,0.15
HEB1313,2010-01-04,6,6,0,0,sinks.jpg(265004)out.pdf(1450713),1900466,6,0.9999983333361112,0.0,0.15
HFC0248,2010-01-04,18,18,0,0,off.pdf(1126753);cast.doc(1118190);all.txt(1324501)again.pdf(1090314),5145647,15,0.9999994444447531,0.0,0.15
HFF0560,2010-01-04,31,31,6,0,opinion.exe(1421582);equal.doc(1832710)year.doc(550338);was.zip(836969)1075.zip(1081465)train.doc(1057624);invaded.zip(371243)skirmishers.exe(1310321)moved.txt(1168421)still.txt(399080);tends.jpg(158399),11173647,22,0.9999996774194589,0.0,0.15
HFM0465,2010-01-04,21,21,0,0,every.doc(6164);evident.exe(601060);well.zip(312700);terminally.pdf(279871);consisting.exe(1066204);tone.zip(1430183);figure.pdf(1475960);restored.zip(1306710)proved.doc(1003166)finished.txt(1989731),10106355,20,0.9999995238097505,0.0,0.15
HGG0166,2010-01-04,10,10,0,0,,319551,10,0.9999990000010001,0.0,0.15
HGG0535,2010-01-04,22,22,5,0,own.jpg(368903);june.jpg(703986)heroin.exe(938472);warners.pdf(173691)surface.jpg(768332)agreed.jpg(762645);other.zip(309945)provides.exe(1078384)hooked.jpg(330573);lines.doc(1324324),7382302,19,0.9999995454547521,0.0,0.15
HGS0888,2010-01-04,16,16,0,0,chaos.txt(332528)animated.doc(1098037)prince.jpg(1481296),3368801,14,0.9999993750003906,0.0,0.15
HHD1606,2010-01-04,39,39,0,0,provincial.pdf(1186385);into.doc(1016703)inches.exe(1433578)chieftain.pdf(1088);reported.zip(545691)1937.jpg(922607);merging.zip(82910)skirmishers.exe(1310321)association.pdf(245500)round.zip(385881)miami.doc(1795253);stuffed.zip(1532079);assumption.zip(1565516)cincinnati.jpg(1103595),14242157,34,0.9999997435898093,0.0,0.15
HHM1746,2010-01-04,7,7,0,0,,193045,6,0.9999985714306123,0.0,0.15
HIK0425,2010-01-04,22,22,0,0,chaos.txt(332528)intensification.zip(1384948)179.txt(367991);ran.exe(529980);went.exe(1051522),4357905,19,0.9999995454547521,0.0,0.15
HIS1394,2010-01-04,33,33,3,0,take.zip(1168122);reading.txt(898428)with.pdf(87351);horizon.exe(2030757);contributed.pdf(1022902)wind.pdf(74607)concluded.doc(1674014)combined.pdf(1072872)can.jpg(1002397);by.zip(562073);group.pdf(13275)wooden.pdf(813294)series.txt(1669249);would.txt(757220);to.pdf(1281431)inquiry.pdf(1561493)helm.txt(1019837);federation.zip(74468);those.zip(953695);days.txt(678783);world.jpg(1076259);proving.zip(911786);north.txt(288837);days.doc(21373),21581879,28,0.9999996969697887,0.0,0.15
HJA1954,2010-01-04,11,11,0,0,half.zip(1341244)decided.doc(1182474);nixon.txt(1292024)10.txt(1367566);part.pdf(799248)10.txt(1367566);part.pdf(799248)entire.pdf(782451);assumed.doc(1362834),10654367,8,0.9999990909099173,0.0,0.15
HJB0858,2010-01-04,27,27,0,0,confidence.pdf(115902);115.jpg(1220574);directly.jpg(655927);western.zip(1926023);underwent.txt(992695)trained.txt(480778),6211610,20,0.9999996296297669,0.0,0.15
HJB1444,2010-01-02,2,2,2,2,undefeated.exe(270875),323345,2,0.9999950000249999,0.0,0.15
HJB1444,2010-01-03,9,9,6,9,strongholds.zip(485060)has.txt(211421);congress.doc(802273),1744977,8,0.9999988888901234,0.0,0.15
HJB1444,2010-01-04,25,25,1,0,humidity.doc(445929)rift.pdf(35171),1249884,24,0.99999960000016,0.0,0.15
HJC1227,2010-01-04,25,25,0,0,772.jpg(1377207),2150619,21,0.99999960000016,0.0,0.15
HJL1631,2010-01-04,12,12,0,0,often.txt(340563);verna.zip(733384)direction.exe(1493908);made.jpg(269020);withdraw.doc(406279)keep.doc(1099736)widely.pdf(970672);core.doc(1717382)washington.exe(1292487);professor.exe(1083668),9744725,12,0.9999991666673611,0.0,0.15
HJM0688,2010-01-04,29,29,7,0,used.zip(400474)such.doc(61830);conversation.zip(1094907)until.exe(995327)buildings.txt(79403)committee.jpg(1207336)studio.pdf(344497);centre.doc(1185799);credited.doc(773676)unpredictable.txt(1937846),8955593,25,0.9999996551725328,0.0,0.15
HJO0779,2010-01-04,33,33,0,0,saskatchewan.txt(1289270)saskatchewan.txt(1289270)covered.txt(539811)spent.jpg(897048)formations.pdf(1341119);mentioned.txt(845594)competition.pdf(377777)competition.pdf(377777)mourners.txt(847781)front.txt(505435);federal.pdf(1418689)mourners.txt(847781)front.txt(505435);federal.pdf(1418689),13493762,23,0.9999996969697887,0.0,0.15
HJO1239,2010-01-04,5,5,0,0,solange.txt(493161);trunks.txt(63125)solange.txt(493161);trunks.txt(63125),1294527,4,0.9999980000040001,0.0,0.15
HJR0841,2010-01-04,4,4,0,0,scientific.jpg(1448569);nine.txt(1374050),2945151,4,0.9999975000062501,0.0,0.15
HJS0909,2010-01-04,23,23,4,0,conditions.jpg(650775)syndicated.exe(1728556);facto.exe(1006967);proceedings.exe(123992)be.exe(1168347)upon.doc(1226955)became.exe(613511)prince.jpg(985817)ahmose.txt(617716);prince.pdf(1174491)more.txt(1199558);club.zip(1279521);assistance.txt(689745);hesitation.doc(872720);carrying.doc(58387);ten.zip(926375);little.zip(1437625),16501482,21,0.9999995652175804,0.0,0.15
HJW0947,2010-01-04,27,27,0,0,happened.doc(1842156)prince.jpg(317402)effectively.doc(2574558);then.pdf(1719752),7265331,22,0.9999996296297669,0.0,0.15
HJW1371,2010-01-04,4,4,1,0,online.zip(590186);reported.exe(1897212),2584644,3,0.9999975000062501,0.0,0.15
HKF1921,2010-01-04,2,2,0,0,until.pdf(1300968);imposed.exe(1390316)beasts.jpg(905707);shield.jpg(1603020),5254275,2,0.9999950000249999,0.0,0.15
HKK0881,2010-01-03,14,14,0,14,led.zip(1042666);nio.txt(1146835),2569968,13,0.9999992857147959,0.0,0.15
HKK0881,2010-01-04,24,24,0,0,2006.jpg(1470093);nearby.doc(123247)chaos.txt(332528)focus.pdf(1014245);typifying.pdf(296794);before.exe(80421);their.txt(577495)policy.jpg(103205)larger.doc(593664);who.doc(972343)notional.jpg(933970)blues.doc(1064991)title.txt(408966)annexation.jpg(1121404),9847457,21,0.9999995833335069,0.0,0.15
HKR1291,2010-01-04,33,33,4,0,together.jpg(513723)losing.txt(1179303)and.doc(825393)to.doc(1135542)recolonization.doc(103059);2010.jpg(269651);investigation.jpg(101608);resumed.zip(950798);17.doc(104217)july.txt(573687)eat.exe(1073352);swathe.zip(1065888);alex.zip(252927)lost.jpg(1681522);figure.exe(682105);until.doc(1107246);force.exe(213431);if.exe(208003);past.doc(1161054);whole.exe(1069583)case.exe(1590636)served.txt(1824593);reaches.jpg(999790);mouth.zip(36937)through.txt(544524),20229568,28,0.9999996969697887,0.0,0.15
HKW1530,2010-01-04,5,5,1,0,spread.doc(1417863)formerly.txt(1172207);formerly.zip(968760);following.zip(861301)six.jpg(13028);additionally.jpg(938359);ankle.doc(386376);known.zip(1119920)nominally.exe(837910);modelled.txt(395233);an.jpg(1542855);reign.pdf(928555);includes.jpg(954180),11695421,4,0.9999980000040001,0.0,0.15
HKW1995,2010-01-04,21,21,0,0,defenders.zip(81865)however.jpg(255501)waves.zip(1379705)numbers.pdf(1583225);no.pdf(1802636)theatre.pdf(604013)with.txt(1017497);t.pdf(121690);approximately.txt(189294)tourists.zip(1494368)misattributed.exe(1312616),10391672,17,0.9999995238097505,0.0,0.15
HLG1851,2010-01-02,3,3,3,3,,108450,3,0.9999966666777778,0.0,0.15
HLG1851,2010-01-03,4,4,0,4,485.txt(382299);mobile.exe(129823),637398,4,0.9999975000062501,0.0,0.15
HLG1851,2010-01-04,7,7,0,0,incoming.doc(1311195);lowered.doc(1706869);shadows.zip(1112486),4317763,6,0.9999985714306123,0.0,0.15
HLH0682,2010-01-04,42,42,12,0,narrowly.txt(82176)setting.zip(391467)used.zip(400474)carrying.doc(453829);launched.doc(710123);finally.pdf(880804);called.jpg(101807);just.exe(1562508);gundalow.txt(884907)reading.doc(181542);until.exe(644960)lost.pdf(1934400);lost.txt(416925);48.jpg(69371)prince.exe(2664026)british.txt(822247);marked.exe(245312),13681128,26,0.9999997619048185,0.0,0.15
HLL1488,2010-01-04,40,40,2,0,2006.jpg(1475046)undergo.zip(1570946);returned.exe(1571215)elements.jpg(964109)capital.pdf(1185218)eight.pdf(1163434)failed.zip(816571)superior.jpg(787257);elements.exe(1294028),11999645,35,0.9999997500000625,0.0,0.15
HMC1322,2010-01-04,9,9,0,0,descending.txt(437912);winner.doc(416341),1126104,9,0.9999988888901234,0.0,0.15
HMC1677,2010-01-02,1,1,0,1,,14804,1,0.9999900000999989,0.0,0.15
HMC1677,2010-01-04,4,4,0,0,local.doc(984273);mixed.zip(713253);perception.exe(950567);phrase.exe(1330760),4096279,4,0.9999975000062501,0.0,0.15
HMC1847,2010-01-02,33,33,0,33,head.zip(349435)14th.exe(1052191)head.zip(349435)14th.exe(1052191)eight.zip(91356)eight.zip(91356)among.jpg(1474783)among.jpg(1474783)one.jpg(38380)one.jpg(38380)days.txt(1122083);narrative.txt(1133090);innovative.txt(17543);gualtiero.txt(388810);time.pdf(910439);excerpt.txt(242227);very.pdf(198409)days.txt(1122083);narrative.txt(1133090);innovative.txt(17543);gualtiero.txt(388810);time.pdf(910439);excerpt.txt(242227);very.pdf(198409)while.doc(482581)while.doc(482581),16079046,16,0.9999996969697887,0.0,0.15
HMC1847,2010-01-04,56,56,0,0,challenged.txt(1069850)challenged.txt(1069850)very.pdf(1189681)very.pdf(1189681)continue.exe(114885);toys.txt(282608)continue.exe(114885);toys.txt(282608)causes.doc(1249342)responding.doc(1064884)1930.zip(1005482),10278449,36,0.9999998214286032,0.0,0.15
HMD1505,2010-01-04,39,39,1,0,has.txt(1077047);re.exe(461661)4.zip(345798);3500.exe(406662);truthful.jpg(1382694)middle.zip(1980665)capital.pdf(1185218)spotted.doc(947727);joseph.exe(810523);got.exe(6543);show.zip(1309542)replied.pdf(316225);bus.doc(939057);301.txt(1100162)dead.jpg(504242)essential.txt(477590)arrested.zip(916147)superior.jpg(787257);elements.exe(1294028)costumes.pdf(1062374)musical.exe(1275200)defeating.pdf(1260720);well.txt(364449),21500384,34,0.9999997435898093,0.0,0.15
HMH1596,2010-01-04,7,7,0,0,lessens.doc(277946);indicates.zip(1228578)lessens.doc(277946);indicates.zip(1228578),3241218,6,0.9999985714306123,0.0,0.15
HMI1448,2010-01-02,18,18,12,18,alien.txt(1577846);eighth.jpg(1640634)alien.txt(1577846);eighth.jpg(1640634)undefeated.exe(270875)undefeated.exe(270875)2.doc(779982);where.doc(511324);three.jpg(1029334);towards.doc(61987);fact.txt(657566);demotion.jpg(666804);2.txt(1298073)2.doc(779982);where.doc(511324);three.jpg(1029334);towards.doc(61987);fact.txt(657566);demotion.jpg(666804);2.txt(1298073),17537664,9,0.9999994444447531,0.0,0.15
HMI1448,2010-01-03,4,4,1,4,,99514,3,0.9999975000062501,0.0,0.15
HMI1448,2010-01-04,39,39,1,0,television.txt(562095);forced.jpg(1116878)1990.doc(4482)early.jpg(267290)early.jpg(267290)participate.doc(1389649);signs.zip(90040)participate.doc(1389649);signs.zip(90040)commodore.jpg(557999);convert.jpg(281723);spring.txt(1380532)commodore.jpg(557999);convert.jpg(281723);spring.txt(1380532)be.doc(816088)reached.txt(1742549)reached.txt(1742549)application.zip(527379);though.jpg(1775794)lying.txt(644013);near.exe(1363118);humane.doc(192817);suvorin.txt(1233040);uncle.doc(885111);lying.jpg(1699080);painted.txt(1960585);an.pdf(475735);humane.exe(337487),26260433,23,0.9999997435898093,0.0,0.15
HMK0653,2010-01-04,6,6,0,0,value.txt(972963);soon.zip(352124)complete.exe(803767)2005.jpg(695048);prior.zip(338447),3322962,6,0.9999983333361112,0.0,0.15
HMM1058,2010-01-04,6,6,0,0,sent.exe(416572);rough.zip(797594),1372709,6,0.9999983333361112,0.0,0.15
HMS1658,2010-01-04,9,9,0,0,processes.pdf(152905);tage.jpg(445379),794567,9,0.9999988888901234,0.0,0.15
HMW0602,2010-01-02,3,3,2,3,needed.exe(1826540);unable.exe(1040353)needed.exe(1826540);unable.exe(1040353),5807357,2,0.9999966666777778,0.0,0.15
HMW0602,2010-01-04,8,8,0,0,wildlife.jpg(215265);materials.pdf(1405205),1880660,6,0.9999987500015626,0.0,0.15
HND1098,2010-01-04,4,4,1,0,,137835,2,0.9999975000062501,0.0,0.15
HNJ0638,2010-01-03,30,30,0,30,inspire.exe(879726)inspire.exe(879726)not.doc(547239);played.pdf(1359359)not.doc(547239);played.pdf(1359359),6466600,15,0.9999996666667778,0.0,0.15
HNJ0638,2010-01-04,42,42,0,0,confidence.pdf(115902);115.jpg(1220574);directly.jpg(655927);western.zip(1926023);underwent.txt(992695)contrast.exe(234100)reliable.zip(1532439);joseph.zip(74294)sources.exe(1610307);benefited.jpg(285378);back.zip(1765276);priest.zip(1083420);fact.txt(128481);fact.doc(1632981)sources.exe(1610307);benefited.jpg(285378);back.zip(1765276);priest.zip(1083420);fact.txt(128481);fact.doc(1632981)largely.doc(606853),21606759,26,0.9999997619048185,0.0,0.15
HNJ1407,2010-01-04,22,22,1,0,off.jpg(1345916),1881204,18,0.9999995454547521,0.0,0.15
HNP1152,2010-01-04,31,31,2,0,16th.pdf(2040601);imposed.exe(1001553)this.pdf(589199)once.jpg(567026);contemplation.jpg(532236)perished.jpg(1366704)faculty.pdf(1097518)must.pdf(2484226);and.jpg(867924),11442890,27,0.9999996774194589,0.0,0.15
HNR0874,2010-01-04,12,12,0,0,located.txt(1160306);live.doc(642121)made.pdf(585402)he.txt(545727);either.pdf(1928076)observed.jpg(1243437);significant.exe(1033495)par.zip(753084);14.txt(687681)carefree.jpg(1455447);faced.zip(1968476);experimented.exe(627998)16.doc(1202622),14227131,12,0.9999991666673611,0.0,0.15
HOD1010,2010-01-04,32,32,4,0,plot.pdf(566920);failure.doc(1090180);facility.txt(1053814)neither.pdf(1046040);1968.zip(975633);21.pdf(656195);21.zip(1631798);harassment.doc(437859)segundo.jpg(697237);too.jpg(1097754)while.jpg(1239799);plains.exe(123143)saying.pdf(1084502);luxembourg.exe(262272)most.doc(1029000);may.doc(288991);indicated.zip(362081),14655497,31,0.9999996875000976,0.0,0.15
HOS1349,2010-01-04,30,30,9,0,howard.zip(187156);from.pdf(531506);6.doc(477617)girder.jpg(766661);left.pdf(379481)estimated.txt(2029713)beset.doc(506240),5768618,21,0.9999996666667778,0.0,0.15
HPC1404,2010-01-04,31,31,2,0,minor.txt(65741);des.pdf(1696740);series.txt(990349)helm.txt(1019837);federation.zip(74468);those.zip(953695);days.txt(678783);world.jpg(1076259);proving.zip(911786);north.txt(288837);days.doc(21373)simply.doc(1490068);different.pdf(162230),10315892,27,0.9999996774194589,0.0,0.15
HPC1941,2010-01-04,43,43,9,0,shaky.doc(1301589)those.txt(239442)down.doc(998644)important.pdf(595298);forum.pdf(1272205)833.zip(641235);heights.txt(359614)has.txt(1779826)six.txt(1227241)12.pdf(194875);alter.jpg(1029722);12.txt(801920)them.exe(364780)main.txt(1033420)later.jpg(160639);rendering.exe(531219)crimes.pdf(2197655)34.pdf(1219139);david.doc(1027109)coal.jpg(369201);kucinich.pdf(488896)technical.jpg(856296);never.pdf(1072481);going.doc(14211);political.doc(37216),21131405,40,0.9999997674419144,0.0,0.15
HPM0360,2010-01-04,24,24,5,0,publicity.doc(1648625)sentenced.txt(942129);this.txt(755523),4032015,20,0.9999995833335069,0.0,0.15
HQG0905,2010-01-04,45,45,6,0,advisories.jpg(69448)winter.txt(1636411);not.doc(755787)beginning.doc(776437)better.exe(113692);jump.pdf(668689);championship.exe(1330664);championship.doc(927285);rumours.pdf(100775);alan.jpg(1489416)than.pdf(1805171);mood.jpg(1406515);yet.jpg(717443)died.txt(1536323)down.exe(879569)introduced.jpg(628641)leading.doc(1124312);43.zip(1092717)whole.zip(602211)enemy.zip(204098);proponent.zip(597987);fifty.txt(739419)office.doc(153616)end.zip(1013780)along.doc(338362);died.jpg(921385);austria.doc(767351),23803584,41,0.9999997777778271,0.0,0.15
HRB1725,2010-01-04,43,43,9,0,passing.zip(2042431);suspended.exe(645883);niue.jpg(672918);contact.pdf(1086055)cinematic.zip(287541)1030.doc(828496)ibn.exe(947008);purpose.pdf(1069916);purpose.txt(1539291)same.pdf(89561);larry.doc(764267);relationship.zip(1433162);well.pdf(2012741)half.txt(177403);secure.pdf(1515829)after.doc(764152)duties.pdf(360709);formerly.zip(402598);barda.exe(228251)president.zip(293444);author.doc(1453788);test.txt(81751)modern.jpg(1248494)cirriform.doc(865807)filewilliam.exe(1324213)story.txt(824818)hence.zip(1902407),26197765,34,0.9999997674419144,0.0,0.15
HRC0776,2010-01-04,21,21,0,0,live.exe(956055);bought.jpg(469741);praised.zip(421024);those.txt(579085)c.pdf(763193);added.txt(623929)vary.doc(983411);indicate.jpg(820272);separate.zip(1539487),7765660,20,0.9999995238097505,0.0,0.15
HRC0977,2010-01-04,24,24,2,0,western.doc(1717629),2360083,22,0.9999995833335069,0.0,0.15
HRE0297,2010-01-04,22,22,0,0,help.txt(273059);decision.txt(1648127);french.exe(794166);forgotten.zip(699586);nourishes.doc(867487);19.txt(43639);forgotten1.zip(606879);help.jpg(1430050)september.pdf(1047238);reform.jpg(459728);last.txt(386105)back.doc(979276);6000.exe(1058388)staff.doc(90192)totalled.jpg(94598);token.doc(519356)used.doc(45050)used.doc(45050),11689275,16,0.9999995454547521,0.0,0.15
HRE1950,2010-01-02,15,15,0,15,division.zip(999282);disavowal.zip(1347720);4.txt(1822528)expanded.exe(1198208)perennial.doc(268861)formed.pdf(1072669);destroyed.jpg(743058)wide.exe(886506)down.doc(998644),9809816,15,0.9999993333337778,0.0,0.15
HRE1950,2010-01-03,17,17,1,17,18.doc(2141822)indeed.doc(353494)shaky.doc(1301589),4290262,17,0.9999994117650519,0.0,0.15
HRE1950,2010-01-04,41,41,3,0,august.jpg(1158972)one.doc(989720);escape.jpg(1457433);setbacks.jpg(58591);service.exe(1150670);oaks.doc(119621)lost.txt(1698176);northeast.jpg(275773)relief.zip(1413522);other.pdf(1190457)34.pdf(1219139);david.doc(1027109)cables.pdf(680887);loft.zip(1251150)relieved.exe(771870);secretly.zip(1455544);1893.txt(126578);period.exe(73214);1893.doc(795004)home.doc(1334722)grew.jpg(616116)find.exe(888910);avoid.txt(1467413)towards.doc(1189648);long.jpg(1144732)actually.pdf(328256);section.exe(1443423)britains.jpg(407973);1902.jpg(1020593)father.exe(831768);born.exe(1431328);same.zip(1104851);faux.exe(2134125);same1.zip(1127991);2009.doc(561946);adams.doc(591813);faux.doc(716190),36368580,36,0.9999997560976204,0.0,0.15
HRG0957,2010-01-04,37,37,0,0,1974.pdf(2517883);would.doc(1993791);respectively.jpg(16031)mixed.exe(208924);outer.txt(783181)prince.doc(2039866);ahmose.doc(785070)embrace.txt(1633872)dr.jpg(1188038);period.pdf(835175)1930.zip(1620989)established.jpg(518517)small.doc(312431)ahmose.txt(33065);prince.exe(358945);prince.pdf(798924);prince.txt(256961);ankh.exe(14416)741.doc(688483)alexander.exe(804667),18476908,29,0.9999997297298027,0.0,0.15
HRR0079,2010-01-04,27,27,0,0,fisher.exe(857941)abandoned.zip(396086)prince.jpg(627812)school.doc(441438);unrest.jpg(80365);view.zip(547855)james.jpg(791052);jack.doc(141462);polish.pdf(2059786);land.exe(1420456);props.txt(325446);2009.jpg(9459);more.doc(1027863)first.pdf(1659973);enforcement.jpg(437290),11705639,21,0.9999996296297669,0.0,0.15
HRR1154,2010-01-02,9,9,0,9,randegger.zip(678515)six.doc(325105);he.jpg(273338),1481511,9,0.9999988888901234,0.0,0.15
HRR1154,2010-01-04,26,26,0,0,1.doc(2125675);handling.txt(1197151)course.pdf(2028075);23.exe(243817)connect.pdf(354995)mate.txt(633464)eventually.pdf(857572);announced.jpg(374816);pregnant.zip(916999);december.zip(806437)how.pdf(578798)kelly.zip(395935)atlantic.zip(79411);1940.doc(2252614);reviewed.zip(58707)parliament.jpg(212665)virtually.jpg(1540657),15560136,20,0.9999996153847633,0.0,0.15
HRT0984,2010-01-02,19,19,0,19,introduced.exe(2147346);same.exe(1693132)introduced.exe(2147346);same.exe(1693132)close.txt(221627);away.zip(1056085);eyes.jpg(1036855),10482727,10,0.9999994736844876,0.0,0.15
HRT0984,2010-01-04,27,27,0,0,earliest.doc(1823753);earliest.pdf(1405190);earliest.zip(306755)congress.zip(1455920);consequences.zip(641504)use.doc(1964720)anti.doc(1711146)spraying.pdf(1064339);leading.doc(1138843)sighted.txt(787602),13084932,18,0.9999996296297669,0.0,0.15
HSF1115,2010-01-04,7,7,0,0,fifth.doc(419801);events.jpg(937168)case.jpg(728951),2258292,7,0.9999985714306123,0.0,0.15
HSG1585,2010-01-04,5,5,2,0,removal.exe(509751);2.zip(2536668)promoting.jpg(346970);years.doc(1074995);reefs.zip(442391)whole.zip(602211),5650219,5,0.9999980000040001,0.0,0.15
HSH1102,2010-01-04,12,12,0,0,fusion.doc(1154361);village.pdf(1277875)soul.pdf(264111);philosophy.doc(582486);saptibhag.exe(264173)1967.doc(1166662),5038646,10,0.9999991666673611,0.0,0.15
HSK0369,2010-01-04,16,16,2,0,robert.pdf(725582);suddenly.pdf(865995);hence.jpg(207917);crew.jpg(1227345);oriented.jpg(355385);addition.zip(1782686);oath.exe(1127334);commercial.pdf(834016);waiting.exe(853171)dictate.doc(516461);declared.pdf(1740771)readily.txt(437778),11135909,13,0.9999993750003906,0.0,0.15
HSK0479,2010-01-04,21,21,3,0,news.zip(808845)lights.jpg(1009322),2358232,20,0.9999995238097505,0.0,0.15
HSN0675,2010-01-04,42,42,15,0,access.zip(140256);announced.exe(683592)especially.jpg(540124)disaster.exe(1029517);repairs.doc(989469);assisted.exe(22010)under.txt(187217)elizabeth.exe(676104)spring.doc(841669);sufferers.zip(1688630)milton.pdf(307823)worked.zip(1973462)very.exe(195639);km2.doc(496011);buried.doc(761113);accepted.jpg(762336),12500708,37,0.9999997619048185,0.0,0.15
HST0084,2010-01-02,18,18,4,18,300.pdf(1841764)300.pdf(1841764)meat.txt(843285)meat.txt(843285)form.zip(1074157)form.zip(1074157)scientists.jpg(933636);them.zip(420888);papers.jpg(64892)scientists.jpg(933636);them.zip(420888);papers.jpg(64892)20.zip(302934)20.zip(302934),11547262,9,0.9999994444447531,0.0,0.15
HST0084,2010-01-03,18,18,0,18,quincy.doc(2618129)quincy.doc(2618129)depression.txt(1448774);depression1.txt(906609)depression.txt(1448774);depression1.txt(906609)dominate.exe(1080640);fries.jpg(1908293)dominate.exe(1080640);fries.jpg(1908293)indies.jpg(270012)indies.jpg(270012)printed.doc(440193);their.pdf(830855);may.exe(1400723)printed.doc(440193);their.pdf(830855);may.exe(1400723)american.pdf(884750);organized.doc(1029032)american.pdf(884750);organized.doc(1029032),26113378,9,0.9999994444447531,0.0,0.15
HST0084,2010-01-04,23,23,0,0,studies.doc(1071714),1720643,12,0.9999995652175804,0.0,0.15
HSV0878,2010-01-04,11,11,0,0,65.jpg(1054891)north.jpg(1297437);per.txt(846301);commercial.doc(597849)equivalent.exe(664656),4751443,10,0.9999990909099173,0.0,0.15
HTB0444,2010-01-04,26,26,3,0,billion.pdf(2262810);system.pdf(423406);equivalent.txt(533254)properties.jpg(668008)vincent.exe(1168403)soft.jpg(446944);maximum.pdf(195125);boeing.zip(540493)rift.pdf(35171)soft.jpg(446944);maximum.pdf(195125);boeing.zip(540493)en.txt(1100553);together.pdf(420699);sure.doc(1603216);together.doc(2125876);hour.zip(592875);car.doc(19249)en.txt(1100553);together.pdf(420699);sure.doc(1603216);together.doc(2125876);hour.zip(592875);car.doc(19249)inch.exe(699117)inch.exe(699117),21476445,19,0.9999996153847633,0.0,0.15
HTH1001,2010-01-04,18,18,0,0,main.doc(1448712);two.exe(1503218)show.pdf(727914);or.doc(561431)all.pdf(1000975);twelve.exe(1690382);objecting.txt(452407);am.exe(1141383);along.jpg(243038)lee.jpg(52576);44.exe(22047)afternoon.zip(79593);eight.doc(501731)it.exe(1864104)lower.jpg(1581641),13399018,15,0.9999994444447531,0.0,0.15
HTM1498,2010-01-02,30,30,0,30,brett.jpg(535131)brett.jpg(535131)new.exe(400274);some.jpg(452520);exchange.txt(598129)new.exe(400274);some.jpg(452520);exchange.txt(598129)months.zip(2465090);pierce.exe(517067);consistently.doc(1569987)months.zip(2465090);pierce.exe(517067);consistently.doc(1569987)along.jpg(1600732)along.jpg(1600732)mid.exe(1854124)mid.exe(1854124),20792994,15,0.9999996666667778,0.0,0.15
HTM1498,2010-01-03,30,30,0,30,,921518,14,0.9999996666667778,0.0,0.15
HTM1498,2010-01-04,43,43,4,0,move.txt(193564);december.jpg(301916);ignored.zip(930755);resume.jpg(322167)move.txt(193564);december.jpg(301916);ignored.zip(930755);resume.jpg(322167)post.doc(783307)post.doc(783307)the.doc(1236359);conservation.zip(2032841)assessed.exe(745758);153.doc(719913)the.doc(1236359);conservation.zip(2032841)assessed.exe(745758);153.doc(719913)any.exe(1639969)any.exe(1639969)failed.zip(816571)program.zip(316099),20292632,27,0.9999997674419144,0.0,0.15
HTR0239,2010-01-04,51,51,8,0,rather.zip(695099)short.exe(1917047);december.doc(64387)jersey.pdf(805170)whitehall.zip(107275)st.pdf(1034839);numbering.txt(206394);october.txt(1152238);another.jpg(775438)a.pdf(1124395);has.txt(398196);than.jpg(944868);they.zip(906558)clearing.pdf(72077);before.exe(464538);phil.txt(1300470)main.zip(1335767),14913170,36,0.999999803921607,0.0,0.15
HTS0762,2010-01-04,21,21,0,0,rail.jpg(863293)contains.doc(882993)127.doc(286295)contributed.exe(305360);anna.pdf(582153);leaders.jpg(818370)represents.txt(1611991),5982608,17,0.9999995238097505,0.0,0.15
HUM0973,2010-01-04,19,19,6,0,eight.doc(2920721)kingdom.exe(1907861);people.txt(846952);ubiquity.doc(1186273)heart.doc(491802);flags.exe(2082380);newspaper.exe(900302);48.exe(1840955);submit.pdf(735162);seconds.zip(1154730);denial.txt(518233);needless.pdf(1608393)further.doc(506699);introducing.pdf(1245910)christmas.exe(303865),18845927,17,0.9999994736844876,0.0,0.15
HVL1679,2010-01-04,4,4,0,0,monetary.zip(957437);satisfy.doc(1978396)bishop.zip(465769),3513828,4,0.9999975000062501,0.0,0.15
HVM1288,2010-01-04,65,65,3,0,architectural.txt(663899)need.txt(1014853)immediately.txt(973143);seven.pdf(983966)eventually.txt(1946788)recolonization.doc(103059);2010.jpg(269651);investigation.jpg(101608);resumed.zip(950798);17.doc(104217)july.txt(573687)no.exe(474002)much.txt(1178912);changing.pdf(1791417);land.txt(1098404)much.txt(1178912);changing.pdf(1791417);land.txt(1098404)60.doc(364623)rocky.jpg(1174439);all.jpg(550770)richards.txt(2460114);entry.pdf(501563);they.zip(172904)richards.txt(2460114);entry.pdf(501563);they.zip(172904)petawawa.exe(1520545)british.doc(852887)employed.pdf(455249)advantage.exe(1639859)advantage.exe(1639859)opposed.doc(1062300);teaching.zip(1081310);harsh.zip(1540698)results.txt(460209),36861409,40,0.9999998461538697,0.0,0.15
HWR1573,2010-01-02,1,1,1,1,promoting.jpg(346970);years.doc(1074995);reefs.zip(442391),1898057,1,0.9999900000999989,0.0,0.15
HWR1573,2010-01-03,1,1,0,1,,38901,1,0.9999900000999989,0.0,0.15
HWR1573,2010-01-04,3,3,0,0,,99405,3,0.9999966666777778,0.0,0.15
HWS0101,2010-01-04,13,13,0,0,,439464,13,0.9999992307698226,0.0,0.15
HWS1772,2010-01-04,20,20,0,0,also.doc(1613770)decided.doc(1182474);nixon.txt(1292024)already.jpg(1162766);specific.txt(663800)undiminished.zip(155800);golden.txt(1826211);wide.exe(1418615)during.pdf(55411),9910699,16,0.9999995000002501,0.0,0.15
HXP0976,2010-01-04,29,29,3,0,gets.zip(847001)recognize.zip(808612)immediate.jpg(364819)guns.jpg(899403);officials.exe(1486715)did.doc(66659)1972.doc(1608180);heading.jpg(124134)suggested.exe(1112283)female.exe(827495),9021297,27,0.9999996551725328,0.0,0.15
HYA0368,2010-01-04,29,29,0,0,elaborated.txt(721160);showed.exe(105368)elaborated.txt(721160);showed.exe(105368)mikhail.zip(817090)money.jpg(911842);leslie.jpg(744027),4913159,18,0.9999996551725328,0.0,0.15
HYV0848,2010-01-04,6,6,0,0,sauce.txt(262006);boiled.doc(605655),1046155,6,0.9999983333361112,0.0,0.15
IAC0825,2010-01-04,6,6,0,0,confront.doc(503892);difficulties.doc(59250);funds.pdf(9987);difficulties.exe(1059538),1835065,6,0.9999983333361112,0.0,0.15
IAG1051,2010-01-04,6,6,1,0,will.zip(763617);understand.exe(1047916),1989240,6,0.9999983333361112,0.0,0.15
IAH1241,2010-01-04,4,4,0,0,notable.txt(172109),272243,3,0.9999975000062501,0.0,0.15
IAH1755,2010-01-04,7,7,0,0,casualties.pdf(937853)momentarily.pdf(1328077);today.doc(902866),3380446,7,0.9999985714306123,0.0,0.15
IAJ1729,2010-01-04,42,42,3,0,paul.zip(968816)reported.jpg(1684040);farmers.zip(116957);border.exe(1021524);known.exe(901422)after.doc(764152)27.txt(635351)involved.zip(715722);this.jpg(1017583);role.jpg(682728);but.txt(77602);range.jpg(621236);cannot.pdf(281376);speed.doc(115690)deposited.txt(2042327);5.jpg(1502787)next.txt(104442)1942.doc(1085210);starring.jpg(1865314);games.zip(703252),18043861,36,0.9999997619048185,0.0,0.15
IAM1913,2010-01-04,5,5,0,0,lungs.txt(459480),615887,5,0.9999980000040001,0.0,0.15
IAR0301,2010-01-04,14,14,0,0,criticism.zip(766295)deployed.exe(461748)wine.txt(1373468);stranger.jpg(1093400)100000.doc(758433),4879085,12,0.9999992857147959,0.0,0.15
IBH1267,2010-01-04,9,9,2,0,resolves.jpg(1558821);darker.pdf(2080688),3877152,7,0.9999988888901234,0.0,0.15
IBR0131,2010-01-02,22,22,0,22,etymology.jpg(753435)etymology.jpg(753435)contract.zip(209434);robbed.txt(130644);re.doc(490234)contract.zip(209434);robbed.txt(130644);re.doc(490234),3917994,8,0.9999995454547521,0.0,0.15
IBR0131,2010-01-03,22,22,0,22,it.doc(759766)it.doc(759766)continually.pdf(704943)continually.pdf(704943),3625266,11,0.9999995454547521,0.0,0.15
IBR0131,2010-01-04,21,21,0,0,currently.txt(435742)currently.txt(435742),1566200,11,0.9999995238097505,0.0,0.15
IBS1682,2010-01-04,2,2,0,0,,59076,2,0.9999950000249999,0.0,0.15
ICB1354,2010-01-04,9,9,2,0,their.pdf(2151634)removed.zip(99652);meet.exe(826108);eventually.jpg(1525598),4841396,9,0.9999988888901234,0.0,0.15
ICB1890,2010-01-02,1,1,1,1,,22701,1,0.9999900000999989,0.0,0.15
ICB1890,2010-01-04,33,33,7,0,excellent.jpg(566376);convinced.pdf(136175)balance.jpg(963388)absence.pdf(1559501);enlistments.doc(843330)frontenac.exe(804566),5983964,16,0.9999996969697887,0.0,0.15
ICH1810,2010-01-04,1,1,0,0,exhibition.zip(917272),935257,1,0.9999900000999989,0.0,0.15
ICM0537,2010-01-04,23,23,7,0,campaigns.zip(965421);brown.zip(431568)majority.pdf(719226);york.jpg(516330);2nd.exe(1561981)reached.pdf(380519);found.txt(1707900);quainton.jpg(301029);lnwr.zip(1931936);meet.txt(1779140);travelled.exe(197835);factory.pdf(349047)instead.jpg(413634)congress.txt(471276)prince.txt(513443);prince.doc(82383)beginning.jpg(1764150)left.zip(816363)possibly.pdf(952299),16595671,22,0.9999995652175804,0.0,0.15
ICP1063,2010-01-04,32,32,3,0,industry.txt(375234)appealing.doc(1383304)eaten.jpg(657678);epics.txt(168013)each.zip(157092);decision.doc(1227459)february.pdf(792058);john.txt(373305);nielsen.doc(1085309)for.jpg(173013)also.jpg(1300463);receiving.txt(1003919)goods.doc(2608210)same.txt(841736);program.jpg(1422156);while.txt(1000031);abandoned.exe(1069499);showcases.pdf(1497420);abandoned.zip(1249551),19331932,27,0.9999996875000976,0.0,0.15
ICS1248,2010-01-04,3,3,0,0,fusion.doc(1154361);village.pdf(1277875),2547507,3,0.9999966666777778,0.0,0.15
ICW0083,2010-01-04,32,32,0,0,printed.doc(440193);their.pdf(830855);may.exe(1400723)american.pdf(884750);organized.doc(1029032)300.pdf(1841764)is.pdf(769159);belatedly.zip(571105)studies.doc(1071714)spear.jpg(735835)approached.txt(1006719);st.doc(1104822)numerous.txt(966009);begins.pdf(370352)overall.txt(1106584);interceptor.doc(74838);entirely.pdf(1307826);world.doc(618707);8.jpg(249876),17244875,29,0.9999996875000976,0.0,0.15
IDB0843,2010-01-03,1,1,0,1,,20755,1,0.9999900000999989,0.0,0.15
IDB0843,2010-01-04,2,2,0,0,,86713,2,0.9999950000249999,0.0,0.15
IDC0249,2010-01-04,39,39,0,0,frontier.pdf(1262139)from.pdf(41377)northeast.zip(150092)which.doc(1239442)which.doc(1239442)confronted.exe(42916);belted.pdf(141527);reviewed.exe(524898);subject.jpg(1356734);balance.zip(366061);philip.pdf(1505269);subject.pdf(3360784);euphoria.doc(628113);required.pdf(1556007),14587062,30,0.9999997435898093,0.0,0.15
IDC1744,2010-01-04,6,6,0,0,,151107,6,0.9999983333361112,0.0,0.15
IDC1775,2010-01-04,26,26,0,0,many.doc(1556877)many.doc(1556877)because.zip(1892162);closed.doc(270215)new.doc(63652)main.zip(838767);situated.jpg(66602)main.zip(838767);situated.jpg(66602),7927414,18,0.9999996153847633,0.0,0.15
IDW1713,2010-01-04,50,50,9,0,jr.exe(601226)than.jpg(1207578)865.pdf(933630)twenty.jpg(1206958)27.txt(635351)involved.zip(715722);this.jpg(1017583);role.jpg(682728);but.txt(77602);range.jpg(621236);cannot.pdf(281376);speed.doc(115690)wife.txt(854713);dangerous.doc(934192)elements.txt(1158510)argued.txt(973936)first.pdf(1059856)whole.pdf(48526),14648082,42,0.99999980000004,0.0,0.15
IEH0412,2010-01-04,30,30,2,0,help.txt(972538);massive.zip(908874)container.txt(226263)speculative.jpg(625592);following.exe(1195595)speculative.jpg(625592);following.exe(1195595)old.txt(414541)old.txt(414541)should.txt(909339)should.txt(909339)supervising.doc(1914057)supervising.doc(1914057)sit.pdf(1097154),14294466,17,0.9999996666667778,0.0,0.15
IEL0302,2010-01-04,21,21,0,0,1969.jpg(151365);bring.jpg(757798);low.txt(1289438)modest.zip(1949518)keeping.exe(1306450)formerly.txt(374137);often.txt(440624);plans.zip(1337755)usually.txt(309353);april.jpg(456481);womens.pdf(927835);35000.doc(2009749);1994.jpg(1196914);ring.jpg(654631);thriving.jpg(1791207),15550510,20,0.9999995238097505,0.0,0.15
IEP0746,2010-01-04,33,33,2,0,better.exe(113692);jump.pdf(668689);championship.exe(1330664);championship.doc(927285);rumours.pdf(100775);alan.jpg(1489416)much.txt(1178912);changing.pdf(1791417);land.txt(1098404)prince.txt(714356)ankh.pdf(1243141);prince.jpg(515924);prince1.jpg(1685910)touch.txt(1786924);true.jpg(1068406)prince.txt(914312);prince1.txt(1252060);prince.doc(1699453);prince.jpg(1492320);prince2.doc(893751)greenwich.jpg(1518400),24469979,29,0.9999996969697887,0.0,0.15
IFD1761,2010-01-04,10,10,0,0,camping.txt(1645111)momentarily.pdf(1328077);today.doc(902866)police.txt(801592)directly.txt(417930),5370712,9,0.9999990000010001,0.0,0.15
IGG1571,2010-01-04,4,4,0,0,workers.zip(550585);key.txt(345041)satisfied.exe(906789);too.zip(2063761)satisfied.exe(906789);too.zip(2063761)begin.txt(1451213);banned.txt(1491015),9879612,2,0.9999975000062501,0.0,0.15
IGN0206,2010-01-04,13,13,0,0,progressively.exe(598410);characters.exe(747814)permit.pdf(126988)may.txt(1531476)1949.pdf(594794);water.txt(542193);plants.exe(758348);lengthy.txt(513459);believed.jpg(551572);property.txt(792217);never.jpg(538329);utterly.txt(1103820);resources.txt(28604),8889400,10,0.9999992307698226,0.0,0.15
IHC0561,2010-01-04,19,19,0,0,combined.exe(1422553)structures.pdf(518482);modern.txt(1366929)factions.jpg(1460261);energy.zip(895203),6262242,18,0.9999994736844876,0.0,0.15
IIM0781,2010-01-04,36,36,0,0,extended.txt(764827)separate.pdf(907075);chemical.zip(1071401);altogether.exe(1838406);closest.pdf(843359);rites.doc(426523);daniels.pdf(1651471)attention.pdf(1889916)average.txt(140499);advice.doc(2012018)several.doc(599755);july.txt(614732)interested.zip(99909)forty.zip(284722)forty.zip(284722)saw.jpg(528535);day.jpg(1971399);dressed.zip(1127233);due.pdf(2179438)saw.jpg(528535);day.jpg(1971399);dressed.zip(1127233);due.pdf(2179438)up.jpg(250140);british.zip(860111);international.exe(1456136);attended.doc(1169360),29897712,24,0.9999997222222993,0.0,0.15
IJM0603,2010-01-04,12,12,1,0,again.jpg(637992);regardless.exe(64351)reduced.exe(1555069)probably.pdf(965202);often.pdf(1473757);lack.jpg(830025);wigmunds.doc(24790);record.exe(1230936);record.pdf(1317759);described.doc(976122);neighbouring.doc(223638)speculative.jpg(625592);following.exe(1195595)old.txt(414541)emerged.jpg(1648029);seven.pdf(457024);dj.zip(1020785),15003812,10,0.9999991666673611,0.0,0.15
IJM1276,2010-01-04,41,41,0,0,tournament.exe(621080);final.pdf(631364)chemistry.exe(252021);equipment.zip(812785);really.zip(327700)took.zip(109430);series.doc(490665)futility.doc(795333)ammunition.exe(1785026);led.exe(519148)have.zip(887785)side.exe(850495);another.txt(1560196)defense.zip(524126)verified.exe(795766)time.doc(815288)rain.exe(531050);washington.pdf(753797)oats.zip(980361);elements.zip(760960);great.pdf(960036)recently.doc(2257288);1966.zip(116003),19302116,34,0.9999997560976204,0.0,0.15
IKB0691,2010-01-04,25,25,0,0,ensured.txt(260651)eastern.txt(1404651);genuine.exe(563476)tumbling.jpg(754762);approximately.exe(42130)far.zip(228337);shortly.doc(1081486);bankrupt.zip(1008741),6142409,20,0.99999960000016,0.0,0.15
IKS0136,2010-01-04,15,15,1,0,division.zip(999282);disavowal.zip(1347720);4.txt(1822528)holding.zip(1271808);center.pdf(926238);still.doc(1939012);ubiquitous.txt(740882)ball.jpg(1222920)attributes.doc(1687936),12417865,11,0.9999993333337778,0.0,0.15
IKW0174,2010-01-04,39,39,1,0,heroin.exe(938472);warners.pdf(173691)front.exe(866008);article.pdf(835501)slept.doc(94275);supposedly.txt(662703)premiered.exe(1427171)mandate.zip(1463034);departments.zip(843136);latter.pdf(797120);appointed.pdf(642185);successive.doc(1148715);appointed.zip(931762);tombalbaye.doc(1094146)later.exe(1512649)site.jpg(336499);higher.txt(121011),15032941,31,0.9999997435898093,0.0,0.15
IKW0678,2010-01-04,32,32,6,0,1779.txt(172324)1935.zip(125631)under.txt(187217)he.txt(545727);either.pdf(1928076)service.doc(502660);talk.pdf(40236);finalists.txt(541373);positively.doc(832535);abuse.exe(490196);time.txt(1478707)narrow.zip(760863);years.pdf(566492),9113419,28,0.9999996875000976,0.0,0.15
ILF0913,2010-01-04,19,19,5,0,ankh.zip(48514)now.doc(1384180)prince.txt(563188)relatively.doc(880396),3421701,17,0.9999994736844876,0.0,0.15
ILG0879,2010-01-04,12,12,0,0,many.jpg(1441928);amateur.doc(782731);much.jpg(295324)new.exe(525926)intensification.zip(1384948)observed.jpg(1243437);significant.exe(1033495)ascent.jpg(751660);eight.zip(1859806);26.pdf(254559),9976170,12,0.9999991666673611,0.0,0.15
ILH1564,2010-01-04,26,26,2,0,around.doc(1429400)still.doc(1425805);southern.pdf(1349083);retreating.zip(1906033)24.doc(565117)silently.zip(464448);are.exe(1252146)soon.jpg(520613)became.doc(1281782);gracious.txt(1080068);last.txt(232756)relax.doc(815821),13153726,21,0.9999996153847633,0.0,0.15
ILH1650,2010-01-04,9,9,0,0,,313420,8,0.9999988888901234,0.0,0.15
ILH2000,2010-01-04,17,17,0,0,spurred.zip(27251);1250.jpg(901360)from.exe(415342)snow.jpg(364287)blocks.zip(573876)theatre.pdf(604013),3437773,16,0.9999994117650519,0.0,0.15
ILJ0929,2010-01-04,27,27,0,0,known.jpg(929840)prime.doc(305653);mother.doc(670094);coup.zip(210390)are.pdf(224349)updates.zip(2048332);updates.exe(817206)pearsons.exe(1377485);1904.txt(854604)southward.doc(682896);annexation.jpg(900417);25.pdf(300412);start.zip(698801);highest.exe(1270487);combat.jpg(130959);100000.jpg(1049743);who.doc(1792358);southward1.doc(387374)name.zip(322601);enter.doc(1015865),16884122,24,0.9999996296297669,0.0,0.15
ILJ1816,2010-01-04,6,6,2,0,boatman.doc(605115);24.pdf(1008631)risky.jpg(837768),2644658,5,0.9999983333361112,0.0,0.15
ILM1441,2010-01-02,6,6,0,6,villa.exe(617651)villa.exe(617651)deaths.pdf(302159)deaths.pdf(302159),1984480,3,0.9999983333361112,0.0,0.15
ILM1441,2010-01-03,7,7,0,7,first.exe(1438296)first.exe(1438296),3104912,4,0.9999985714306123,0.0,0.15
ILM1441,2010-01-04,10,10,0,0,july.jpg(336297)july.jpg(336297),1025851,7,0.9999990000010001,0.0,0.15
ILR1613,2010-01-04,41,41,0,0,jackson.exe(825918);helped.txt(1397951)developers.jpg(912221);cannot.doc(132516)current.txt(1221681)inches.exe(1433578)34.txt(701899)previous.doc(1525223);16.txt(92408);its.zip(22019);length.txt(795517)centre.doc(1409742);held.jpg(765099)12.txt(160754);american.txt(1194406);chose.doc(2320464);seven.txt(1201850)misl.exe(586430),17932799,31,0.9999997560976204,0.0,0.15
IMC0133,2010-01-04,55,55,0,0,contract.zip(209434);robbed.txt(130644);re.doc(490234)excessive.doc(877458)raising.pdf(791884);raising.txt(401821),4632050,46,0.9999998181818511,0.0,0.15
IMR0323,2010-01-04,60,60,0,0,beginning.doc(776437)shortly.exe(1488791)has.pdf(666675);status.zip(1065520)unusual.txt(184686);great.doc(415200);occasionally.exe(1008595)jump.jpg(18238)had.doc(626889);thompson.pdf(180144);become.zip(2245478);house.txt(1431440);executive.pdf(967111)why.jpg(1607772);it.pdf(590857)going.doc(626621)professional.exe(756014)imaginary.zip(1262311);intent.zip(1165945);lyman.txt(14418);coolness.jpg(475678);culminated.txt(664266)protection.jpg(359077)their.pdf(889917)whole.zip(602211)merged.jpg(1399076)multiple.pdf(623211)10000.jpg(327151);tennessee.txt(1196120);ten.doc(1766418);twelve.zip(719202)eminently.exe(8935)office.doc(153616)1932.zip(337209);however.zip(1021279)secretary.exe(1200752),30788061,49,0.9999998333333611,0.0,0.15
INC0091,2010-01-04,25,25,0,0,within.txt(1373850);heavily.doc(16367)flagship.doc(405283);cause.pdf(558277)peaking.pdf(1044590)footsteps.zip(829673)heroin.exe(938472);warners.pdf(173691)prince.exe(397082)formerly.txt(1172207);formerly.zip(968760);following.zip(861301),9500671,24,0.99999960000016,0.0,0.15
INK1859,2010-01-04,14,14,0,0,elizabeth.exe(676104),1070040,13,0.9999992857147959,0.0,0.15
INW1064,2010-01-04,43,43,4,0,any.txt(2447416)called.jpg(918208)subject.jpg(364695)03.exe(1323083);criminals.zip(56805);criminals.txt(832415);influenced.exe(184511)february.pdf(792058);john.txt(373305);nielsen.doc(1085309)for.jpg(173013)settings.jpg(832858);reporting.doc(668265)seen.zip(849946);trip.jpg(2263663);funeral.txt(61174);level.txt(97760);units.exe(1158518);south.doc(1726634);got.jpg(1103339);mount.exe(908320);mount.pdf(350514)june.doc(506965)standards.exe(1130671);eastern.pdf(612959);main.pdf(246214);42.jpg(1643686),24024770,39,0.9999997674419144,0.0,0.15
IPF0550,2010-01-04,38,38,17,0,chapels.pdf(1071613);21.txt(727874)chapels.pdf(1071613);21.txt(727874)database.txt(2391029)database.txt(2391029)contact.pdf(1743040)alive.jpg(2227580)alive.jpg(2227580)bad.zip(1057527)bad.zip(1057527)speak.exe(903039);salaries.zip(431723);presence.zip(1926819)mossley.exe(1230146);glossy.jpg(568455)cars.txt(1240778);status.zip(1654840)guardian.zip(1292846),27159516,20,0.9999997368421745,0.0,0.15
IQB1745,2010-01-02,1,1,1,1,,27319,1,0.9999900000999989,0.0,0.15
IQB1745,2010-01-04,9,9,0,0,southern.txt(262677);southern.zip(1094838);out.jpg(931097)temporary.txt(1797184),4361053,8,0.9999988888901234,0.0,0.15
IQT0352,2010-01-02,20,20,1,20,modest.zip(1949518)modest.zip(1949518)on.doc(365366);width.doc(1039594)on.doc(365366);width.doc(1039594)us.zip(1377421)us.zip(1377421)through.exe(360723)through.exe(360723),10750059,11,0.9999995000002501,0.0,0.15
IQT0352,2010-01-03,19,19,2,19,acting.exe(1334210)acting.exe(1334210)game.exe(88852);left.zip(1949860)game.exe(88852);left.zip(1949860),7329257,10,0.9999994736844876,0.0,0.15
IQT0352,2010-01-04,37,37,1,0,walls.jpg(753224);run.jpg(1224522)1927.pdf(1932790)discovery.zip(1045742)longer.txt(605012)longer.txt(605012),7336082,26,0.9999997297298027,0.0,0.15
IRC1877,2010-01-04,9,9,1,0,than.txt(1784948);complaints.txt(1298995)elizabeth.exe(676104)elizabeth.exe(676104),4650343,7,0.9999988888901234,0.0,0.15
IRH1224,2010-01-02,18,18,0,18,1856.doc(510215);call.jpg(127140)1856.doc(510215);call.jpg(127140)badly.zip(1593987)badly.zip(1593987),5053468,8,0.9999994444447531,0.0,0.15
IRH1224,2010-01-03,19,19,2,19,,538851,9,0.9999994736844876,0.0,0.15
IRH1224,2010-01-04,28,28,0,0,died.txt(1536323)time.zip(233171)time.zip(233171)american.txt(523593);moderate.pdf(1596496)instructor.doc(873895),5867665,16,0.9999996428572704,0.0,0.15
IRM0766,2010-01-04,26,26,0,0,prickly.jpg(618725)shall.jpg(337029);acquired.txt(185507);quick.txt(805502);vi.txt(1488251)strongest.pdf(661163);much.jpg(1337362)bills.txt(329398)be.jpg(318554)tom.zip(898548);tom.txt(473611)desire.jpg(2073157);theory.doc(1196058),11548706,22,0.9999996153847633,0.0,0.15
IRN1736,2010-01-04,13,13,0,0,celebrations.zip(918311)casualties.pdf(937853)fill.doc(1139836);sea.exe(1484436)prince.exe(887147);ankh.txt(645825)1780.zip(1201919)assumed.txt(1678741),9256400,9,0.9999992307698226,0.0,0.15
IRP1353,2010-01-04,6,6,1,0,non.zip(1077846),1229287,6,0.9999983333361112,0.0,0.15
IRP1440,2010-01-04,9,9,1,0,century.pdf(2023081);cultural.zip(1582404)is.jpg(136577);owners.exe(1336634)is.jpg(136577);owners.exe(1336634)rather.jpg(318390)rather.jpg(318390),7458494,6,0.9999988888901234,0.0,0.15
ISD1866,2010-01-04,5,5,1,0,,133859,5,0.9999980000040001,0.0,0.15
ISK0116,2010-01-04,24,24,0,0,asked.jpg(933792)world.doc(1912800)near.zip(560529)locally.txt(885385);america.exe(476765),5426457,21,0.9999995833335069,0.0,0.15
ISS0508,2010-01-04,24,24,0,0,united.zip(592410);knight.jpg(648660)york.txt(2066352);exist.exe(2036787)honorable.doc(112187)he.txt(566103)cave.zip(720403);fighting.pdf(549836);act.doc(903805),8980690,23,0.9999995833335069,0.0,0.15
ISW0738,2010-01-04,5,5,1,0,adversely.exe(2336570);succeeded.zip(798804),3292907,5,0.9999980000040001,0.0,0.15
ITA0159,2010-01-04,4,4,0,0,rather.exe(170600),248965,4,0.9999975000062501,0.0,0.15
ITM0068,2010-01-04,15,15,2,0,initially.doc(1181620);60.zip(602011);guided.doc(258279)mother.txt(349540)lights.jpg(1009322)between.exe(995533),4849828,10,0.9999993333337778,0.0,0.15
ITV0200,2010-01-04,5,5,0,0,you.exe(898450),1025401,5,0.9999980000040001,0.0,0.15
IVS1411,2010-01-04,18,18,0,0,wind.pdf(74607)alone.zip(2164353)quickly.doc(1941121);day.pdf(1592724);edward.exe(1424929)harder.txt(727187);only.doc(1567662)inquiry.pdf(1561493),11655081,18,0.9999994444447531,0.0,0.15
IYF1060,2010-01-04,37,37,0,0,burning.exe(618411)bar.txt(514433)1990.doc(2040347)structure.doc(580405);art.jpg(804823)responded.pdf(298112)merely.jpg(671641);pictures.txt(376811)writer.zip(222985)illyria.jpg(535320);port.pdf(618895)also.jpg(1300463);receiving.txt(1003919)1997.pdf(1104958)days.jpg(951372),12695388,33,0.9999997297298027,0.0,0.15
IYH1611,2010-01-04,38,38,0,0,route.doc(159282);reorganized.pdf(906235);extra.txt(778304)developers.jpg(912221);cannot.doc(132516)sector.pdf(235620);since.jpg(1099219)saved.jpg(920525)centre.doc(1409742);held.jpg(765099)republican.pdf(432604)returned.exe(20575);average.doc(649364)12.txt(160754);american.txt(1194406);chose.doc(2320464);seven.txt(1201850)eastern.txt(1852453)itself.exe(1631445);damage.zip(642484)campaign.txt(367582);best.txt(860337);bachelors.pdf(582317);squad.pdf(1501628);european.jpg(285661);influenced.zip(1100309);bachelors.exe(1099500)chosen.zip(221155)free.doc(964380);fifty.pdf(364061);bacon.jpg(739996);child.jpg(1277012);then.pdf(1206746);intel.exe(1653644)cincinnati.jpg(1103595),31887895,32,0.9999997368421745,0.0,0.15
JAB1917,2010-01-04,4,4,0,0,,122429,4,0.9999975000062501,0.0,0.15
JAC0457,2010-01-04,42,42,0,0,1979.jpg(759869)some.txt(1951638);first.exe(971286);safe.zip(430771);mission.pdf(472457)rested.doc(999799)bloodhounds.pdf(1613831)21.doc(2020265);25.exe(1063456)reportedly.txt(1378551)designation.zip(11001)issues.doc(363754)them.zip(21837)undergone.pdf(2110111);before.exe(1965253);reaction.jpg(63072)burwick.zip(1038013)men.jpg(988782);finishing.doc(739673)prince.pdf(1248888);prince1.pdf(813461),22304948,35,0.9999997619048185,0.0,0.15
JAC0721,2010-01-04,30,30,0,0,among.jpg(1474783)heart.doc(491802);flags.exe(2082380);newspaper.exe(900302);48.exe(1840955);submit.pdf(735162);seconds.zip(1154730);denial.txt(518233);needless.pdf(1608393)part.exe(1318026)catastrophic.doc(203012)sometimes.jpg(740599);given.doc(1056350),15040644,28,0.9999996666667778,0.0,0.15
JAC1275,2010-01-04,56,56,3,0,spoon.txt(1486715)substance.exe(1657061);social.exe(1087763)trying.doc(332810);unconventional.exe(454911);powters.pdf(683038)emphasised.exe(953087);reality.jpg(1388071)joke.pdf(664117);korea.pdf(297178)zealand.txt(1922238)without.exe(876238)realisation.jpg(781034)decision.jpg(693160)lost.jpg(1681522);figure.exe(682105);until.doc(1107246);force.exe(213431);if.exe(208003);past.doc(1161054);whole.exe(1069583)lost.jpg(1681522);figure.exe(682105);until.doc(1107246);force.exe(213431);if.exe(208003);past.doc(1161054);whole.exe(1069583)letter.zip(443222);these.exe(885817)letter.zip(443222);these.exe(885817)king.zip(686201)king.zip(686201)next.pdf(290285)next.pdf(290285)opposed.doc(1062300);teaching.zip(1081310);harsh.zip(1540698)opposed.doc(1062300);teaching.zip(1081310);harsh.zip(1540698)own.zip(1389267);quarters.zip(1164640),41741675,39,0.9999998214286032,0.0,0.15
JAC1524,2010-01-04,14,14,8,0,cruel.pdf(1275530)questioned.pdf(356262);one.pdf(1187138),3282691,8,0.9999992857147959,0.0,0.15
JAD1379,2010-01-04,2,2,0,0,alter.exe(653545);coach.zip(1093236);grand.exe(713826),2550872,2,0.9999950000249999,0.0,0.15
JAG0106,2010-01-04,28,28,8,0,renamed.exe(774458);assembled.doc(698480)database.txt(2391029)convincing.jpg(112461);ten.jpg(433188);thousands.pdf(740509)subject.jpg(364695)bad.zip(1057527)speak.exe(903039);salaries.zip(431723);presence.zip(1926819),10781852,21,0.9999996428572704,0.0,0.15
JAG0861,2010-01-04,28,28,0,0,entirely.txt(1248204);approached.txt(762935)65.jpg(1054891)about.jpg(377768)people.exe(1118708);people.doc(989188);public.jpg(1314457);minute.txt(47074)stressing.exe(1913554)after.jpg(1331257),10989225,27,0.9999996428572704,0.0,0.15
JAH1802,2010-01-04,2,2,0,0,,66903,2,0.9999950000249999,0.0,0.15
JAL0811,2010-01-04,42,42,8,0,vulnerable.zip(675894)southwest.pdf(1129013);birth.doc(1090910);from.exe(570047)figure.zip(286346)american.exe(634756);18.doc(669723)large.jpg(546425)prevent.pdf(393189);attack.zip(918821);leadership.exe(317713);history.jpg(960165);experience.jpg(1024283);occupation.doc(494859);another.txt(863944)than.jpg(1642775);arrows.doc(1633312)material.doc(50531);accord.exe(149090)200.jpg(186581);high.doc(1275063)would.doc(72233),16862383,35,0.9999997619048185,0.0,0.15
JAM0752,2010-01-04,32,32,10,0,harding.txt(342949)ok.exe(556344);lot.txt(594258)established.jpg(1834924);mount.doc(2014061);mount.exe(582487);football.zip(974536);in.jpg(104557),7938749,27,0.9999996875000976,0.0,0.15
JAR0794,2010-01-04,24,24,0,0,no.jpg(1036791);until.jpg(1326922);cirrocumulus.zip(74332)needed.jpg(349963);here.exe(1298731)november.pdf(974141)affirmative.txt(1280661);decide.exe(1760323)new.doc(308633)impressed.zip(907565);billion.txt(481700);distortion.zip(762330)seen.doc(832352)1932.zip(337209);however.zip(1021279)available.txt(185818);left.exe(62023);visible.doc(398256)singer.jpg(86060);cobains.exe(1556069)45.doc(26287);efforts.exe(1627531),17395805,19,0.9999995833335069,0.0,0.15
JAR1708,2010-01-04,38,38,5,0,professional.jpg(341328);caspian.exe(893405);event.zip(764165);land.exe(1606519)same.pdf(89561);larry.doc(764267);relationship.zip(1433162);well.pdf(2012741)eighteenth.doc(1741877);local.txt(561340)quoted.exe(1455444);increased.jpg(420713)involved.zip(715722);this.jpg(1017583);role.jpg(682728);but.txt(77602);range.jpg(621236);cannot.pdf(281376);speed.doc(115690)elements.txt(1158510)push.doc(601109)confronted.exe(42916);belted.pdf(141527);reviewed.exe(524898);subject.jpg(1356734);balance.zip(366061);philip.pdf(1505269);subject.pdf(3360784);euphoria.doc(628113);required.pdf(1556007)confronted.exe(42916);belted.pdf(141527);reviewed.exe(524898);subject.jpg(1356734);balance.zip(366061);philip.pdf(1505269);subject.pdf(3360784);euphoria.doc(628113);required.pdf(1556007)walking.zip(1261495);modified.exe(1781978)recognized.exe(492578);reviewed.pdf(1660377)recognized.exe(492578);reviewed.pdf(1660377),44846929,30,0.9999997368421745,0.0,0.15
JAT1218,2010-01-04,27,27,0,0,argentine.pdf(891878);already.pdf(2023929);1951.pdf(21624)unfair.doc(1229326)surrounded.jpg(55663)wider.exe(441442)lived.zip(606477)unlimited.jpg(1062893)14.zip(952508);while.zip(1902041)compared.txt(392479);october.txt(493482);composer.pdf(266216);work.exe(1418176);woman.exe(1022886);composer.jpg(268733);overall.jpg(1524723);release.pdf(1219898),16526590,25,0.9999996296297669,0.0,0.15
JAW0280,2010-01-04,14,14,2,0,thought.exe(139903)himself.doc(973747)courtiers.txt(1251776);regulations.pdf(1552057);how.zip(1303437);led.doc(1073994)first.pdf(1958458)jittery.txt(1064206)burn.doc(1277537),11004559,12,0.9999992857147959,0.0,0.15
JAW1429,2010-01-04,14,14,0,0,landscape.pdf(505181);among.zip(1006185)landscape.pdf(505181);among.zip(1006185)part.jpg(211860)part.jpg(211860),3865469,11,0.9999992857147959,0.0,0.15
JBB1333,2010-01-04,64,64,21,0,strongholds.zip(485060)has.txt(211421);congress.doc(802273)around.txt(848340);dispute.pdf(1887240)jumped.doc(1699876),7989135,45,0.9999998437500244,0.0,0.15
JBC1885,2010-01-04,21,21,0,0,freeze.doc(720743)eric.jpg(46854);stages.txt(393230)spite.zip(1306502);field.exe(1389169);employed.zip(1937279)that.doc(1059273)faced.txt(657589)control.jpg(500442)reclaimed.exe(696928)it.pdf(1695304);reasons.pdf(788303),11861660,18,0.9999995238097505,0.0,0.15
JBG1375,2010-01-04,6,6,0,0,removed.zip(99652);meet.exe(826108);eventually.jpg(1525598)removed.zip(99652);meet.exe(826108);eventually.jpg(1525598)units.jpg(79264);was.pdf(176277),5359609,5,0.9999983333361112,0.0,0.15
JBI1134,2010-01-02,20,20,0,20,developed.exe(872754)developed.exe(872754)opposite.pdf(835519);been.zip(1819566)opposite.pdf(835519);been.zip(1819566)rebounded.jpg(417858)rebounded.jpg(417858),8566424,8,0.9999995000002501,0.0,0.15
JBI1134,2010-01-04,30,30,5,0,heavy.pdf(435706)script.txt(1032551)fact.doc(1237886)man.zip(612471)enhance.exe(1883759)enhance.exe(1883759)exist.exe(420433)exist.exe(420433)non.txt(1375577)pushing.zip(1587107)solubilisation.zip(1287873);branching.txt(165143);life.pdf(370317)solubilisation.zip(1287873);branching.txt(165143);life.pdf(370317),15409489,20,0.9999996666667778,0.0,0.15
JBL0414,2010-01-04,22,22,0,0,exclusively.doc(456102);communication.doc(827423)job.doc(323222);go.txt(1382543)requested.exe(1688496);heard.exe(1540659);born.doc(196935);born1.doc(808564);identification.zip(447789),8303159,18,0.9999995454547521,0.0,0.15
JBL0615,2010-01-04,5,5,0,0,washington.zip(1079546);g.zip(73089)being.exe(1780472);sky.jpg(847933),3910140,5,0.9999980000040001,0.0,0.15
JBL1657,2010-01-04,8,8,0,0,career.jpg(1624331);traced.zip(953020);create.pdf(503197)shape.jpg(1234470);black.pdf(327001);shape.zip(652009)conditions.doc(1547669)conditions.doc(1547669),8644085,7,0.9999987500015626,0.0,0.15
JBP1832,2010-01-04,52,52,0,0,one.jpg(38380)14th.exe(1052191)absent.doc(201647);old.jpg(1354580);e.doc(293378);peak.pdf(315677);case.zip(340929);habitation.pdf(675123)spans.jpg(1194213);unhealthy.zip(983563)troubled.txt(694378)uricchio.jpg(634087)comes.doc(1469243);idolised.zip(1242355);after.exe(381353);later.zip(2012465)subject.txt(194910)below.jpg(1076588),15585305,40,0.9999998076923446,0.0,0.15
JBR1651,2010-01-04,9,9,0,0,founded.exe(1219951)career.jpg(1624331);traced.zip(953020);create.pdf(503197),4576439,9,0.9999988888901234,0.0,0.15
JBR1940,2010-01-04,70,70,6,0,originated.zip(351791)al.jpg(523170);open.doc(340478)week.zip(267660);duration.jpg(1090337);most.jpg(670468)crimes.pdf(2197655)lost.txt(1698176);northeast.jpg(275773)overwhelmed.txt(687001);activities.zip(519468)going.doc(52338);nor.doc(744175);1798.doc(289895);clinging.doc(430935);contributed.pdf(1260538);going.pdf(1028068);contributed.zip(1134069);process.exe(445111)59.pdf(338264)am.zip(2157898)technical.jpg(856296);never.pdf(1072481);going.doc(14211);political.doc(37216)points.zip(529728);fashion.pdf(2013774);republican.pdf(732511)female.exe(827495),24589792,48,0.9999998571428775,0.0,0.15
JCB0544,2010-01-03,20,20,8,20,confirm.zip(1261558)renamed.exe(774458);assembled.doc(698480)renamed.exe(774458);assembled.doc(698480)begins.zip(779465)begins.zip(779465),6298784,11,0.9999995000002501,0.0,0.15
JCB0544,2010-01-04,35,35,2,0,restlessness.txt(746874);trials.pdf(1131502)amount.txt(1182508)amount.txt(1182508)any.doc(1584237)any.doc(1584237)reputation.pdf(544035);grew.exe(810245)reputation.pdf(544035);grew.exe(810245)advice.doc(1036475)advice.doc(1036475)formed.zip(366309)diplomatic.txt(823554)itself.txt(376972),14716718,23,0.9999997142857958,0.0,0.15
JCB0791,2010-01-04,35,35,0,0,1.doc(2125675);handling.txt(1197151)course.pdf(2028075);23.exe(243817)connect.pdf(354995)merged.jpg(1399076)atlantic.zip(79411);1940.doc(2252614);reviewed.zip(58707)parliament.jpg(212665)fired.doc(770136)product.exe(206670);great.exe(882079);and.doc(328659);about.pdf(1289543),14495196,27,0.9999997142857958,0.0,0.15
JCC0016,2010-01-04,60,60,8,0,minds.txt(65638);14.zip(303733)size.zip(367356);been.pdf(893908);2007.exe(896914)female.doc(713811)spokesman.jpg(381803)necessary.doc(990134)include.exe(761999)examination.txt(408628)might.zip(1419918)however.pdf(349175);bear.jpg(39764);evidence.doc(138846)united.zip(36409)apparently.jpg(1602647);each.doc(430599)promenade.jpg(298169)east.zip(1407479);had.doc(569910);began.pdf(530297);put.pdf(1074238)lombards.zip(1476843);early.jpg(827953)church.pdf(2650130);returned.pdf(319544)known.exe(1040538);week.jpg(715850)rainstorms.jpg(1556872),24119519,45,0.9999998333333611,0.0,0.15
JCF0594,2010-01-04,13,13,3,0,connected.pdf(1448077);exists.zip(333208);attempting.txt(1100936)capacity.doc(180426)bathgate.zip(149263),3567000,13,0.9999992307698226,0.0,0.15
JCK0692,2010-01-04,22,22,0,0,reason.txt(1347385)man.jpg(1904368)trainer.doc(1432293)confirmed.txt(231098);treated.jpg(691694);necessitating.doc(45243);mile.jpg(1395352);shoot.pdf(144976),7820308,14,0.9999995454547521,0.0,0.15
JCM0580,2010-01-04,28,28,0,0,drove.jpg(959867);thunderer.zip(1045096)drove.jpg(959867);thunderer.zip(1045096)new.doc(379171)new.doc(379171),5616794,18,0.9999996428572704,0.0,0.15
JCP1478,2010-01-04,5,5,0,0,,152194,5,0.9999980000040001,0.0,0.15
JCS1506,2010-01-04,32,32,7,0,brett.jpg(535131)26.zip(1335347)above.zip(754629)any.exe(1639969)historical.zip(696987);maymun.txt(604252);returned.pdf(241377)free.exe(1222997);gravity.txt(1045348);next.exe(80812);gravity.zip(1151758);county.exe(130855);develop.doc(962554)free.exe(1222997);gravity.txt(1045348);next.exe(80812);gravity.zip(1151758);county.exe(130855);develop.doc(962554),15888538,23,0.9999996875000976,0.0,0.15
JCV0994,2010-01-04,29,29,0,0,alleged.zip(1002419)offer.pdf(921021)richardson.pdf(1247740)just.txt(1207064);lines.doc(182885)nor.exe(655459);between.jpg(346674)it.exe(1864104)controversy.pdf(900800),9234237,25,0.9999996551725328,0.0,0.15
JDB1163,2010-01-02,18,18,0,18,passed.jpg(1274491)passed.jpg(1274491)1937.pdf(1093145);lambert.jpg(1324250);habitats.pdf(1104031)1937.pdf(1093145);lambert.jpg(1324250);habitats.pdf(1104031)final.doc(298936);1979.zip(1986874);low.doc(958296);off.jpg(1448865);02.exe(778904);pet.doc(832153);subject.pdf(523106);although.zip(560815)100.doc(1963226)final.doc(298936);1979.zip(1986874);low.doc(958296);off.jpg(1448865);02.exe(778904);pet.doc(832153);subject.pdf(523106);although.zip(560815)100.doc(1963226)friends.exe(1752851)friends.exe(1752851),32314026,9,0.9999994444447531,0.0,0.15
JDB1163,2010-01-03,19,19,0,19,same.pdf(557537);glazed.jpg(90624);replacement.txt(1799600);interchange.doc(817389);effort.txt(2104074);the.pdf(829780);1940.pdf(18373);additional.exe(1522378);effort.exe(849143)capital.exe(1061438)same.pdf(557537);glazed.jpg(90624);replacement.txt(1799600);interchange.doc(817389);effort.txt(2104074);the.pdf(829780);1940.pdf(18373);additional.exe(1522378);effort.exe(849143)capital.exe(1061438)regions.txt(2257515);80.doc(327867)is.exe(649959);fog.jpg(583229)regions.txt(2257515);80.doc(327867)is.exe(649959);fog.jpg(583229)shaped.txt(789413)shaped.txt(789413),29258883,9,0.9999994736844876,0.0,0.15
JDB1163,2010-01-04,30,30,0,0,people.doc(693860);tennessee.exe(616406);maintain.doc(1128546);26.zip(119387);taking.jpg(438692);speed.exe(1448563);817.doc(821970)people.doc(693860);tennessee.exe(616406);maintain.doc(1128546);26.zip(119387);taking.jpg(438692);speed.exe(1448563);817.doc(821970)abandoned.zip(396086)university.zip(1313036);congress.doc(681203)ferry.txt(1050459);distribution.pdf(976361)received.zip(286784);swapping.jpg(1387926)tone.jpg(538104)market.zip(956223),19122529,19,0.9999996666667778,0.0,0.15
JDC0326,2010-01-04,31,31,12,0,led.zip(1042666);nio.txt(1146835)defence.zip(264406);enforced.txt(279756)effectively.doc(1807693)war.jpg(704488)larger.doc(593664);who.doc(972343)2.exe(894958)bird.zip(1050482);1861.zip(1712289)title.txt(408966)european.jpg(783408);their.txt(1660644)alone.doc(1223338);middle.exe(396493),15901904,26,0.9999996774194589,0.0,0.15
JDF0846,2010-01-04,1,1,0,0,thought.exe(139903),180215,1,0.9999900000999989,0.0,0.15
JDG0255,2010-01-04,18,18,0,0,predominant.doc(112631)wkyc.doc(1546491)february.doc(1031094);provisions.doc(861138)rose.pdf(1298190);lines.doc(669849)find.exe(419357),6458195,15,0.9999994444447531,0.0,0.15
JDJ1949,2010-01-04,61,61,9,0,down.doc(998644)great.jpg(42277);control.txt(1364664);george.txt(1042110)833.zip(641235);heights.txt(359614)resolution.jpg(797087);200.exe(457793);sub.doc(178990);veils.doc(653851);emissions.zip(2349658);sub.exe(47176);down.pdf(1010979)lighter.jpg(445276);geared.zip(1875564)son.jpg(695126),14734630,35,0.9999998360656006,0.0,0.15
JDM0208,2010-01-04,9,9,0,0,perceives.txt(1658785);unfavourable.jpg(548892)leads.jpg(53704)father.jpg(704756);newspaper.txt(448036),3686109,9,0.9999988888901234,0.0,0.15
JDM0396,2010-01-04,13,13,0,0,particularly.txt(856800);since.pdf(1347193)sea.pdf(608291)applied.pdf(1682652);pompey.exe(1021088);investing.zip(1992929);similar.txt(13579);striking.jpg(610074);nubila.exe(1488850);many.txt(607767)non.doc(1811109)tsar.jpg(780424);development.doc(645621),13823932,11,0.9999992307698226,0.0,0.15
JDR0004,2010-01-04,85,85,3,0,him.exe(319162)parties.txt(430093)alberta.doc(1299520)though.exe(303367);busy.doc(1821101)david.zip(1615676);earnest.zip(1338187)verse.pdf(1321551);impossible.txt(257869)looked.txt(1044258)level.exe(1638953)though.doc(1558585)local.doc(984273);mixed.zip(713253);perception.exe(950567);phrase.exe(1330760)pacific.doc(1569429);conduct.pdf(707516)hermanus.txt(545004);realizing.txt(1497117);each.pdf(379897);most.doc(307635);part.zip(936837)declared.exe(1901814)from.exe(626099)damaged.jpg(619408);strain.txt(1384087)father.jpg(704756);newspaper.txt(448036)waterfalls.exe(1258802);fair.pdf(1441497);fair.exe(555499);vampire.zip(530127);real.exe(916012);sophia.exe(1701337);planning.doc(612921);who.zip(914103)entry.pdf(1408653)faced.jpg(377005);topped.pdf(29976),41049967,61,0.999999882352955,0.0,0.15
JDR0927,2010-01-04,26,26,6,0,prince.pdf(1145904);ankh.doc(643558);prince.txt(329957)1844.pdf(603806);turn.doc(719082)non.zip(156346)ahmose.jpg(1210198);prince.txt(474605);prince.exe(1615670);prince.pdf(401702);prince1.pdf(435780);prince2.exe(513983);ahmose.pdf(1247283);prince.jpg(566792),10891077,24,0.9999996153847633,0.0,0.15
JDR1106,2010-01-04,5,5,1,0,thousands.zip(353358),535994,5,0.9999980000040001,0.0,0.15
JDS0177,2010-01-04,11,11,0,0,whose.zip(1239530);drawn.doc(695289);quality.exe(344762)772.jpg(1377207),4027837,11,0.9999990909099173,0.0,0.15
JDW1019,2010-01-04,29,29,5,0,randegger.zip(678515)course.pdf(2028075);23.exe(243817)connect.pdf(354995)mate.txt(633464)how.pdf(578798)parliament.jpg(212665)product.exe(206670);great.exe(882079);and.doc(328659);about.pdf(1289543),8338313,24,0.9999996551725328,0.0,0.15
JEC1427,2010-01-02,4,4,0,4,villa.exe(617651),768085,4,0.9999975000062501,0.0,0.15
JEC1427,2010-01-03,3,3,0,3,love.txt(1880857);practiced.txt(1071119);ross.txt(29428),3052890,3,0.9999966666777778,0.0,0.15
JEC1427,2010-01-04,17,17,1,0,traditional.pdf(1606724)rating.zip(575504);separated.zip(899100)washington.exe(1292487);professor.exe(1083668),5995937,16,0.9999994117650519,0.0,0.15
JEH0587,2010-01-04,25,25,3,0,publication.exe(35058)bathgate.zip(149263)alongside.txt(616496),1464479,19,0.99999960000016,0.0,0.15
JFC0075,2010-01-04,31,31,0,0,destruction.zip(547439)primarily.pdf(717360);both.exe(1161462);owned.doc(929232);allowed.zip(553664);hour.pdf(1362827);part.exe(691962);readily.doc(82825)from.pdf(41377)excitement.pdf(443900);shorter.zip(1847375)professional.exe(139406);meat.exe(1136206);infidelity.zip(172256);fiction.doc(1021702);necks.txt(144912)frentzen.exe(674890);an.zip(338939),12919121,27,0.9999996774194589,0.0,0.15
JGB1393,2010-01-04,32,32,3,0,take.zip(1168122);reading.txt(898428)part.zip(1283823);difficult.doc(732016);down.zip(603642);onto.pdf(158991)entitled.exe(1013942)system.pdf(689180)twelve.zip(603191);interview.zip(1476289);fact.jpg(301943)introduced.doc(639082)work.doc(2187036);armed.doc(1148963),13846719,28,0.9999996875000976,0.0,0.15
JGM1269,2010-01-04,37,37,0,0,chemistry.exe(252021);equipment.zip(812785);really.zip(327700)this.pdf(47434)animals.txt(1046392);feed.doc(395666);weight.txt(199256);practicalities.pdf(867718);eurasian.zip(502497);strategic.jpg(609757)nominated.pdf(1344747);success.txt(512550);bank.pdf(282215);called.exe(751867)rapid.pdf(792948);increase.exe(213251);cream.pdf(986552);onward.zip(1693300)probably.jpg(19122)son.txt(90479)without.exe(876238)rocky.jpg(1174439);all.jpg(550770)conference.txt(608025)recuperating.zip(1639877)recently.doc(2257288);1966.zip(116003),20080361,35,0.9999997297298027,0.0,0.15
JGW0820,2010-01-04,1,1,0,0,financial.txt(151087),173659,1,0.9999900000999989,0.0,0.15
JHM1805,2010-01-04,6,6,0,0,probe.jpg(991870);near.pdf(1791879)probe.jpg(991870);near.pdf(1791879),5722134,5,0.9999983333361112,0.0,0.15
JHP1654,2010-01-04,9,9,0,0,followed.doc(48309);whole.jpg(569709),853442,6,0.9999988888901234,0.0,0.15
JHR1580,2010-01-04,4,4,0,0,few.zip(1020215);appearance.zip(801055);philosophical.zip(1020703),2959821,4,0.9999975000062501,0.0,0.15
JIB1258,2010-01-04,4,4,0,0,ridden.pdf(1663705);turns.zip(1005651);disc.zip(1341633),4097839,4,0.9999975000062501,0.0,0.15
JIG1593,2010-01-04,1,1,0,0,isthmus.exe(730905);marks.zip(752648),1505092,1,0.9999900000999989,0.0,0.15
JIL1675,2010-01-02,2,2,0,2,,38849,2,0.9999950000249999,0.0,0.15
JIL1675,2010-01-03,1,1,0,1,,34330,1,0.9999900000999989,0.0,0.15
JIL1675,2010-01-04,5,5,0,0,processes.pdf(152905);tage.jpg(445379)mens.exe(1321497);and.pdf(1077694);aggressively.exe(377347);seed.exe(264132),3761134,5,0.9999980000040001,0.0,0.15
JIP1220,2010-01-04,16,16,3,0,nomination.exe(1355904)introduced.exe(2147346);same.exe(1693132)end.zip(1013780)unmolested.exe(102429)less.txt(266055);using.exe(367140);metres.jpg(324260),7718180,16,0.9999993750003906,0.0,0.15
JIP1503,2010-01-04,29,29,0,0,along.jpg(1600732)further.pdf(33597)post.doc(783307)decidedly.exe(121520)years.txt(133426);passed.doc(1671509),5231987,26,0.9999996551725328,0.0,0.15
JIT0356,2010-01-04,13,13,2,0,much.zip(963757);efforts.txt(1621698);demoted.pdf(326253);nothing.pdf(771445)ft.zip(81379);parents.txt(1775516),5872382,12,0.9999992307698226,0.0,0.15
JIT0654,2010-01-04,6,6,0,0,antagonists.doc(852680);unique.txt(974856);state.pdf(1490131)prolonged.doc(528170)pass.txt(797822);provoking.zip(1081765);attempt.txt(304125)leads.jpg(53704)several.doc(599755);july.txt(614732),7505767,6,0.9999983333361112,0.0,0.15
JJA1164,2010-01-04,20,20,1,0,passed.jpg(1274491)tone.jpg(538104)collinwood.txt(923917);domed.pdf(1506727);talk.txt(947468),5773346,20,0.9999995000002501,0.0,0.15
JJC0259,2010-01-04,113,113,55,0,foot.txt(631249);recorded.txt(1619663)violence.pdf(1085946)see.jpg(1518319);resides.exe(1382773);resides.doc(374099);generally.txt(1725923);reach.doc(1680589);resides1.exe(408620);550.doc(1152724)narrowly.txt(82176)operation.jpg(1564971)setting.zip(391467)suffocating.zip(499137)bobcats.jpg(1778323);frequency.txt(1034919);hours.zip(1479448);especially.exe(1599037)orbit.doc(40737);apart.zip(826223)prominently.doc(321539)journalists.exe(413776)carrying.doc(453829);launched.doc(710123);finally.pdf(880804);called.jpg(101807);just.exe(1562508);gundalow.txt(884907)exact.exe(817987)jami.pdf(313528)european.doc(507822);never.doc(914720)formed.txt(27105);re.zip(836594)according.doc(295368)studio.pdf(344497);centre.doc(1185799);credited.doc(773676)ahmose.jpg(1210198);prince.txt(474605);prince.exe(1615670);prince.pdf(401702);prince1.pdf(435780);prince2.exe(513983);ahmose.pdf(1247283);prince.jpg(566792)prince.exe(2664026),44762996,95,0.9999999115044326,0.0,0.15
JJF1167,2010-01-04,15,15,2,0,footsteps.zip(829673)hooked.jpg(330573);lines.doc(1324324),2977280,14,0.9999993333337778,0.0,0.15
JJH0862,2010-01-04,32,32,0,0,subject.jpg(1564235);development.zip(1864127)arrest.exe(25151)brothels.pdf(1700666)four.pdf(766298);ascending.doc(788239);patch.txt(3116484)locked.txt(809510);every.exe(1332236);conference.jpg(1012844);rivers.doc(896084),14949525,22,0.9999996875000976,0.0,0.15
JJL1566,2010-01-04,24,24,1,0,prime.zip(640155),1339307,20,0.9999995833335069,0.0,0.15
JJL1722,2010-01-04,37,37,7,0,jr.exe(601226)traits.pdf(327158);mirror.zip(845835);such.exe(1980133)twenty.jpg(1206958)influence.zip(396160)force.doc(1355351)paul.zip(968816)same.pdf(89561);larry.doc(764267);relationship.zip(1433162);well.pdf(2012741)catwoman.zip(1282325)quoted.exe(1455444);increased.jpg(420713)simply.pdf(672101),16930481,36,0.9999997297298027,0.0,0.15
JJM0234,2010-01-04,90,90,0,0,appointed.doc(89070);contributed.zip(237564)trapped.doc(955285)appointed.doc(89070);contributed.zip(237564)trapped.doc(955285)lecture.jpg(656054)parameters.jpg(978213);nest.zip(121983);approximately.jpg(1233653)lecture.jpg(656054)parameters.jpg(978213);nest.zip(121983);approximately.jpg(1233653)looked.txt(1044258)looked.txt(1044258)countries.doc(1655666)countries.doc(1655666)shadows.zip(504852)source.jpg(1638331)shadows.zip(504852)source.jpg(1638331)dawn.exe(291644);give.txt(364272);color.pdf(725146)dawn.exe(291644);give.txt(364272);color.pdf(725146)legs.txt(1263403)legs.txt(1263403)concluded.doc(77277)concluded.doc(77277)fort.jpg(1409355);2008.txt(2491196)fort.jpg(1409355);2008.txt(2491196)of.doc(241879);william.zip(711111)summer.pdf(37273);valley.jpg(1098319)man.exe(1171152);delivered.pdf(715891)from.exe(626099)prairie.txt(448915);secretary.exe(1032482);north.zip(870600)father.jpg(704756);newspaper.txt(448036)father.jpg(704756);newspaper.txt(448036)realize.pdf(1911276);under.doc(1305372)retreated.txt(1202270)conversation.doc(5951),47797561,48,0.9999998888889012,0.0,0.15
JJP0798,2010-01-04,21,21,0,0,possible.pdf(1277953);hole.doc(1545111)needed.jpg(349963);here.exe(1298731)why.jpg(1607772);it.pdf(590857)going.doc(626621)producers.zip(2092020)angrily.pdf(1289131);sense.zip(148477);dalhousie.doc(1547676);technical.txt(480436)seats.pdf(1080811)survey.pdf(49776)gathered.txt(796620)he.txt(1119722);through.jpg(164810)canadian.zip(1060237),17859405,16,0.9999995238097505,0.0,0.15
JJS0013,2010-01-04,55,55,0,0,parents.jpg(830369);road.exe(673945);road.zip(1159088);nobody.pdf(584045)name.zip(1190800)one.txt(112777);stage.doc(1129838);time.exe(700754);instruction.zip(1289528)ramonce.pdf(540870)companies.doc(736551);contributed.zip(114281)help.jpg(1502852)between.pdf(409102)confront.doc(503892);difficulties.doc(59250);funds.pdf(9987);difficulties.exe(1059538)however.pdf(349175);bear.jpg(39764);evidence.doc(138846)history.zip(1829959)might.zip(1419918)design.zip(750305);off.zip(1411625)east.zip(1407479);had.doc(569910);began.pdf(530297);put.pdf(1074238)still.doc(443940)cradle.zip(713740);blood.exe(178587);front.exe(1354594);unaccompanied.zip(588561);knox.txt(1624921);proved.exe(1488169)son.jpg(595863)either.txt(1124577);row.pdf(1121301);it.txt(1425394)felt.pdf(1009641)9.doc(1316584);cut.zip(1282413),37948580,44,0.9999998181818511,0.0,0.15
JJW1785,2010-01-04,20,20,0,0,greeted.exe(947041)sold.jpg(768233);taken.zip(1148327)age.exe(567531)being.doc(1301959)many.doc(1556877)heavy.txt(1885763);antiques.pdf(1590831),10316634,20,0.9999995000002501,0.0,0.15
JKB0287,2010-01-04,26,26,0,0,touches.txt(661334)around.txt(848340);dispute.pdf(1887240)seclusion.txt(225336);thus.jpg(555249)told.zip(278518);smoking.pdf(531415);main.zip(1060556);helper.exe(164214);when.doc(997848);did.txt(609674);plot.exe(764612);did.jpg(76400)mineral.pdf(503000)jail.jpg(574570);runner.jpg(1929636),12461068,22,0.9999996153847633,0.0,0.15
JKB0924,2010-01-04,21,21,0,0,opposed.doc(1522388)before.pdf(1513204);suburbs.doc(1431357),5068500,19,0.9999995238097505,0.0,0.15
JKB1811,2010-01-04,6,6,1,0,,167887,6,0.9999983333361112,0.0,0.15
JKB1843,2010-01-04,42,42,0,0,gangs.doc(237226);term.doc(667086)shared.exe(750152)infant.pdf(748325)comes.doc(1469243);idolised.zip(1242355);after.exe(381353);later.zip(2012465)posthumously.exe(307002)intelligent.doc(1721098);schemes.txt(205976);need.jpg(1108213)accidentally.pdf(1555611);coffee.jpg(1279532)happen.pdf(330234),15321150,37,0.9999997619048185,0.0,0.15
JKC1522,2010-01-04,10,10,2,0,below.txt(1203017);though.txt(1477242)inculcate.jpg(1125237);among.jpg(810299);humanity.zip(255513)dense.txt(156358);5.exe(221309),5600304,9,0.9999990000010001,0.0,0.15
JKM1790,2010-01-04,4,4,1,0,,108636,4,0.9999975000062501,0.0,0.15
JLC0558,2010-01-04,34,34,2,0,1896.jpg(950832);introduction.doc(118222);reservation.doc(999612);called.zip(2820739);1896.doc(832924);described.jpg(1174238)1896.jpg(950832);introduction.doc(118222);reservation.doc(999612);called.zip(2820739);1896.doc(832924);described.jpg(1174238)eight.jpg(174320)1880.pdf(869755);serve.txt(264289)march.txt(310819)chile.zip(1603019);plaza.jpg(55055)call.jpg(1701720);wales.jpg(42438);latter.exe(135330);gave.zip(566488)co.jpg(2016520)wife.exe(535319)wife.exe(535319)given.zip(473823);mixing.doc(1608191);made.pdf(708220)given.zip(473823);mixing.doc(1608191);made.pdf(708220)still.txt(399080);tends.jpg(158399),29814851,24,0.9999997058824394,0.0,0.15
JLC0742,2010-01-03,1,1,1,1,,25176,1,0.9999900000999989,0.0,0.15
JLC0742,2010-01-04,24,24,4,0,lands.exe(347838)number.doc(1254598);specialized.txt(1702620);nearly.zip(1038560);valley.zip(374480);acquired.txt(1371262);below.exe(1185874);acquired.pdf(1323314);operator.exe(911250)prince.doc(2039866);ahmose.doc(785070)is.jpg(140253)continuing.txt(1163706)continuing.txt(1163706)1898.pdf(651060);related.zip(395932)1898.pdf(651060);related.zip(395932)sales.jpg(909993)sales.jpg(909993),19382682,13,0.9999995833335069,0.0,0.15
JLC0796,2010-01-04,19,19,0,0,jump.jpg(18238)queens.zip(382546),958373,15,0.9999994736844876,0.0,0.15
JLC1301,2010-01-04,9,9,0,0,sinks.jpg(265004)sinks.jpg(265004)fundamental.zip(336130)gate.zip(1835329),2949528,7,0.9999988888901234,0.0,0.15
JLD1666,2010-01-04,12,12,2,0,9.zip(1256235)elegant.exe(123590)overlordships.zip(1403327),3117269,12,0.9999991666673611,0.0,0.15
JLF1315,2010-01-04,6,6,0,0,remnant.zip(1357725);having.txt(354612)formerly.txt(374137);often.txt(440624);plans.zip(1337755)reactions.doc(1761830);transfer.doc(574927);fathers.pdf(334736),6679596,6,0.9999983333361112,0.0,0.15
JLL1975,2010-01-03,9,9,0,9,governed.zip(616252);captain.txt(865842);at.txt(1440000)governed.zip(616252);captain.txt(865842);at.txt(1440000)heavy.pdf(435706)heavy.pdf(435706),6943949,6,0.9999988888901234,0.0,0.15
JLL1975,2010-01-04,16,16,0,0,discrimination.jpg(103884)more.doc(666210);direction.pdf(1082799)stationary.txt(768867);northern.exe(487565);around.exe(475248)stationary.txt(768867);northern.exe(487565);around.exe(475248),5795723,12,0.9999993750003906,0.0,0.15
JLM0422,2010-01-04,25,25,0,0,havent.doc(1063035);into.zip(1060469)at.zip(684950)had.txt(946826),4533635,22,0.99999960000016,0.0,0.15
JMA0540,2010-01-04,35,35,22,0,capital.exe(1061438)shaped.txt(789413)friends.exe(1752851)majority.pdf(719226);york.jpg(516330);2nd.exe(1561981)power.exe(499002)majority.pdf(719226);york.jpg(516330);2nd.exe(1561981)power.exe(499002)caribbean.pdf(531067)then.doc(569713)caribbean.pdf(531067)then.doc(569713)people.doc(693860);tennessee.exe(616406);maintain.doc(1128546);26.zip(119387);taking.jpg(438692);speed.exe(1448563);817.doc(821970),18797161,24,0.9999997142857958,0.0,0.15
JMK1531,2010-01-04,9,9,0,0,college.exe(392615)money.exe(836365);bay.doc(353729)formerly.txt(1172207);formerly.zip(968760);following.zip(861301)continuing.txt(1383684),6250901,8,0.9999988888901234,0.0,0.15
JMM0613,2010-01-02,2,2,0,2,,50880,2,0.9999950000249999,0.0,0.15
JMM0613,2010-01-03,1,1,0,1,,35905,1,0.9999900000999989,0.0,0.15
JMM0613,2010-01-04,6,6,1,0,,188437,6,0.9999983333361112,0.0,0.15
JMP0275,2010-01-04,30,30,1,0,relied.pdf(1308908);44.jpg(330571);yelling.pdf(1020931);course.zip(1622815);indicate.jpg(494324)student.txt(35280);funeral.jpg(524580)student.txt(35280);funeral.jpg(524580),6820656,17,0.9999996666667778,0.0,0.15
JMS0859,2010-01-04,18,18,0,0,sent.exe(416572);rough.zip(797594)after.jpg(1331257),3072294,14,0.9999994444447531,0.0,0.15
JMV1450,2010-01-04,30,30,3,0,sub.doc(215521);employed.zip(418882)1990.doc(4482)boston.zip(717434);provincial.jpg(1103617);any.zip(1493021)luz.zip(112772)commodore.jpg(557999);convert.jpg(281723);spring.txt(1380532),7129867,24,0.9999996666667778,0.0,0.15
JMW0038,2010-01-04,42,42,0,0,1937.exe(869832)post.zip(710753)victoria.jpg(460048);raising.pdf(557682)mute.txt(1816818);guard.doc(2131699)ownership.txt(964483)reportedly.txt(1378551)issues.doc(363754)undergone.pdf(2110111);before.exe(1965253);reaction.jpg(63072)professional.exe(887299),15501303,35,0.9999997619048185,0.0,0.15
JNB0673,2010-01-04,32,32,7,0,let.txt(581406);charted.jpg(845674)he.txt(545727);either.pdf(1928076)milton.pdf(307823)58.txt(1628488)singing.jpg(165624),7018550,27,0.9999996875000976,0.0,0.15
JNR1592,2010-01-04,6,6,2,0,wants.pdf(1300881);less.zip(935740)begin.txt(1451213);banned.txt(1491015),5384188,6,0.9999983333361112,0.0,0.15
JOB0532,2010-01-04,38,38,6,0,course.pdf(2028075);23.exe(243817)kelly.zip(395935)none.pdf(285386)atlantic.zip(79411);1940.doc(2252614);reviewed.zip(58707)product.exe(206670);great.exe(882079);and.doc(328659);about.pdf(1289543)sounds.pdf(386631);gold.pdf(1402714),11033322,21,0.9999997368421745,0.0,0.15
JOE1672,2010-01-04,24,24,12,0,9.zip(1256235)no.exe(1916954)killed.txt(1305676);la.jpg(49910);occupying.zip(894552)couldnt.exe(1401629);2006.zip(1196083)german.doc(1343724);proposal.exe(358005);or.pdf(426932)installed.pdf(1172286)overlordships.zip(1403327),13493752,20,0.9999995833335069,0.0,0.15
JOM1740,2010-01-04,13,13,0,0,into.doc(454235)temporary.txt(1797184)place.jpg(194931)ft.zip(81379);parents.txt(1775516),4720197,12,0.9999992307698226,0.0,0.15
JOR1039,2010-01-04,5,5,0,0,developed.exe(872754)hours.pdf(1326492);pollution.pdf(797032);able.exe(757347),3939234,5,0.9999980000040001,0.0,0.15
JOR1221,2010-01-04,30,30,4,0,1856.doc(510215);call.jpg(127140)reached.pdf(380519);found.txt(1707900);quainton.jpg(301029);lnwr.zip(1931936);meet.txt(1779140);travelled.exe(197835);factory.pdf(349047)introduced.jpg(628641)coronation.doc(1058540)later.txt(571432);stems.doc(164990);leaf.jpg(794927)300.doc(396399);drum.txt(518906);bulu.exe(1668566);addition.pdf(1043571);technically.pdf(1135099)do.zip(700317);greater.txt(72327),16941585,24,0.9999996666667778,0.0,0.15
JOR1495,2010-01-04,55,55,2,0,35.zip(807862);they.doc(360552)4.zip(345798);3500.exe(406662);truthful.jpg(1382694)schager.jpg(529101);andrew.jpg(866256);aspect.doc(64337)elements.jpg(964109)elements.jpg(964109)acclaimed.jpg(599719);holiday.exe(344411);johnson.zip(216646)acclaimed.zip(103334);hills.jpg(681738);1930.pdf(1169689)force.jpg(164601);flight.txt(1354683)acclaimed.jpg(599719);holiday.exe(344411);johnson.zip(216646)acclaimed.zip(103334);hills.jpg(681738);1930.pdf(1169689)force.jpg(164601);flight.txt(1354683)arabic.exe(1635183);rose.doc(229556);unusual.exe(510013);well.exe(435991)together.doc(188931)arabic.exe(1635183);rose.doc(229556);unusual.exe(510013);well.exe(435991)together.doc(188931)english.jpg(1549198)english.jpg(1549198)capital.pdf(1185218)capital.pdf(1185218)document.txt(461712),29633086,37,0.9999998181818511,0.0,0.15
JPB0450,2010-01-04,45,45,0,0,vulnerable.zip(675894)them.jpg(1524812)nightfall.txt(957987)figure.zip(286346)prince.txt(205821)prince.doc(821790);prince.jpg(16569)occasion.doc(137828);first.pdf(718741);magdalene.exe(703369)us.zip(427481);map.txt(1607797);sexual.doc(950297);part.jpg(763213);may.doc(588156);cornered.jpg(209282)cost.zip(281808);men.zip(432107)all.jpg(839545)05.jpg(54275)harbour.pdf(84681)minimal.pdf(343686);1937.jpg(522771)almonds.doc(205285),14619434,35,0.9999997777778271,0.0,0.15
JPK0945,2010-01-04,19,19,0,0,streaks.jpg(463282);quantity.zip(89971)prince.txt(1159638);prince1.txt(406852)appearance.jpg(119774);west.pdf(827106);became.txt(139943);near.zip(1197485)southern.exe(1470659);hospital.jpg(1572949);catholic.pdf(1426792),9449375,16,0.9999994736844876,0.0,0.15
JPM0035,2010-01-04,62,62,0,0,14.doc(582381)prince.txt(358264)prince.txt(358264)can.jpg(1002397);by.zip(562073);group.pdf(13275)prince.jpg(161929);prince1.jpg(321703)prince.jpg(161929);prince1.jpg(321703)receipts.doc(78287)providence.exe(22427);prince.jpg(1299030);north.txt(980395);capturing.doc(683582);minimum.zip(757562);providence1.exe(199249)providence.exe(22427);prince.jpg(1299030);north.txt(980395);capturing.doc(683582);minimum.zip(757562);providence1.exe(199249)number.pdf(537859)cradle.zip(713740);blood.exe(178587);front.exe(1354594);unaccompanied.zip(588561);knox.txt(1624921);proved.exe(1488169)next.exe(1145472);hugely.pdf(1408754)finished.txt(1989731)body.jpg(870577)body.jpg(870577)highest.zip(1543930)highest.zip(1543930)first.pdf(1659973);enforcement.jpg(437290),31586460,41,0.9999998387097034,0.0,0.15
JPW0533,2010-01-04,29,29,1,0,tunnel.pdf(282304)opposite.pdf(931178)receipts.doc(78287)receipts.doc(78287)minded.exe(1038664)did.exe(1111720);make.zip(580111)did.exe(1111720);make.zip(580111),6654386,20,0.9999996551725328,0.0,0.15
JQC0210,2010-01-04,18,18,0,0,love.txt(1880857);practiced.txt(1071119);ross.txt(29428)early.pdf(912697)apparent.jpg(242974);suit.jpg(594114)between.jpg(1732419)futurity.zip(1205558);nor.jpg(1454726)lists.txt(499330)left.zip(816363)nor.exe(655459);between.jpg(346674)consisting.txt(1355184);26.txt(1893373),15248491,18,0.9999994444447531,0.0,0.15
JQS1350,2010-01-04,26,26,9,0,paul.doc(1312602)islet.exe(412840)involved.doc(1293615);detail.jpg(61961)for.exe(627818);alfred.zip(1084103)have.pdf(2415856);germany.jpg(50596);held.txt(7361),8024651,23,0.9999996153847633,0.0,0.15
JRB0759,2010-01-04,14,14,0,0,they.pdf(504384)chosen.txt(386285);chosen1.txt(646304);21.txt(1258140)contains.doc(882993)same.exe(336681)financial.txt(151087),4537017,12,0.9999992857147959,0.0,0.15
JRC0238,2010-01-04,79,79,10,0,contacted.jpg(719961)write.exe(184724);version.pdf(1783566)off.pdf(1126753);cast.doc(1118190);all.txt(1324501)off.pdf(1126753);cast.doc(1118190);all.txt(1324501)would.doc(319078)only.doc(578168);among.exe(708645);some.zip(671149);back.jpg(1344578);open.jpg(1890611);only.exe(398865)savage.doc(1669836)savage.doc(1669836)interview.doc(750685);connection.jpg(1734908)observed.pdf(1227747)main.zip(1335767),26595467,49,0.9999998734177376,0.0,0.15
JRC1963,2010-01-02,8,8,0,8,,180327,5,0.9999987500015626,0.0,0.15
JRC1963,2010-01-03,6,6,0,6,,192696,3,0.9999983333361112,0.0,0.15
JRC1963,2010-01-04,6,6,0,0,10.txt(1367566);part.pdf(799248)more.doc(666210);direction.pdf(1082799)more.doc(666210);direction.pdf(1082799),5840228,5,0.9999983333361112,0.0,0.15
JRE1402,2010-01-04,33,33,0,0,lost.exe(1124418)work.doc(2187036);armed.doc(1148963)rush.txt(565579);resigned.zip(1084597);or.zip(1217914);presumptive.doc(1698968);drafting.doc(393493);carved.zip(1651038);persuading.txt(1944195);resigned.doc(1433282);upon.zip(2357776)skenesborough.doc(366643),18135555,29,0.9999996969697887,0.0,0.15
JRH0993,2010-01-04,19,19,0,0,all.pdf(1000975);twelve.exe(1690382);objecting.txt(452407);am.exe(1141383);along.jpg(243038)random.doc(1735943),6787450,17,0.9999994736844876,0.0,0.15
JRS0674,2010-01-02,20,20,1,20,access.zip(140256);announced.exe(683592)1935.zip(125631)full.txt(153092);billion.jpg(704475);developer.doc(962654),3355041,19,0.9999995000002501,0.0,0.15
JRS0674,2010-01-04,43,43,8,0,especially.jpg(540124)profoundly.zip(1199641);ran.pdf(563113);wrote.doc(632393);overseas.zip(576161)break.exe(859071)1986.exe(192909)under.txt(187217)fact.doc(1237886)those.txt(524877);boats.txt(741464);important.zip(6830);rain.pdf(965629)began.jpg(193544);fall.pdf(342506)alerted.exe(728565);when.zip(1634850);1974.doc(664038)1780.txt(994528),14106513,37,0.9999997674419144,0.0,0.15
JRW1374,2010-01-04,5,5,1,0,golden.doc(1371321),1536178,5,0.9999980000040001,0.0,0.15
JSA0468,2010-01-04,48,48,0,0,opponent.pdf(154607)embrace.txt(1633872)wamu.jpg(725087);contender.exe(148315)control.txt(1350693)allegations.jpg(938695)allegations.jpg(938695)alexander.exe(804667)i.zip(314027);research.doc(1020980);compound.zip(366488);members.zip(235552)alexander.exe(804667)gun.zip(368927)i.zip(314027);research.doc(1020980);compound.zip(366488);members.zip(235552)9.jpg(1385666);memorial.pdf(1182117);very.jpg(434780)gun.zip(368927)9.jpg(1385666);memorial.pdf(1182117);very.jpg(434780),19543855,27,0.99999979166671,0.0,0.15
JSB0803,2010-01-04,27,27,0,0,option.zip(233134)training.doc(1892375);fully.jpg(186324);prestige.zip(170265)training.doc(1892375);fully.jpg(186324);prestige.zip(170265)1927.pdf(1932790)1927.pdf(1932790)than.jpg(1642775);arrows.doc(1633312)than.jpg(1642775);arrows.doc(1633312)measures.txt(681261)measures.txt(681261)depending.doc(1917627);judge.txt(2098992)project.zip(1229290);northwest.exe(758813);most.pdf(630106);each.jpg(1019375);york.zip(106017)project.zip(1229290);northwest.exe(758813);most.pdf(630106);each.jpg(1019375);york.zip(106017)possible.jpg(1348494);basic.zip(1102012),31340352,16,0.9999996296297669,0.0,0.15
JSB0860,2010-01-04,21,21,0,0,could.doc(1593169);points.doc(799102)asked.exe(188858);reduced.jpg(1024172)arrest.exe(25151)havent.doc(1063035);into.zip(1060469)2.zip(879553)northern.txt(416537);since.txt(1347578),9050568,18,0.9999995238097505,0.0,0.15
JSB1915,2010-01-04,6,6,0,0,1960.pdf(735530);5000.exe(1171497);allowed.exe(112626)isthmus.exe(730905);marks.zip(752648),3679626,6,0.9999983333361112,0.0,0.15
JSH1678,2010-01-04,8,8,0,0,ephraim.txt(1361202);weapons.txt(1835698)hosts.txt(1234533);linked.txt(1276736);more.zip(1278843)expensive.jpg(795046);heavy.jpg(949923),8986727,8,0.9999987500015626,0.0,0.15
JSO1500,2010-01-03,3,3,3,3,,56868,3,0.9999966666777778,0.0,0.15
JSO1500,2010-01-04,43,43,2,0,move.txt(193564);december.jpg(301916);ignored.zip(930755);resume.jpg(322167)further.pdf(33597)celebrations.zip(918311)35.zip(807862);they.doc(360552)which.jpg(693989);second.exe(411946)east.exe(1291096)any.exe(1639969)middle.zip(1980665)straight.txt(307926);chouchun.doc(211270)election.txt(573234);2003.jpg(607488);sold.txt(160498);beginning.doc(1159532);december.exe(334789);cbs.doc(1226318);sold.doc(653694);serve.pdf(612421)together.doc(188931)15.zip(228476)most.exe(542050);their.pdf(813164),18829971,38,0.9999997674419144,0.0,0.15
JTB0163,2010-01-04,6,6,2,0,honduras.exe(837907);miles.pdf(2363490)including.exe(833464);expected.txt(151030),4369569,6,0.9999983333361112,0.0,0.15
JTF0313,2010-01-04,20,20,0,0,stands.txt(1744769)out.exe(1348416);according.exe(548923)trout.pdf(1845852);better.pdf(1086238),7141554,18,0.9999995000002501,0.0,0.15
JTK0784,2010-01-04,23,23,0,0,fined.zip(854933)flat.txt(1872959);phoenix.doc(515742)new.doc(308633)seen.doc(832352)mixture.pdf(265008);label.jpg(1322015);wee.doc(1040208);enough.pdf(1699846);10.jpg(223628);subject.txt(1628138);pattern.zip(558812);entered.txt(107989);themselves.doc(794687)opposed.doc(1062300);teaching.zip(1081310);harsh.zip(1540698),16464396,21,0.9999995652175804,0.0,0.15
JTS0903,2010-01-04,28,28,0,0,saying.pdf(1084502);luxembourg.exe(262272)referenced.pdf(1781722);settler.txt(479165);government.exe(498277);1960.jpg(269867),5346490,26,0.9999996428572704,0.0,0.15
JUL0610,2010-01-04,3,3,0,0,,91691,2,0.9999966666777778,0.0,0.15
JUP1472,2010-01-04,10,10,0,0,game.doc(481677);universally.pdf(799920)signing.txt(1226852)east.zip(1407479);had.doc(569910);began.pdf(530297);put.pdf(1074238),6405191,9,0.9999990000010001,0.0,0.15
JUW1135,2010-01-04,59,59,6,0,rebounded.jpg(417858)opposite.pdf(835519);been.zip(1819566)studied.jpg(809178)believed.jpg(2187151);corresponds.txt(1620323);among.doc(1432535);signal.jpg(1239081)ever.jpg(1712984);curved.exe(365774);overall.txt(704944)ever.jpg(1712984);curved.exe(365774);overall.txt(704944)hot.pdf(415930)yi.pdf(71392)yi.pdf(71392)retrieve.exe(346346)southern.exe(1470659);hospital.jpg(1572949);catholic.pdf(1426792),22986066,35,0.9999998305085033,0.0,0.15
JVC1704,2010-01-04,2,2,0,0,joke.pdf(664117);korea.pdf(297178),1001223,2,0.9999950000249999,0.0,0.15
JVH0571,2010-01-04,6,6,0,0,,202923,6,0.9999983333361112,0.0,0.15
JVH1575,2010-01-04,4,4,2,0,747s.doc(2065830),2185264,4,0.9999975000062501,0.0,0.15
JVM0772,2010-01-04,38,38,8,0,much.exe(979481)harding.txt(342949)prone.jpg(214220)amount.txt(883319);elimination.jpg(2046143);elimination.exe(1257427)paid.exe(163337)them.exe(364780)attention.doc(932470)thought.txt(1282892);sequence.txt(837551);archaean.exe(626551)pacific.txt(418119)moved.exe(954612)standing.zip(884980)potential.jpg(45913),13350689,31,0.9999997368421745,0.0,0.15
JWS0047,2010-01-04,35,35,0,0,six.doc(934551);one.pdf(941049);greater.doc(1803193)gambling.exe(674984);third.exe(1121005)move.txt(193564);december.jpg(301916);ignored.zip(930755);resume.jpg(322167)now.jpg(913397)on.exe(768015)halo.pdf(877171)1892.pdf(999468)1892.pdf(999468)both.txt(350381)1972.doc(1608180);heading.jpg(124134),14846893,26,0.9999997142857958,0.0,0.15
JXH1061,2010-01-04,47,47,4,0,although.zip(1123200)discharges.zip(405108)deco.txt(775801)illyria.jpg(535320);port.pdf(618895)about.pdf(676505)approached.jpg(864224)local.zip(358499);montreal.exe(702087)comeback.exe(572431)ulysses.exe(1721713)american.exe(350400)set.pdf(138816);overran.zip(1295482),11489257,37,0.9999997872340878,0.0,0.15
JXN0581,2010-01-04,27,27,2,0,alternative.zip(959019)attention.doc(932470)loss.doc(1759123)october.jpg(597098)october.jpg(597098)science.zip(1058627)mvog.jpg(1296182);soldiers.zip(639461)mvog.jpg(1296182);soldiers.zip(639461),10542358,18,0.9999996296297669,0.0,0.15
JYC0959,2010-01-04,19,19,1,0,country.zip(150888);considered.exe(704290)will.zip(590428);wheat.zip(1123356);umpire.pdf(991579)asked.doc(1109202);expected.txt(33982)possible.zip(1449968)heavily.doc(1393727)benefit.exe(204230);successful.txt(980046);referred.jpg(1463513),10766412,17,0.9999994736844876,0.0,0.15
JYS0621,2010-01-04,8,8,0,0,holmenkollbakken.zip(217949);her.doc(1626635)checking.jpg(120477),2197024,7,0.9999987500015626,0.0,0.15
KAC1209,2010-01-04,29,29,0,0,expand.exe(253249)review.exe(1001353);close.pdf(165248)wider.exe(441442)wider.exe(441442)alliance.jpg(84035)alliance.jpg(84035)mens.exe(1321497);and.pdf(1077694);aggressively.exe(377347);seed.exe(264132)mens.exe(1321497);and.pdf(1077694);aggressively.exe(377347);seed.exe(264132),9451080,19,0.9999996551725328,0.0,0.15
KAD0387,2010-01-02,1,1,0,1,skyline.txt(927297);nothing.jpg(365988);led.exe(680491),2000332,1,0.9999900000999989,0.0,0.15
KAD0387,2010-01-03,1,1,0,1,,30011,1,0.9999900000999989,0.0,0.15
KAD0387,2010-01-04,4,4,0,0,distraught.exe(288958)sail.pdf(1785620);struck.doc(1429112)scientific.jpg(1448569);nine.txt(1374050),6446607,4,0.9999975000062501,0.0,0.15
KAD0817,2010-01-04,3,3,0,0,,77251,2,0.9999966666777778,0.0,0.15
KAG0547,2010-01-04,25,25,8,0,confirm.zip(1261558)available.doc(210449)absorb.pdf(1033499)william.zip(412363);shaped.exe(253065);room.pdf(325427);factors.txt(1043732);ohio.jpg(586421);had.exe(1030046);attendance.jpg(427819)quick.doc(1146699)1935.pdf(149956);1935.txt(264265);cut.zip(187457)advice.doc(1036475)popular.pdf(1863002);weather.exe(881346)ship.doc(990106)portage.zip(290895)successor.pdf(727799);reason.zip(2007578),16871620,20,0.99999960000016,0.0,0.15
KAG0566,2010-01-04,13,13,0,0,except.doc(22451)extends.doc(262228)extends.doc(262228),866263,7,0.9999992307698226,0.0,0.15
KAH1868,2010-01-04,9,9,1,0,unique.doc(2338140);german.txt(1013284)than.txt(1784948);complaints.txt(1298995)stylish.doc(1241656);vulnerable.jpg(1506019)through.jpg(359835),9781963,9,0.9999988888901234,0.0,0.15
KAH1977,2010-01-04,7,7,0,0,including.jpg(182054);known.zip(981081)joseph.exe(1855106);grants.txt(1454989)council.zip(940328);out.jpg(588927);privy.zip(685818)misses.jpg(1394696),8285266,7,0.9999985714306123,0.0,0.15
KAJ1413,2010-01-04,19,19,2,0,first.exe(1438296)southern.jpg(2077268)second.pdf(675340);produced.pdf(1751813)risk.doc(976688);warmest.zip(1427450)risk.doc(976688);warmest.zip(1427450),11387842,15,0.9999994736844876,0.0,0.15
KAM0169,2010-01-04,45,45,0,0,generated.exe(2358158);star.zip(622626);sung.pdf(1053760)trials.jpg(1287564);large.doc(282771)government.pdf(576480)properly.pdf(802407)investigator.zip(41116)will.doc(568614)margin.exe(552041)position.zip(1903305)all.doc(279546);1969.doc(667700)premiered.exe(1427171)mandate.zip(1463034);departments.zip(843136);latter.pdf(797120);appointed.pdf(642185);successive.doc(1148715);appointed.zip(931762);tombalbaye.doc(1094146)nekron.zip(302156)beetles.zip(128664);center.pdf(608303),21701417,40,0.9999997777778271,0.0,0.15
KAM0645,2010-01-04,32,32,0,0,segments.doc(450959);wickenheiser.zip(1095864);leading.exe(402282)help.txt(1157994),3955803,28,0.9999996875000976,0.0,0.15
KAW0431,2010-01-04,10,10,0,0,further.txt(1051429)intensification.zip(1384948)dubbed.zip(1432779)at.zip(1683365);of.txt(567925);much.txt(894029);viewed.zip(494368),7805625,9,0.9999990000010001,0.0,0.15
KAW0642,2010-01-04,37,37,0,0,not.doc(547239);played.pdf(1359359)idea.jpg(415470)private.doc(848656)300.zip(845138);death.doc(254816);excessively.txt(1168379);constantinople.doc(278273)initially.jpg(882001)created.zip(764363);tail.doc(192366);gave.exe(6299),8627451,30,0.9999997297298027,0.0,0.15
KBB1294,2010-01-04,58,58,9,0,spoon.txt(1486715)25.pdf(428830)i.zip(398823)prosecutor.zip(455466)recolonization.doc(103059);2010.jpg(269651);investigation.jpg(101608);resumed.zip(950798);17.doc(104217)took.zip(109430);series.doc(490665)hills.zip(2567191)probably.jpg(19122)three.pdf(551650)british.doc(852887)reducing.pdf(1198946)side.exe(850495);another.txt(1560196)caves.pdf(1153684);variation.txt(808901);distribution.txt(1859985);frequency.doc(943724);head.zip(876539);agile.zip(784861);agile1.zip(286524);habituates.jpg(920340);head.doc(779840)next.pdf(290285)appearance.pdf(2605593);further.pdf(1286707),26736928,51,0.9999998275862366,0.0,0.15
KBB1803,2010-01-04,4,4,1,0,different.doc(379163);cirrostratus.zip(2417212);less.zip(1016836)different.doc(379163);cirrostratus.zip(2417212);less.zip(1016836),7736197,3,0.9999975000062501,0.0,0.15
KBC0818,2010-01-02,1,1,0,1,,40484,1,0.9999900000999989,0.0,0.15
KBC0818,2010-01-03,1,1,0,1,,42539,1,0.9999900000999989,0.0,0.15
KBC0818,2010-01-04,18,18,0,0,found.exe(1048774);mentor.doc(1885404)statistics.pdf(134456);time.txt(1089843)relocation.jpg(1197972)according.pdf(718329);machine.jpg(527556);released.pdf(1759242)navys.zip(1993887);width.txt(694120),11579753,12,0.9999994444447531,0.0,0.15
KBC1390,2010-01-04,51,51,7,0,tunnel.pdf(282304)coach.zip(799535)offensive.zip(955160);hull.pdf(1238698);guns.jpg(1112645);commodore.jpg(1099237);resign.pdf(367923);180.jpg(1488009)upset.exe(590539)massively.txt(1178292);arrival.jpg(1357090);site.doc(1746484);time.pdf(1067874);disease.pdf(87424);rock.jpg(739353);strongholds.pdf(231431);defended.pdf(750293)sometimes.zip(67923)faunas.exe(628994);pronounced.txt(531947)25.zip(1700853);begun.doc(425576)horatio.zip(1357703);occupied.jpg(2069310);modern.jpg(597175)noted.txt(1218200)indies.doc(1317347);cautiously.txt(854083);boarded.txt(395205)suggested.exe(1112283),28888195,38,0.999999803921607,0.0,0.15
KBC1680,2010-01-04,6,6,0,0,pursue.exe(625838);believed.doc(2224701)pursue.exe(625838);believed.doc(2224701)imperial.exe(442597);once.exe(323112);niue.pdf(2148222),8760912,5,0.9999983333361112,0.0,0.15
KBG1201,2010-01-04,25,25,0,0,repulsed.jpg(234428);release.exe(919875)unfair.doc(1229326)si.txt(348307);kind.zip(1040956)surrounded.jpg(55663)one.exe(726882)level.jpg(645690);navy.zip(931732)no.jpg(97839),6957700,21,0.99999960000016,0.0,0.15
KBL0908,2010-01-04,24,24,0,0,roadside.jpg(2712820)southward.doc(682896);annexation.jpg(900417);25.pdf(300412);start.zip(698801);highest.exe(1270487);combat.jpg(130959);100000.jpg(1049743);who.doc(1792358);southward1.doc(387374)fundamental.zip(336130)reactions.doc(1761830);transfer.doc(574927);fathers.pdf(334736)status.doc(748772)mandate.zip(1463034);departments.zip(843136);latter.pdf(797120);appointed.pdf(642185);successive.doc(1148715);appointed.zip(931762);tombalbaye.doc(1094146)20.doc(310192),21691185,20,0.9999995833335069,0.0,0.15
KBL1728,2010-01-04,33,33,1,0,modern.jpg(1248494)followed.pdf(455556);interstellar.txt(692991),3375827,29,0.9999996969697887,0.0,0.15
KBP0124,2010-01-04,34,34,0,0,the.doc(918971)effectively.doc(1807693)war.jpg(704488)test.exe(127363);policy.jpg(790769)larger.doc(593664);who.doc(972343)blues.doc(1064991)bird.zip(1050482);1861.zip(1712289)four.pdf(766298);ascending.doc(788239);patch.txt(3116484)along.pdf(1549286);vicinity.pdf(817452);australasian.txt(383656);declared.txt(1386113),19656560,32,0.9999997058824394,0.0,0.15
KBR0575,2010-01-04,12,12,0,0,maurice.exe(1244536)areas.txt(1696793);amr.pdf(999744);an.exe(593256)lead.exe(179001);valued.exe(678511),5719952,12,0.9999991666673611,0.0,0.15
KCB1799,2010-01-04,4,4,1,0,boatman.doc(605115);24.pdf(1008631),1779858,4,0.9999975000062501,0.0,0.15
KCC1988,2010-01-04,22,22,0,0,waves.zip(1379705)numbers.pdf(1583225);no.pdf(1802636)politics.jpg(622328);assumed.exe(710352),6745795,17,0.9999995454547521,0.0,0.15
KCF0767,2010-01-04,23,23,0,0,strongest.jpg(837393)away.zip(153576);technical.exe(256158)exercises.doc(585150)season.pdf(39522);enough.doc(1453422)register.doc(760543);debates.zip(231462),5061146,17,0.9999995652175804,0.0,0.15
KCG0044,2010-01-04,33,33,0,0,every.doc(6164);evident.exe(601060);well.zip(312700);terminally.pdf(279871);consisting.exe(1066204);tone.zip(1430183);figure.pdf(1475960);restored.zip(1306710)every.doc(6164);evident.exe(601060);well.zip(312700);terminally.pdf(279871);consisting.exe(1066204);tone.zip(1430183);figure.pdf(1475960);restored.zip(1306710)appear.doc(588588)acquired.exe(502790)proved.doc(1003166)finished.txt(1989731)proved.doc(1003166)finished.txt(1989731),20922922,17,0.9999996969697887,0.0,0.15
KCG1615,2010-01-04,52,52,0,0,sector.pdf(235620);since.jpg(1099219)give.pdf(1781109);segment.txt(696539)media.pdf(762639);star.jpg(313966)media.pdf(762639);star.jpg(313966)break.doc(1197474)break.doc(1197474)chosen.zip(221155)chosen.zip(221155)possesses.doc(159138);taiwan.zip(1336528)decided.doc(598856);seven.doc(925847)shamatari.txt(291839);taken.txt(1268528)shamatari.txt(291839);taken.txt(1268528),16421783,28,0.9999998076923446,0.0,0.15
KCH1437,2010-01-04,27,27,1,0,home.doc(639351)associated.zip(889125);work.txt(287202);privy.txt(1080802);1868.doc(127427);swords.doc(1317562);both.exe(29561);privy.exe(1786096);company.doc(453789);normally.txt(1478189)instead.exe(1749437)several.exe(1029560);against.doc(592163)like.pdf(118891);landed.zip(1703931)ion.exe(1053431)gregariousness.jpg(768398);green.pdf(1272892),17249042,21,0.9999996296297669,0.0,0.15
KCJ1788,2010-01-04,6,6,0,0,entirely.exe(1117309);by.txt(556900),1837438,5,0.9999983333361112,0.0,0.15
KCK1494,2010-01-04,39,39,0,0,4.zip(345798);3500.exe(406662);truthful.jpg(1382694)the.doc(1236359);conservation.zip(2032841)black.exe(465613);communicate.exe(291534);those.doc(560880)they.pdf(1030228)slayings.doc(588030)daniel.pdf(1068120);229th.doc(951175);mainland.exe(400021);where.jpg(3372);trench.zip(1120311)other.jpg(415751)15.zip(228476)musical.exe(1275200),14951016,31,0.9999997435898093,0.0,0.15
KCL0099,2010-01-04,64,64,0,0,under.txt(496199)pressure.doc(183643)april.pdf(93547);provincial.doc(762809);biting.zip(643177)even.jpg(2266940)even.jpg(2266940)seeking.jpg(1187055);welcomed.zip(214490)seeking.jpg(1187055);welcomed.zip(214490)away.txt(1921567);georgia.doc(748381)away.txt(1921567);georgia.doc(748381)lift.jpg(946150)lift.jpg(946150)resourceful.doc(114589);73.pdf(1545372);light.exe(1357935)resourceful.doc(114589);73.pdf(1545372);light.exe(1357935)test.exe(127363);policy.jpg(790769)test.exe(127363);policy.jpg(790769)scholars.jpg(21982)scholars.jpg(21982)except.doc(22451)except.doc(22451)just.doc(1762509)scandinavia.jpg(1556175);below.zip(787269)lasting.txt(628185)new.doc(379171),31727277,43,0.9999998437500244,0.0,0.15
KCM0402,2010-01-04,52,52,4,0,capital.exe(1061438)final.doc(298936);1979.zip(1986874);low.doc(958296);off.jpg(1448865);02.exe(778904);pet.doc(832153);subject.pdf(523106);although.zip(560815)prince.exe(1503056);prince.pdf(55802)prince.exe(1503056);prince.pdf(55802)hometown.jpg(1642051)direction.zip(190202);ultimately.zip(507572)previous.jpg(114868),15628587,32,0.9999998076923446,0.0,0.15
KCM0466,2010-01-04,35,35,0,0,begins.zip(779465)late.doc(1673307);estimated.jpg(1313373);between.doc(1741236);between.txt(1326846);1983.doc(1208457)place.pdf(772536)knowledge.doc(995718);cross.txt(601057)presented.jpg(1650579)sloop.doc(392131);himself.txt(811553);involve.pdf(481641)finished.txt(1989731)31.pdf(1505109),18338320,27,0.9999997142857958,0.0,0.15
KCR1118,2010-01-04,7,7,0,0,lawyers.pdf(1307925);ignores.exe(727874)referring.zip(509789);bound.zip(1497242),4229821,5,0.9999985714306123,0.0,0.15
KCW1215,2010-01-04,12,12,0,0,workers.doc(183313)17.zip(784130),1373834,12,0.9999991666673611,0.0,0.15
KDB1036,2010-01-04,3,3,1,0,20000.jpg(437841),539987,3,0.9999966666777778,0.0,0.15
KDB1206,2010-01-04,14,14,0,0,areas.pdf(2117722)17.zip(784130)unlimited.jpg(1062893)realizing.jpg(826021)their.doc(50912);vessel.pdf(1166333)no.jpg(97839),6500811,10,0.9999992857147959,0.0,0.15
KDC0996,2010-01-04,16,16,0,0,alleged.zip(1002419)nineties.zip(66665)nineties.zip(66665)re.txt(276707);made.exe(235372),2174536,14,0.9999993750003906,0.0,0.15
KDC1240,2010-01-02,3,3,0,3,characters.pdf(5138);maniraptora.exe(1081457)characters.pdf(5138);maniraptora.exe(1081457),2233346,2,0.9999966666777778,0.0,0.15
KDC1240,2010-01-03,2,2,0,2,,44856,1,0.9999950000249999,0.0,0.15
KDC1240,2010-01-04,9,9,1,0,again.doc(235011);as.exe(746909),1225132,8,0.9999988888901234,0.0,0.15
KDG1330,2010-01-04,12,12,1,0,no.jpg(1036791);until.jpg(1326922);cirrocumulus.zip(74332)maximum.txt(702674);produce.exe(1120681)non.zip(1077846)modern.txt(754338);miss.jpg(661234)decade.exe(79297);idea.txt(634011);described.pdf(968087),8798503,12,0.9999991666673611,0.0,0.15
KDL1901,2010-01-04,3,3,0,0,until.pdf(1300968);imposed.exe(1390316),2765941,3,0.9999966666777778,0.0,0.15
KDP1706,2010-01-04,51,51,6,0,jr.exe(601226)often.doc(1998376)ill.exe(1440020);aged.txt(48221)stay.pdf(674251)deal.txt(1213277)president.zip(293444);author.doc(1453788);test.txt(81751)blue.txt(1144008)supporting.doc(175152);1926.zip(292874)wealthy.jpg(1071299);billionaire.exe(1199953);vast.doc(1597437);manner.pdf(594695)boundaries.exe(1242427)adult.txt(584815),17194010,44,0.999999803921607,0.0,0.15
KEE0823,2010-01-04,7,7,0,0,,218106,7,0.9999985714306123,0.0,0.15
KEG1006,2010-01-04,20,20,0,0,comes.exe(1597391);partner.jpg(505329)metacritic.zip(725497)praised.txt(1047256)both.pdf(1112670)upgraded.txt(544652),6148301,19,0.9999995000002501,0.0,0.15
KEM1211,2010-01-04,40,40,0,0,trough.exe(1812867)spear.jpg(735835)considered.doc(90703)frontier.pdf(1262139)own.doc(39838)foe.doc(1214053);1977.pdf(1031344)foreign.zip(484830)puerto.pdf(304667);acquire.exe(134660)considerable.jpg(956317)honour.pdf(2011377);highest.pdf(15835);honour.jpg(2181703)displayed.pdf(1549573)support.doc(597020),15644251,34,0.9999997500000625,0.0,0.15
KEO0202,2010-01-04,7,7,0,0,required.txt(899307)negotiating.zip(1139539)2005.jpg(695048);prior.zip(338447),3339935,6,0.9999985714306123,0.0,0.15
KES1207,2010-01-04,23,23,0,0,attempted.jpg(287667)november.pdf(2204860);costumes.doc(542666)looked.pdf(1073390)surrounded.jpg(55663)of.doc(1374767);accident.exe(1082478);what.jpg(1660308);noting.zip(59643)section.pdf(846941)fault.zip(799145);dated.zip(1406568)mens.exe(1321497);and.pdf(1077694);aggressively.exe(377347);seed.exe(264132)than.zip(312289),15456095,23,0.9999995652175804,0.0,0.15
KEW0198,2010-01-04,41,41,0,0,reduced.jpg(518374);revealed.doc(1367781)take.exe(1042922);nearby.exe(1011937);help.exe(1137610)ensure.doc(268542);overwhelmed.doc(88468);rode.doc(1304677)engine.exe(33830);votes.pdf(1659504);will.doc(920585)passing.jpg(1492497);go.jpg(1436940)ahmose.txt(617716);prince.pdf(1174491),15337127,35,0.9999997560976204,0.0,0.15
KFG1727,2010-01-04,52,52,4,0,hurlbuts.zip(84700)railway.txt(561159)railway.txt(561159)four.doc(151156);history.doc(1079863)four.doc(151156);history.doc(1079863)deposited.txt(2042327);5.jpg(1502787)golden.jpg(177964)east.pdf(909447);ecuador.doc(233056);advice.txt(218702)east.pdf(909447);ecuador.doc(233056);advice.txt(218702)1942.doc(1085210);starring.jpg(1865314);games.zip(703252)journalist.doc(801574)journalist.doc(801574)walking.zip(1261495);modified.exe(1781978)walking.zip(1261495);modified.exe(1781978)adult.txt(584815)adult.txt(584815)script.txt(1608294)script.txt(1608294)born.exe(220162);television.exe(1186040);despite.pdf(1069348);too.jpg(513550)born.exe(220162);television.exe(1186040);despite.pdf(1069348);too.jpg(513550),33394715,31,0.9999998076923446,0.0,0.15
KFH0943,2010-01-04,29,29,0,0,magpie.jpg(495085)theory.zip(537544);direct.pdf(734267);origin.jpg(1089917);piece.pdf(1498551)skeletal.txt(485955);1935.txt(844636)pearsons.exe(1377485);1904.txt(854604)them.jpg(1505550)grown.exe(775631)fair.zip(1090742)flying.doc(1400560)war.jpg(848089);never.jpg(394338),14838453,27,0.9999996551725328,0.0,0.15
KFS1029,2010-01-04,4,4,0,0,,144082,4,0.9999975000062501,0.0,0.15
KGD0416,2010-01-04,32,32,0,0,article.txt(1027199)about.jpg(377768)announced.pdf(2255380)installed.txt(625904),5185013,28,0.9999996875000976,0.0,0.15
KGL0178,2010-01-03,1,1,0,1,project.doc(1239749);18.zip(2233070);brown.zip(313243),3818750,1,0.9999900000999989,0.0,0.15
KGL0178,2010-01-04,34,34,1,0,program.zip(371578)than.pdf(1805171);mood.jpg(1406515);yet.jpg(717443)kevin.txt(93551);gulf.doc(128929)kevin.txt(93551);gulf.doc(128929)offer.pdf(923815);no.doc(167145);strengths.exe(1332471);2004.txt(1048205);academys.zip(1711530);2004.zip(1512974);latter.doc(1590922),13995199,23,0.9999997058824394,0.0,0.15
KGM1031,2010-01-04,4,4,1,0,thoroughly.exe(187689);few.pdf(1233127),1588104,4,0.9999975000062501,0.0,0.15
KHG0205,2010-01-02,3,3,0,3,reached.pdf(771357);dollars.txt(1011825);des.jpg(517634);slower.doc(811009),3189172,3,0.9999966666777778,0.0,0.15
KHG0205,2010-01-04,6,6,0,0,,176152,6,0.9999983333361112,0.0,0.15
KHH1556,2010-01-04,26,26,0,0,owing.doc(1026027);competition.jpg(659342)silently.zip(464448);are.exe(1252146)2001.txt(167351);southern.pdf(156782);with.doc(1045445);preserve.pdf(1606469);33rd.doc(1008271);with.jpg(521750);thirteen.exe(350330);when.zip(794431);raiders.exe(141157)hopeless.exe(587033);area.exe(519008);set.exe(345965);taken.zip(1283415);costs.doc(792925)centre.doc(143111);city.exe(663038),14336725,23,0.9999996153847633,0.0,0.15
KHS1850,2010-01-04,14,14,0,0,crown.doc(1498087);department.doc(37773)where.pdf(329513)kmh.jpg(941305);different.pdf(1212556),4435535,14,0.9999992857147959,0.0,0.15
KHT0739,2010-01-04,16,16,1,0,tunnel.pdf(282304)while.exe(971898)washington.exe(1292487);professor.exe(1083668)outline.jpg(998618);hock.exe(908048),6048206,16,0.9999993750003906,0.0,0.15
KHW0289,2010-01-04,17,17,0,0,july.txt(1898023)night.jpg(550366);intended.exe(1047867);pressure.doc(1271318),5338333,14,0.9999994117650519,0.0,0.15
KIB0089,2010-01-04,26,26,0,0,bullion.txt(1097940)primarily.pdf(717360);both.exe(1161462);owned.doc(929232);allowed.zip(553664);hour.pdf(1362827);part.exe(691962);readily.doc(82825)happy.txt(1803409);into.exe(789531);birth.zip(1356661)15.doc(583594)dropped.doc(1849901)cave.zip(720403);fighting.pdf(549836);act.doc(903805)stone.jpg(789180);ideological.txt(1065046)interrupted.jpg(2175689);bostons.pdf(486630),20488187,26,0.9999996153847633,0.0,0.15
KIC0438,2010-01-04,74,74,15,0,that.jpg(444486);special.pdf(620127)prosperous.txt(1705624)too.pdf(486237)lover.txt(376932)secondary.pdf(676881);mass.pdf(1934038);attain.jpg(2792841);into.doc(704001);peaked.pdf(1510884)74.txt(258579);superior.exe(1026938)believed.exe(1197098)succeeded.pdf(1286346);he.pdf(264469)following.txt(1560633)man.exe(1171152);delivered.pdf(715891)occupational.doc(1266485);earned.jpg(153675);municipal.pdf(380767);work.doc(1993158);higher.txt(1469862);stations.exe(1389726)while.jpg(135977)did.doc(66659)on.exe(768015)now.jpg(913397)while.jpg(135977)did.doc(66659)on.exe(768015)now.jpg(913397)indies.doc(1317347);cautiously.txt(854083);boarded.txt(395205)indies.doc(1317347);cautiously.txt(854083);boarded.txt(395205),36448023,48,0.9999998648648831,0.0,0.15
KIF0951,2010-01-04,28,28,0,0,american.exe(634756);18.doc(669723),2002066,21,0.9999996428572704,0.0,0.15
KIS1205,2010-01-02,20,20,0,20,form.zip(57732);become.txt(1168303)expand.exe(253249)form.zip(57732);become.txt(1168303)expand.exe(253249)indicates.exe(1216659)indicates.exe(1216659)argentine.pdf(891878);already.pdf(2023929);1951.pdf(21624)argentine.pdf(891878);already.pdf(2023929);1951.pdf(21624),11801264,9,0.9999995000002501,0.0,0.15
KIS1205,2010-01-04,18,18,0,0,spear.jpg(735835)aft.exe(105215);was.pdf(1305576)of.doc(1374767);accident.exe(1082478);what.jpg(1660308);noting.zip(59643)section.pdf(846941)alliance.jpg(84035),7812300,17,0.9999994444447531,0.0,0.15
KJA0347,2010-01-04,18,18,0,0,flat.txt(1872959);phoenix.doc(515742)gathered.txt(796620)conservatives.exe(1039764);way.zip(731962);spirits.doc(335951);wracked.zip(1101878);am.jpg(546109);think.zip(1704863);am.doc(1628728);angus.txt(483248);itself.exe(9617)canadian.zip(1060237)various.txt(1593992);known.doc(789304);literature.txt(10022);sativum.zip(563570),15320781,18,0.9999994444447531,0.0,0.15
KJG1121,2010-01-04,42,42,5,0,i.txt(415414);meetings.zip(724944);mentor.jpg(1219281)before.jpg(296847);incorporated.pdf(784222);rendezvous.exe(588173)success.exe(1096352)dropping.zip(1145175)due.zip(1221683);fans.jpg(327695);met.doc(290612);met.txt(521783)weighs.pdf(502678)even.zip(172995);cash.jpg(776253)third.jpg(1122778);part.doc(1342806)by.zip(638722)negating.zip(634198)drivers.doc(22132)1920.txt(1117295)reestablish.zip(2131777);75.zip(979539)surrounding.jpg(1607630)first.pdf(486911);idiosyncratic.pdf(1961800)parish.exe(700591)range.pdf(1049299);said.txt(1676435);coach.doc(1222140)listened.exe(825326);any.txt(1119995);any.exe(350861);any.jpg(1320969);favor.jpg(750529);favor1.jpg(529462);dozen.doc(463529)relatively.jpg(999460)listed.jpg(150855);mark.doc(1519803)solubilisation.zip(1287873);branching.txt(165143);life.pdf(370317),37906146,31,0.9999997619048185,0.0,0.15
KJH0475,2010-01-04,22,22,8,0,aground.doc(386410);1966.zip(483278)anaphylactic.exe(312709)did.doc(1256198);poetry.txt(475060)natural.jpg(1425252);1986.zip(1277333)although.exe(214469);met.doc(35912),6394080,19,0.9999995454547521,0.0,0.15
KJH0804,2010-01-04,28,28,5,0,program.zip(371578)them.exe(1135167);crises.doc(292235)material.doc(50531);accord.exe(149090)subvert.zip(1306497)offer.pdf(923815);no.doc(167145);strengths.exe(1332471);2004.txt(1048205);academys.zip(1711530);2004.zip(1512974);latter.doc(1590922)berth.jpg(1185357);tourists.doc(986794),14644296,23,0.9999996428572704,0.0,0.15
KJH0872,2010-01-04,11,11,0,0,modification.jpg(1021780)2006.jpg(1470093);nearby.doc(123247)2006.jpg(1470093);nearby.doc(123247)annexation.jpg(1121404)annexation.jpg(1121404),6705161,8,0.9999990909099173,0.0,0.15
KJM0889,2010-01-02,16,16,1,16,instead.jpg(132270);alden.doc(1274290);training.txt(1034766),2895304,14,0.9999993750003906,0.0,0.15
KJM0889,2010-01-03,18,18,0,18,ankh.zip(48514)landscaping.pdf(1054477)and.txt(175041)no.pdf(189619),2064906,17,0.9999994444447531,0.0,0.15
KJM0889,2010-01-04,42,42,0,0,programmers.exe(660496)war.jpg(1165795);redundant.zip(1486312)can.jpg(1728768)tale.zip(876440);whose.jpg(1011684)prince.txt(879632);prince.doc(1210938);prince.exe(578599)took.pdf(942537);vary.txt(488821);suggests.txt(1210965)providence.exe(22427);prince.jpg(1299030);north.txt(980395);capturing.doc(683582);minimum.zip(757562);providence1.exe(199249)report.pdf(575986)1930.zip(1620989)improving.doc(108734);created.doc(1742314);birth.txt(796948)cradle.zip(713740);blood.exe(178587);front.exe(1354594);unaccompanied.zip(588561);knox.txt(1624921);proved.exe(1488169)prince.jpg(985817)9.jpg(1385666);memorial.pdf(1182117);very.jpg(434780),32203569,39,0.9999997619048185,0.0,0.15
KJM1303,2010-01-04,6,6,0,0,fabian.doc(1006936);fabian.zip(599511)reached.pdf(771357);dollars.txt(1011825);des.jpg(517634);slower.doc(811009)settle.pdf(706316);technique.exe(943120),6534609,6,0.9999983333361112,0.0,0.15
KJN0240,2010-01-04,33,33,0,0,lorenzo.pdf(2766938);option.jpg(1305805);southern.doc(1294491);chose.doc(538262);cannons.zip(190389);successfully.pdf(894932);hagglund.doc(287949);line.zip(494343)rather.zip(695099)short.exe(1917047);december.doc(64387)whitehall.zip(107275)tracking.txt(1497175);immediate.txt(459753)parties.txt(1431866)find.exe(419357),15448075,18,0.9999996969697887,0.0,0.15
KJS1956,2010-01-04,13,13,0,0,above.zip(754629)as.doc(2169552),3365393,13,0.9999992307698226,0.0,0.15
KJW1664,2010-01-04,28,28,15,0,no.exe(1916954)no.exe(1916954)killed.txt(1305676);la.jpg(49910);occupying.zip(894552)killed.txt(1305676);la.jpg(49910);occupying.zip(894552)deputy.txt(474012)unexpected.jpg(287002);he.jpg(84590)vital.jpg(1419899)believe.txt(1000698);19.zip(1219008);history.pdf(254098);agreeing.doc(734923);apollo.pdf(96784)believe.txt(1000698);19.zip(1219008);history.pdf(254098);agreeing.doc(734923);apollo.pdf(96784)was.zip(1976806);battalion.txt(175231)colonies.pdf(856410);seven.jpg(1658313);departure.zip(23643);attention.pdf(131402);returned.zip(482553),23401595,19,0.9999996428572704,0.0,0.15
KKL1481,2010-01-04,2,2,0,0,either.doc(48603)wife.txt(854713);dangerous.doc(934192),1898579,2,0.9999950000249999,0.0,0.15
KKP0064,2010-01-04,22,22,0,0,president.zip(293444);author.doc(1453788);test.txt(81751)eventually.txt(293783);shift.zip(1302130);there.pdf(462778);constant.exe(1453474)degree.txt(40038)nationalists.pdf(721351);family.exe(1641838);john.zip(1268245)hat.jpg(889894)well.exe(1236490)submitted.zip(172234);gun.jpg(1064164);protect.txt(1072478)aircraft.txt(1204525);country.exe(1313444)langley.txt(696676),17330473,22,0.9999995454547521,0.0,0.15
KKP1311,2010-01-04,9,9,0,0,remnant.zip(1357725);having.txt(354612)loaded.exe(1441061);their.jpg(377212),3799912,9,0.9999988888901234,0.0,0.15
KKS0087,2010-01-04,21,21,0,0,happy.txt(1803409);into.exe(789531);birth.zip(1356661),4552967,17,0.9999995238097505,0.0,0.15
KLB0918,2010-01-04,28,28,3,0,its.exe(1193019)averages.txt(659187);stemmed.txt(1190272);network.doc(71569);you.jpg(1355551);hot.doc(1028945);last.pdf(709004);does.pdf(2186652);act.zip(101248)english.jpg(1549198)opposed.doc(1522388)confiscated.zip(676312)credit.pdf(1670792);containing.doc(505646),15285054,25,0.9999996428572704,0.0,0.15
KLG0576,2010-01-04,12,12,0,0,tattoos.txt(552945);new.exe(461672);13.exe(593906)depending.jpg(1898508);size.txt(1154266),5043830,11,0.9999991666673611,0.0,0.15
KLM0941,2010-01-04,34,34,0,0,speculative.jpg(625592);following.exe(1195595)usa.txt(956903);she.txt(1241219);transport.pdf(1442572)updates.zip(2048332);updates.exe(817206)moved.exe(1059310);russia.jpg(434405)grown.exe(775631),11666935,29,0.9999997058824394,0.0,0.15
KLM1508,2010-01-04,32,32,4,0,decidedly.exe(121520)election.txt(573234);2003.jpg(607488);sold.txt(160498);beginning.doc(1159532);december.exe(334789);cbs.doc(1226318);sold.doc(653694);serve.pdf(612421)once.doc(1201248);storm.exe(581593)daniel.pdf(1068120);229th.doc(951175);mainland.exe(400021);where.jpg(3372);trench.zip(1120311),11695945,29,0.9999996875000976,0.0,0.15
KLR0112,2010-01-04,31,31,1,0,eight.jpg(174320)notable.txt(172109)notable.txt(172109)spent.doc(713330);river.pdf(808589);marked.doc(1217074)spent.doc(713330);river.pdf(808589);marked.doc(1217074)ordered.zip(148614);smaller.exe(667822)chile.zip(1603019);plaza.jpg(55055)chile.zip(1603019);plaza.jpg(55055),11027194,17,0.9999996774194589,0.0,0.15
KLW1789,2010-01-04,9,9,3,0,over.doc(709383);framework.pdf(56737)entirely.exe(1117309);by.txt(556900),2707487,8,0.9999988888901234,0.0,0.15
KMC1934,2010-01-02,35,35,20,35,movie.jpg(330094);postmodern.pdf(1988252);athlete.doc(774956)movie.jpg(330094);postmodern.pdf(1988252);athlete.doc(774956)areas.pdf(2117722)areas.pdf(2117722)partnership.pdf(2052653);then.doc(296447);numbers.exe(654465)partnership.pdf(2052653);then.doc(296447);numbers.exe(654465)slowed.jpg(1555230)slowed.jpg(1555230)justice.zip(1483968)justice.zip(1483968)expanded.exe(1198208),24729501,18,0.9999997142857958,0.0,0.15
KMC1934,2010-01-03,32,32,6,32,criticism.zip(766295)criticism.zip(766295)courts.doc(634549)courts.doc(634549)cavaras.txt(466240)cavaras.txt(466240)those.txt(239442),5074760,15,0.9999996875000976,0.0,0.15
KMC1934,2010-01-04,54,54,2,0,has.txt(1779826)southwest.exe(273455)overturned.doc(966257)southwest.exe(273455)overturned.doc(966257)one.doc(989720);escape.jpg(1457433);setbacks.jpg(58591);service.exe(1150670);oaks.doc(119621)one.doc(989720);escape.jpg(1457433);setbacks.jpg(58591);service.exe(1150670);oaks.doc(119621)like.doc(1768307);mistake.exe(782966)like.doc(1768307);mistake.exe(782966)incoming.doc(1311195);lowered.doc(1706869);shadows.zip(1112486)late.pdf(1159999);time.txt(448144)unfortunate.pdf(1132835),25423690,30,0.999999814814849,0.0,0.15
KMG0062,2010-01-04,71,71,22,0,1.txt(698179);pennsylvania.zip(1145386);primary.pdf(996326);received.exe(728396);foggy.exe(1003973)another.txt(698836)like.jpg(101455)down.txt(348515);national.exe(840359);around.pdf(611837);failing.pdf(524243);1934.exe(1189106);plot.exe(443764);earlier.exe(165821)extremely.pdf(717473)initially.doc(1181620);60.zip(602011);guided.doc(258279)members.doc(2262770)lists.exe(354975)aground.doc(386410);1966.zip(483278)news.zip(808845)investigation.doc(1066177);mississippi.txt(681482);chase.pdf(744554);indiscriminate.exe(381297)1777.jpg(399291);possible.doc(288241);main.jpg(1039753);closed.pdf(100358)de.zip(506072)mother.txt(349540)congress.zip(1455920);consequences.zip(641504)also.jpg(1300463);receiving.txt(1003919)them.exe(1004314);list.pdf(772466)but.exe(1458702);stationed.txt(1210217);hampered.txt(822859);favorable.jpg(908206);empty.pdf(1008354)did.zip(1078067);highest.txt(730930)although.exe(214469);met.doc(35912)nationalists.pdf(721351);family.exe(1641838);john.zip(1268245)hat.jpg(889894)between.exe(995533)langley.txt(696676)itchy.exe(528728),44568682,60,0.9999998591549494,0.0,0.15
KMH0529,2010-01-04,22,22,2,0,families.jpg(1614680);important.doc(967337)western.doc(1717629)smithsonian.jpg(600270)beginning.jpg(1764150),7231747,21,0.9999995454547521,0.0,0.15
KMK1096,2010-01-04,6,6,1,0,fifth.doc(419801);events.jpg(937168)facing.pdf(561680);considers.txt(9277)highest.txt(734712)thousands.zip(353358)snow.zip(1496478),4687229,6,0.9999983333361112,0.0,0.15
KMM0014,2010-01-04,48,48,3,0,disposing.txt(1456690)minds.txt(65638);14.zip(303733)1962.exe(360492);word.exe(99277)between.doc(691745)suffered.zip(1144245)design.zip(750305);off.zip(1411625)east.zip(1407479);had.doc(569910);began.pdf(530297);put.pdf(1074238)reserve.jpg(329026);maps.txt(1110261)son.jpg(595863)what.pdf(114216),13453090,43,0.99999979166671,0.0,0.15
KMM1703,2010-01-04,8,8,0,0,intended.txt(1702314);feature.txt(1573249)be.pdf(1800586)hosts.txt(1234533);linked.txt(1276736);more.zip(1278843),9103307,8,0.9999987500015626,0.0,0.15
KMN0028,2010-01-04,24,24,0,0,minds.txt(65638);14.zip(303733)confront.doc(503892);difficulties.doc(59250);funds.pdf(9987);difficulties.exe(1059538)much.txt(1178912);changing.pdf(1791417);land.txt(1098404),6819907,19,0.9999995833335069,0.0,0.15
KMO0382,2010-01-04,3,3,0,0,,103494,3,0.9999966666777778,0.0,0.15
KMR0377,2010-01-04,7,7,0,0,settlement.exe(565171);canadian.exe(988293),1749157,7,0.9999985714306123,0.0,0.15
KNM0100,2010-01-04,94,94,40,0,vulnerable.zip(675894)southwest.pdf(1129013);birth.doc(1090910);from.exe(570047)basic.txt(849852);central.zip(1350368)ground.doc(48101);murder.exe(1105799);coverage.exe(1543422)brown.jpg(795922);among.exe(384479)exposure.txt(971868);what.zip(731589)component.txt(605333)reservoirs.pdf(173373);reservoirs.zip(1739471)them.jpg(1524812)womens.txt(763032)nightfall.txt(957987)figure.zip(286346)spitfire.exe(2427249);intention.zip(1325298)whimbrel.jpg(157135)law.exe(818484)six.exe(1132409)related.txt(727982);abolished.pdf(591859);laid.txt(1218616);district.exe(1480340);written.exe(916277);compared.exe(867613);district.txt(730174)tally.txt(1379894)dry.txt(124828);twin.txt(2201346);players.exe(52467)loss.doc(1759123)contrary.jpg(2267991);a.zip(1698895)week.jpg(1203787);party.doc(1008013);first.doc(1379196);first.txt(883757)raising.pdf(791884);raising.txt(401821)process.exe(1164785)dare.pdf(987150);democratic.doc(271871)capacity.doc(180426)7.zip(2066020);crisis.exe(1307157);only.exe(821863)operations.jpg(1106674)reserve.jpg(1126177),56468314,81,0.9999998936170326,0.0,0.15
KOG1386,2010-01-04,25,25,5,0,regina.exe(216065)presence.jpg(522599);valid.doc(1658133);believe.zip(359478)with.pdf(87351);horizon.exe(2030757);contributed.pdf(1022902)misl.exe(586430),7278087,19,0.99999960000016,0.0,0.15
KOL1923,2010-01-04,57,57,17,0,short.exe(1509267)difficulties.zip(462762);promote.jpg(158531);rich.txt(1303660);methods.exe(243288);account.zip(1335219);none.zip(1350705);rich.zip(1305348);hey.txt(53520);meanwhile.pdf(2189536)important.pdf(595298);forum.pdf(1272205)clerici.exe(288018)important.pdf(595298);forum.pdf(1272205)clerici.exe(288018)four.zip(2531662);three.jpg(1899613);best.doc(364034)unremarkable.pdf(1840972);been.jpg(35336)unremarkable.pdf(1840972);been.jpg(35336)november.txt(913104)ring.doc(203693);ring.txt(881836);atlantic.doc(607586)lighter.jpg(445276);geared.zip(1875564)lighter.jpg(445276);geared.zip(1875564)named.zip(676481)named.zip(676481)babies.txt(1544903)fortress.doc(539208);account.exe(1599475);kind.exe(308359);imperial.exe(238704)babies.txt(1544903)fortress.doc(539208);account.exe(1599475);kind.exe(308359);imperial.exe(238704),41574927,41,0.9999998245614342,0.0,0.15
KPM0579,2010-01-04,15,15,0,0,tattoos.txt(552945);new.exe(461672);13.exe(593906)drove.jpg(959867);thunderer.zip(1045096)depending.jpg(1898508);size.txt(1154266),7104268,14,0.9999993333337778,0.0,0.15
KPM1002,2010-01-04,23,23,0,0,comes.exe(1597391);partner.jpg(505329)after.doc(1342081);equatorial.txt(1161951)re.txt(276707);made.exe(235372)replaced.exe(1123516);attempted.doc(717338)answered.doc(801924);7.doc(420083);which.zip(69687)added.pdf(530446)leader.pdf(1463111)jasper.pdf(202469);everyone.pdf(633198),11756910,19,0.9999995652175804,0.0,0.15
KQM1769,2010-01-04,34,34,6,0,began.jpg(183328)6000.exe(439781)freeze.doc(720743)detachment.doc(1036707);tied.pdf(1863085);take.txt(2589);revolutionary.pdf(2167035);southern.doc(290612);instead.jpg(394178);tied.jpg(395156)had.pdf(6840)loose.jpg(1422493);w.doc(805197);figure.exe(1412096);figure1.exe(831757);equalled.exe(288692);salvaged.txt(859647);figure.jpg(111279);separate.zip(861582);tampa.exe(1045706)published.pdf(471753);presence.doc(111885);2011.zip(1462813)before.txt(33159);synthetic.exe(158114);ever.txt(1209910)control.jpg(500442),20158277,30,0.9999997058824394,0.0,0.15
KRA1047,2010-01-04,6,6,0,0,consider.zip(288654);thoroughfare.txt(802292),1268004,5,0.9999983333361112,0.0,0.15
KRC0098,2010-01-02,36,36,0,36,lawyers.jpg(918623);percentage.exe(504502)lawyers.jpg(918623);percentage.exe(504502)dutton.exe(143330)dutton.exe(143330)26.zip(1335347)26.zip(1335347)ground.doc(48101);murder.exe(1105799);coverage.exe(1543422)ground.doc(48101);murder.exe(1105799);coverage.exe(1543422)vietnam.zip(727223)vietnam.zip(727223)combined.exe(1422553)combined.exe(1422553)if.zip(1283654)if.zip(1283654),19190832,15,0.9999997222222993,0.0,0.15
KRC0098,2010-01-04,57,57,0,0,away.txt(1921567);georgia.doc(748381)reporter.txt(1249954);newsnight.doc(1672292)factions.jpg(1460261);energy.zip(895203)checking.jpg(120477)frequent.jpg(166066)frequent.jpg(166066)blurred.jpg(263214);expects.txt(588006);directing.doc(431671);drifts.jpg(1164360);advise.txt(1408163)blurred.jpg(263214);expects.txt(588006);directing.doc(431671);drifts.jpg(1164360);advise.txt(1408163)throwing.pdf(207952)anniversary.txt(1275143)anniversary.txt(1275143)1885.doc(628479)1885.doc(628479)asked.jpg(933792)world.doc(1912800),24740662,31,0.9999998245614342,0.0,0.15
KRC0441,2010-01-04,29,29,0,0,solely.exe(776001)dozens.pdf(804905)found.exe(1048774);mentor.doc(1885404)had.pdf(1210990)4.pdf(825529);published.exe(95581)professed.txt(593325);entertaining.zip(390557);is.zip(837030)proved.pdf(1448349);p.pdf(778869)according.pdf(718329);machine.jpg(527556);released.pdf(1759242)navys.zip(1993887);width.txt(694120),17255917,24,0.9999996551725328,0.0,0.15
KRC0842,2010-01-04,4,4,0,0,,109991,3,0.9999975000062501,0.0,0.15
KRC1348,2010-01-04,35,35,23,0,fragment.txt(1575957)account.zip(1303697)estimated.txt(2029713)moved.txt(1092960),7006423,28,0.9999997142857958,0.0,0.15
KRM1306,2010-01-04,8,8,0,0,have.pdf(636916)settle.pdf(706316);technique.exe(943120)controversy.pdf(900800)surprised.txt(789216);small.pdf(335),4200800,7,0.9999987500015626,0.0,0.15
KRS0172,2010-01-04,15,15,0,0,all.doc(279546);1969.doc(667700),1410805,15,0.9999993333337778,0.0,0.15
KSC1255,2010-01-04,3,3,0,0,,87562,3,0.9999966666777778,0.0,0.15
KSC1352,2010-01-04,7,7,0,0,maximum.txt(702674);produce.exe(1120681)decade.exe(79297);idea.txt(634011);described.pdf(968087),3728844,6,0.9999985714306123,0.0,0.15
KSL0808,2010-01-04,15,15,2,0,reduced.jpg(518374);revealed.doc(1367781)critically.doc(1476850);rest.zip(1002794);thrones.doc(1318337);st.doc(524389)students.doc(1033919),7726203,15,0.9999993333337778,0.0,0.15
KSS1005,2010-01-03,18,18,0,18,145.pdf(560813);plans.zip(1401292);somewhat.jpg(1237903);men.txt(271643)145.pdf(560813);plans.zip(1401292);somewhat.jpg(1237903);men.txt(271643)15.doc(374875);filling.jpg(225795)15.doc(374875);filling.jpg(225795)alleged.zip(1002419)alleged.zip(1002419),10673560,9,0.9999994444447531,0.0,0.15
KSS1005,2010-01-04,16,16,0,0,praised.txt(1047256)re.txt(276707);made.exe(235372)upgraded.txt(544652)presidents.doc(17835);new.zip(1898004)answered.doc(801924);7.doc(420083);which.zip(69687),5787736,11,0.9999993750003906,0.0,0.15
KSS1519,2010-01-04,11,11,2,0,inculcate.jpg(1125237);among.jpg(810299);humanity.zip(255513),2528057,8,0.9999990909099173,0.0,0.15
KST1643,2010-01-04,11,11,0,0,career.jpg(1624331);traced.zip(953020);create.pdf(503197)processes.pdf(152905);tage.jpg(445379)appearance.txt(809600)42.zip(1799387)up.txt(713209);yet.pdf(1167575),8486386,9,0.9999990909099173,0.0,0.15
KSW0708,2010-01-04,16,16,0,0,herself.pdf(397837)lakes.zip(1286794);massive.doc(1897324);alike.jpg(151521)kevin.txt(93551);gulf.doc(128929)deployed.exe(461748),4864391,15,0.9999993750003906,0.0,0.15
KTS0058,2010-01-04,56,56,0,0,design.txt(377389)beautiful.exe(345476);winner.exe(563119)declared.pdf(885774);railroads.doc(545980)oussouye.txt(1899887);reluctant.exe(804530);only.jpg(1701893)six.jpg(568258);excluding.exe(829461);opportunity.exe(690316);regulating.zip(924461);opportunity.txt(2075427)occurred.exe(1980522);lyon.jpg(1750991)appear.doc(588588)unchallenged.doc(665033);hannibal.txt(1293436)southwest.pdf(753939);within.txt(1096695)southwest.pdf(753939);within.txt(1096695)depressions.txt(1744274);gape.exe(352789);width.txt(963745)extends.txt(47513)depressions.txt(1744274);gape.exe(352789);width.txt(963745)extends.txt(47513)wider.exe(386005);lasts.zip(760904);features.exe(768049)despite.zip(465389);voters.doc(34367)passed.txt(1191416);requests.pdf(1009875)votes.txt(1460433),36209936,37,0.9999998214286032,0.0,0.15
KUB1569,2010-01-04,23,23,1,0,around.doc(1429400)plains.jpg(671797)lower.jpg(1581641)beyond.zip(75058)taken.jpg(507921);restored.doc(104378);he.doc(1997490)relax.doc(815821),7948861,21,0.9999995652175804,0.0,0.15
KVC1487,2010-01-04,33,33,1,0,which.jpg(693989);second.exe(411946)strong.jpg(505644);attained.jpg(622130)decidedly.exe(121520)middle.zip(1980665)arabic.exe(1635183);rose.doc(229556);unusual.exe(510013);well.exe(435991)association.pdf(245500)order.pdf(1379257);journalist.txt(1668234)musical.exe(1275200)program.zip(316099),13055353,30,0.9999996969697887,0.0,0.15
KVF1143,2010-01-04,32,32,0,0,saga.exe(1260521);arrival.exe(1262598)new.pdf(794412)conference.doc(294347)underpin.exe(322874);rule.pdf(1255688)later.jpg(160639);rendering.exe(531219)paul.exe(246984)this.pdf(589199)april.zip(1503171);been.zip(953795);been.jpg(1079428);r.txt(286451);square.txt(1615306);april.doc(1246969);way.jpg(13341);photo.pdf(1140443);way.doc(471287),16029160,31,0.9999996875000976,0.0,0.15
KVP1424,2010-01-04,7,7,0,0,southern.jpg(2077268)improving.jpg(459622);every.doc(572780);families.doc(87571);early.zip(1282783)illusion.jpg(352198),5010074,7,0.9999985714306123,0.0,0.15
KVV0871,2010-01-04,10,10,0,0,north.jpg(1297437);per.txt(846301);commercial.doc(597849)ascent.jpg(751660);eight.zip(1859806);26.pdf(254559),5871570,8,0.9999990000010001,0.0,0.15
KWF0849,2010-01-04,32,32,0,0,confrontation.jpg(671631);help.jpg(1597627);black.jpg(1553044)confidence.pdf(115902);115.jpg(1220574);directly.jpg(655927);western.zip(1926023);underwent.txt(992695)exclusively.doc(456102);communication.doc(827423)stock.txt(427582)general.pdf(173749)announced.pdf(2255380)six.pdf(2037736);pressure.exe(1691521);undergo.txt(655410),18322789,25,0.9999996875000976,0.0,0.15
KWM0365,2010-01-04,28,28,2,0,money.jpg(911842);leslie.jpg(744027),2471604,25,0.9999996428572704,0.0,0.15
KZB1630,2010-01-04,7,7,0,0,up.txt(713209);yet.pdf(1167575),2125559,7,0.9999985714306123,0.0,0.15
KZM0362,2010-01-04,33,33,3,0,publicity.doc(1648625)case.jpg(728951),3361298,27,0.9999996969697887,0.0,0.15
LAD0226,2010-01-04,42,42,9,0,personal.exe(1032119)could.doc(1593169);points.doc(799102)without.exe(943460)re.txt(1087173)offer.pdf(921021)galleys.exe(328287)bras.doc(784651);buy.jpg(2476143)numbers.doc(737318)occasions.doc(224812)1948.zip(945625);went.jpg(531118);optioned.doc(772818),14515061,35,0.9999997619048185,0.0,0.15
LAF1938,2010-01-04,33,33,2,0,frequently.doc(513772),1436155,30,0.9999996969697887,0.0,0.15
LAH0463,2010-01-04,19,19,0,0,place.pdf(772536)halo.pdf(877171)i.zip(314027);research.doc(1020980);compound.zip(366488);members.zip(235552),4132244,17,0.9999994736844876,0.0,0.15
LAS0129,2010-01-02,19,19,0,19,reservoirs.pdf(173373);reservoirs.zip(1739471)reservoirs.pdf(173373);reservoirs.zip(1739471)component.txt(605333)component.txt(605333)exposure.txt(971868);what.zip(731589)exposure.txt(971868);what.zip(731589)brown.jpg(795922);among.exe(384479),10081929,10,0.9999994736844876,0.0,0.15
LAS0129,2010-01-04,44,44,2,0,whimbrel.jpg(157135)week.jpg(1203787);party.doc(1008013);first.doc(1379196);first.txt(883757)week.jpg(1203787);party.doc(1008013);first.doc(1379196);first.txt(883757)raising.pdf(791884);raising.txt(401821)raising.pdf(791884);raising.txt(401821)process.exe(1164785)process.exe(1164785)dig.zip(1179835)reserve.jpg(1126177)reserve.jpg(1126177),18601420,30,0.9999997727273243,0.0,0.15
LAS0256,2010-01-04,30,30,2,0,hits.exe(1933290)mississippi.zip(561479);rapid.pdf(921583)predominant.doc(112631)mississippi.zip(561479);rapid.pdf(921583)predominant.doc(112631)relied.pdf(1308908);44.jpg(330571);yelling.pdf(1020931);course.zip(1622815);indicate.jpg(494324)relied.pdf(1308908);44.jpg(330571);yelling.pdf(1020931);course.zip(1622815);indicate.jpg(494324)wkyc.doc(1546491)wkyc.doc(1546491)rose.pdf(1298190);lines.doc(669849),20717705,15,0.9999996666667778,0.0,0.15
LBL0578,2010-01-04,8,8,0,0,lasting.txt(628185)new.doc(379171),1246243,8,0.9999987500015626,0.0,0.15
LCB1869,2010-01-04,9,9,2,0,485.txt(382299);mobile.exe(129823)york.txt(2066352);exist.exe(2036787),4896271,9,0.9999988888901234,0.0,0.15
LCR0521,2010-01-04,30,30,0,0,figure.doc(19080);fixed.zip(846852);eventually.txt(873976);9.pdf(107769)spraying.pdf(1064339);leading.doc(1138843)spraying.pdf(1064339);leading.doc(1138843)rating.pdf(102983);robbed.pdf(1370653);allowing.jpg(957138)rating.pdf(102983);robbed.pdf(1370653);allowing.jpg(957138)unmolested.exe(102429)unmolested.exe(102429)sighted.txt(787602)sighted.txt(787602),13813021,20,0.9999996666667778,0.0,0.15
LCR1344,2010-01-04,36,36,9,0,account.zip(1303697)post.jpg(275051);post1.jpg(830832)involved.exe(720101)1930s.zip(24130);valemount.zip(1025641);west.exe(375073)involved.doc(1293615);detail.jpg(61961)1970s.zip(1030654)good.doc(991453);long.jpg(548653);good.txt(1108450)then.txt(315522)since.exe(1454911);fide.doc(1029797)style.pdf(231506);major.pdf(734448)moved.txt(1092960)received.doc(1356569);3000.zip(685732),17581800,28,0.9999997222222993,0.0,0.15
LCS1760,2010-01-04,9,9,0,0,casualties.pdf(937853)novel.pdf(1854421)route.doc(1171564);nova.txt(1417762),5685705,8,0.9999988888901234,0.0,0.15
LCW0821,2010-01-02,1,1,0,1,combined.exe(1422553),1448315,1,0.9999900000999989,0.0,0.15
LCW0821,2010-01-04,3,3,0,0,temporary.doc(422141);defiance.txt(1800993),2332100,3,0.9999966666777778,0.0,0.15
LDF0644,2010-01-04,33,33,0,0,offer.zip(615835);each.pdf(1033287);variety.txt(575738)eastern.zip(2454305)together.exe(1626363)worldwide.jpg(151307)segments.doc(450959);wickenheiser.zip(1095864);leading.exe(402282)coolness.pdf(820920)300.zip(845138);death.doc(254816);excessively.txt(1168379);constantinople.doc(278273)ss.pdf(2133776),14909353,29,0.9999996969697887,0.0,0.15
LDM0399,2010-01-02,25,25,0,25,needed.exe(1826540);unable.exe(1040353)e.doc(329466)their.exe(1568969);perturbations.zip(1680298)e.doc(329466)their.exe(1568969);perturbations.zip(1680298)billion.pdf(2262810);system.pdf(423406);equivalent.txt(533254)billion.pdf(2262810);system.pdf(423406);equivalent.txt(533254)style.txt(1168552)style.txt(1168552)william.doc(172549)william.doc(172549),19877848,14,0.99999960000016,0.0,0.15
LDM0399,2010-01-04,38,38,0,0,properties.jpg(668008)vincent.exe(1168403)hardness.pdf(1193718)wildlife.jpg(215265);materials.pdf(1405205)vincent.exe(1168403)hardness.pdf(1193718)wildlife.jpg(215265);materials.pdf(1405205)returned.exe(20575);average.doc(649364)maternity.doc(1172528)en.txt(1100553);together.pdf(420699);sure.doc(1603216);together.doc(2125876);hour.zip(592875);car.doc(19249),17570045,24,0.9999997368421745,0.0,0.15
LFB0452,2010-01-04,35,35,0,0,culminated.zip(257827)most.jpg(1157815);sent.jpg(899183)german.jpg(627548);253.zip(868867)achr.jpg(747190)major.exe(1139457)total.txt(782833)25.exe(1264875);unfavourable.exe(430577);360.txt(962149),10253065,26,0.9999997142857958,0.0,0.15
LHA0303,2010-01-04,16,16,0,0,axis.jpg(945374);dwarf.jpg(897874)tend.exe(1573288)namesake.pdf(784323);struggled.exe(442927),5166820,15,0.9999993750003906,0.0,0.15
LHD1233,2010-01-04,25,25,8,0,example.pdf(3476383)prince.txt(334241);prince.doc(228277);ankh.pdf(361680);ankh.jpg(416012);prince.exe(1304416);prince1.exe(11669);ankh2.pdf(655172)100000.doc(1221283)dams.jpg(1205202)mixture.jpg(1214850),11114245,20,0.99999960000016,0.0,0.15
LHD1750,2010-01-04,7,7,0,0,training.pdf(1023178)advised.zip(1456915),2722403,5,0.9999985714306123,0.0,0.15
LHL0130,2010-01-04,27,27,9,0,component.txt(605333)sauce.txt(262006);boiled.doc(605655)100000.doc(1221283)mvog.jpg(1296182);soldiers.zip(639461)for.exe(899729);great.zip(561721);third.pdf(1314619),8272222,25,0.9999996296297669,0.0,0.15
LHP0320,2010-01-04,41,41,0,0,winter.txt(1636411);not.doc(755787)moderate.exe(1694668)season.pdf(39522);enough.doc(1453422)house.pdf(1055352);he.doc(305908);built.jpg(1892424);built.txt(1101689);way.pdf(1714066);watching.txt(58425);surprised.doc(100231)hears.txt(778911)whole.zip(602211)could.doc(1355931);end.zip(892289)eastern.exe(614780)emmy.pdf(223368);structure.doc(1211319)son.doc(584367)be.jpg(318554)grown.jpg(643842)spoof.doc(1371720);told.jpg(816748),22375830,32,0.9999997560976204,0.0,0.15
LIB1125,2010-01-04,26,26,3,0,us.zip(1377421)came.jpg(708815)passed.doc(1758225)ion.exe(1053431)condition.pdf(782625);overhaul.pdf(1592285);quit.jpg(1329872);between.doc(564479);put.exe(849721);weapons.doc(498481)gregariousness.jpg(768398);green.pdf(1272892)pushing.zip(1587107)vultures.txt(1732755);precisely.zip(442111),17078485,24,0.9999996153847633,0.0,0.15
LIG1756,2010-01-04,16,16,0,0,southern.txt(262677);southern.zip(1094838);out.jpg(931097)approved.pdf(1039514)approved.pdf(1039514)minister.pdf(2167639);committed.txt(1738041)lakefront.jpg(1054043)lakefront.jpg(1054043),10864943,11,0.9999993750003906,0.0,0.15
LIJ1581,2010-01-02,2,2,2,2,below.txt(1203017);though.txt(1477242)below.txt(1203017);though.txt(1477242),5400562,1,0.9999950000249999,0.0,0.15
LIJ1581,2010-01-03,3,3,2,3,,78842,2,0.9999966666777778,0.0,0.15
LIJ1581,2010-01-04,7,7,0,0,cited.zip(1756915);image.jpg(587286),2532403,6,0.9999985714306123,0.0,0.15
LIL1199,2010-01-04,20,20,0,0,made.exe(678157)least.doc(307441);friend.pdf(1064656);neither.exe(23809)surrounded.jpg(55663)foreign.zip(484830)than.zip(312289)year.jpg(1864840),5379501,18,0.9999995000002501,0.0,0.15
LJC1146,2010-01-04,23,23,0,0,underpin.exe(322874);rule.pdf(1255688)paul.exe(246984)this.pdf(589199)145.zip(645981)n.exe(672693)study.jpg(694311)caption.pdf(1276565),6404393,21,0.9999995652175804,0.0,0.15
LJF1138,2010-01-04,26,26,1,0,programmers.exe(660496)retrieve.exe(346346)range.pdf(1049299);said.txt(1676435);coach.doc(1222140)listened.exe(825326);any.txt(1119995);any.exe(350861);any.jpg(1320969);favor.jpg(750529);favor1.jpg(529462);dozen.doc(463529),11190366,24,0.9999996153847633,0.0,0.15
LJH1027,2010-01-03,9,9,0,9,direction.jpg(1983327);arcadia.txt(346116)burning.exe(618411),3213546,8,0.9999988888901234,0.0,0.15
LJH1027,2010-01-04,28,28,0,0,bursting.jpg(1065354)rather.exe(170600)prefecture.doc(619388);highest.txt(491451);coordinates.doc(273878);near.txt(1240008);consistent.pdf(2529555);independently.exe(1883447);30.exe(252754);return.txt(1757025)novel.pdf(1854421)stock.exe(1251172),14219382,27,0.9999996428572704,0.0,0.15
LJL1891,2010-01-04,39,39,4,0,began.jpg(183328)6000.exe(439781)southwest.txt(675133)lost.jpg(122096)southwest.txt(675133)eric.jpg(46854);stages.txt(393230)next.jpg(707465);17th.doc(220732)next.jpg(707465);17th.doc(220732)detachment.doc(1036707);tied.pdf(1863085);take.txt(2589);revolutionary.pdf(2167035);southern.doc(290612);instead.jpg(394178);tied.jpg(395156)detachment.doc(1036707);tied.pdf(1863085);take.txt(2589);revolutionary.pdf(2167035);southern.doc(290612);instead.jpg(394178);tied.jpg(395156)enlistments.txt(1486781)enlistments.txt(1486781)26.exe(919059);would.txt(755350);25.zip(78506);heightened.pdf(613269);25.exe(902741);outrage.zip(797416);list.zip(103017)that.doc(1059273)faced.txt(657589)it.pdf(1695304);reasons.pdf(788303)hospital.jpg(1390276),30557082,24,0.9999997435898093,0.0,0.15
LJM0215,2010-01-04,41,41,8,0,operation.jpg(1564971)without.exe(943460)re.txt(1087173)mortality.zip(178225);abandoned.jpg(1369530);nearest.exe(675367);professional.exe(1485025);circulation.jpg(144879);most.jpg(817827)time.doc(410969);cannot.zip(901130)numbers.doc(737318)occasions.doc(224812)1948.zip(945625);went.jpg(531118);optioned.doc(772818),13974432,36,0.9999997560976204,0.0,0.15
LJM0375,2010-01-04,11,11,1,0,rehearsals.zip(755911);northern.txt(936105);non.jpg(584344)vincent.exe(1168403)statistics.pdf(134456);time.txt(1089843)140.pdf(47654),5060940,10,0.9999990909099173,0.0,0.15
LJM1807,2010-01-04,7,7,0,0,couldnt.exe(1401629);2006.zip(1196083)simply.pdf(672101)entirely.exe(1117309);by.txt(556900),5199871,7,0.9999985714306123,0.0,0.15
LJP1584,2010-01-04,5,5,0,0,against.doc(2260208);now.pdf(1661367)against.doc(2260208);now.pdf(1661367),7995642,3,0.9999980000040001,0.0,0.15
LJV1620,2010-01-04,26,26,0,0,1937.jpg(922607);merging.zip(82910)34.txt(701899)without.zip(1268723)york.txt(390593)york.txt(390593)appointed.pdf(988416)appointed.pdf(988416)early.txt(319258);army.pdf(477516);after.doc(974601);cossacks.pdf(792379);retain.pdf(366517)fiction.jpg(152139),9638064,20,0.9999996153847633,0.0,0.15
LKB0734,2010-01-04,20,20,0,0,figure.zip(286346)killed.pdf(4450);area.doc(858548);seemingly.pdf(1639452);received.txt(1110619);ever.exe(2144581);threw.exe(480379)process.exe(1164785),8319236,13,0.9999995000002501,0.0,0.15
LKC0405,2010-01-04,23,23,0,0,expressed.exe(231176);smoking.exe(592881)lecture.jpg(656054)looked.txt(1044258)father.jpg(704756);newspaper.txt(448036)low.jpg(501773)river.txt(533414)mark.jpg(467699),5814482,17,0.9999995652175804,0.0,0.15
LKC1796,2010-01-04,11,11,3,0,boatman.doc(605115);24.pdf(1008631)intended.doc(63630);vicinity.exe(333296)over.doc(709383);framework.pdf(56737),3106901,10,0.9999990909099173,0.0,0.15
LKL1895,2010-01-04,3,3,0,0,,122607,3,0.9999966666777778,0.0,0.15
LKM0230,2010-01-02,52,52,0,52,him.exe(319162)him.exe(319162)lorenzo.pdf(2766938);option.jpg(1305805);southern.doc(1294491);chose.doc(538262);cannons.zip(190389);successfully.pdf(894932);hagglund.doc(287949);line.zip(494343)lorenzo.pdf(2766938);option.jpg(1305805);southern.doc(1294491);chose.doc(538262);cannons.zip(190389);successfully.pdf(894932);hagglund.doc(287949);line.zip(494343)write.exe(184724);version.pdf(1783566)write.exe(184724);version.pdf(1783566),21576380,22,0.9999998076923446,0.0,0.15
LKM0230,2010-01-03,52,52,0,52,contacted.jpg(719961)contacted.jpg(719961),2939176,21,0.9999998076923446,0.0,0.15
LKM0230,2010-01-04,114,114,4,0,help.txt(972538);massive.zip(908874)off.pdf(1126753);cast.doc(1118190);all.txt(1324501)lecture.jpg(656054)shadows.zip(504852)source.jpg(1638331)jersey.pdf(805170)savage.doc(1669836)hermanus.txt(545004);realizing.txt(1497117);each.pdf(379897);most.doc(307635);part.zip(936837)declared.exe(1901814)man.exe(1171152);delivered.pdf(715891)gap.txt(456729)from.exe(626099)father.jpg(704756);newspaper.txt(448036)ten.jpg(138613)officers.txt(876999);ato.jpg(1562629)season.jpg(528599)clearing.pdf(72077);before.exe(464538);phil.txt(1300470)clearing.pdf(72077);before.exe(464538);phil.txt(1300470)gone.pdf(121284);gundalow.txt(154602)gone.pdf(121284);gundalow.txt(154602)tsin.exe(747438);park.doc(864397);claims.zip(1326725);outward.exe(742527);beginning.zip(688230);supercontinent.txt(627156);mandates.doc(1137493);turn.doc(350191)tsin.exe(747438);park.doc(864397);claims.zip(1326725);outward.exe(742527);beginning.zip(688230);supercontinent.txt(627156);mandates.doc(1137493);turn.doc(350191)advantage.doc(1150248)one.txt(470159)advantage.doc(1150248),47157062,80,0.9999999122807094,0.0,0.15
LKP1714,2010-01-04,47,47,4,0,created.doc(298490)hurlbuts.zip(84700)four.doc(151156);history.doc(1079863)story.txt(824818)deposited.txt(2042327);5.jpg(1502787)aside.doc(878471);greatly.txt(481258)whole.pdf(48526)confronted.exe(42916);belted.pdf(141527);reviewed.exe(524898);subject.jpg(1356734);balance.zip(366061);philip.pdf(1505269);subject.pdf(3360784);euphoria.doc(628113);required.pdf(1556007),18240156,37,0.9999997872340878,0.0,0.15
LLB0437,2010-01-04,45,45,13,0,comprise.txt(1179767)syndicated.exe(1728556);facto.exe(1006967);proceedings.exe(123992)delegates.jpg(224108);poor.zip(1289432);suspend.doc(90517)enthusiastic.pdf(1508389)secretly.exe(331750);significant.zip(963606);golden.txt(8253)did.doc(66659)residual.exe(272569)entire.pdf(782451);assumed.doc(1362834)explained.doc(375073),12625342,36,0.9999997777778271,0.0,0.15
LLF1234,2010-01-04,10,10,3,0,nomination.exe(1355904)structures.jpg(760845)institutions.zip(730442);mythical.txt(1619499);traditions.pdf(763587);largely.pdf(258422);one.exe(1415811);experts.zip(2191248);lengthy.zip(1232572);supporters.zip(799809)highly.doc(159862);highly1.doc(1370137);losing.txt(685334)later.txt(571432);stems.doc(164990);leaf.jpg(794927),15160698,8,0.9999990000010001,0.0,0.15
LLL1469,2010-01-04,4,4,0,0,,108105,4,0.9999975000062501,0.0,0.15
LLP1436,2010-01-04,12,12,2,0,rewritten.pdf(1136140);threat.zip(1328581);writers.exe(448674);silly.doc(202156);widower.doc(1572278);attempts.zip(1455529);b.txt(204864);brought.exe(124261);stretch.txt(1026509)landscape.pdf(505181);among.zip(1006185)local.zip(358499);montreal.exe(702087)comeback.exe(572431),10921125,10,0.9999991666673611,0.0,0.15
LLW0179,2010-01-04,11,11,0,0,wkyc.doc(1546491)sale.jpg(615559);november.doc(247601),2724862,9,0.9999990909099173,0.0,0.15
LMG0065,2010-01-04,31,31,0,0,particularly.txt(856800);since.pdf(1347193)remembered.doc(216554)remembered.doc(216554)respected.txt(1100174);second.jpg(1506755);immediately.txt(2559632)respected.txt(1100174);second.jpg(1506755);immediately.txt(2559632)eventually.txt(293783);shift.zip(1302130);there.pdf(462778);constant.exe(1453474)eventually.txt(293783);shift.zip(1302130);there.pdf(462778);constant.exe(1453474)degree.txt(40038)found.jpg(1125079)found.jpg(1125079)gags.doc(771516);all.zip(497656)submitted.zip(172234);gun.jpg(1064164);protect.txt(1072478)capital.exe(229985),27098170,19,0.9999996774194589,0.0,0.15
LMM0167,2010-01-04,30,30,0,0,culminated.zip(257827)prince.zip(409222)most.jpg(1157815);sent.jpg(899183)area.jpg(1326317)corroboration.txt(1598231)hogs.exe(1142104)german.jpg(627548);253.zip(868867)19.txt(1611501);191.txt(1223481);imperial.jpg(749410)divided.doc(2462612)competing.jpg(1271376),16512940,27,0.9999996666667778,0.0,0.15
LMP1543,2010-01-04,10,10,1,0,following.txt(1560633)college.exe(392615),2272973,10,0.9999990000010001,0.0,0.15
LMW0837,2010-01-04,4,4,0,0,distraught.exe(288958),429143,4,0.9999975000062501,0.0,0.15
LNS0317,2010-01-02,9,9,0,9,stayed.doc(2643468);per.exe(1876478)20000.jpg(437841)gets.zip(847001)heavily.doc(86676),6110456,8,0.9999988888901234,0.0,0.15
LNS0317,2010-01-03,9,9,0,9,becomes.jpg(1518718)suffocating.doc(2015145)multiple.zip(17065);survey.zip(642131);sky.exe(964232);cycle.exe(278233),5709747,8,0.9999988888901234,0.0,0.15
LNS0317,2010-01-04,18,18,1,0,74.txt(258579);superior.exe(1026938)faunas.exe(628994);pronounced.txt(531947)adversely.exe(2336570);succeeded.zip(798804)indies.doc(1317347);cautiously.txt(854083);boarded.txt(395205),8672095,14,0.9999994444447531,0.0,0.15
LPL0420,2010-01-04,26,26,0,0,,790555,24,0.9999996153847633,0.0,0.15
LPL0877,2010-01-04,13,13,0,0,made.pdf(585402)made.pdf(585402)further.txt(1051429)many.jpg(1441928);amateur.doc(782731);much.jpg(295324)many.jpg(1441928);amateur.doc(782731);much.jpg(295324)early.txt(1543250);listing.txt(1053615)emerged.txt(764122),11038341,8,0.9999992307698226,0.0,0.15
LPS1875,2010-01-04,6,6,0,0,told.zip(278518);smoking.pdf(531415);main.zip(1060556);helper.exe(164214);when.doc(997848);did.txt(609674);plot.exe(764612);did.jpg(76400)crown.doc(1498087);department.doc(37773)currently.txt(1118801);arnison.txt(1251711);talbot.doc(1059291);self.zip(91120),9740863,6,0.9999983333361112,0.0,0.15
LRB0568,2010-01-04,16,16,0,0,away.txt(1921567);georgia.doc(748381)scholars.jpg(21982)17.exe(1626731);installment.doc(1631685)extends.doc(262228)than.jpg(1642775);arrows.doc(1633312)maurice.exe(1244536),11220493,12,0.9999993750003906,0.0,0.15
LRB1496,2010-01-04,38,38,6,0,mid.exe(1854124)months.zip(2465090);pierce.exe(517067);consistently.doc(1569987)post.doc(783307)military.jpg(621361)other.jpg(415751)acclaimed.zip(103334);hills.jpg(681738);1930.pdf(1169689)essential.txt(477590)musical.exe(1275200)defeating.pdf(1260720);well.txt(364449)document.txt(461712),15278147,37,0.9999997368421745,0.0,0.15
LRF0549,2010-01-04,36,36,5,0,convincing.jpg(112461);ten.jpg(433188);thousands.pdf(740509)caught.pdf(506813)quick.doc(1146699)high.zip(906900)left.doc(493482)suggest.exe(471002)adult.txt(407998)suggest.exe(471002)adult.txt(407998)mossley.exe(1230146);glossy.jpg(568455)mossley.exe(1230146);glossy.jpg(568455)ship.doc(990106)itself.txt(376972)itself.txt(376972),12465915,25,0.9999997222222993,0.0,0.15
LRF1009,2010-01-04,28,28,2,0,direction.jpg(1983327);arcadia.txt(346116)ships.txt(85882);crew.pdf(512147)touloubre.txt(897159);diet.jpg(823488)segundo.jpg(697237);too.jpg(1097754)faculty.pdf(1097518),8347490,23,0.9999996428572704,0.0,0.15
LRV1554,2010-01-02,21,21,2,21,way.jpg(1186665)way.jpg(1186665)affect.doc(1347926);samuel.txt(796714);maximum.txt(546236)affect.doc(1347926);samuel.txt(796714);maximum.txt(546236)association.pdf(1669480);when.jpg(1233024);daughter.jpg(1832498);half.doc(1086822)association.pdf(1669480);when.jpg(1233024);daughter.jpg(1832498);half.doc(1086822)positions.txt(968346)positions.txt(968346),21892036,10,0.9999995238097505,0.0,0.15
LRV1554,2010-01-03,20,20,2,20,emerging.zip(968362);thirteen.zip(554669)emerging.zip(968362);thirteen.zip(554669)roadside.jpg(2712820)roadside.jpg(2712820)repulsed.jpg(234428);release.exe(919875)repulsed.jpg(234428);release.exe(919875)camping.txt(1645111)also.doc(1613770)camping.txt(1645111)also.doc(1613770)concerned.zip(921579);system.txt(338354);system.zip(1372326);hear.pdf(1455484);asked.txt(749622)concerned.zip(921579);system.txt(338354);system.zip(1372326);hear.pdf(1455484);asked.txt(749622),27563140,10,0.9999995000002501,0.0,0.15
LRV1554,2010-01-04,28,28,0,0,,905628,16,0.9999996428572704,0.0,0.15
LRW1079,2010-01-04,47,47,9,0,apart.zip(227719)merely.jpg(671641);pictures.txt(376811)writer.zip(222985)red.exe(1521380);janney.doc(722809);seem.zip(1094660)only.pdf(735740);seeking.zip(214642);britain.pdf(884916)elevation.zip(925416)1985.pdf(182530);slavic.doc(1226740)goods.doc(2608210)town.zip(363976)ulysses.exe(1721713),15152306,36,0.9999997872340878,0.0,0.15
LRW1357,2010-01-04,2,2,0,0,,64556,1,0.9999950000249999,0.0,0.15
LSB1588,2010-01-04,4,4,1,0,failure.exe(175612);becomes.jpg(439312),745625,4,0.9999975000062501,0.0,0.15
LSC1951,2010-01-04,60,60,14,0,shaky.doc(1301589)difficulties.zip(462762);promote.jpg(158531);rich.txt(1303660);methods.exe(243288);account.zip(1335219);none.zip(1350705);rich.zip(1305348);hey.txt(53520);meanwhile.pdf(2189536)bachelors.jpg(1662874)woodland.exe(292436);pleasant.exe(1058968)urges.pdf(551551)resolution.jpg(797087);200.exe(457793);sub.doc(178990);veils.doc(653851);emissions.zip(2349658);sub.exe(47176);down.pdf(1010979)change.exe(195950)isabella.zip(462224)november.txt(913104)ring.doc(203693);ring.txt(881836);atlantic.doc(607586)going.doc(52338);nor.doc(744175);1798.doc(289895);clinging.doc(430935);contributed.pdf(1260538);going.pdf(1028068);contributed.zip(1134069);process.exe(445111)chimney.txt(1273325)usd.jpg(610974),31039047,55,0.9999998333333611,0.0,0.15
LSD1231,2010-01-04,30,30,13,0,burning.exe(618411)near.exe(1053913);senegal.pdf(877405)curlew.exe(1771425)changed.pdf(124733)structures.jpg(760845)died.txt(1536323)long.doc(1029952);325.zip(144377)bursting.jpg(1065354)falling.jpg(1296953)dispute.zip(766803);lower.txt(342431),12242042,28,0.9999996666667778,0.0,0.15
LSF1709,2010-01-04,45,45,7,0,life.txt(62448)force.doc(1355351)same.pdf(89561);larry.doc(764267);relationship.zip(1433162);well.pdf(2012741)signed.jpg(40821)ill.exe(1440020);aged.txt(48221)eighteenth.doc(1741877);local.txt(561340)billion.pdf(503246)quoted.exe(1455444);increased.jpg(420713)original.zip(1612579);held.pdf(2098576);smashed.txt(46642)house.exe(1387090);pop.exe(979733)battle.txt(749918)meanwhile.txt(2013627);railroad.zip(587049);batgirl.txt(809952);division.txt(1398734);ambiguous.pdf(973617);stored.exe(1251078)society.exe(559175),27831298,41,0.9999997777778271,0.0,0.15
LSH0464,2010-01-04,23,23,0,0,waiting.exe(1151235)findings.jpg(1685879)fought.zip(1001412);second.exe(945332)bridged.doc(253691);rebellin.pdf(912886)presented.jpg(1650579),8279669,19,0.9999995652175804,0.0,0.15
LSJ0979,2010-01-04,28,28,0,0,number.zip(64160)written.doc(674408)occurring.zip(824098);knock.jpg(505276)november.txt(1026872)while.jpg(1239799);plains.exe(123143)authors.txt(1819086)stopped.txt(878750);crucial.txt(1021059),9035208,26,0.9999996428572704,0.0,0.15
LSM1228,2010-01-04,30,30,9,0,time.zip(233171)2.exe(894958)american.txt(523593);moderate.pdf(1596496)american.txt(523593);moderate.pdf(1596496)dispute.zip(766803);lower.txt(342431)drove.exe(1564372),8959605,19,0.9999996666667778,0.0,0.15
LSM1382,2010-01-04,30,30,0,0,wind.pdf(74607)sneaked.doc(1433142)concern.zip(1305226)off.jpg(1345916)took.pdf(843422);north.exe(1067966);invented.txt(691178);could.jpg(1442724);experiment.txt(784934);going.pdf(74261)early.txt(1156628);rudely.jpg(1655592);families.jpg(122391)rush.txt(565579);resigned.zip(1084597);or.zip(1217914);presumptive.doc(1698968);drafting.doc(393493);carved.zip(1651038);persuading.txt(1944195);resigned.doc(1433282);upon.zip(2357776)rush.txt(565579);resigned.zip(1084597);or.zip(1217914);presumptive.doc(1698968);drafting.doc(393493);carved.zip(1651038);persuading.txt(1944195);resigned.doc(1433282);upon.zip(2357776),37560555,21,0.9999996666667778,0.0,0.15
LSN1462,2010-01-02,3,3,0,3,,118758,2,0.9999966666777778,0.0,0.15
LSN1462,2010-01-03,2,2,0,2,,51050,1,0.9999950000249999,0.0,0.15
LSN1462,2010-01-04,5,5,0,0,bauer.exe(1713638);spending.txt(513658),2401701,4,0.9999980000040001,0.0,0.15
LSO1783,2010-01-04,23,23,1,0,greeted.exe(947041)main.exe(621742);underwater.zip(177247)begins.pdf(352419)press.doc(813217);enemy.doc(138500)heavy.txt(1885763);antiques.pdf(1590831),7202574,20,0.9999995652175804,0.0,0.15
LTB0308,2010-01-04,30,30,0,0,instead.jpg(413634)anecdotes.txt(415702)congress.txt(471276)because.txt(976645);mood.zip(1088978);passing.txt(899120)rating.zip(575504);separated.zip(899100)300.doc(396399);drum.txt(518906);bulu.exe(1668566);addition.pdf(1043571);technically.pdf(1135099)secretary.exe(888430);1890s.doc(260584)dance.pdf(1167156);professional.exe(150808)outline.jpg(998618);hock.exe(908048),15848122,27,0.9999996666667778,0.0,0.15
LTH0528,2010-01-04,36,36,4,0,architectural.txt(663899)negotiating.doc(836208)been.jpg(1578050);praise.zip(1351781)been.jpg(1578050);praise.zip(1351781)can.txt(1497309)much.txt(1178912);changing.pdf(1791417);land.txt(1098404)richards.txt(2460114);entry.pdf(501563);they.zip(172904)two.exe(1701190);retreats.exe(1082982);randalls.pdf(1294608)noted.zip(316034);search.exe(63321);search.jpg(340682)engaged.exe(724303)engaged.exe(724303)british.doc(852887)modern.txt(1416683);korn.jpg(181399);participated.doc(796996)modern.txt(1416683);korn.jpg(181399);participated.doc(796996),28999453,25,0.9999997222222993,0.0,0.15
LTP0072,2010-01-04,34,34,0,0,reason.txt(1347385)pistol.exe(2040553);consciousness.jpg(376970)elevated.jpg(886344);replaced.exe(924225)100000.doc(1221283)nimitz.pdf(1489914);light.pdf(738771)2007.exe(1188561)type.exe(1063990)j.doc(1899587)subvert.zip(1306497)4.pdf(758302)grew.jpg(1811028);stokes.zip(477028)less.txt(266055);using.exe(367140);metres.jpg(324260),19529443,26,0.9999997058824394,0.0,0.15
LTS1378,2010-01-03,2,2,0,2,,33712,1,0.9999950000249999,0.0,0.15
LTS1378,2010-01-04,3,3,0,0,,91404,2,0.9999966666777778,0.0,0.15
LUH1376,2010-01-04,7,7,2,0,maximum.txt(702674);produce.exe(1120681)fieldturf.zip(492635)modern.txt(754338);miss.jpg(661234),3988512,7,0.9999985714306123,0.0,0.15
LVC0408,2010-01-04,35,35,1,0,expressed.exe(231176);smoking.exe(592881)appointed.doc(89070);contributed.zip(237564)intensification.zip(1384948)attends.exe(1243091)conversation.doc(5951),4834428,28,0.9999997142857958,0.0,0.15
LVF1626,2010-01-04,43,43,0,0,towards.jpg(1108574);widely.zip(1970648)club.exe(104865)under.zip(663351);outnumbering.zip(349088)variety.zip(1186195);variety.txt(1431889);confusion.exe(653351)centre.doc(1409742);held.jpg(765099)skirmishers.exe(1310321)holds.zip(607280);14th.doc(2101310);americans.txt(134624),15181295,36,0.9999997674419144,0.0,0.15
LXM1361,2010-01-04,5,5,1,0,roman.jpg(829648)non.zip(1077846),2034652,5,0.9999980000040001,0.0,0.15
LYL1334,2010-01-04,19,19,0,0,mate.txt(633464)been.pdf(909466)been.pdf(909466)bauer.exe(1713638);spending.txt(513658)bauer.exe(1713638);spending.txt(513658)dictate.doc(516461);declared.pdf(1740771)readily.txt(437778),10218936,12,0.9999994736844876,0.0,0.15
MAB0500,2010-01-04,32,32,0,0,20.zip(302934)meat.txt(843285)rate.doc(1796670)declines.exe(2483773)2007.exe(1188561)type.exe(1063990)subvert.zip(1306497),9923697,22,0.9999996875000976,0.0,0.15
MAB1340,2010-01-03,28,28,3,28,lee.zip(814987)fragment.txt(1575957)fragment.txt(1575957)girder.jpg(766661);left.pdf(379481)girder.jpg(766661);left.pdf(379481)bring.txt(117833)bring.txt(117833)us.txt(552367)ensemble.doc(1393140)paul.doc(1312602),10471973,18,0.9999996428572704,0.0,0.15
MAB1340,2010-01-04,29,29,0,0,involved.doc(1293615);detail.jpg(61961)x.doc(1608865)involved.doc(1293615);detail.jpg(61961)x.doc(1608865)still.exe(74596)still.exe(74596)six.exe(1132409)six.exe(1132409)for.exe(627818);alfred.zip(1084103)mandarinus.jpg(1024195);mandarinus.doc(1318014);nesting.zip(846869)mandarinus.jpg(1024195);mandarinus.doc(1318014);nesting.zip(846869),17231839,17,0.9999996551725328,0.0,0.15
MAC1175,2010-01-04,27,27,4,0,is.doc(1848332);spur.txt(104564);because.jpg(17158);important.exe(657035)is.doc(1848332);spur.txt(104564);because.jpg(17158);important.exe(657035)prince.txt(217501)prince.zip(770605)intestines.exe(901202);visited.pdf(688550);widely.txt(523196)intestines.exe(901202);visited.pdf(688550);widely.txt(523196)declared.pdf(393886)declared.pdf(393886)realised.zip(783376)consequently.doc(535562)consequently.doc(535562),13991129,17,0.9999996296297669,0.0,0.15
MAD0207,2010-01-04,11,11,0,0,pass.txt(797822);provoking.zip(1081765);attempt.txt(304125)only.zip(1471200);canceled.exe(791066),4793757,10,0.9999990909099173,0.0,0.15
MAE0515,2010-01-04,29,29,0,0,architectural.txt(663899)is.pdf(760642);oregons.pdf(360787)25.pdf(428830)slovenes.jpg(1203877);close.txt(995082)2000.pdf(391407)better.exe(113692);jump.pdf(668689);championship.exe(1330664);championship.doc(927285);rumours.pdf(100775);alan.jpg(1489416)negotiating.doc(836208)immediately.txt(973143);seven.pdf(983966)much.txt(1178912);changing.pdf(1791417);land.txt(1098404)engaged.exe(724303)touch.txt(1786924);true.jpg(1068406),20819950,22,0.9999996551725328,0.0,0.15
MAF0293,2010-01-04,19,19,0,0,along.pdf(813387)ensured.txt(260651)jumped.doc(1699876)campo.zip(344910);role.zip(5379);suspended.zip(21916)far.zip(228337);shortly.doc(1081486);bankrupt.zip(1008741),6052300,17,0.9999994736844876,0.0,0.15
MAF0467,2010-01-04,41,41,0,0,slovenes.jpg(1203877);close.txt(995082)been.jpg(1578050);praise.zip(1351781)hills.zip(2567191)richards.txt(2460114);entry.pdf(501563);they.zip(172904)two.exe(1701190);retreats.exe(1082982);randalls.pdf(1294608),16118133,36,0.9999997560976204,0.0,0.15
MAF1623,2010-01-04,29,29,0,0,variety.zip(1186195);variety.txt(1431889);confusion.exe(653351)instruments.exe(145708)adult.txt(407998),4779910,24,0.9999996551725328,0.0,0.15
MAG0780,2010-01-02,14,14,0,14,extended.txt(764827)cornet.exe(437578)bloody.doc(217512);hills.doc(1258090),3046260,12,0.9999992857147959,0.0,0.15
MAG0780,2010-01-04,24,24,0,0,saskatchewan.txt(1289270)average.txt(140499);advice.doc(2012018)several.doc(599755);july.txt(614732)aid.jpg(1405229)lead.pdf(1763740)formations.pdf(1341119);mentioned.txt(845594)front.txt(505435);federal.pdf(1418689),12626995,23,0.9999995833335069,0.0,0.15
MAM0045,2010-01-04,23,23,0,0,regional.exe(989904)decision.doc(1657);there.zip(974615)halo.pdf(877171),3537598,22,0.9999995652175804,0.0,0.15
MAM0557,2010-01-04,27,27,7,0,government.txt(1501846);scrap.doc(627221);following.zip(240638)sale.txt(1168960)threw.jpg(393479);sent.doc(579459);corresponding.zip(783092)sharing.txt(1270057)22.txt(1565281)still.txt(399080);tends.jpg(158399),9493099,21,0.9999996296297669,0.0,0.15
MAM1293,2010-01-04,38,38,2,0,problems.txt(684496)this.pdf(47434)joke.pdf(664117);korea.pdf(297178)eat.exe(1073352);swathe.zip(1065888);alex.zip(252927)forming.doc(380968)showcased.pdf(299332);ideas.jpg(636002)another.zip(1019220);surrounding.doc(42833)decision.jpg(693160)opposed.doc(1062300);teaching.zip(1081310);harsh.zip(1540698)decided.doc(100720);creates.pdf(545745),12654025,34,0.9999997368421745,0.0,0.15
MAP0424,2010-01-04,25,25,5,0,defence.zip(264406);enforced.txt(279756)while.zip(227177)attends.exe(1243091)senior.jpg(439902)status.doc(748772)sounds.pdf(386631);gold.pdf(1402714),5794708,21,0.99999960000016,0.0,0.15
MAR1075,2010-01-04,63,63,10,0,acceptance.zip(1408758)table.txt(657178);contemporary.jpg(472870);incorporation.zip(607195);factor.txt(1430121);gain.exe(8950);annual.txt(281427);gulf.exe(193808);battle.txt(811671)table.txt(657178);contemporary.jpg(472870);incorporation.zip(607195);factor.txt(1430121);gain.exe(8950);annual.txt(281427);gulf.exe(193808);battle.txt(811671)industry.txt(375234)called.jpg(918208)industry.txt(375234)renewed.txt(1026270)renewed.txt(1026270)eaten.jpg(657678);epics.txt(168013)eaten.jpg(657678);epics.txt(168013)gardening.txt(1390358)bauer.exe(1713638);spending.txt(513658)mechanically.doc(362020);usurping.pdf(461873)mechanically.doc(362020);usurping.pdf(461873)chosen.jpg(19772)francis.zip(109161);tale.zip(784791)american.exe(350400),24271646,37,0.9999998412698664,0.0,0.15
MAS0783,2010-01-04,20,20,0,0,formations.pdf(1341119);mentioned.txt(845594)up.jpg(250140);british.zip(860111);international.exe(1456136);attended.doc(1169360),6505081,17,0.9999995000002501,0.0,0.15
MAW0469,2010-01-04,17,17,0,0,waiting.exe(1151235)shape.doc(1074761)out.zip(1427795),4213591,15,0.9999994117650519,0.0,0.15
MAW1397,2010-01-04,29,29,1,0,america.exe(1515493);individual.jpg(1012911);gully.zip(1765439);education.exe(1287859)report.zip(700585)helm.txt(1019837);federation.zip(74468);those.zip(953695);days.txt(678783);world.jpg(1076259);proving.zip(911786);north.txt(288837);days.doc(21373)work.doc(2187036);armed.doc(1148963),15453863,27,0.9999996551725328,0.0,0.15
MAW1974,2010-01-04,7,7,0,0,what.jpg(855073);early.txt(1980740),3016749,7,0.9999985714306123,0.0,0.15
MBG1455,2010-01-04,38,38,5,0,strongholds.zip(485060)freezes.zip(406913)sub.doc(215521);employed.zip(418882)sub.doc(215521);employed.zip(418882)1990.doc(4482)1990.doc(4482)early.jpg(267290)application.zip(527379);though.jpg(1775794),5888271,27,0.9999997368421745,0.0,0.15
MBH1177,2010-01-04,25,25,3,0,spent.doc(918448)prince.zip(770605)shall.exe(328585)rising.zip(411241)initially.doc(95283);swedish.doc(666531)while.doc(848645);fragility.jpg(1980237);death.zip(806598),7562760,24,0.99999960000016,0.0,0.15
MBK1726,2010-01-04,35,35,7,0,1942.doc(1085210);starring.jpg(1865314);games.zip(703252)boundaries.exe(1242427)adult.txt(584815),6585396,35,0.9999997142857958,0.0,0.15
MBM0145,2010-01-04,6,6,0,0,,184317,6,0.9999983333361112,0.0,0.15
MBM0712,2010-01-04,26,26,0,0,sun.zip(1528291)fieldturf.zip(492635)further.txt(299365)descending.txt(437912);winner.doc(416341),3952683,23,0.9999996153847633,0.0,0.15
MBW1149,2010-01-04,21,21,0,0,commissions.exe(407942)later.jpg(160639);rendering.exe(531219)once.jpg(567026);contemplation.jpg(532236)smoothly.jpg(1065644)dig.zip(1179835)assumed.txt(1678741),6701008,21,0.9999995238097505,0.0,0.15
MCB0227,2010-01-04,25,25,4,0,prince.txt(205821)findings.jpg(1685879)noted.doc(22673);january.jpg(1607436)numbers.doc(737318)brought.doc(1190283);agreement.doc(198164)chad.jpg(1088623)occasions.doc(224812)pioneer.exe(1005348)1948.zip(945625);went.jpg(531118);optioned.doc(772818),10946610,20,0.99999960000016,0.0,0.15
MCB0582,2010-01-04,20,20,4,0,french.pdf(703038)alternative.zip(959019)whimbrel.jpg(157135)smoke.exe(388088);27.jpg(598789)1927.exe(1444111);interfere.zip(1248906);interfere.doc(513486);one.pdf(457447);breaking.pdf(106415);workers.jpg(1563127);1945.exe(370195);workers.pdf(1439650);december.jpg(1384780)science.zip(1058627),12929209,19,0.9999995000002501,0.0,0.15
MCB1145,2010-01-04,32,32,0,0,these.zip(259553)new.pdf(794412)new.pdf(794412)frequently.pdf(1599086);did.jpg(1073728)once.jpg(567026);contemplation.jpg(532236)frequently.pdf(1599086);did.jpg(1073728)feat.doc(853324);135.doc(855068);dropped.exe(404666);made.pdf(994200);cole.zip(620272)perished.jpg(1366704),14279849,22,0.9999996875000976,0.0,0.15
MCC1372,2010-01-04,6,6,1,0,prestige.zip(642028);2006.pdf(573465);revealed.pdf(1223045)alter.exe(653545);coach.zip(1093236);grand.exe(713826),5094875,6,0.9999983333361112,0.0,0.15
MCH0620,2010-01-04,7,7,1,0,19th.doc(765754);l.zip(1019353),1988020,6,0.9999985714306123,0.0,0.15
MCL1953,2010-01-04,11,11,0,0,discrimination.jpg(103884)nineties.doc(141677);uk.pdf(862202),1434758,11,0.9999990909099173,0.0,0.15
MCP0611,2010-01-04,10,10,4,0,confidence.doc(415576)washington.zip(1079546);g.zip(73089)slept.doc(94275);supposedly.txt(662703),2638279,7,0.9999990000010001,0.0,0.15
MCS0242,2010-01-04,29,29,6,0,interview.doc(750685);connection.jpg(1734908)parties.txt(1431866)introduced.doc(639082)higher.exe(989482);higher.doc(1796664);south.jpg(1293205)main.zip(1335767),10963371,27,0.9999996551725328,0.0,0.15
MCS1414,2010-01-04,14,14,4,0,first.exe(1438296)century.pdf(2023081);cultural.zip(1582404)spent.doc(918448)hanssen.jpg(177307);spending.doc(1737478)canada.pdf(1585056);february.jpg(1372337)local.zip(358499);montreal.exe(702087),12277528,14,0.9999992857147959,0.0,0.15
MCT0695,2010-01-04,15,15,0,0,trainer.doc(1432293)though.pdf(541027),2450635,13,0.9999993333337778,0.0,0.15
MCV1046,2010-01-04,7,7,2,0,will.zip(763617);understand.exe(1047916)will.zip(763617);understand.exe(1047916),3805241,6,0.9999985714306123,0.0,0.15
MCW0505,2010-01-04,18,18,0,0,challenge.exe(829754);voice.zip(806531);knowing.pdf(5035)15.doc(583594)james.jpg(791052);jack.doc(141462);polish.pdf(2059786);land.exe(1420456);props.txt(325446);2009.jpg(9459);more.doc(1027863),8535358,18,0.9999994444447531,0.0,0.15
MCW1367,2010-01-04,4,4,2,0,larger.zip(746794);lines.doc(960084);another.txt(884419),2728970,4,0.9999975000062501,0.0,0.15
MDB0351,2010-01-04,23,23,0,0,depending.doc(1917627);judge.txt(2098992)project.zip(1229290);northwest.exe(758813);most.pdf(630106);each.jpg(1019375);york.zip(106017)party.pdf(1544275)1929.txt(158860)possible.jpg(1348494);basic.zip(1102012)1929.txt(158860)possible.jpg(1348494);basic.zip(1102012),15235980,15,0.9999995652175804,0.0,0.15
MDC0520,2010-01-04,32,32,0,0,cerebellum.zip(6127)opposite.pdf(931178)opposite.pdf(931178)often.doc(1998376)prince.jpg(161929);prince1.jpg(321703)1540.exe(1140320);kind.doc(1597087)receipts.doc(78287)not.jpg(848555)did.exe(1111720);make.zip(580111)next.exe(1145472);hugely.pdf(1408754)next.exe(1145472);hugely.pdf(1408754)born.exe(1995301)born.exe(1995301)rating.pdf(102983);robbed.pdf(1370653);allowing.jpg(957138),22168764,19,0.9999996875000976,0.0,0.15
MDK1412,2010-01-04,10,10,0,0,who.doc(1361685);behind.exe(1186285),2849119,10,0.9999990000010001,0.0,0.15
MDL0294,2010-01-04,19,19,0,0,353.txt(1836104);run.exe(973579);silver.txt(1527466)gathered.jpg(308677),5241722,18,0.9999994736844876,0.0,0.15
MDN0132,2010-01-04,50,50,12,0,etymology.jpg(753435)holding.zip(1271808);center.pdf(926238);still.doc(1939012);ubiquitous.txt(740882)12.jpg(353537);january.exe(964828);contain.jpg(225333);approval.txt(772133);tasted.jpg(285099);62.txt(1159626);away.txt(1116349)gynaecologists.pdf(499478);one.pdf(637649)ball.jpg(1222920)however.pdf(624562)number.pdf(610969),15531210,38,0.99999980000004,0.0,0.15
MDR0572,2010-01-04,25,25,0,0,aft.exe(105215);was.pdf(1305576)subject.txt(194910),2356513,20,0.99999960000016,0.0,0.15
MDR1497,2010-01-04,32,32,2,0,two.pdf(881244);shoreline.jpg(299195)assessed.exe(745758);153.doc(719913)historical.zip(696987);maymun.txt(604252);returned.pdf(241377)dead.jpg(504242),5585212,27,0.9999996875000976,0.0,0.15
MDS0680,2010-01-04,45,45,15,0,1935.zip(125631)stated.pdf(1595200);intends.txt(315247)on.jpg(1460245)spring.doc(841669);sufferers.zip(1688630)roughly.txt(877927)milton.pdf(307823)began.jpg(193544);fall.pdf(342506)service.doc(502660);talk.pdf(40236);finalists.txt(541373);positively.doc(832535);abuse.exe(490196);time.txt(1478707)58.txt(1628488)chose.txt(1339679)types.doc(1139406)problems.txt(1050910);september.zip(801758);prisoners.doc(1107968);fitted.exe(125074)narrow.zip(760863);years.pdf(566492),21635661,40,0.9999997777778271,0.0,0.15
MEB1743,2010-01-04,12,12,0,0,who.doc(62144);professor.exe(1580005);evidence.exe(993112);angry.pdf(1281633)who.doc(62144);professor.exe(1580005);evidence.exe(993112);angry.pdf(1281633),8248853,9,0.9999991666673611,0.0,0.15
MEC0212,2010-01-04,2,2,0,0,,54681,2,0.9999950000249999,0.0,0.15
MEH0029,2010-01-04,23,23,0,0,spokesman.jpg(381803)examination.txt(408628)united.zip(36409)known.exe(1040538);week.jpg(715850)get.jpg(1907563);police.jpg(786394),5993941,18,0.9999995652175804,0.0,0.15
MEM0221,2010-01-04,18,18,1,0,emerged.jpg(1648029);seven.pdf(457024);dj.zip(1020785)notwithstanding.doc(754630);required.pdf(896748)notwithstanding.doc(754630);required.pdf(896748)grandson.txt(1216606);economic.txt(1297371);25.pdf(665796)diminished.zip(1208014);arts.pdf(1223665);ne.jpg(403841)diminished.zip(1208014);arts.pdf(1223665);ne.jpg(403841)behavior.jpg(185915)behavior.jpg(185915),16167055,13,0.9999994444447531,0.0,0.15
MES0966,2010-01-04,20,20,1,0,country.zip(150888);considered.exe(704290)mouth.zip(1682281);23.jpg(300117)technology.doc(301180);used.exe(241109)oars.exe(997022)christmas.exe(303865)capital.exe(229985)event.exe(1445584);honour.pdf(1784010),8753260,17,0.9999995000002501,0.0,0.15
MES1674,2010-01-04,31,31,14,0,sighted.exe(1125495);skagerrak.exe(1612256);field.doc(494735)sighted.exe(1125495);skagerrak.exe(1612256);field.doc(494735)specifications.pdf(1628222)9.zip(1256235)9.zip(1256235)vital.jpg(1419899)extensive.exe(868370);lifted.jpg(53122);data.jpg(1946072);one.pdf(1063006)pulled.exe(1638856);beginning.txt(338014);provincial.zip(1188418)installed.pdf(1172286)installed.pdf(1172286)colonies.pdf(856410);seven.jpg(1658313);departure.zip(23643);attention.pdf(131402);returned.zip(482553)colonies.pdf(856410);seven.jpg(1658313);departure.zip(23643);attention.pdf(131402);returned.zip(482553),28648562,20,0.9999996774194589,0.0,0.15
MEW0485,2010-01-04,14,14,0,0,prince.zip(397462);prince1.zip(113517)anecdotes.txt(415702)congress.txt(471276)lists.txt(499330)restaurant.pdf(127323);government.jpg(277308);social.exe(1339570);horror.txt(68500)outline.jpg(998618);hock.exe(908048),6028905,12,0.9999992857147959,0.0,0.15
MFM1400,2010-01-04,17,17,1,0,years.txt(133426);passed.doc(1671509)quickly.doc(1941121);day.pdf(1592724);edward.exe(1424929)entitled.exe(1013942)total.txt(116479)iconography.zip(557357),8926582,13,0.9999994117650519,0.0,0.15
MGB1235,2010-01-04,9,9,1,0,installed.pdf(1582259);attempting.zip(1210506)replaced.exe(1123516);attempted.doc(717338),4857050,9,0.9999988888901234,0.0,0.15
MGC0646,2010-01-04,31,31,0,0,force.jpg(164601);flight.txt(1354683)paul.doc(369238);tv.jpg(728966)prison.jpg(1565524);saw.txt(474191);following.doc(725756),6289104,25,0.9999996774194589,0.0,0.15
MGG1342,2010-01-04,33,33,8,0,bring.txt(117833)us.txt(552367)mandarinus.jpg(1024195);mandarinus.doc(1318014);nesting.zip(846869)good.doc(991453);long.jpg(548653);good.txt(1108450)estimated.txt(2029713)estimated.txt(2029713)country.doc(306048);productive.doc(1641142);kick.pdf(1276415)country.doc(306048);productive.doc(1641142);kick.pdf(1276415)ensure.doc(268542);overwhelmed.doc(88468);rode.doc(1304677),19640334,24,0.9999996969697887,0.0,0.15
MGH0593,2010-01-04,23,23,1,0,alternative.zip(959019)loss.doc(1759123)dare.pdf(987150);democratic.doc(271871)capacity.doc(180426)breath.txt(1285917)7.zip(2066020);crisis.exe(1307157);only.exe(821863)1927.exe(1444111);interfere.zip(1248906);interfere.doc(513486);one.pdf(457447);breaking.pdf(106415);workers.jpg(1563127);1945.exe(370195);workers.pdf(1439650);december.jpg(1384780)bathgate.zip(149263),18975255,19,0.9999995652175804,0.0,0.15
MGM0539,2010-01-04,16,16,3,0,,500807,16,0.9999993750003906,0.0,0.15
MGS1944,2010-01-04,41,41,12,0,owner.jpg(1348670)southwest.exe(273455)states.jpg(236072)staff.jpg(799862),3830771,34,0.9999997560976204,0.0,0.15
MGT0898,2010-01-04,9,9,2,0,you.exe(898450),1162901,7,0.9999988888901234,0.0,0.15
MHH0980,2010-01-04,24,24,1,0,had.jpg(1003472)patrol.jpg(251393)panelling.doc(2047877);did.jpg(242345);people.zip(992337)prince.doc(1539213);prince.exe(43647);prince.jpg(229561)deployed.txt(860320);against.pdf(718911),8597438,20,0.9999995833335069,0.0,0.15
MHK0565,2010-01-04,22,22,0,0,issue.exe(1259329)high.zip(906900)checking.jpg(120477)percent.pdf(381037);among.pdf(167859)has.zip(1473862);earliest.zip(860437);converted.doc(575938)york.pdf(953258),7432557,21,0.9999995454547521,0.0,0.15
MHM0660,2010-01-04,5,5,0,0,named.exe(2399673);raise.pdf(1892680),4434415,5,0.9999980000040001,0.0,0.15
MHM1645,2010-01-04,15,15,0,0,mtis.txt(1059237);1868.zip(46527)career.jpg(1624331);traced.zip(953020);create.pdf(503197)sixty.pdf(240074);toward.txt(132274)widely.pdf(970672);core.doc(1717382)conditions.doc(1547669)then.pdf(637961),9853777,14,0.9999993333337778,0.0,0.15
MHP1377,2010-01-04,5,5,0,0,alter.exe(653545);coach.zip(1093236);grand.exe(713826)alter.exe(653545);coach.zip(1093236);grand.exe(713826),5158499,4,0.9999980000040001,0.0,0.15
MHS1277,2010-01-04,41,41,1,0,11.jpg(566472)futility.doc(795333)july.doc(975142)sometimes.zip(67923)eat.exe(1073352);swathe.zip(1065888);alex.zip(252927)60.doc(364623)morning.txt(1751119)forming.doc(380968)recently.doc(2257288);1966.zip(116003),10831772,35,0.9999997560976204,0.0,0.15
MIB0203,2010-01-04,6,6,0,0,totalled.jpg(94598);token.doc(519356),799555,6,0.9999983333361112,0.0,0.15
MIB1265,2010-01-04,4,4,0,0,jolie.zip(1634743);several.exe(1003336),2744926,4,0.9999975000062501,0.0,0.15
MIC0916,2010-01-04,38,38,8,0,war.pdf(1025740)conditions.jpg(650775)seen.txt(159570)its.exe(1193019)1844.pdf(603806);turn.doc(719082)50000.doc(558312);four.zip(1092113)associated.jpg(2705180)discovery.zip(1045742)waterfalls.txt(1205466),12211281,33,0.9999997368421745,0.0,0.15
MJA1784,2010-01-04,36,36,0,0,main.exe(621742);underwater.zip(177247)put.txt(1426871);all.doc(135699);successful.doc(474325)divisional.jpg(181618);their.jpg(1496866);recalls.pdf(16796);company.exe(84350);official.jpg(878785);divisional.pdf(1963097);stock.doc(892682)press.doc(813217);enemy.doc(138500)alerted.exe(728565);when.zip(1634850);1974.doc(664038)because.zip(1892162);closed.doc(270215)because.zip(1892162);closed.doc(270215)noted.zip(316034);search.exe(63321);search.jpg(340682)difficult.jpg(923624),19374798,22,0.9999997222222993,0.0,0.15
MJF1600,2010-01-04,30,30,0,0,was.exe(1046720)sector.pdf(235620);since.jpg(1099219)centre.doc(1409742);held.jpg(765099)returned.exe(20575);average.doc(649364)gale.zip(226070);most.txt(460950);6.exe(1671212);07p.txt(1349030);time.pdf(319342),10170596,28,0.9999996666667778,0.0,0.15
MJF1646,2010-01-04,8,8,0,0,followed.doc(48309);whole.jpg(569709)replied.pdf(316225);bus.doc(939057);301.txt(1100162)allow.exe(560644),3761245,7,0.9999987500015626,0.0,0.15
MJK0527,2010-01-04,17,17,1,0,acting.exe(1334210)decision.zip(1582027);role.doc(824987)is.jpg(140253)functionality.exe(210001);father.pdf(368050);god.pdf(596634),5574582,17,0.9999994117650519,0.0,0.15
MJR0711,2010-01-04,25,25,0,0,opposite.pdf(931178)prince.jpg(161929);prince1.jpg(321703)dance.pdf(1167156);professional.exe(150808)highest.zip(1543930)first.pdf(1659973);enforcement.jpg(437290),7155853,21,0.99999960000016,0.0,0.15
MJW1758,2010-01-04,11,11,0,0,prince.exe(887147);ankh.txt(645825)prince.exe(887147);ankh.txt(645825)these.exe(308378)these.exe(308378)route.doc(1171564);nova.txt(1417762),6614624,8,0.9999990909099173,0.0,0.15
MKC0869,2010-01-04,13,13,0,0,many.jpg(1441928);amateur.doc(782731);much.jpg(295324)equivalent.exe(664656)stylish.doc(1241656);vulnerable.jpg(1506019)ascent.jpg(751660);eight.zip(1859806);26.pdf(254559)dubbed.zip(1432779),10627446,11,0.9999992307698226,0.0,0.15
MKG0606,2010-01-04,3,3,0,0,part.txt(64045);brown.zip(913627)part.txt(64045);brown.zip(913627),2063818,2,0.9999966666777778,0.0,0.15
MKH0260,2010-01-02,16,16,0,16,,440975,15,0.9999993750003906,0.0,0.15
MKH0260,2010-01-04,29,29,5,0,first.exe(1438296)corner.jpg(1888820);moved.pdf(2167638)thirteen.pdf(2019347)and.exe(653732)spring.doc(841669);sufferers.zip(1688630)alerted.exe(728565);when.zip(1634850);1974.doc(664038)keeping.jpg(349096)longest.zip(1900024)won.txt(154934),16989332,26,0.9999996551725328,0.0,0.15
MKK0364,2010-01-04,30,30,4,0,it.doc(759766)representative.exe(757091);voyaged.exe(350764);set.exe(425167);anything.txt(649138);week.pdf(675322);completely.jpg(1776379);antes.jpg(1313299)acting.pdf(288278);embarrassing.exe(58659);miss.zip(1201263);until.zip(353009)cabbage.exe(328188)society.zip(1036107);reduced.zip(37280)society.zip(1036107);reduced.zip(37280)mikhail.zip(817090)quarter.txt(1400452)low.zip(268056);low.jpg(1038258),15523250,19,0.9999996666667778,0.0,0.15
MKR1094,2010-01-04,1,1,0,0,,29758,1,0.9999900000999989,0.0,0.15
MKT1931,2010-01-04,44,44,6,0,courts.doc(634549)formed.pdf(1072669);destroyed.jpg(743058)southwest.exe(273455)1999.pdf(1085331)main.txt(1033420)isabella.zip(462224)34.pdf(1219139);david.doc(1027109)named.zip(676481)fortress.doc(539208);account.exe(1599475);kind.exe(308359);imperial.exe(238704)son.jpg(695126)usd.jpg(610974)protocols.doc(895919);eighth.jpg(1140945);caused.zip(555356);tried.zip(1553334)then.jpg(745141);experiences.zip(784922);153781.jpg(984252),20192310,36,0.9999997727273243,0.0,0.15
MKW1422,2010-01-04,15,15,1,0,like.pdf(118891);landed.zip(1703931)second.pdf(675340);produced.pdf(1751813)journalist.exe(745392),5461312,12,0.9999993333337778,0.0,0.15
MLC0141,2010-01-04,28,28,0,0,excessive.doc(877458)excessive.doc(877458)combined.pdf(886190)combined.pdf(886190)declared.zip(185761);bluntly.jpg(764141);would.exe(1607840);accumulating.doc(1145005)declared.zip(185761);bluntly.jpg(764141);would.exe(1607840);accumulating.doc(1145005)oussouye.txt(1899887);reluctant.exe(804530);only.jpg(1701893)national.pdf(380540);free.zip(612320)national.pdf(380540);free.zip(612320)appeared.doc(127452),18405710,18,0.9999996428572704,0.0,0.15
MLH0942,2010-01-03,19,19,0,19,set.exe(299465)set.exe(299465)far.doc(1418072)far.doc(1418072)presence.jpg(522599);valid.doc(1658133);believe.zip(359478)presence.jpg(522599);valid.doc(1658133);believe.zip(359478),9199705,10,0.9999994736844876,0.0,0.15
MLH0942,2010-01-04,28,28,0,0,theory.zip(537544);direct.pdf(734267);origin.jpg(1089917);piece.pdf(1498551)onomastic.pdf(372500)poem.exe(1272842);between.txt(1235714);implied.doc(1032746);hardly.pdf(187090);old.zip(613901);casket.jpg(1266493);accounts.zip(1021003);inspiration.jpg(1312967)poem.exe(1272842);between.txt(1235714);implied.doc(1032746);hardly.pdf(187090);old.zip(613901);casket.jpg(1266493);accounts.zip(1021003);inspiration.jpg(1312967)complete.exe(803767)complete.exe(803767)navy.txt(1123689)navy.txt(1123689),24847352,16,0.9999996428572704,0.0,0.15
MLL0162,2010-01-04,5,5,2,0,death.pdf(546957);run.zip(163751),829443,4,0.9999980000040001,0.0,0.15
MLM1614,2010-01-04,44,44,0,0,freezes.exe(1553174)near.txt(1554779)under.zip(663351);outnumbering.zip(349088)distribution.pdf(385642)1937.jpg(922607);merging.zip(82910)designed.exe(1669856)among.txt(1395146)currently.txt(1118801);arnison.txt(1251711);talbot.doc(1059291);self.zip(91120)itself.exe(1631445);damage.zip(642484)25.exe(1087378);sought.zip(1025371);clustered.doc(1610744);showcases.exe(1111075);director.jpg(1504000)now.doc(1384180)635.txt(914506)early.txt(319258);army.pdf(477516);after.doc(974601);cossacks.pdf(792379);retain.pdf(366517)left.pdf(1345058);crashed.doc(846364),29510889,34,0.9999997727273243,0.0,0.15
MLW1038,2010-01-04,3,3,0,0,,74515,3,0.9999966666777778,0.0,0.15
MMB0383,2010-01-04,5,5,0,0,far.doc(1418072)skyline.txt(927297);nothing.jpg(365988);led.exe(680491)his.exe(2080911);researchers.txt(280129)scientific.jpg(1448569);nine.txt(1374050),8724993,5,0.9999980000040001,0.0,0.15
MMB0556,2010-01-04,28,28,4,0,rather.zip(820283)ordered.zip(148614);smaller.exe(667822)trials.zip(1867081)atil.pdf(1320420);defeated.doc(972359);jim.doc(275198);defined.doc(855907);even.pdf(1666145);were.txt(1208094);blood.jpg(176045)call.jpg(1701720);wales.jpg(42438);latter.exe(135330);gave.zip(566488)co.jpg(2016520),15368374,25,0.9999996428572704,0.0,0.15
MMB1967,2010-01-04,9,9,0,0,already.jpg(1162766);specific.txt(663800),2133529,8,0.9999988888901234,0.0,0.15
MMC1008,2010-01-04,16,16,0,0,145.pdf(560813);plans.zip(1401292);somewhat.jpg(1237903);men.txt(271643)voting.zip(1285846)answered.doc(801924);7.doc(420083);which.zip(69687),6466776,16,0.9999993750003906,0.0,0.15
MMD1477,2010-01-04,6,6,0,0,heads.jpg(1411533);bunch.zip(1126028)mid.jpg(835397);long.zip(1442843),4954709,6,0.9999983333361112,0.0,0.15
MME1034,2010-01-04,2,2,0,0,consider.zip(288654);thoroughfare.txt(802292),1155636,2,0.9999950000249999,0.0,0.15
MMK1532,2010-01-04,10,10,1,0,radio.pdf(1515648);low.doc(1328576)indicated.exe(712668);dedicated.pdf(304853),4222515,10,0.9999990000010001,0.0,0.15
MML0631,2010-01-04,17,17,0,0,segments.doc(450959);wickenheiser.zip(1095864);leading.exe(402282)against.zip(833449)general.exe(1359703),4656419,15,0.9999994117650519,0.0,0.15
MMM0082,2010-01-04,21,21,0,0,indies.jpg(270012)studies.doc(1071714)around.jpg(1650876)jobs.doc(1035206)growing.zip(340399)ocean.exe(1188132);threat.jpg(74552),6261155,15,0.9999995238097505,0.0,0.15
MMM1655,2010-01-04,6,6,0,0,that.jpg(444486);special.pdf(620127),1242492,6,0.9999983333361112,0.0,0.15
MMO0531,2010-01-04,29,29,2,0,offer.pdf(921021)re.jpg(1395639);predecessors.doc(1413721);swedes.doc(1560583)received.doc(1356569);3000.zip(685732)plains.jpg(671797)772.jpg(1377207)9.jpg(1385666);memorial.pdf(1182117);very.jpg(434780),13338736,25,0.9999996551725328,0.0,0.15
MMR0390,2010-01-04,27,27,0,0,acquire.doc(17794)through.exe(167991);wider.jpg(1117471)studied.jpg(809178)southeastern.exe(385701)panic.doc(1511341)panels.txt(921527)decision.zip(1257721);kept.doc(966134);didnt.exe(89664);transferred.jpg(811856);emergency.doc(401052);gracious.jpg(396930);fort.zip(903161);toronto.doc(97070);think.pdf(1862431)things.zip(918404);plants.txt(817336)fabrication.jpg(1051776);why.jpg(1683586),17006518,21,0.9999996296297669,0.0,0.15
MMR1458,2010-01-04,6,6,0,0,owing.doc(1026027);competition.jpg(659342)media.pdf(762639);star.jpg(313966),2938543,5,0.9999983333361112,0.0,0.15
MMR1502,2010-01-04,35,35,3,0,further.pdf(33597)daniel.pdf(1068120);229th.doc(951175);mainland.exe(400021);where.jpg(3372);trench.zip(1120311)round.txt(48256)essential.txt(477590),5169765,30,0.9999997142857958,0.0,0.15
MMS1905,2010-01-04,5,5,0,0,further.pdf(688167);directly.pdf(969051);becoming.zip(310757)far.txt(1164728);opportunistic.jpg(733284)1960.pdf(735530);5000.exe(1171497);allowed.exe(112626),6021554,5,0.9999980000040001,0.0,0.15
MNE1698,2010-01-04,7,7,0,0,,203816,7,0.9999985714306123,0.0,0.15
MNM1948,2010-01-04,52,52,8,0,justice.zip(1483968)movie.jpg(330094);postmodern.pdf(1988252);athlete.doc(774956)9.exe(424555)helped.txt(627153)find.exe(888910);avoid.txt(1467413)coal.jpg(369201);kucinich.pdf(488896)usd.jpg(610974)particularly.zip(190343),11183092,43,0.9999998076923446,0.0,0.15
MOB1071,2010-01-04,43,43,5,0,half.zip(1341244)1st.doc(1641669);newer.txt(740088)table.txt(657178);contemporary.jpg(472870);incorporation.zip(607195);factor.txt(1430121);gain.exe(8950);annual.txt(281427);gulf.exe(193808);battle.txt(811671)structure.doc(580405);art.jpg(804823)spotlight.zip(282967)relatively.zip(55316)ball.jpg(1222920)equal.jpg(1131284);given.jpg(585120)also.jpg(1300463);receiving.txt(1003919),16474647,41,0.9999997674419144,0.0,0.15
MOD1927,2010-01-04,66,66,7,0,those.txt(239442)clerici.exe(288018)four.zip(2531662);three.jpg(1899613);best.doc(364034)one.doc(989720);escape.jpg(1457433);setbacks.jpg(58591);service.exe(1150670);oaks.doc(119621)1999.pdf(1085331)1999.pdf(1085331)change.exe(195950)change.exe(195950)nearly.doc(1420431)nearly.doc(1420431)coaxing.pdf(349483);photograph.txt(141643)coaxing.pdf(349483);photograph.txt(141643)34.pdf(1219139);david.doc(1027109)blind.txt(322406);south.jpg(1393240);had.exe(1914038)married.jpg(1207201)fortress.doc(539208);account.exe(1599475);kind.exe(308359);imperial.exe(238704)circles.zip(931432);top.jpg(1833962);confirmed.doc(2161266);nation.pdf(586923);received.exe(1117992)bloody.jpg(984961);ran.jpg(1159300);heard.pdf(294359);ceased.pdf(1901139)particularly.zip(190343),38269861,43,0.9999998484848714,0.0,0.15
MON0700,2010-01-04,17,17,0,0,jumped.doc(1699876)campo.zip(344910);role.zip(5379);suspended.zip(21916),2562796,16,0.9999994117650519,0.0,0.15
MOS0359,2010-01-04,33,33,0,0,panels.txt(921527)between.jpg(1732419)prince.txt(513443);prince.doc(82383)moderate.pdf(859137);rose.doc(1173622);cups.exe(965224);face.jpg(506998);rose.jpg(1771186);fanning.pdf(2234798);safety.zip(182141);rose1.jpg(150455);leaving.txt(1117806)threw.txt(430758)five.zip(851539)300.doc(396399);drum.txt(518906);bulu.exe(1668566);addition.pdf(1043571);technically.pdf(1135099)secretary.exe(888430);1890s.doc(260584)left.zip(816363)washington.exe(1292487);professor.exe(1083668),23580925,30,0.9999996969697887,0.0,0.15
MOW1888,2010-01-04,36,36,2,0,excellent.jpg(566376);convinced.pdf(136175)eric.jpg(46854);stages.txt(393230)detachment.doc(1036707);tied.pdf(1863085);take.txt(2589);revolutionary.pdf(2167035);southern.doc(290612);instead.jpg(394178);tied.jpg(395156)11.jpg(1576980)had.pdf(6840)spite.zip(1306502);field.exe(1389169);employed.zip(1937279)balance.jpg(963388)before.txt(33159);synthetic.exe(158114);ever.txt(1209910)fifth.exe(826688);then.txt(258415)hospital.jpg(1390276)awnings.jpg(119094),19442184,33,0.9999997222222993,0.0,0.15
MPF0690,2010-01-04,34,34,6,0,violence.pdf(1085946)orbit.doc(40737);apart.zip(826223)buildings.txt(79403)studio.pdf(344497);centre.doc(1185799);credited.doc(773676)slowly.zip(812795),6169167,28,0.9999997058824394,0.0,0.15
MPK1844,2010-01-04,49,49,0,0,while.doc(482581)other.exe(1843823)newspapers.pdf(1221511);sharing.txt(704990)they.doc(1962716)whl.exe(1232156);anticipated.txt(2153715)inventive.jpg(543734);relaxed.txt(799085)intelligent.doc(1721098);schemes.txt(205976);need.jpg(1108213),15506375,41,0.9999997959184089,0.0,0.15
MQS0196,2010-01-04,27,27,0,0,shadows.zip(504852)opening.exe(1397847)prospects.pdf(940611)she.exe(296614),3955921,25,0.9999996296297669,0.0,0.15
MRH0407,2010-01-04,31,31,0,0,everyone.txt(685827);night.exe(1144879);candidate.exe(569162)expressed.exe(231176);smoking.exe(592881)countries.doc(1655666)old.txt(414541)down.zip(142756);table.exe(1372036)iconography.zip(557357)prairie.txt(448915);secretary.exe(1032482);north.zip(870600)streets.exe(1597298);van.doc(323464)1968.zip(326086);21.jpg(2082326)low.jpg(501773)river.txt(533414),15919952,24,0.9999996774194589,0.0,0.15
MRW0625,2010-01-02,2,2,0,2,honduras.exe(837907);miles.pdf(2363490)honduras.exe(837907);miles.pdf(2363490),6468774,1,0.9999950000249999,0.0,0.15
MRW0625,2010-01-03,2,2,0,2,,57282,1,0.9999950000249999,0.0,0.15
MRW0625,2010-01-04,5,5,0,0,four.doc(151156);history.doc(1079863)being.exe(1780472);sky.jpg(847933),4028298,4,0.9999980000040001,0.0,0.15
MSC0216,2010-01-04,15,15,0,0,,431703,13,0.9999993333337778,0.0,0.15
MSK0117,2010-01-04,21,21,0,0,high.zip(906900)world.jpg(240113)percent.pdf(381037);among.pdf(167859)anniversary.txt(1275143)asked.jpg(933792),4500575,18,0.9999995238097505,0.0,0.15
MSM1800,2010-01-04,2,2,0,0,,86784,2,0.9999950000249999,0.0,0.15
MSN1911,2010-01-04,4,4,0,0,,116763,4,0.9999975000062501,0.0,0.15
MSS0799,2010-01-04,34,34,4,0,their.doc(1755934);electric.txt(1686234);such.txt(896659)cleared.pdf(1405652)church.doc(641453);matter.txt(249725);beside.txt(1120924)1978.zip(616474)businessman.zip(1296120);opening.pdf(1562730)one.zip(1259818)200.jpg(186581);high.doc(1275063)act.pdf(709679);angry.txt(1532422);22.pdf(86855);irrelevant.zip(1590287),18823376,24,0.9999997058824394,0.0,0.15
MTD0971,2010-01-04,16,16,3,0,further.doc(506699);introducing.pdf(1245910)amount.exe(655238)perched.doc(1346453);south.doc(283713);extends.jpg(975920)opponents.txt(1122588);ordered.doc(254425),6968404,15,0.9999993750003906,0.0,0.15
MTH0737,2010-01-03,2,2,2,2,,34520,2,0.9999950000249999,0.0,0.15
MTH0737,2010-01-04,18,18,0,0,are.txt(587563)earliest.doc(1823753);earliest.pdf(1405190);earliest.zip(306755)continuing.txt(1163706)hours.pdf(1326492);pollution.pdf(797032);able.exe(757347)less.txt(266055);using.exe(367140);metres.jpg(324260),9666392,17,0.9999994444447531,0.0,0.15
MTP1582,2010-01-04,6,6,1,0,earlier.txt(838323)satisfied.exe(906789);too.zip(2063761)231.doc(2524007);stepping.zip(374561);two.txt(479527)against.doc(2260208);now.pdf(1661367),11281941,6,0.9999983333361112,0.0,0.15
MTS0958,2010-01-04,24,24,0,0,capital.exe(1061438)caribbean.pdf(531067)prince.exe(1503056);prince.pdf(55802)through.jpg(359835)genetic.jpg(1359156)instructor.doc(873895),6471136,24,0.9999995833335069,0.0,0.15
MUP1819,2010-01-04,44,44,0,0,there.pdf(1306138);count.exe(400524)characteristic.pdf(62536)either.doc(48603)absent.doc(201647);old.jpg(1354580);e.doc(293378);peak.pdf(315677);case.zip(340929);habitation.pdf(675123)mainly.pdf(933340);paper.zip(1734940);martial.exe(1103393);eighteenth.jpg(873281);kidnapped.jpg(787394);red.exe(271532);narrow.exe(1244176);adopted.jpg(1278629)very.pdf(1189681)continue.exe(114885);toys.txt(282608)present.doc(228989);sweet.txt(1217743);greek.jpg(323292)vale.zip(115178)would.doc(558886);g4tv.jpg(557417);versa.jpg(2066055)intelligent.doc(1721098);schemes.txt(205976);need.jpg(1108213),24191063,30,0.9999997727273243,0.0,0.15
MUW0570,2010-01-04,9,9,0,0,near.exe(1053913);senegal.pdf(877405)april.pdf(93547);provincial.doc(762809);biting.zip(643177)scandinavia.jpg(1556175);below.zip(787269)lead.exe(179001);valued.exe(678511),6897697,9,0.9999988888901234,0.0,0.15
MVM0092,2010-01-04,22,22,0,0,agreed.exe(226768)nigeria.zip(2074278)agencies.zip(1429467)100.zip(528506);little.txt(793801);action.jpg(1378188);south.doc(380285);ballads.jpg(154235);marks.pdf(1069023)burned.exe(2084262)born.exe(1995301)southern.exe(1470659);hospital.jpg(1572949);catholic.pdf(1426792),17270875,20,0.9999995454547521,0.0,0.15
MVN1518,2010-01-04,14,14,3,0,came.jpg(708815)shrubs.zip(1889754);shrubs1.zip(931267)dense.txt(156358);5.exe(221309)massively.txt(1178292);arrival.jpg(1357090);site.doc(1746484);time.pdf(1067874);disease.pdf(87424);rock.jpg(739353);strongholds.pdf(231431);defended.pdf(750293)11.pdf(169424);jamaica.jpg(332484);70.pdf(526178)11.pdf(169424);jamaica.jpg(332484);70.pdf(526178)defect.txt(1082147);hung.txt(285117)fully.pdf(1200037),16076241,12,0.9999992857147959,0.0,0.15
MWB0225,2010-01-04,39,39,8,0,crisis.pdf(1120875);perhaps.jpg(1106813)personal.exe(1032119)valuable.exe(109997);catholic.doc(760313);staff.pdf(674992)numbers.doc(737318)numbers.doc(737318)brought.doc(1190283);agreement.doc(198164)brought.doc(1190283);agreement.doc(198164)chad.jpg(1088623)chad.jpg(1088623)occasions.doc(224812)occasions.doc(224812)pioneer.exe(1005348)1948.zip(945625);went.jpg(531118);optioned.doc(772818),16249721,23,0.9999997435898093,0.0,0.15
MWC0761,2010-01-04,20,20,0,0,february.doc(1324008)shall.jpg(337029);acquired.txt(185507);quick.txt(805502);vi.txt(1488251)broken.zip(1326116);something.pdf(325618)they.pdf(504384)moderate.exe(1694668)chosen.txt(386285);chosen1.txt(646304);21.txt(1258140)eastern.exe(614780)freshwater.jpg(554496)part.txt(1172637),13186584,18,0.9999995000002501,0.0,0.15
MXM0184,2010-01-04,21,21,2,0,how.jpg(486448)geological.exe(156725);solid.txt(1394232),2782114,20,0.9999995238097505,0.0,0.15
MYB0686,2010-01-04,28,28,6,0,continental.zip(458497);army.exe(1005686);valcour.doc(152934);smallpox.zip(1161157);relatively.txt(551361)narrowly.txt(82176)orbit.doc(40737);apart.zip(826223)fined.zip(854933)reading.doc(181542);until.exe(644960)buildings.txt(79403)limbs.pdf(1384005)doubles.zip(860859);prevented.pdf(1351794);personality.doc(315907);two.doc(465455);syndrome.zip(1546953)prince.exe(2664026)repeated.jpg(1927355);medulla.exe(211365);person.exe(408489);burst.jpg(698716);an.exe(149185),18910413,26,0.9999996428572704,0.0,0.15
MYB1332,2010-01-04,37,37,0,0,first.exe(1438296)deaths.pdf(302159)villa.exe(617651)instead.exe(1749437)prince.txt(1159638);prince1.txt(406852)hanssen.jpg(177307);spending.doc(1737478)part.jpg(211860)worked.zip(1973462)geological.exe(156725);solid.txt(1394232)easily.pdf(313787)you.exe(898450)july.jpg(336297),13998176,31,0.9999997297298027,0.0,0.15
MZO1066,2010-01-04,37,37,4,0,table.txt(657178);contemporary.jpg(472870);incorporation.zip(607195);factor.txt(1430121);gain.exe(8950);annual.txt(281427);gulf.exe(193808);battle.txt(811671)once.doc(629896)2005.jpg(928245)army.pdf(631668)standards.exe(1130671);eastern.pdf(612959);main.pdf(246214);42.jpg(1643686)issues.doc(403368)set.pdf(138816);overran.zip(1295482),13166494,33,0.9999997297298027,0.0,0.15
MZV1557,2010-01-04,34,34,3,0,cross.pdf(1601478);but.doc(2031610);but.txt(471476)owing.doc(1026027);competition.jpg(659342)widespread.pdf(1198929)already.doc(94202);difficult.txt(626014)2001.txt(167351);southern.pdf(156782);with.doc(1045445);preserve.pdf(1606469);33rd.doc(1008271);with.jpg(521750);thirteen.exe(350330);when.zip(794431);raiders.exe(141157)centre.doc(143111);city.exe(663038)lower.jpg(1581641),16847118,29,0.9999997058824394,0.0,0.15
NAB1673,2010-01-04,36,36,5,0,was.zip(1976806);battalion.txt(175231)was.zip(1976806);battalion.txt(175231)pulled.exe(1638856);beginning.txt(338014);provincial.zip(1188418)west.doc(147683)pulled.exe(1638856);beginning.txt(338014);provincial.zip(1188418)west.doc(147683)installed.pdf(1172286),13221662,20,0.9999997222222993,0.0,0.15
NAH1366,2010-01-04,8,8,0,0,prestige.zip(642028);2006.pdf(573465);revealed.pdf(1223045)band.exe(743334);heavily.jpg(1116908),4529122,8,0.9999987500015626,0.0,0.15
NAO1281,2010-01-04,42,42,0,0,distant.txt(946912)later.pdf(198018);7.pdf(1763892);reporters.pdf(525230)11.jpg(566472)between.jpg(1933671)advises.zip(1306773);prefers.doc(2069147)buff.jpg(54816)recuperating.zip(1639877),12333059,37,0.9999997619048185,0.0,0.15
NBB1935,2010-01-04,44,44,5,0,originated.zip(351791)six.txt(1227241)them.exe(364780)bishop.zip(465769)am.zip(2157898)leader.pdf(1463111),7331677,36,0.9999997727273243,0.0,0.15
NBH0488,2010-01-04,18,18,0,0,argues.zip(1209989)person.txt(1835471),3541908,14,0.9999994444447531,0.0,0.15
NBL1190,2010-01-04,33,33,10,0,ankh.zip(561403)no.txt(385865);mutual.doc(2033674)1st.doc(1641669);newer.txt(740088)gets.zip(847001)july.doc(1554973);14.jpg(705242)74.txt(258579);superior.exe(1026938)did.doc(66659)noted.txt(1218200)martial.jpg(748703)1972.doc(1608180);heading.jpg(124134),14464030,27,0.9999996969697887,0.0,0.15
NBL1490,2010-01-04,27,27,4,0,new.exe(400274);some.jpg(452520);exchange.txt(598129)2006.jpg(1475046)circles.pdf(375642)undergo.zip(1570946);returned.exe(1571215)they.pdf(1030228)grown.exe(775631)acclaimed.zip(103334);hills.jpg(681738);1930.pdf(1169689)acknowledged.jpg(2139950);port.exe(1059721);backdrop.txt(595936);silver.zip(510637);year.txt(858333)emerged.txt(764122)towards.txt(145115),17139706,26,0.9999996296297669,0.0,0.15
NBM1257,2010-01-04,4,4,1,0,interpretations.zip(277439),360776,4,0.9999975000062501,0.0,0.15
NBP0252,2010-01-04,37,37,6,0,war.pdf(1025740)number.doc(1254598);specialized.txt(1702620);nearly.zip(1038560);valley.zip(374480);acquired.txt(1371262);below.exe(1185874);acquired.pdf(1323314);operator.exe(911250)us.zip(1377421)through.exe(360723)young.zip(1603746);young.jpg(1855332)decision.zip(1582027);role.doc(824987)short.exe(1917047);december.doc(64387)jersey.pdf(805170)curtis.pdf(572485)disillusioned.txt(1553774);bronx.txt(1206030),24968511,32,0.9999997297298027,0.0,0.15
NCB0657,2010-01-04,3,3,0,0,value.txt(972963);soon.zip(352124)moved.txt(1726237),3139431,3,0.9999966666777778,0.0,0.15
NCC0454,2010-01-04,38,38,5,0,1937.exe(869832)victoria.jpg(460048);raising.pdf(557682)exactly.pdf(959596)closure.pdf(1261446);member.exe(1337387);member.txt(1340549);looking.doc(886987)21.doc(2020265);25.exe(1063456)blacks.zip(197127)multi.pdf(1180171)men.jpg(988782);finishing.doc(739673)census.pdf(503255);where.jpg(1962273);west.pdf(782210),18200545,35,0.9999997368421745,0.0,0.15
NCM1243,2010-01-04,7,7,1,0,resolves.jpg(1558821);darker.pdf(2080688)political.exe(219029);citizen.doc(737010),4837359,7,0.9999985714306123,0.0,0.15
NCU1166,2010-01-04,26,26,1,0,yellow.pdf(149882),880640,23,0.9999996153847633,0.0,0.15
NEG0281,2010-01-04,16,16,4,0,campaign.txt(2182180);connecticut.doc(166346);wynkoop.exe(1029224)valley.pdf(1059460)acceptance.zip(1408758)jittery.txt(1064206)real.txt(128347);19th.exe(1832865);incubator.jpg(1297509),10635280,14,0.9999993750003906,0.0,0.15
NEP1848,2010-01-04,4,4,0,0,time.doc(410969);cannot.zip(901130),1495260,4,0.9999975000062501,0.0,0.15
NER1278,2010-01-04,49,49,0,0,policies.jpg(242270)policies.jpg(242270)34.pdf(1484367);overgrown.exe(129501)34.pdf(1484367);overgrown.exe(129501)employed.pdf(455249)buff.jpg(54816),5675913,34,0.9999997959184089,0.0,0.15
NFH0677,2010-01-04,37,37,8,0,let.txt(581406);charted.jpg(845674)sum.txt(502625)under.txt(187217)afternoon.pdf(1477158)he.txt(545727);either.pdf(1928076)did.txt(736128);because.txt(301394)service.doc(502660);talk.pdf(40236);finalists.txt(541373);positively.doc(832535);abuse.exe(490196);time.txt(1478707)42.zip(1799387)left.pdf(507672);construct.doc(593763)than.zip(307185);quoted.txt(429549)very.exe(195639);km2.doc(496011);buried.doc(761113);accepted.jpg(762336),17893245,30,0.9999997297298027,0.0,0.15
NFJ1694,2010-01-04,3,3,0,0,free.exe(652251);van.pdf(174321);disappoint.txt(300284),1233643,3,0.9999966666777778,0.0,0.15
NFS0617,2010-01-04,7,7,1,0,,175316,5,0.9999985714306123,0.0,0.15
NGB1625,2010-01-04,41,41,0,0,1854.doc(1337571)next.jpg(707465);17th.doc(220732)sector.pdf(235620);since.jpg(1099219)chieftain.pdf(1088);reported.zip(545691)saved.jpg(920525)among.txt(1395146)republican.pdf(432604)misl.exe(586430)you.zip(1284626);passed.jpg(604265);r.doc(1475035),12079836,34,0.9999997560976204,0.0,0.15
NHA0054,2010-01-03,48,48,18,48,similar.doc(1200664);capable.jpg(63685)3.txt(595918)pistol.exe(2040553);consciousness.jpg(376970)be.jpg(1380076);asks.txt(527716)be.jpg(1380076);asks.txt(527716)comes.zip(1730579)comes.zip(1730579)payroll.txt(1302311);ever.jpg(662252)payroll.txt(1302311);ever.jpg(662252)reason.txt(1347385)reason.txt(1347385)it.zip(878652);north.doc(639874);running.doc(1046333);stop.exe(978043);killed.zip(1481113);space.zip(784082);january.zip(1140854);1949.doc(617951);it.doc(1098029)it.zip(878652);north.doc(639874);running.doc(1046333);stop.exe(978043);killed.zip(1481113);space.zip(784082);january.zip(1140854);1949.doc(617951);it.doc(1098029)destruction.zip(547439)destruction.zip(547439),38183457,28,0.99999979166671,0.0,0.15
NHA0054,2010-01-04,65,65,1,0,northwestern.doc(2059238);designs.zip(206031)forcing.doc(1223804)forcing.doc(1223804)sent.exe(1560499);each.pdf(1203829)sent.exe(1560499);each.pdf(1203829)animal.jpg(17492)animal.jpg(17492)10.doc(2007915);believe.zip(194185);family.exe(207741);american.doc(1858200);claimed.jpg(276892)10.doc(2007915);believe.zip(194185);family.exe(207741);american.doc(1858200);claimed.jpg(276892)bone.jpg(1001146);only.txt(1542276);kind.jpg(395706)parents.pdf(1116976);computer.zip(647982);film.exe(118750)grew.jpg(1811028);stokes.zip(477028)match.txt(1820771)part.txt(1172637)described.jpg(393840);deliberation.doc(1106887);island.zip(1422842);design.txt(928897);faryl.jpg(1246624);positively.zip(640912);quite.txt(1037618)described.jpg(393840);deliberation.doc(1106887);island.zip(1422842);design.txt(928897);faryl.jpg(1246624);positively.zip(640912);quite.txt(1037618)ocean.exe(1188132);threat.jpg(74552)local.exe(673125)excitement.pdf(443900);shorter.zip(1847375)excitement.pdf(443900);shorter.zip(1847375),51426230,37,0.9999998461538697,0.0,0.15
NHB1529,2010-01-04,8,8,1,0,indicated.exe(712668);dedicated.pdf(304853),1281421,8,0.9999987500015626,0.0,0.15
NHD0247,2010-01-04,49,49,0,0,spot.txt(1124459);while.zip(193333)along.pdf(217611)front.exe(866008);article.pdf(835501)gatherings.txt(2391231);interests.exe(267080);students.zip(943835)animatics.doc(387888)slept.doc(94275);supposedly.txt(662703)brought.zip(1064980);dedicated.zip(777642);recorded.exe(1123555);requested.doc(202045);that.doc(619639);happier.txt(277362);requested.txt(1775150)or.pdf(1183772)later.exe(1512649)site.jpg(336499);higher.txt(121011),18456403,39,0.9999997959184089,0.0,0.15
NHH1099,2010-01-04,8,8,1,0,fifth.doc(419801);events.jpg(937168)soul.pdf(264111);philosophy.doc(582486);saptibhag.exe(264173)aspects.exe(787688);downtown.zip(880456)man.zip(612471),4978377,8,0.9999987500015626,0.0,0.15
NHR0768,2010-01-04,24,24,0,0,away.zip(153576);technical.exe(256158)position.zip(1903305)60.doc(364623)house.pdf(1055352);he.doc(305908);built.jpg(1892424);built.txt(1101689);way.pdf(1714066);watching.txt(58425);surprised.doc(100231)appeared.zip(1343681);appreciation.txt(2053711);were.zip(441071)motion.exe(1278761);modification.exe(828870)sometimes.jpg(1522900)freshwater.jpg(554496)easily.pdf(313787)art.txt(609531);fight.pdf(23748),18566339,23,0.9999995833335069,0.0,0.15
NIM1203,2010-01-04,50,50,0,0,european.doc(507822);never.doc(914720)italian.jpg(682564)spear.jpg(735835)italian.jpg(682564)aft.exe(105215);was.pdf(1305576)spear.jpg(735835)aft.exe(105215);was.pdf(1305576)wider.exe(441442)northeast.zip(150092)14.zip(952508);while.zip(1902041)compared.txt(392479);october.txt(493482);composer.pdf(266216);work.exe(1418176);woman.exe(1022886);composer.jpg(268733);overall.jpg(1524723);release.pdf(1219898)foreign.zip(484830)numerous.txt(966009);begins.pdf(370352)own.doc(39838)own.doc(39838)he.txt(1119722);through.jpg(164810)he.txt(1119722);through.jpg(164810)displayed.pdf(1549573)mens.exe(1321497);and.pdf(1077694);aggressively.exe(377347);seed.exe(264132),27627996,30,0.99999980000004,0.0,0.15
NIM1282,2010-01-04,36,36,1,0,problems.txt(684496)need.txt(1014853)birminghams.pdf(1392918)chemistry.exe(252021);equipment.zip(812785);really.zip(327700)emphasised.exe(953087);reality.jpg(1388071)to.doc(1135542)senate.exe(971047)chambers.doc(426307)ammunition.exe(1785026);led.exe(519148)realisation.jpg(781034)king.zip(686201)from.jpg(264258),14572669,30,0.9999997222222993,0.0,0.15
NIV1608,2010-01-04,45,45,0,0,conference.doc(294347)distribution.pdf(385642)1937.jpg(922607);merging.zip(82910)original.zip(1612579);held.pdf(2098576);smashed.txt(46642)base.txt(1091998)york.txt(390593)gale.zip(226070);most.txt(460950);6.exe(1671212);07p.txt(1349030);time.pdf(319342)welcome.txt(67124);rabbis.pdf(840475);growth.zip(806495);spread.exe(924958)too.jpg(1103036);29.txt(802426);manner.doc(486579)during.doc(1220691);constructed.jpg(250973)influence.exe(694205)635.txt(914506)occasionally.exe(454308)miami.doc(1795253);stuffed.zip(1532079);assumption.zip(1565516)cincinnati.jpg(1103595),26890959,39,0.9999997777778271,0.0,0.15
NJB0011,2010-01-03,37,37,4,37,investigator.zip(41116)person.jpg(1032279);sometime.txt(743435)public.exe(2748)earliest.exe(784667);begun.txt(758987)effects.exe(1743079)include.pdf(2788764)shock.zip(1161739)seventh.doc(341285)later.pdf(508379)soul.zip(867387)spotlight.pdf(64799);tallest.exe(712040);approaching.exe(451068)whether.txt(85193)1961.pdf(1087783);daytime.exe(796884);daytime.doc(928358)beginning.txt(648073)properly.pdf(802407),17446451,29,0.9999997297298027,0.0,0.15
NJB0011,2010-01-04,57,57,0,0,eleven.txt(21448)force.doc(1001104);daily.doc(1376882)conference.txt(286905);majority.doc(592378)tortured.zip(1165403);valley.jpg(1549084);taylor.pdf(2048915)circle.txt(844666);lawrence.doc(1193756);trends.jpg(584581);law.jpg(1917429)pads.jpg(662615);m12.txt(565716);missed.doc(404983);unseen.doc(1850866)majority.txt(771065)out.exe(1239531)golden.doc(1371321)came.exe(771103)other.jpg(415751)adding.txt(1132213)lee.jpg(52576);44.exe(22047)faced.jpg(377005);topped.pdf(29976)keep.zip(818805),24681986,47,0.9999998245614342,0.0,0.15
NJC0003,2010-01-04,90,90,13,0,generated.exe(2358158);star.zip(622626);sung.pdf(1053760)moment.txt(252194);along.doc(2697123)cruel.pdf(1275530)public.exe(2748)people.jpg(1942748)investigator.zip(41116)intervention.doc(1759672);critical.zip(848328);multiple.exe(1687188);expressing.pdf(818367);prompted.zip(783693);been.txt(1531382)major.doc(624509)1969.exe(191747)against.txt(312231)bomb.jpg(324623);heritage.doc(1163534);increases.zip(1398099)went.zip(191216)david.zip(1615676);earnest.zip(1338187)verse.pdf(1321551);impossible.txt(257869)attached.exe(665610)level.exe(1638953)that.txt(1444303)local.doc(984273);mixed.zip(713253);perception.exe(950567);phrase.exe(1330760)pacific.doc(1569429);conduct.pdf(707516)early.doc(612716);womans.jpg(1637049);april.txt(1222930)adding.txt(1132213)extensive.zip(1561129)cabbage.exe(328188)lee.jpg(52576);44.exe(22047)examples.pdf(1044679);acts.exe(794066);through.pdf(87680);neighboring.jpg(950652);space.exe(630460);treasures.exe(259048);1980s.exe(952427);greeks.doc(246331);crashing.pdf(932805)waterfalls.exe(1258802);fair.pdf(1441497);fair.exe(555499);vampire.zip(530127);real.exe(916012);sophia.exe(1701337);planning.doc(612921);who.zip(914103)eminently.exe(8935)entry.pdf(1408653)siegel.jpg(1466525)faced.jpg(377005);topped.pdf(29976)clark.txt(943218);appropriate.doc(150657);returned.doc(747318),64677097,68,0.9999998888889012,0.0,0.15
NJD1644,2010-01-04,11,11,0,0,shape.jpg(1234470);black.pdf(327001);shape.zip(652009)widely.pdf(970672);core.doc(1717382)allow.exe(560644)travelling.pdf(87878);whereas.pdf(822964),6720931,11,0.9999990909099173,0.0,0.15
NJJ0434,2010-01-04,11,11,0,0,2006.jpg(1470093);nearby.doc(123247)179.txt(367991);ran.exe(529980);went.exe(1051522),3866716,9,0.9999990909099173,0.0,0.15
NJK1732,2010-01-04,46,46,6,0,regular.pdf(683105);accompanying.jpg(993339)longer.txt(651150);bustling.exe(66985)duties.pdf(360709);formerly.zip(402598);barda.exe(228251)quoted.exe(1455444);increased.jpg(420713)involved.zip(715722);this.jpg(1017583);role.jpg(682728);but.txt(77602);range.jpg(621236);cannot.pdf(281376);speed.doc(115690)president.zip(293444);author.doc(1453788);test.txt(81751)modern.jpg(1248494)aside.doc(878471);greatly.txt(481258)1985.pdf(182530);slavic.doc(1226740)followed.pdf(455556);interstellar.txt(692991)town.zip(363976)battle.txt(749918)walking.zip(1261495);modified.exe(1781978),21378135,38,0.9999997826087429,0.0,0.15
NJP0665,2010-01-04,7,7,0,0,perceives.txt(1658785);unfavourable.jpg(548892)2005.jpg(695048);prior.zip(338447),3446322,6,0.9999985714306123,0.0,0.15
NJS1194,2010-01-04,22,22,1,0,saying.pdf(1084502);luxembourg.exe(262272)distinguish.doc(770197)acknowledged.jpg(2139950);port.exe(1059721);backdrop.txt(595936);silver.zip(510637);year.txt(858333)later.exe(833749)secretary.exe(888430);1890s.doc(260584)contemporary.exe(1014948);surpassed.txt(825278),11755836,18,0.9999995454547521,0.0,0.15
NJV1818,2010-01-04,48,48,0,0,prince.zip(1323895)continue.exe(114885);toys.txt(282608)skirmishers.exe(1310321)aid.zip(2364016)dusk.txt(900456);fiction.exe(1232560),9133462,38,0.99999979166671,0.0,0.15
NKD0115,2010-01-04,25,25,7,0,opinion.exe(1421582);equal.doc(1832710)television.doc(595287)16th.pdf(2040601);imposed.exe(1001553)government.txt(1501846);scrap.doc(627221);following.zip(240638)threw.jpg(393479);sent.doc(579459);corresponding.zip(783092)48.txt(1747528);night.txt(2149517)image.doc(194928)spent.doc(713330);river.pdf(808589);marked.doc(1217074)folly.doc(381719)that.jpg(592501)given.zip(473823);mixing.doc(1608191);made.pdf(708220)classification.doc(1235906),23669054,20,0.99999960000016,0.0,0.15
NKF1871,2010-01-04,6,6,2,0,485.txt(382299);mobile.exe(129823)time.doc(410969);cannot.zip(901130)through.jpg(359835),2355291,6,0.9999983333361112,0.0,0.15
NKG0319,2010-01-04,46,46,3,0,going.doc(626621)maurice.jpg(1406671)maurice.jpg(1406671)district.doc(1550426);merging.exe(633675)district.doc(1550426);merging.exe(633675)son.doc(584367)considered.doc(90703)whose.zip(1484211);graduated.exe(434453);8.doc(1859027)multiple.pdf(623211)b.pdf(857436);b.doc(2541);room.pdf(1375793)suffered.exe(982937)suffered.exe(982937)mainland.jpg(377316);stopped.jpg(423078)mainland.jpg(377316);stopped.jpg(423078)prince.pdf(634545)prince.pdf(634545),21445131,30,0.9999997826087429,0.0,0.15
NKH0704,2010-01-04,30,30,0,0,caribbean.pdf(531067)deployed.exe(461748)wine.txt(1373468);stranger.jpg(1093400)six.jpg(13028);additionally.jpg(938359);ankle.doc(386376);known.zip(1119920)six.jpg(13028);additionally.jpg(938359);ankle.doc(386376);known.zip(1119920)referenced.pdf(1781722);settler.txt(479165);government.exe(498277);1960.jpg(269867),12253297,22,0.9999996666667778,0.0,0.15
NKM1738,2010-01-04,17,17,0,0,potential.zip(477617);miss.doc(2154221);source.txt(748373);source.zip(1510921)southern.txt(262677);southern.zip(1094838);out.jpg(931097)casualties.pdf(937853)ft.zip(81379);parents.txt(1775516)he.txt(566103),11059045,15,0.9999994117650519,0.0,0.15
NKN1405,2010-01-04,27,27,3,0,musical.exe(1131560)sank.jpg(984588)25.zip(1700853);begun.doc(425576)guitar.zip(419817),5464476,21,0.9999996296297669,0.0,0.15
NKT1510,2010-01-04,42,42,0,0,historical.zip(696987);maymun.txt(604252);returned.pdf(241377)i.pdf(480070)prince.zip(641296)acclaimed.zip(103334);hills.jpg(681738);1930.pdf(1169689)dead.jpg(504242)tight.jpg(491483)promising.zip(257294);responsibility.pdf(219958)superior.jpg(787257);elements.exe(1294028),9414798,35,0.9999997619048185,0.0,0.15
NLC1113,2010-01-04,4,4,0,0,aspects.exe(787688);downtown.zip(880456),1773357,4,0.9999975000062501,0.0,0.15
NMF1088,2010-01-02,29,29,0,29,although.zip(1123200)although.zip(1123200)1st.doc(1641669);newer.txt(740088)1st.doc(1641669);newer.txt(740088)any.txt(2447416)breast.exe(1402519)breast.exe(1402519)fine.txt(919394)fine.txt(919394)base.doc(637538);sick.pdf(256908);fill.doc(895809);destroyed.exe(1437591);dramatic.txt(574708);swimming.zip(1284925);plover.pdf(876966);sediment.txt(952339)base.doc(637538);sick.pdf(256908);fill.doc(895809);destroyed.exe(1437591);dramatic.txt(574708);swimming.zip(1284925);plover.pdf(876966);sediment.txt(952339)1990.doc(2040347)1990.doc(2040347),32938000,15,0.9999996551725328,0.0,0.15
NMF1088,2010-01-04,54,54,0,0,deco.txt(775801)crucial.txt(563465)crucial.txt(563465)each.zip(157092);decision.doc(1227459)each.zip(157092);decision.doc(1227459)sure.pdf(827863)sure.pdf(827863)about.pdf(676505)elevation.zip(925416)top.zip(508914);party.txt(759258);based.pdf(835126)settings.jpg(832858);reporting.doc(668265)relatively.zip(55316)combination.pdf(981808)travel.zip(1489848)aimed.doc(2802598);ensuing.jpg(231350)immediate.zip(771764);positive.zip(1090294);alongside.exe(2383939);international.pdf(1299925);alongside.jpg(1492684);europeans.doc(1276507);number.jpg(310827);positive.exe(47878);alongside1.exe(113376)immediate.zip(771764);positive.zip(1090294);alongside.exe(2383939);international.pdf(1299925);alongside.jpg(1492684);europeans.doc(1276507);number.jpg(310827);positive.exe(47878);alongside1.exe(113376)shape.doc(1074761)shape.doc(1074761),38385122,32,0.999999814814849,0.0,0.15
NMK0536,2010-01-04,17,17,1,0,thick.pdf(1374763);increase.exe(1027494)accessible.doc(1487805);souls.exe(933069)later.exe(833749)already.txt(2038158)authors.txt(1819086),10062888,16,0.9999994117650519,0.0,0.15
NMM0026,2010-01-04,39,39,0,0,prince.jpg(627812)unchallenged.doc(665033);hannibal.txt(1293436)depressions.txt(1744274);gape.exe(352789);width.txt(963745)yellow.pdf(149882)what.pdf(114216),7071305,31,0.9999997435898093,0.0,0.15
NMP0782,2010-01-02,6,6,0,6,,205724,6,0.9999983333361112,0.0,0.15
NMP0782,2010-01-04,22,22,0,0,saskatchewan.txt(1289270)average.txt(140499);advice.doc(2012018)several.doc(599755);july.txt(614732)sell.txt(1230412);overall.txt(430135)lead.pdf(1763740)interested.zip(99909)mourners.txt(847781),9710475,21,0.9999995454547521,0.0,0.15
NMP1003,2010-01-04,29,29,0,0,comes.exe(1597391);partner.jpg(505329)fly.zip(643630);law.doc(174785);recalled.jpg(714394)allowed.pdf(207313);cancer.txt(530937);time.doc(1190920)charge.pdf(925291),7409485,27,0.9999996551725328,0.0,0.15
NMV0716,2010-01-04,21,21,0,0,modest.zip(1949518)associated.jpg(2705180)person.txt(1835471)prince.txt(1117086)longer.txt(605012)usually.txt(309353);april.jpg(456481);womens.pdf(927835);35000.doc(2009749);1994.jpg(1196914);ring.jpg(654631);thriving.jpg(1791207),16244941,19,0.9999995238097505,0.0,0.15
NNB1355,2010-01-04,5,5,0,0,removed.zip(99652);meet.exe(826108);eventually.jpg(1525598)gloucester.exe(151438);1800.pdf(2208586)modern.txt(754338);miss.jpg(661234),6402085,5,0.9999980000040001,0.0,0.15
NNO0832,2010-01-04,4,4,0,0,,148096,4,0.9999975000062501,0.0,0.15
NOB1015,2010-01-04,24,24,3,0,either.pdf(330897)nightfall.txt(957987)spitfire.exe(2427249);intention.zip(1325298)27.doc(350633);employed.txt(347066)these.jpg(1525826)200.jpg(186581);high.doc(1275063)often.pdf(1343543);facing.pdf(477073)05.jpg(54275),11296632,19,0.9999995833335069,0.0,0.15
NRH0510,2010-01-04,32,32,0,0,ok.exe(556344);lot.txt(594258)famer.jpg(74976)valuable.exe(109997);catholic.doc(760313);staff.pdf(674992)paid.exe(163337)15.doc(583594)frentzen.exe(674890);an.zip(338939)frentzen.exe(674890);an.zip(338939),6382971,22,0.9999996875000976,0.0,0.15
NRH1383,2010-01-03,32,32,0,32,america.exe(1515493);individual.jpg(1012911);gully.zip(1765439);education.exe(1287859)america.exe(1515493);individual.jpg(1012911);gully.zip(1765439);education.exe(1287859)take.zip(1168122);reading.txt(898428)take.zip(1168122);reading.txt(898428)regina.exe(216065)regina.exe(216065)became.jpg(1409429)became.jpg(1409429),19443668,17,0.9999996875000976,0.0,0.15
NRH1383,2010-01-04,49,49,0,0,campaign.txt(899468);contributed.doc(141534);plus.exe(1138543)campaign.txt(899468);contributed.doc(141534);plus.exe(1138543)report.zip(700585)report.zip(700585)coast.zip(1120323);outfitted.exe(756153)entitled.exe(1013942)proposed.txt(13232)pm.exe(777842)lived.doc(1142146);setting.pdf(1661264)120000.pdf(1403658)conference.txt(608025),15679231,28,0.9999997959184089,0.0,0.15
NRM1656,2010-01-04,8,8,0,0,mtis.txt(1059237);1868.zip(46527)followed.doc(48309);whole.jpg(569709)last.zip(1895444);expertly.zip(1183793);last.exe(1015876)up.txt(713209);yet.pdf(1167575),7951419,8,0.9999987500015626,0.0,0.15
NRO1752,2010-01-04,14,14,0,0,positions.txt(968346)fill.doc(1139836);sea.exe(1484436)fill.doc(1139836);sea.exe(1484436)temporary.txt(1797184)temporary.txt(1797184)lakefront.jpg(1054043)directly.txt(417930),11724020,11,0.9999992857147959,0.0,0.15
NRR0476,2010-01-04,26,26,2,0,members.doc(2262770)november.pdf(974141)outside.pdf(1290478);services.pdf(569406);villages.exe(94784)1777.jpg(399291);possible.doc(288241);main.jpg(1039753);closed.pdf(100358)telling.txt(1914605);site.txt(82669);match.pdf(1222548)although.exe(214469);met.doc(35912)nationalists.pdf(721351);family.exe(1641838);john.zip(1268245)moved.txt(1726237),16709223,21,0.9999996153847633,0.0,0.15
NRR1835,2010-01-04,41,41,0,0,killer.doc(532544);spoof.pdf(1001786)you.jpg(1354594)shown.pdf(386919);look.txt(769613);incapable.zip(1419930)are.exe(396011);along.txt(693870)half.jpg(413068)permanent.zip(1014215)did.pdf(513385)november.pdf(2204860);costumes.doc(542666)present.doc(228989);sweet.txt(1217743);greek.jpg(323292)sources.doc(907421);merely.exe(1194239)11.zip(1129982),17389363,38,0.9999997560976204,0.0,0.15
NRS0270,2010-01-04,32,32,7,0,scheduled.exe(914020)setting.zip(391467)buildings.txt(79403)headway.exe(1866724);requested.zip(353010)unpredictable.txt(1937846)realizing.jpg(826021),7472016,23,0.9999996875000976,0.0,0.15
NSS0926,2010-01-04,20,20,0,0,1844.pdf(603806);turn.doc(719082)98.exe(817055);abusive.jpg(1768270);production.zip(1101523),5668607,18,0.9999995000002501,0.0,0.15
NTB0710,2010-01-04,18,18,0,0,flagship.doc(405283);cause.pdf(558277)bone.jpg(1001146);only.txt(1542276);kind.jpg(395706)100000.doc(758433)cave.zip(720403);fighting.pdf(549836);act.doc(903805)prince.jpg(1611245);prince.exe(94593);prince.txt(383054),9415421,13,0.9999994444447531,0.0,0.15
NTG1667,2010-01-04,25,25,10,0,faded.doc(1202784);daughters.doc(1604047)couldnt.exe(1401629);2006.zip(1196083)overlordships.zip(1403327),7538664,20,0.99999960000016,0.0,0.15
NTM0305,2010-01-04,25,25,0,0,july.doc(1554973);14.jpg(705242)praised.txt(1047256)gully.doc(1575991);which.jpg(748821)on.exe(768015)1892.pdf(999468)female.exe(827495)female.exe(827495),9829906,17,0.99999960000016,0.0,0.15
NTV1777,2010-01-04,24,24,0,0,greeted.exe(947041)since.exe(1039588)affairs.pdf(1970463);europe.zip(1270768)divisional.jpg(181618);their.jpg(1496866);recalls.pdf(16796);company.exe(84350);official.jpg(878785);divisional.pdf(1963097);stock.doc(892682)at.zip(1683365);of.txt(567925);much.txt(894029);viewed.zip(494368)new.doc(63652),15101984,23,0.9999995833335069,0.0,0.15
NUW1599,2010-01-04,7,7,1,0,,245449,7,0.9999985714306123,0.0,0.15
NVA1748,2010-01-02,3,3,0,3,us.zip(1377421),1441472,3,0.9999966666777778,0.0,0.15
NVA1748,2010-01-04,20,20,0,0,roadside.jpg(2712820)seen.txt(159570)southern.txt(262677);southern.zip(1094838);out.jpg(931097)states.jpg(236072)discovery.zip(1045742)bad.txt(1116363)michael.txt(783093),8960655,18,0.9999995000002501,0.0,0.15
NWH0960,2010-01-04,27,27,6,0,confidence.doc(415576)steel.exe(1574304)damaged.exe(1121568)reserve.jpg(1126177)opponents.txt(1122588);ordered.doc(254425),6398692,21,0.9999996296297669,0.0,0.15
NWP1609,2010-01-04,24,24,0,0,detected.zip(444418);researchers.txt(660424)eastern.txt(1852453)misl.exe(586430)personally.txt(974933);experience.jpg(585981);their.jpg(935084)left.pdf(1345058);crashed.doc(846364),8923996,23,0.9999995833335069,0.0,0.15
NZH1839,2010-01-04,38,38,0,0,among.jpg(1474783)eight.zip(91356)separate.pdf(907075);chemical.zip(1071401);altogether.exe(1838406);closest.pdf(843359);rites.doc(426523);daniels.pdf(1651471)morning.txt(317694)mvp.doc(1807762)fox.pdf(638222);given.txt(1208037)happen.pdf(330234)which.exe(597990);temporary.doc(620799);morning.pdf(568332);scene.zip(725961);vilified.exe(377106);felt.doc(1876088);felt.pdf(186737);lesson.pdf(1263656);stephen.zip(1060697),21043829,34,0.9999997368421745,0.0,0.15
NZL1395,2010-01-04,27,27,1,0,can.jpg(1002397);by.zip(562073);group.pdf(13275)while.zip(227177)despite.zip(1363661)part.zip(1283823);difficult.doc(732016);down.zip(603642);onto.pdf(158991)years.txt(133426);passed.doc(1671509)alone.zip(2164353)mid.zip(16695);northern.doc(1860752),12572306,22,0.9999996296297669,0.0,0.15
OAB0181,2010-01-04,21,21,4,0,long.doc(1487281)proposed.txt(13232)how.jpg(486448)known.txt(980334);clumps.exe(1306525)together.doc(1677038);people.txt(987980)ownership.pdf(958418);required.exe(291656),8740106,20,0.9999995238097505,0.0,0.15
OAJ0244,2010-01-04,44,44,0,0,warns.pdf(480361)spot.txt(1124459);while.zip(193333)fore.exe(1585465)along.pdf(217611)court.jpg(1292171);ceramics.exe(961168)caves.txt(442766)gatherings.txt(2391231);interests.exe(267080);students.zip(943835)country.zip(409291);idea.exe(923103)from.pdf(41377)southern.doc(430832);tail.exe(975495);conditions.txt(1745236),15779225,34,0.9999997727273243,0.0,0.15
OAP0978,2010-01-04,30,30,0,0,1883.txt(1694962);he.exe(1443616);he.doc(1230353);he.txt(1395567);himself.txt(340370)conclude.txt(493020);several.doc(1331503),8871592,25,0.9999996666667778,0.0,0.15
OBN1958,2010-01-04,8,8,0,0,irons.jpg(1001004);solo.jpg(148665);result.pdf(41763),1408501,8,0.9999987500015626,0.0,0.15
OCD1985,2010-01-04,15,15,0,0,around.txt(848340);dispute.pdf(1887240)mineral.pdf(503000),3720985,12,0.9999993333337778,0.0,0.15
OCL1245,2010-01-04,6,6,4,0,characters.pdf(5138);maniraptora.exe(1081457)sighted.exe(1125495);skagerrak.exe(1612256);field.doc(494735)fusion.doc(1154361);village.pdf(1277875),6933444,6,0.9999983333361112,0.0,0.15
OCW1127,2010-01-02,12,12,0,12,verbally.jpg(685513);laurence.exe(589449)opponent.pdf(154607)called.zip(746971)building.doc(1446686);7.exe(218629);forces.doc(1454785);building.txt(905807),6542817,12,0.9999991666673611,0.0,0.15
OCW1127,2010-01-04,42,42,8,0,landscaping.pdf(1054477)before.jpg(296847);incorporated.pdf(784222);rendezvous.exe(588173)success.exe(1096352)embrace.txt(1633872)recreation.zip(960970)respects.zip(2345587)retrieve.exe(346346)old.zip(212099);targeted.zip(227325)ahmose.txt(33065);prince.exe(358945);prince.pdf(798924);prince.txt(256961);ankh.exe(14416)suggestion.txt(658591);en.jpg(1438205)control.txt(1350693)along.pdf(1549286);vicinity.pdf(817452);australasian.txt(383656);declared.txt(1386113)notable.zip(1902206)publication.exe(35058)information.doc(867594)i.zip(314027);research.doc(1020980);compound.zip(366488);members.zip(235552),24585288,35,0.9999997619048185,0.0,0.15
ODA0931,2010-01-04,37,37,0,0,onomastic.pdf(372500)their.pdf(2151634)their.pdf(2151634)threatened.pdf(737109)war.jpg(848089);never.jpg(394338)war.jpg(848089);never.jpg(394338),8996630,26,0.9999997297298027,0.0,0.15
ODB0034,2010-01-04,66,66,15,0,speech.jpg(1389640);ultimate.txt(71959);longtime.txt(1705627)submarines.jpg(551376)par.jpg(1622431)14.doc(582381)thought.exe(139903)april.pdf(1491851);passed.zip(1657300);collisions.txt(78174);implies.pdf(90332);degrees.pdf(154116);away.exe(760617);eye.jpg(919293)within.txt(1373850);heavily.doc(16367)natural.zip(325376)prince.txt(879632);prince.doc(1210938);prince.exe(578599)war.txt(698809)loosely.jpg(346746)multi.pdf(1180171)prince.pdf(1248888);prince1.pdf(813461)1949.pdf(594794);water.txt(542193);plants.exe(758348);lengthy.txt(513459);believed.jpg(551572);property.txt(792217);never.jpg(538329);utterly.txt(1103820);resources.txt(28604)dictatorial.txt(1129154);c.pdf(622379);ministry.pdf(812103)professional.exe(887299)distances.pdf(1534776),32367296,49,0.9999998484848714,0.0,0.15
ODG1158,2010-01-04,30,30,1,0,what.pdf(411605)late.doc(1673307);estimated.jpg(1313373);between.doc(1741236);between.txt(1326846);1983.doc(1208457)saw.pdf(2325361)best.doc(858587)receptions.exe(395096)is.doc(2209484);earl.pdf(1281658)murder.zip(313612)mclaren.txt(679490);eight.zip(870417),17475946,26,0.9999996666667778,0.0,0.15
OFA1415,2010-01-04,6,6,0,0,known.pdf(364517);ten.zip(357017),914416,6,0.9999983333361112,0.0,0.15
OFB1017,2010-01-04,36,36,0,0,ships.txt(85882);crew.pdf(512147)culminated.zip(257827)prince.doc(832376);prince.txt(2281939);prince.zip(892664);prince1.zip(1438394);prince2.txt(769518);prince.pdf(380275)prince.zip(409222)hogs.exe(1142104)small.pdf(420137);college.exe(304776);teams.pdf(1968699)expensive.jpg(795046);heavy.jpg(949923)most.doc(1029000);may.doc(288991);indicated.zip(362081)19.txt(1611501);191.txt(1223481);imperial.jpg(749410),19870705,34,0.9999997222222993,0.0,0.15
OFM0341,2010-01-04,30,30,0,0,cornet.exe(437578)extended.txt(764827)forty.zip(284722)only.zip(1471200);canceled.exe(791066)spent.jpg(897048)formations.pdf(1341119);mentioned.txt(845594)mourners.txt(847781),8510429,26,0.9999996666667778,0.0,0.15
OFS0030,2010-01-04,17,17,1,0,spokesman.jpg(381803)examination.txt(408628)promenade.jpg(298169)church.pdf(2650130);returned.pdf(319544)get.jpg(1907563);police.jpg(786394),7211496,12,0.9999994117650519,0.0,0.15
OHA1516,2010-01-04,42,42,1,0,brett.jpg(535131)strong.jpg(505644);attained.jpg(622130)his.pdf(1467733)much.txt(1321168)italian.jpg(682564)pitiful.zip(486117);encapsulates.txt(123813)elements.jpg(964109)helm.txt(1019837);federation.zip(74468);those.zip(953695);days.txt(678783);world.jpg(1076259);proving.zip(911786);north.txt(288837);days.doc(21373)recovery.doc(1357208);accolades.exe(961730)greene.jpg(400756)eight.pdf(1163434)failed.zip(816571)towards.txt(145115)order.pdf(1379257);journalist.txt(1668234)defeating.pdf(1260720);well.txt(364449),22432466,32,0.9999997619048185,0.0,0.15
OHC1798,2010-01-04,3,3,0,0,,79113,3,0.9999966666777778,0.0,0.15
OHR0583,2010-01-02,4,4,0,4,show.doc(1705231);nevertheless.zip(394106);three.exe(1504700)brown.jpg(795922);among.exe(384479),4864803,4,0.9999975000062501,0.0,0.15
OHR0583,2010-01-04,12,12,1,0,october.jpg(597098)with.txt(259014);with1.txt(1054705);contest.zip(450449);fourth.pdf(1160474);aaat.doc(1049725),4938286,12,0.9999991666673611,0.0,0.15
OHS0036,2010-01-04,36,36,3,0,1979.jpg(759869)mute.txt(1816818);guard.doc(2131699)neoclassicism.zip(291377)ownership.txt(964483)war.pdf(1297089);where.zip(459863);war.exe(2111305)bloodhounds.pdf(1613831)faces.txt(1442013)retreated.zip(87815)1978.zip(616474)evelyn.doc(55236);able.txt(615622),15359295,30,0.9999997222222993,0.0,0.15
OIP1053,2010-01-02,2,2,0,2,,63706,1,0.9999950000249999,0.0,0.15
OIP1053,2010-01-03,2,2,0,2,,62410,1,0.9999950000249999,0.0,0.15
OIP1053,2010-01-04,5,5,0,0,,206601,3,0.9999980000040001,0.0,0.15
OJC0930,2010-01-04,36,36,0,0,fragment.txt(1575957)short.exe(1509267)see.exe(1286971)see.exe(1286971)alan.pdf(378010)known.jpg(929840)alan.pdf(378010)known.jpg(929840)sequences.pdf(281675);two.doc(873434)threatened.pdf(737109)threatened.pdf(737109)culture.doc(196356)including.txt(879583);mean.pdf(1116530);seen.exe(1194238);these.exe(280486);either.jpg(374093)determining.pdf(1111942)ill.exe(2022757);graduation.jpg(1510730)ill.exe(2022757);graduation.jpg(1510730)pearsons.exe(1377485);1904.txt(854604),26434809,25,0.9999997222222993,0.0,0.15
OJF1882,2010-01-04,24,24,2,0,escape.pdf(936876);besieging.pdf(109291)works.jpg(1131091);due.zip(1922384);three.zip(1754170);beginning.doc(349578);enlistments.pdf(637505);enlistments.exe(634696)southwest.txt(675133)enlistments.txt(1486781)now.jpg(104764)critically.doc(1476850);rest.zip(1002794);thrones.doc(1318337);st.doc(524389)perished.jpg(1366704)faced.txt(657589)years.jpg(1215202)awnings.jpg(119094),18118480,15,0.9999995833335069,0.0,0.15
OJP1860,2010-01-04,14,14,4,0,six.doc(483714);strength.zip(579329),1511478,13,0.9999992857147959,0.0,0.15
OKC0155,2010-01-04,7,7,3,0,honduras.exe(837907);miles.pdf(2363490)game.doc(481677);universally.pdf(799920),4692153,7,0.9999985714306123,0.0,0.15
OKH0453,2010-01-04,35,35,1,0,mute.txt(1816818);guard.doc(2131699)rested.doc(999799)retreated.zip(87815)1978.zip(616474)evelyn.doc(55236);able.txt(615622)derivative.doc(1380752);forgo.doc(4303);jcr.pdf(886753)1.zip(1190247);album.jpg(891678),11755674,29,0.9999997142857958,0.0,0.15
OKM1092,2010-01-04,10,10,2,0,kundakunda.doc(627052)man.zip(612471)proponents.pdf(1218159);multi.pdf(530684)attributes.doc(1687936)although.jpg(1005108);november.txt(1423206),7396197,9,0.9999990000010001,0.0,0.15
OLM1747,2010-01-04,9,9,0,0,sings.exe(705484)about.jpg(1525747);briefly.pdf(1979000)momentarily.pdf(1328077);today.doc(902866)place.jpg(194931),6849727,8,0.9999988888901234,0.0,0.15
ONB1833,2010-01-04,40,40,0,0,continued.doc(203950)morning.txt(317694)november.pdf(2204860);costumes.doc(542666)aid.zip(2364016)mvp.doc(1807762),8601410,37,0.9999997500000625,0.0,0.15
ONG1642,2010-01-04,7,7,0,0,manoeuvre.exe(686759)sixty.pdf(240074);toward.txt(132274),1292436,7,0.9999985714306123,0.0,0.15
OQE0920,2010-01-04,33,33,4,0,14.doc(582381)gynaecologists.pdf(499478);one.pdf(637649)these.exe(855929)fled.exe(563359);several.exe(901469);taken.exe(962919);attempt.pdf(1363791)number.pdf(610969)pop.zip(1724192);some.doc(849682)opened.jpg(1057968),11523096,27,0.9999996969697887,0.0,0.15
ORB0455,2010-01-04,38,38,4,0,1979.jpg(759869)fast.jpg(827499);heaviest.doc(834348)exactly.pdf(959596),4478502,30,0.9999997368421745,0.0,0.15
ORR0813,2010-01-04,45,45,13,0,thought.exe(139903)april.pdf(1491851);passed.zip(1657300);collisions.txt(78174);implies.pdf(90332);degrees.pdf(154116);away.exe(760617);eye.jpg(919293)within.txt(1373850);heavily.doc(16367)importance.exe(124494)reduced.jpg(518374);revealed.doc(1367781)party.pdf(1544275)eeriness.txt(659372);attempted.doc(63594);political.pdf(421163)germans.zip(935853);begun.pdf(959544);short.exe(314085)dictatorial.txt(1129154);c.pdf(622379);ministry.pdf(812103)distances.pdf(1534776)1929.txt(158860)masses.jpg(1287332);grand.exe(865494)any.jpg(1300115);her.zip(1107120);scene.jpg(85094),23877358,36,0.9999997777778271,0.0,0.15
OSS1463,2010-01-04,1,1,0,0,,32341,1,0.9999900000999989,0.0,0.15
OTB0008,2010-01-04,83,83,36,0,generated.exe(2358158);star.zip(622626);sung.pdf(1053760)otherwise.doc(1012721);experience.txt(2054176);stanislavski.pdf(1291892);glories.jpg(155462);stanislavski.exe(35726);actors.doc(1302340);change.exe(1526446);columns.jpg(1320803);described.txt(210691)moment.txt(252194);along.doc(2697123)government.pdf(576480)it.doc(759766)continually.pdf(704943)contract.zip(209434);robbed.txt(130644);re.doc(490234)etymology.jpg(753435)soil.pdf(1160621);extract.doc(1487094)strong.jpg(1529411);roman.zip(13670);tempted.doc(1517912)eleven.txt(21448)early.doc(612716);womans.jpg(1637049);april.txt(1222930)entry.pdf(1408653)clark.txt(943218);appropriate.doc(150657);returned.doc(747318)currently.txt(435742),34935784,63,0.9999998795180868,0.0,0.15
OTE0760,2010-01-04,12,12,0,0,rail.jpg(863293)february.doc(1324008)broken.zip(1326116);something.pdf(325618)contains.doc(882993),5140015,11,0.9999991666673611,0.0,0.15
OWC0518,2010-01-04,32,32,0,0,american.exe(634756);18.doc(669723)intensity.zip(466135)completed.exe(369805);down.txt(1576076);british.zip(1370352)were.txt(1230036);development.pdf(789850);delay.zip(285576)agreed.exe(226768)western.doc(1717629)1932.zip(337209);however.zip(1021279)square.jpg(1450718);been.doc(1840542),14915546,23,0.9999996875000976,0.0,0.15
OWS0279,2010-01-04,51,51,1,0,staff.zip(1498265);staff.jpg(1225084)staff.zip(1498265);staff.jpg(1225084)enemy.zip(204098);proponent.zip(597987);fifty.txt(739419)hints.doc(1252390);retain.zip(512163)b.pdf(857436);b.doc(2541);room.pdf(1375793),12405776,28,0.999999803921607,0.0,0.15
PAA0121,2010-01-04,14,14,0,0,even.jpg(2266940)lead.exe(179001);valued.exe(678511),3594776,8,0.9999992857147959,0.0,0.15
PAG0429,2010-01-04,8,8,0,0,church.doc(641453);matter.txt(249725);beside.txt(1120924)par.zip(753084);14.txt(687681),3730070,8,0.9999987500015626,0.0,0.15
PAH0819,2010-01-04,6,6,2,0,flames.jpg(856486);has.doc(378270)flames.jpg(856486);has.doc(378270),2667011,5,0.9999983333361112,0.0,0.15
PAM0867,2010-01-04,23,23,0,0,people.exe(1118708);people.doc(989188);public.jpg(1314457);minute.txt(47074)general.pdf(173749)at.zip(684950)observed.exe(1002590);previous.jpg(339951),6386146,15,0.9999995652175804,0.0,0.15
PAP1570,2010-01-04,6,6,0,0,cited.zip(1756915);image.jpg(587286)cited.zip(1756915);image.jpg(587286)satisfied.exe(906789);too.zip(2063761)man.zip(612471)231.doc(2524007);stepping.zip(374561);two.txt(479527),11784005,5,0.9999983333361112,0.0,0.15
PBC0077,2010-01-04,15,15,0,0,finest.exe(68947)fisher.exe(857941)segments.doc(450959);wickenheiser.zip(1095864);leading.exe(402282)restaurant.pdf(127323);government.jpg(277308);social.exe(1339570);horror.txt(68500)use.doc(1964720),7051907,13,0.9999993333337778,0.0,0.15
PBS0120,2010-01-04,16,16,0,0,had.pdf(1210990)asked.jpg(933792),2564061,11,0.9999993750003906,0.0,0.15
PCB0567,2010-01-04,15,15,0,0,slowed.jpg(1295746);campaign.jpg(449986);herself.exe(1316335)resourceful.doc(114589);73.pdf(1545372);light.exe(1357935)test.exe(127363);policy.jpg(790769)tattoos.txt(552945);new.exe(461672);13.exe(593906),9056568,15,0.9999993333337778,0.0,0.15
PCK0271,2010-01-04,22,22,6,0,continental.zip(458497);army.exe(1005686);valcour.doc(152934);smallpox.zip(1161157);relatively.txt(551361)journalists.exe(413776)lost.pdf(1934400);lost.txt(416925);48.jpg(69371)between.jpg(1485608)preparing.exe(928341),9243903,19,0.9999995454547521,0.0,0.15
PDB1766,2010-01-04,15,15,2,0,display.pdf(865802);not.jpg(1194396)exhibition.zip(917272)many.doc(1556877),5003450,15,0.9999993333337778,0.0,0.15
PDH1180,2010-01-04,38,38,4,0,well.doc(541732);winter.jpg(1182043)well.doc(541732);winter.jpg(1182043)abominably.zip(634943)ankh.doc(58473)rising.zip(411241)measuring.zip(1550340)measuring.zip(1550340)worldwide.doc(731359)worldwide.doc(731359)least.jpg(1205178);balloon.jpg(505066);college.pdf(1132324);width.pdf(183949)least.jpg(1205178);balloon.jpg(505066);college.pdf(1132324);width.pdf(183949)technology.zip(2498985)technology.zip(2498985)realised.zip(783376),22043401,24,0.9999997368421745,0.0,0.15
PEM0277,2010-01-04,56,56,0,0,valley.pdf(1059460)touches.txt(661334)touches.txt(661334)loose.jpg(1422493);w.doc(805197);figure.exe(1412096);figure1.exe(831757);equalled.exe(288692);salvaged.txt(859647);figure.jpg(111279);separate.zip(861582);tampa.exe(1045706)loose.jpg(1422493);w.doc(805197);figure.exe(1412096);figure1.exe(831757);equalled.exe(288692);salvaged.txt(859647);figure.jpg(111279);separate.zip(861582);tampa.exe(1045706)broken.zip(2046944)seclusion.txt(225336);thus.jpg(555249)broken.zip(2046944)seclusion.txt(225336);thus.jpg(555249)scholars.jpg(613511)scholars.jpg(613511)1990s.doc(1299436)1990s.doc(1299436)staff.zip(1498265);staff.jpg(1225084)jail.jpg(574570);runner.jpg(1929636)wild.exe(955553);jose.zip(443009);nashville.txt(275893)embarked.pdf(172897);19th.doc(150993)but.exe(1458702);stationed.txt(1210217);hampered.txt(822859);favorable.jpg(908206);empty.pdf(1008354)referenced.pdf(1781722);settler.txt(479165);government.exe(498277);1960.jpg(269867),44424577,29,0.9999998214286032,0.0,0.15
PFM1795,2010-01-04,3,3,0,0,intended.doc(63630);vicinity.exe(333296)intended.doc(63630);vicinity.exe(333296)different.doc(379163);cirrostratus.zip(2417212);less.zip(1016836),4674390,2,0.9999966666777778,0.0,0.15
PGY1112,2010-01-04,11,11,1,0,kundakunda.doc(627052),936050,10,0.9999990909099173,0.0,0.15
PHG1778,2010-01-04,26,26,0,0,greeted.exe(947041)note.exe(261497)note.exe(261497)around.exe(1110927);quarters.exe(984734);lightly.pdf(1593363);providence.jpg(603457)around.exe(1110927);quarters.exe(984734);lightly.pdf(1593363);providence.jpg(603457)making.jpg(928420);making.pdf(1779633);office.doc(1316194)making.jpg(928420);making.pdf(1779633);office.doc(1316194),18778406,14,0.9999996153847633,0.0,0.15
PHP0436,2010-01-04,20,20,3,0,narrowly.txt(82176)densities.zip(449339);significantly.zip(1342820);7.zip(495555);50000.pdf(2014568)compared.doc(1729585)supported.doc(798172),7493287,19,0.9999995000002501,0.0,0.15
PHY0730,2010-01-04,20,20,1,0,most.zip(841445);f.pdf(1119978)stands.txt(1744769)part.txt(64045);brown.zip(913627)maddox.pdf(29209)fact.zip(751045);league.jpg(563556),6590498,19,0.9999995000002501,0.0,0.15
PIE1712,2010-01-04,38,38,5,0,ensure.doc(780095);lived.txt(2458906);coincide.txt(196517)life.txt(62448)signed.jpg(40821)four.doc(151156);history.doc(1079863)wispy.exe(472219);cycle.jpg(11532);funnels.doc(1161086)cirriform.doc(865807)blue.txt(1144008)followed.pdf(455556);interstellar.txt(692991),10633177,35,0.9999997368421745,0.0,0.15
PIR1632,2010-01-04,10,10,0,0,travelling.pdf(87878);whereas.pdf(822964)harboured.pdf(2009257),3187261,10,0.9999990000010001,0.0,0.15
PJB0886,2010-01-02,3,3,0,3,located.txt(1160306);live.doc(642121),1902988,3,0.9999966666777778,0.0,0.15
PJB0886,2010-01-04,5,5,0,0,17.pdf(229094),404140,4,0.9999980000040001,0.0,0.15
PJC0254,2010-01-04,12,12,0,0,august.jpg(38553)tracking.txt(1497175);immediate.txt(459753),2378274,10,0.9999991666673611,0.0,0.15
PJC0370,2010-01-04,5,5,0,0,distraught.exe(288958)his.exe(2080911);researchers.txt(280129),2804393,5,0.9999980000040001,0.0,0.15
PKF1346,2010-01-04,32,32,12,0,autumn.doc(862282);took.doc(1196004);repeatedly.jpg(537792);generally.pdf(300941);an.exe(566130)393.txt(1507121)13.doc(1835701);army.doc(1931135);covered.jpg(857454);parliamentary.pdf(50720);next.doc(646408)still.exe(74596)purposes.txt(1259350)1982.doc(390349);house.exe(911438)tokyo.txt(1986562)moved.txt(1092960)have.pdf(2415856);germany.jpg(50596);held.txt(7361),19360655,25,0.9999996875000976,0.0,0.15
PKS0278,2010-01-04,25,25,0,0,modest.zip(1949518)alf.pdf(1847356);fired.jpg(1553703);fired.exe(24480)student.txt(35280);funeral.jpg(524580)non.doc(769732)referenced.pdf(1781722);settler.txt(479165);government.exe(498277);1960.jpg(269867),10429359,23,0.99999960000016,0.0,0.15
PKS1187,2010-01-04,17,17,1,0,300.doc(396399);drum.txt(518906);bulu.exe(1668566);addition.pdf(1043571);technically.pdf(1135099)industrial.exe(786397)secretary.exe(888430);1890s.doc(260584)st.pdf(830096);lovers.exe(802120);until.exe(1285241)washington.exe(1292487);professor.exe(1083668),12493145,17,0.9999994117650519,0.0,0.15
PLF1030,2010-01-04,4,4,0,0,consider.zip(288654);thoroughfare.txt(802292),1223207,4,0.9999975000062501,0.0,0.15
PLL1043,2010-01-04,5,5,0,0,,173335,4,0.9999980000040001,0.0,0.15
PLM1716,2010-01-04,39,39,8,0,passing.zip(2042431);suspended.exe(645883);niue.jpg(672918);contact.pdf(1086055)half.txt(177403);secure.pdf(1515829)quickly.doc(265688)sick.doc(968145);one.txt(1044901)original.zip(1612579);held.pdf(2098576);smashed.txt(46642)next.txt(104442)house.exe(1387090);pop.exe(979733)east.pdf(909447);ecuador.doc(233056);advice.txt(218702)1987.pdf(491444);tigers.txt(1035648);sigmund.zip(1709032),20627207,30,0.9999997435898093,0.0,0.15
PMB1928,2010-01-02,16,16,11,16,relative.pdf(849719)ten.exe(1428944);nukualofa.txt(359308);1.exe(1612821);northwest.jpg(749935)al.jpg(523170);open.doc(340478)role.pdf(767658);concept.txt(2756459);large.txt(318605);upset.doc(646086);be.exe(375800)upgraded.jpg(440831)originated.zip(351791),11938923,15,0.9999993750003906,0.0,0.15
PMB1928,2010-01-03,19,19,1,19,criticism.zip(766295)difficulties.zip(462762);promote.jpg(158531);rich.txt(1303660);methods.exe(243288);account.zip(1335219);none.zip(1350705);rich.zip(1305348);hey.txt(53520);meanwhile.pdf(2189536)those.txt(239442)fire.zip(348905)get.exe(187378),10492846,15,0.9999994736844876,0.0,0.15
PMB1928,2010-01-04,38,38,4,0,lasted.exe(1294803);ejection.zip(793798)833.zip(641235);heights.txt(359614)provide.exe(2072421)crimes.pdf(2197655)november.txt(913104)20.doc(310192)babies.txt(1544903)staff.jpg(799862)once.doc(417703);post.doc(1751042)occurred.zip(1301775),15440347,36,0.9999997368421745,0.0,0.15
PMC0815,2010-01-04,5,5,0,0,exercises.doc(585150)emigration.doc(1347484);less.doc(1560657);2000.jpg(1819616);wild.pdf(690449);arranged.exe(364042);commercially.txt(68386);resembles.doc(1020649),7607757,4,0.9999980000040001,0.0,0.15
PMC1560,2010-01-04,32,32,0,0,pressure.doc(183643)shall.exe(328585)still.doc(1425805);southern.pdf(1349083);retreating.zip(1906033)soon.jpg(520613)soon.jpg(520613)plains.jpg(671797)plains.jpg(671797)hopeless.exe(587033);area.exe(519008);set.exe(345965);taken.zip(1283415);costs.doc(792925)hopeless.exe(587033);area.exe(519008);set.exe(345965);taken.zip(1283415);costs.doc(792925)became.doc(1281782);gracious.txt(1080068);last.txt(232756)became.doc(1281782);gracious.txt(1080068);last.txt(232756)beyond.zip(75058),20858270,22,0.9999996875000976,0.0,0.15
PMM1117,2010-01-04,6,6,2,0,metropolitan.jpg(1141574);notions.pdf(1492223)snow.zip(1496478),4339115,6,0.9999983333361112,0.0,0.15
PNA1776,2010-01-04,34,34,1,0,body.exe(1328818);religion.doc(168427)put.txt(1426871);all.doc(135699);successful.doc(474325)put.txt(1426871);all.doc(135699);successful.doc(474325)begins.pdf(352419)complex.jpg(344918);footing.doc(699851)found.exe(1048774);mentor.doc(1885404)divisional.jpg(181618);their.jpg(1496866);recalls.pdf(16796);company.exe(84350);official.jpg(878785);divisional.pdf(1963097);stock.doc(892682)studio.pdf(344497);centre.doc(1185799);credited.doc(773676)noted.zip(316034);search.exe(63321);search.jpg(340682)noted.zip(316034);search.exe(63321);search.jpg(340682)new.doc(63652)new.doc(63652),20280302,24,0.9999997058824394,0.0,0.15
PPB1181,2010-01-04,23,23,2,0,well.doc(541732);winter.jpg(1182043)prince.txt(217501)abominably.zip(634943)prince.zip(770605)television.exe(865574);despite.pdf(227558)enhanced.pdf(833469);administration.pdf(1747931)highest.txt(673430)technology.zip(2498985)series.exe(846165);annals.exe(10862);in.jpg(356126);whom.doc(1278576)cornered.zip(2575117);critical.pdf(1509129),17499947,22,0.9999995652175804,0.0,0.15
PRD0922,2010-01-04,54,54,3,0,ahmose.exe(658241);ahmose.pdf(239440)its.exe(1193019)position.doc(706920);create.exe(427475)stands.pdf(406664)credit.pdf(1670792);containing.doc(505646)ahmose.jpg(1210198);prince.txt(474605);prince.exe(1615670);prince.pdf(401702);prince1.pdf(435780);prince2.exe(513983);ahmose.pdf(1247283);prince.jpg(566792)displayed.pdf(1549573)ahmose.jpg(1210198);prince.txt(474605);prince.exe(1615670);prince.pdf(401702);prince1.pdf(435780);prince2.exe(513983);ahmose.pdf(1247283);prince.jpg(566792)displayed.pdf(1549573)prince.jpg(253450)prince.jpg(253450)southern.doc(430832);tail.exe(975495);conditions.txt(1745236)southern.doc(430832);tail.exe(975495);conditions.txt(1745236)more.txt(1199558);club.zip(1279521);assistance.txt(689745);hesitation.doc(872720);carrying.doc(58387);ten.zip(926375);little.zip(1437625),36832933,34,0.999999814814849,0.0,0.15
PRF0257,2010-01-04,4,4,0,0,,133486,4,0.9999975000062501,0.0,0.15
PRG0336,2010-01-04,18,18,0,0,governor.zip(1425081);extensive.txt(135677)moved.txt(662140)potential.jpg(45913),2766794,17,0.9999994444447531,0.0,0.15
PRH0706,2010-01-04,20,20,0,0,smithsonian.jpg(600270)young.doc(178046);guns.zip(95169)collinwood.txt(923917);domed.pdf(1506727);talk.txt(947468),4816506,18,0.9999995000002501,0.0,0.15
PRL0585,2010-01-04,20,20,2,0,notion.doc(116584)nightfall.txt(957987)whimbrel.jpg(157135)dry.txt(124828);twin.txt(2201346);players.exe(52467)aimed.zip(1901108);carleton.doc(106413);drowned.zip(571744)breath.txt(1285917)between.jpg(1933671)event.exe(1445584);honour.pdf(1784010),13212682,19,0.9999995000002501,0.0,0.15
PRL0965,2010-01-04,22,22,4,0,further.doc(506699);introducing.pdf(1245910)his.exe(2080911);researchers.txt(280129)alf.pdf(1847356);fired.jpg(1553703);fired.exe(24480)oars.exe(997022)grow.zip(751391)examinations.pdf(219588),10177983,19,0.9999995454547521,0.0,0.15
PSC0426,2010-01-04,34,34,0,0,leading.doc(1124312);43.zip(1092717)slept.doc(94275);supposedly.txt(662703),4072319,27,0.9999997058824394,0.0,0.15
PSS0157,2010-01-04,3,3,1,0,,75007,3,0.9999966666777778,0.0,0.15
PSV1737,2010-01-02,6,6,0,6,,224726,3,0.9999983333361112,0.0,0.15
PSV1737,2010-01-04,12,12,0,0,1906.exe(1272140);1936.jpg(707917)1906.exe(1272140);1936.jpg(707917)temporary.txt(1797184)condition.pdf(782625);overhaul.pdf(1592285);quit.jpg(1329872);between.doc(564479);put.exe(849721);weapons.doc(498481)route.doc(1171564);nova.txt(1417762),14378857,10,0.9999991666673611,0.0,0.15
PTD0273,2010-01-04,42,42,5,0,campaigns.zip(965421);brown.zip(431568)governor.zip(1425081);extensive.txt(135677)apparent.jpg(242974);suit.jpg(594114)between.jpg(1732419)fined.zip(854933)preparing.exe(928341)prince.txt(513443);prince.doc(82383)immediate.pdf(24898);three.zip(107419)moderate.pdf(859137);rose.doc(1173622);cups.exe(965224);face.jpg(506998);rose.jpg(1771186);fanning.pdf(2234798);safety.zip(182141);rose1.jpg(150455);leaving.txt(1117806)hagglund.jpg(205134)threw.txt(430758)industrial.exe(786397)secretary.exe(888430);1890s.doc(260584)statistics.txt(1773135)st.pdf(830096);lovers.exe(802120);until.exe(1285241),25492937,35,0.9999997619048185,0.0,0.15
PTH0005,2010-01-04,43,43,12,0,newton.txt(782442)otherwise.doc(1012721);experience.txt(2054176);stanislavski.pdf(1291892);glories.jpg(155462);stanislavski.exe(35726);actors.doc(1302340);change.exe(1526446);columns.jpg(1320803);described.txt(210691)beginning.txt(648073)soil.pdf(1160621);extract.doc(1487094)1969.exe(191747)2007.doc(1064045);replaced.txt(1600979)attached.exe(665610)sought.exe(970055)examples.pdf(1044679);acts.exe(794066);through.pdf(87680);neighboring.jpg(950652);space.exe(630460);treasures.exe(259048);1980s.exe(952427);greeks.doc(246331);crashing.pdf(932805),24671347,31,0.9999997674419144,0.0,0.15
PTH1889,2010-01-04,29,29,1,0,enlistments.txt(1486781)1770s.zip(1326985)describes.doc(705995)describes.doc(705995)published.pdf(471753);presence.doc(111885);2011.zip(1462813)published.pdf(471753);presence.doc(111885);2011.zip(1462813)faced.txt(657589)addition.jpg(897449);village.pdf(585255)addition.jpg(897449);village.pdf(585255)hospital.jpg(1390276)hospital.jpg(1390276),15592326,18,0.9999996551725328,0.0,0.15
PTM1432,2010-01-04,10,10,1,0,second.pdf(675340);produced.pdf(1751813)canada.pdf(1585056);february.jpg(1372337)1898.jpg(140501),5798426,10,0.9999990000010001,0.0,0.15
PTV0067,2010-01-04,23,23,5,0,initially.doc(1181620);60.zip(602011);guided.doc(258279)destroyers.zip(32622)temporary.doc(422141);defiance.txt(1800993)natural.jpg(1425252);1986.zip(1277333)ten.txt(1161279);controlling.txt(1020076);speeds.exe(880117);endure.pdf(928148);solo.txt(245816);completely.txt(646933);it.doc(959511)although.exe(214469);met.doc(35912)moved.txt(1726237),15450853,20,0.9999995652175804,0.0,0.15
PWB1739,2010-01-04,11,11,0,0,association.pdf(1669480);when.jpg(1233024);daughter.jpg(1832498);half.doc(1086822)who.doc(62144);professor.exe(1580005);evidence.exe(993112);angry.pdf(1281633),10091324,7,0.9999990909099173,0.0,0.15
PWF0709,2010-01-04,16,16,0,0,settlement.exe(565171);canadian.exe(988293)prince.doc(1539213);prince.exe(43647);prince.jpg(229561),3870347,13,0.9999993750003906,0.0,0.15
PXS0749,2010-01-04,31,31,4,0,families.jpg(1614680);important.doc(967337)prince.jpg(1481296),4917821,28,0.9999996774194589,0.0,0.15
QAP0266,2010-01-04,14,14,6,0,orbit.doc(40737);apart.zip(826223)simple.zip(1376128);near.doc(128249);perform.exe(1078233)ankh.pdf(1243141);prince.jpg(515924);prince1.jpg(1685910)rate.pdf(866584);full.jpg(572832);send.zip(188136)conference.txt(608025),9581520,10,0.9999992857147959,0.0,0.15
QCM0672,2010-01-04,39,39,9,0,mission.doc(65772);quite.txt(1220788)for.doc(755464)and.exe(653732)rest.txt(631557);field.pdf(911941)rear.doc(1481267);an.zip(2067879);receipts.jpg(226293)chose.txt(1339679)problems.txt(1050910);september.zip(801758);prisoners.doc(1107968);fitted.exe(125074),13760127,28,0.9999997435898093,0.0,0.15
QCR0394,2010-01-02,28,28,2,28,project.doc(1239749);18.zip(2233070);brown.zip(313243)project.doc(1239749);18.zip(2233070);brown.zip(313243),8440518,14,0.9999996428572704,0.0,0.15
QCR0394,2010-01-04,41,41,0,0,memorial.jpg(499617);sir.exe(1224690)prince.pdf(938019)prince.pdf(938019)herself.pdf(397837)herself.pdf(397837)hardness.pdf(1193718)river.pdf(1722144);skilled.zip(892784)defect.txt(1082147);hung.txt(285117)space.exe(83339)space.exe(83339)offer.pdf(923815);no.doc(167145);strengths.exe(1332471);2004.txt(1048205);academys.zip(1711530);2004.zip(1512974);latter.doc(1590922)offer.pdf(923815);no.doc(167145);strengths.exe(1332471);2004.txt(1048205);academys.zip(1711530);2004.zip(1512974);latter.doc(1590922)sometimes.jpg(740599);given.doc(1056350),29274493,25,0.9999997560976204,0.0,0.15
QDB1765,2010-01-04,46,46,0,0,greeted.exe(947041)main.exe(621742);underwater.zip(177247)national.zip(459371);was.jpg(869220)eventually.txt(293783);shift.zip(1302130);there.pdf(462778);constant.exe(1453474)investigation.doc(1066177);mississippi.txt(681482);chase.pdf(744554);indiscriminate.exe(381297)degree.txt(40038)divisional.jpg(181618);their.jpg(1496866);recalls.pdf(16796);company.exe(84350);official.jpg(878785);divisional.pdf(1963097);stock.doc(892682)what.txt(1059132);later.txt(1993336);rich.zip(717986)being.doc(1301959)because.zip(1892162);closed.doc(270215)1994.zip(1592107);intensive.zip(428318);360.doc(500691)nationalists.pdf(721351);family.exe(1641838);john.zip(1268245)near.zip(677288)hours.txt(1386196);forcing.zip(588271),32503910,36,0.9999997826087429,0.0,0.15
QEL1515,2010-01-04,42,42,2,0,numerous.jpg(201519);king.jpg(1274303)once.doc(1201248);storm.exe(581593)once.doc(1201248);storm.exe(581593)round.txt(48256)round.txt(48256)warranted.exe(965588)warranted.exe(965588)superior.jpg(787257);elements.exe(1294028)superior.jpg(787257);elements.exe(1294028),12459622,26,0.9999997619048185,0.0,0.15
QGB0554,2010-01-02,9,9,0,9,16th.pdf(2040601);imposed.exe(1001553)mast.exe(158760)1974.pdf(2517883);would.doc(1993791);respectively.jpg(16031),7987956,8,0.9999988888901234,0.0,0.15
QGB0554,2010-01-04,29,29,7,0,opinion.exe(1421582);equal.doc(1832710)government.txt(1501846);scrap.doc(627221);following.zip(240638)grew.doc(185063)class.exe(248917);sebastin.exe(634185)remainder.jpg(1183397)folly.doc(381719)march.txt(310819)moved.txt(1168421)call.jpg(1701720);wales.jpg(42438);latter.exe(135330);gave.zip(566488)co.jpg(2016520),15201731,23,0.9999996551725328,0.0,0.15
QGC0435,2010-01-04,10,10,0,0,better.exe(113692);jump.pdf(668689);championship.exe(1330664);championship.doc(927285);rumours.pdf(100775);alan.jpg(1489416)equivalent.exe(664656),5556691,8,0.9999990000010001,0.0,0.15
QJF0725,2010-01-04,33,33,0,0,joined.jpg(1021784)joined.jpg(1021784)willing.exe(1242428)willing.exe(1242428)1770s.zip(1326985)1770s.zip(1326985)received.doc(1001509)received.doc(1001509)travels.exe(960201);travels1.exe(629011)travels.exe(960201);travels1.exe(629011),13370787,20,0.9999996969697887,0.0,0.15
QJH1605,2010-01-04,41,41,0,0,conference.doc(294347)previous.doc(1525223);16.txt(92408);its.zip(22019);length.txt(795517)relationship.txt(317913)currently.txt(1118801);arnison.txt(1251711);talbot.doc(1059291);self.zip(91120)determining.pdf(1111942)pitiful.zip(486117);encapsulates.txt(123813)however.txt(657417);end.zip(235559);holding.pdf(23048);feared.txt(750820);noon.doc(626392);not.txt(2394767);extending.txt(160905)chosen.zip(221155)again.doc(235011);as.exe(746909)635.txt(914506)early.txt(319258);army.pdf(477516);after.doc(974601);cossacks.pdf(792379);retain.pdf(366517)jamaica.jpg(1697246),21135800,33,0.9999997560976204,0.0,0.15
QJS1362,2010-01-04,7,7,0,0,two.zip(870664);websites.pdf(701202)two.zip(870664);websites.pdf(701202)if.pdf(505084);a.exe(2338165)decade.exe(79297);idea.txt(634011);described.pdf(968087),7911073,6,0.9999985714306123,0.0,0.15
QKB0562,2010-01-04,26,26,0,0,lawyers.jpg(918623);percentage.exe(504502)fourteen.exe(857334)d.doc(1382636);eight.txt(494485),4942815,17,0.9999996153847633,0.0,0.15
QKB1893,2010-01-04,1,1,0,0,,22038,1,0.9999900000999989,0.0,0.15
QNB1329,2010-01-04,48,48,10,0,howard.zip(187156);from.pdf(531506);6.doc(477617)sent.zip(782232);itself.txt(1096335)bring.txt(117833)kilometres.zip(1040343);local.zip(375670)where.doc(1177354);cars.zip(220952);disappeared.doc(347607)release.txt(317941)respected.txt(1100174);second.jpg(1506755);immediately.txt(2559632)investigation.doc(1066177);mississippi.txt(681482);chase.pdf(744554);indiscriminate.exe(381297)since.exe(1454911);fide.doc(1029797)gags.doc(771516);all.zip(497656)nationalists.pdf(721351);family.exe(1641838);john.zip(1268245)submitted.zip(172234);gun.jpg(1064164);protect.txt(1072478)aircraft.txt(1204525);country.exe(1313444),28383408,42,0.99999979166671,0.0,0.15
QRC1676,2010-01-04,5,5,0,0,intended.txt(1702314);feature.txt(1573249)be.pdf(1800586),5255690,5,0.9999980000040001,0.0,0.15
QRF0039,2010-01-04,26,26,4,0,neoclassicism.zip(291377)such.doc(61830);conversation.zip(1094907),2265528,21,0.9999996153847633,0.0,0.15
QSG1150,2010-01-04,18,18,1,0,saga.exe(1260521);arrival.exe(1262598)these.zip(259553)finish.zip(646607);always.doc(877792)perished.jpg(1366704)led.zip(899443);theropod.pdf(694744),7798582,14,0.9999994444447531,0.0,0.15
QSM1042,2010-01-04,2,2,0,0,,61642,2,0.9999950000249999,0.0,0.15
QSS1380,2010-01-04,1,1,0,0,band.exe(743334);heavily.jpg(1116908),1891789,1,0.9999900000999989,0.0,0.15
QWP1513,2010-01-04,46,46,3,0,further.pdf(33597)strong.jpg(505644);attained.jpg(622130)strong.jpg(505644);attained.jpg(622130)yet.zip(416809);since.jpg(140338);one.jpg(650676);uk.exe(981516);purchased.txt(1705758);banned.txt(905153)yet.zip(416809);since.jpg(140338);one.jpg(650676);uk.exe(981516);purchased.txt(1705758);banned.txt(905153)greatest.zip(908808)greatest.zip(908808)numerous.jpg(201519);king.jpg(1274303)numerous.jpg(201519);king.jpg(1274303)slayings.doc(588030)radiators.exe(1055188)slayings.doc(588030)radiators.exe(1055188)schager.jpg(529101);andrew.jpg(866256);aspect.doc(64337)schager.jpg(529101);andrew.jpg(866256);aspect.doc(64337)arabic.exe(1635183);rose.doc(229556);unusual.exe(510013);well.exe(435991)dead.jpg(504242),27664819,27,0.9999997826087429,0.0,0.15
QZH0367,2010-01-04,27,27,2,0,representative.exe(757091);voyaged.exe(350764);set.exe(425167);anything.txt(649138);week.pdf(675322);completely.jpg(1776379);antes.jpg(1313299)representative.exe(757091);voyaged.exe(350764);set.exe(425167);anything.txt(649138);week.pdf(675322);completely.jpg(1776379);antes.jpg(1313299)society.zip(1036107);reduced.zip(37280)mikhail.zip(817090)essential.txt(1756773)essential.txt(1756773)money.jpg(911842);leslie.jpg(744027)money.jpg(911842);leslie.jpg(744027),21397121,18,0.9999996296297669,0.0,0.15
RAA0263,2010-01-04,35,35,14,0,full.txt(153092);billion.jpg(704475);developer.doc(962654)disaster.exe(1029517);repairs.doc(989469);assisted.exe(22010)mission.doc(65772);quite.txt(1220788)on.jpg(1460245)afternoon.pdf(1477158)roughly.txt(877927)franchise.doc(585291)1780.zip(1201919)rear.doc(1481267);an.zip(2067879);receipts.jpg(226293)1780.txt(994528),16532584,31,0.9999997142857958,0.0,0.15
RAB0251,2010-01-04,23,23,0,0,71.exe(52491);milky.jpg(1323689)might.zip(1419918)a.pdf(1124395);has.txt(398196);than.jpg(944868);they.zip(906558)curtis.pdf(572485),7495453,18,0.9999995652175804,0.0,0.15
RAB1453,2010-01-04,32,32,10,0,has.txt(211421);congress.doc(802273)searching.exe(504582)place.jpg(831174)video.zip(658171);figure.txt(250130);hits.exe(1158066)television.txt(562095);forced.jpg(1116878)decision.txt(355544)leaves.pdf(1436415)commemorated.exe(1003312);be.exe(650057);commemorated.doc(1077223);separate.doc(312313);attendance.pdf(130922);to.jpg(1551431);community.exe(1367726);cycle.txt(282902);anna.jpg(121256)application.zip(527379);though.jpg(1775794),17685073,25,0.9999996875000976,0.0,0.15
RAH0052,2010-01-04,49,49,0,0,be.jpg(1380076);asks.txt(527716)reason.txt(1347385)it.zip(878652);north.doc(639874);running.doc(1046333);stop.exe(978043);killed.zip(1481113);space.zip(784082);january.zip(1140854);1949.doc(617951);it.doc(1098029)destruction.zip(547439)1969.exe(191747)against.txt(312231)design.txt(377389)external.exe(37795)affected.exe(1040251);although.txt(1025859)alerted.pdf(1585510)oussouye.txt(1899887);reluctant.exe(804530);only.jpg(1701893)six.jpg(568258);excluding.exe(829461);opportunity.exe(690316);regulating.zip(924461);opportunity.txt(2075427)recalling.pdf(212743)not.jpg(848555)individuals.pdf(469282)despite.zip(465389);voters.doc(34367)waltham.pdf(1752312),31839143,45,0.9999997959184089,0.0,0.15
RAH0609,2010-01-04,5,5,2,0,main.doc(1448712);two.exe(1503218)ocean.zip(138872);an.pdf(135820);air.zip(533275),3910019,5,0.9999980000040001,0.0,0.15
RAR0875,2010-01-04,11,11,0,0,located.txt(1160306);live.doc(642121)17.pdf(229094)made.pdf(585402)hostile.doc(97246);february.pdf(1639259);mastery.exe(678658)new.exe(525926)spoof.doc(1371720);told.jpg(816748),8120862,8,0.9999990909099173,0.0,0.15
RAS0197,2010-01-04,27,27,0,0,quick.doc(1146699)ss.pdf(2133776)december.txt(622088)wild.exe(955553);jose.zip(443009);nashville.txt(275893)copies.exe(374393),6774284,22,0.9999996296297669,0.0,0.15
RAS1982,2010-01-04,17,17,0,0,discrimination.jpg(103884)already.jpg(1162766);specific.txt(663800)changes.exe(829794);put.doc(606678)irons.jpg(1001004);solo.jpg(148665);result.pdf(41763)receptions.exe(395096)misses.jpg(1394696),6902725,16,0.9999994117650519,0.0,0.15
RAT0514,2010-01-04,20,20,0,0,seen.txt(159570)arrival.doc(1465065)though.pdf(428254)honorable.doc(112187),2742296,18,0.9999995000002501,0.0,0.15
RAV0088,2010-01-04,21,21,0,0,calculate.jpg(1066347)compete.doc(830142)honorable.doc(112187)interrupted.jpg(2175689);bostons.pdf(486630)first.pdf(643620);el.zip(298798);bending.jpg(868974),7045776,17,0.9999995238097505,0.0,0.15
RBA1723,2010-01-04,35,35,4,0,15.exe(158398);panama.pdf(1072070)cinematic.zip(287541)reported.jpg(1684040);farmers.zip(116957);border.exe(1021524);known.exe(901422),6313604,30,0.9999997142857958,0.0,0.15
RBC1624,2010-01-04,34,34,0,0,inches.exe(1433578)final.doc(298936);1979.zip(1986874);low.doc(958296);off.jpg(1448865);02.exe(778904);pet.doc(832153);subject.pdf(523106);although.zip(560815)near.txt(1554779)idea.jpg(415470)detected.zip(444418);researchers.txt(660424)near.txt(1554779)idea.jpg(415470)detected.zip(444418);researchers.txt(660424)sector.pdf(235620);since.jpg(1099219)sector.pdf(235620);since.jpg(1099219)variety.zip(1186195);variety.txt(1431889);confusion.exe(653351)republican.pdf(432604)pitiful.zip(486117);encapsulates.txt(123813)break.doc(1197474)trials.zip(1867081)real.txt(128347);19th.exe(1832865);incubator.jpg(1297509)city.txt(2227947);set.pdf(905268);prior.jpg(885290)city.txt(2227947);set.pdf(905268);prior.jpg(885290)during.doc(1220691);constructed.jpg(250973),38740192,25,0.9999997058824394,0.0,0.15
RBD0122,2010-01-04,14,14,0,0,losing.jpg(145004);may.pdf(1419325);levels.exe(721486),2711795,13,0.9999992857147959,0.0,0.15
RBD1304,2010-01-04,12,12,0,0,remnant.zip(1357725);having.txt(354612)formerly.txt(374137);often.txt(440624);plans.zip(1337755)formerly.txt(374137);often.txt(440624);plans.zip(1337755)out.pdf(1450713)out.pdf(1450713),9249368,9,0.9999991666673611,0.0,0.15
RBH0661,2010-01-04,3,3,0,0,determined.zip(1099372);processes.doc(791852),1949225,3,0.9999966666777778,0.0,0.15
RBN1906,2010-01-04,4,4,0,0,,150837,4,0.9999975000062501,0.0,0.15
RCD0299,2010-01-02,14,14,0,14,former.pdf(494717)close.txt(221627);away.zip(1056085);eyes.jpg(1036855),3216142,12,0.9999992857147959,0.0,0.15
RCD0299,2010-01-03,14,14,0,14,example.pdf(3476383)training.pdf(1023178),4884978,14,0.9999992857147959,0.0,0.15
RCD0299,2010-01-04,36,36,0,0,joined.jpg(1021784)prince.doc(480866)vessels.exe(1114691);appeared.exe(630007)maddox.pdf(29209)installed.pdf(1172286)trout.pdf(1845852);better.pdf(1086238)for.exe(899729);great.zip(561721);third.pdf(1314619)fact.zip(751045);league.jpg(563556),12764960,32,0.9999997222222993,0.0,0.15
RCG0584,2010-01-04,43,43,3,0,sea.jpg(1884672)applied.pdf(1682652);pompey.exe(1021088);investing.zip(1992929);similar.txt(13579);striking.jpg(610074);nubila.exe(1488850);many.txt(607767)culminated.zip(257827)prince.txt(788575)smoke.exe(388088);27.jpg(598789)science.zip(1058627)19.txt(1611501);191.txt(1223481);imperial.jpg(749410)competing.jpg(1271376)competing.jpg(1271376)total.txt(782833)total.txt(782833)skenesborough.doc(366643)skenesborough.doc(366643)25.exe(1264875);unfavourable.exe(430577);360.txt(962149)series.pdf(1085664);any.jpg(1507529)25.exe(1264875);unfavourable.exe(430577);360.txt(962149),30057763,29,0.9999997674419144,0.0,0.15
RCH1216,2010-01-04,27,27,0,0,unfair.doc(1229326)si.txt(348307);kind.zip(1040956)lived.zip(606477)compared.txt(392479);october.txt(493482);composer.pdf(266216);work.exe(1418176);woman.exe(1022886);composer.jpg(268733);overall.jpg(1524723);release.pdf(1219898)mens.exe(1321497);and.pdf(1077694);aggressively.exe(377347);seed.exe(264132),13672032,24,0.9999996296297669,0.0,0.15
RCL1864,2010-01-04,11,11,3,0,485.txt(382299);mobile.exe(129823)unique.doc(2338140);german.txt(1013284)an.zip(245710)an.zip(245710)stroke.pdf(359175),5100893,8,0.9999990909099173,0.0,0.15
RCW1932,2010-01-04,42,42,7,0,great.jpg(42277);control.txt(1364664);george.txt(1042110)southwest.exe(273455)9.exe(424555)lost.txt(1698176);northeast.jpg(275773)relieved.exe(771870);secretly.zip(1455544);1893.txt(126578);period.exe(73214);1893.doc(795004)beat.txt(1407004),11006144,36,0.9999997619048185,0.0,0.15
RDB0546,2010-01-04,26,26,8,0,begins.zip(779465)convincing.jpg(112461);ten.jpg(433188);thousands.pdf(740509)amount.txt(1182508)inflicted.exe(107765);james.zip(178032)subject.jpg(364695)left.doc(493482)itself.txt(376972)mis.txt(824869);lore.txt(1692229);sorcerers.exe(2042594)1365.exe(21399),10136160,25,0.9999996153847633,0.0,0.15
RDC0128,2010-01-02,19,19,4,19,alternative.zip(959019)alternative.zip(959019)sea.jpg(1884672)sea.jpg(1884672)show.doc(1705231);nevertheless.zip(394106);three.exe(1504700)show.doc(1705231);nevertheless.zip(394106);three.exe(1504700)womens.txt(763032),14195390,10,0.9999994736844876,0.0,0.15
RDC0128,2010-01-03,18,18,0,18,basic.txt(849852);central.zip(1350368)basic.txt(849852);central.zip(1350368)notion.doc(116584)notion.doc(116584)connected.pdf(1448077);exists.zip(333208);attempting.txt(1100936)connected.pdf(1448077);exists.zip(333208);attempting.txt(1100936)french.pdf(703038)french.pdf(703038),12208414,9,0.9999994444447531,0.0,0.15
RDC0128,2010-01-04,28,28,4,0,an.jpg(1384386)an.jpg(1384386)parts.doc(989076);intensification.jpg(1414834);but.pdf(224512)parts.doc(989076);intensification.jpg(1414834);but.pdf(224512)aimed.zip(1901108);carleton.doc(106413);drowned.zip(571744)minimal.pdf(343686);1937.jpg(522771),12250274,16,0.9999996428572704,0.0,0.15
RDM0489,2010-01-04,17,17,0,0,final.doc(298936);1979.zip(1986874);low.doc(958296);off.jpg(1448865);02.exe(778904);pet.doc(832153);subject.pdf(523106);although.zip(560815)abandoned.zip(396086)towards.doc(1189648);long.jpg(1144732)received.zip(286784);swapping.jpg(1387926)320.txt(9099);obituary.zip(448655)restaurant.pdf(127323);government.jpg(277308);social.exe(1339570);horror.txt(68500)previous.jpg(114868),14727959,14,0.9999994117650519,0.0,0.15
RDP1751,2010-01-04,10,10,0,0,camping.txt(1645111)fell.jpg(382391);body.jpg(1019149)present.txt(408118);death.pdf(698186)directly.txt(417930),4920876,10,0.9999990000010001,0.0,0.15
RDS1398,2010-01-04,30,30,3,0,upset.exe(590539)atil.pdf(1320420);defeated.doc(972359);jim.doc(275198);defined.doc(855907);even.pdf(1666145);were.txt(1208094);blood.jpg(176045)simply.doc(1490068);different.pdf(162230)120000.pdf(1403658)classification.txt(859189)1935.exe(587825),12418526,27,0.9999996666667778,0.0,0.15
RDT0361,2010-01-04,12,12,5,0,publicity.doc(1648625)sentenced.txt(942129);this.txt(755523)much.zip(963757);efforts.txt(1621698);demoted.pdf(326253);nothing.pdf(771445),7315716,11,0.9999991666673611,0.0,0.15
RDW1710,2010-01-04,45,45,5,0,passing.zip(2042431);suspended.exe(645883);niue.jpg(672918);contact.pdf(1086055)cinematic.zip(287541)catwoman.zip(1282325)reported.jpg(1684040);farmers.zip(116957);border.exe(1021524);known.exe(901422)blue.txt(1144008)site.doc(1298574)society.exe(559175)walking.zip(1261495);modified.exe(1781978),17105904,34,0.9999997777778271,0.0,0.15
REF1924,2010-01-04,49,49,8,0,perennial.doc(268861)justice.zip(1483968)partnership.pdf(2052653);then.doc(296447);numbers.exe(654465)four.zip(2531662);three.jpg(1899613);best.doc(364034)woodland.exe(292436);pleasant.exe(1058968)week.zip(267660);duration.jpg(1090337);most.jpg(670468)find.exe(888910);avoid.txt(1467413)super.pdf(1096255)59.pdf(338264)then.jpg(745141);experiences.zip(784922);153781.jpg(984252)bloody.jpg(984961);ran.jpg(1159300);heard.pdf(294359);ceased.pdf(1901139)beat.txt(1407004)technical.jpg(856296);never.pdf(1072481);going.doc(14211);political.doc(37216),28402917,42,0.9999997959184089,0.0,0.15
REL0910,2010-01-04,24,24,0,0,conditions.jpg(650775)became.exe(613511)1967.doc(1166662)nebula.pdf(686842);up.txt(693239);allow.jpg(1849526),6424884,21,0.9999995833335069,0.0,0.15
REL1335,2010-01-04,131,131,35,0,mid.exe(1854124)along.jpg(1600732)months.zip(2465090);pierce.exe(517067);consistently.doc(1569987)new.exe(400274);some.jpg(452520);exchange.txt(598129)brett.jpg(535131)move.txt(193564);december.jpg(301916);ignored.zip(930755);resume.jpg(322167)4.zip(345798);3500.exe(406662);truthful.jpg(1382694)50000.txt(1297038);viewed.jpg(1476217);billboard.zip(1002735);film.txt(970666);music.zip(1020340)post.doc(783307)the.doc(1236359);conservation.zip(2032841)assessed.exe(745758);153.doc(719913)any.exe(1639969)strong.jpg(505644);attained.jpg(622130)law.exe(818484)yet.zip(416809);since.jpg(140338);one.jpg(650676);uk.exe(981516);purchased.txt(1705758);banned.txt(905153)greatest.zip(908808)numerous.jpg(201519);king.jpg(1274303)slayings.doc(588030)radiators.exe(1055188)schager.jpg(529101);andrew.jpg(866256);aspect.doc(64337)job.doc(323222);go.txt(1382543)elements.jpg(964109)acclaimed.jpg(599719);holiday.exe(344411);johnson.zip(216646)acclaimed.zip(103334);hills.jpg(681738);1930.pdf(1169689)force.jpg(164601);flight.txt(1354683)arabic.exe(1635183);rose.doc(229556);unusual.exe(510013);well.exe(435991)together.doc(188931)english.jpg(1549198)capital.pdf(1185218)river.txt(533414)minimal.pdf(343686);1937.jpg(522771),57454255,104,0.9999999236641279,0.0,0.15
REM1733,2010-01-04,27,27,2,0,ibn.exe(947008);purpose.pdf(1069916);purpose.txt(1539291)often.doc(1998376)begun.zip(1793477);batplane.jpg(651006);1930.txt(98322)railway.txt(561159)four.doc(151156);history.doc(1079863)eighteenth.doc(1741877);local.txt(561340)simply.pdf(672101)understand.zip(425563)push.doc(601109)supporting.doc(175152);1926.zip(292874)1942.doc(1085210);starring.jpg(1865314);games.zip(703252),18781064,22,0.9999996296297669,0.0,0.15
RFC1991,2010-01-04,13,13,0,0,montreal.exe(2009378)escorts.doc(575428);machine.zip(1041842)numbers.pdf(1583225);no.pdf(1802636),7344943,11,0.9999992307698226,0.0,0.15
RFP1918,2010-01-02,2,2,2,2,,57432,1,0.9999950000249999,0.0,0.15
RFP1918,2010-01-03,3,3,0,3,,119938,2,0.9999966666777778,0.0,0.15
RFP1918,2010-01-04,3,3,0,0,,74125,3,0.9999966666777778,0.0,0.15
RFS0513,2010-01-04,37,37,0,0,former.doc(251541)traveled.doc(1006155);truth.pdf(981107);analysis.pdf(857872)former.doc(251541)traveled.doc(1006155);truth.pdf(981107);analysis.pdf(857872)east.zip(793555);and.txt(1406216);either.jpg(1333574);maker.exe(1359401);grade.doc(438764),12640815,25,0.9999997297298027,0.0,0.15
RGA1622,2010-01-04,21,21,0,0,together.jpg(513723)however.txt(657417);end.zip(235559);holding.pdf(23048);feared.txt(750820);noon.doc(626392);not.txt(2394767);extending.txt(160905)break.doc(1197474)base.txt(1091998)york.txt(390593)rush.txt(565579);resigned.zip(1084597);or.zip(1217914);presumptive.doc(1698968);drafting.doc(393493);carved.zip(1651038);persuading.txt(1944195);resigned.doc(1433282);upon.zip(2357776),21097097,20,0.9999995238097505,0.0,0.15
RHB1193,2010-01-04,27,27,7,0,exceeded.txt(914196);forced.zip(1406199);entrance.doc(905084)church.doc(641453);matter.txt(249725);beside.txt(1120924)businessman.zip(1296120);opening.pdf(1562730)act.pdf(709679);angry.txt(1532422);22.pdf(86855);irrelevant.zip(1590287),12803775,23,0.9999996296297669,0.0,0.15
RHD1155,2010-01-04,24,24,2,0,what.pdf(411605)sank.jpg(810274)have.exe(1477195)direction.zip(190202);ultimately.zip(507572)sokolnitz.doc(149989)market.zip(956223),5194551,21,0.9999995833335069,0.0,0.15
RHG0882,2010-01-04,18,18,0,0,processes.pdf(152905);tage.jpg(445379)cleared.pdf(1405652)cleared.pdf(1405652)church.doc(641453);matter.txt(249725);beside.txt(1120924)church.doc(641453);matter.txt(249725);beside.txt(1120924)observed.jpg(1243437);significant.exe(1033495)evidence.txt(1288674)less.txt(266055);using.exe(367140);metres.jpg(324260),12437309,13,0.9999994444447531,0.0,0.15
RHM0775,2010-01-04,47,47,8,0,happened.doc(1842156)happened.doc(1842156)especially.txt(1727655);january.txt(1768475)especially.txt(1727655);january.txt(1768475)recording.jpg(1750635)recording.jpg(1750635)axis.jpg(945374);dwarf.jpg(897874)9.zip(217101)tend.exe(1573288)brought.exe(39346)namesake.pdf(784323);struggled.exe(442927)effectively.doc(2574558);then.pdf(1719752),24679363,31,0.9999997872340878,0.0,0.15
RIK0629,2010-01-04,7,7,1,0,70.zip(799471);cable.zip(426509),1426581,6,0.9999985714306123,0.0,0.15
RIP1368,2010-01-04,3,3,0,0,stone.jpg(789180);ideological.txt(1065046),1958168,3,0.9999966666777778,0.0,0.15
RIS1254,2010-01-04,5,5,0,0,ridden.pdf(1663705);turns.zip(1005651);disc.zip(1341633)political.exe(219029);citizen.doc(737010),5084356,5,0.9999980000040001,0.0,0.15
RJC0381,2010-01-04,3,3,0,0,,88073,3,0.9999966666777778,0.0,0.15
RJD1533,2010-01-04,7,7,1,0,radio.pdf(1515648);low.doc(1328576)following.txt(1560633)petawawa.exe(1520545),6133429,7,0.9999985714306123,0.0,0.15
RJG0511,2010-01-04,16,16,0,0,dropped.doc(1849901),2313547,13,0.9999993750003906,0.0,0.15
RJM0409,2010-01-04,32,32,2,0,then.doc(1753118)solely.exe(776001)proved.pdf(1448349);p.pdf(778869)mothers.exe(142952);designed.pdf(2696873)relocation.jpg(1197972)wounded.jpg(680246)intensive.jpg(1326891)according.pdf(718329);machine.jpg(527556);released.pdf(1759242)conversation.doc(5951)navys.zip(1993887);width.txt(694120),17475686,25,0.9999996875000976,0.0,0.15
RJM0634,2010-01-04,20,20,0,0,opening.exe(1397847)wild.exe(955553);jose.zip(443009);nashville.txt(275893)november.exe(1073684)paul.doc(369238);tv.jpg(728966),5822294,18,0.9999995000002501,0.0,0.15
RJS1979,2010-01-04,11,11,0,0,specific.txt(226576);paper.exe(812793)discrimination.jpg(103884)undiminished.zip(155800);golden.txt(1826211);wide.exe(1418615),4888289,11,0.9999990909099173,0.0,0.15
RJW0348,2010-01-04,34,34,0,0,professional.exe(756014)around.txt(714928)imperial.doc(2038979)affirmative.txt(1280661);decide.exe(1760323)months.zip(1242042)months.zip(1242042)impressed.zip(907565);billion.txt(481700);distortion.zip(762330)impressed.zip(907565);billion.txt(481700);distortion.zip(762330),14211334,19,0.9999997058824394,0.0,0.15
RJW1406,2010-01-04,51,51,0,0,with.pdf(87351);horizon.exe(2030757);contributed.pdf(1022902)became.jpg(1409429)population.exe(202916)musical.exe(1131560)alone.zip(2164353)alone.zip(2164353)total.txt(116479)than.doc(574929);given.txt(895804)than.doc(574929);given.txt(895804)cave.zip(720403);fighting.pdf(549836);act.doc(903805)work.doc(2187036);armed.doc(1148963)case.jpg(728951),20983811,33,0.999999803921607,0.0,0.15
RKC0355,2010-01-04,12,12,1,0,master.zip(527906);teaching.txt(1241200),2182411,11,0.9999991666673611,0.0,0.15
RKF0080,2010-01-04,24,24,0,0,critical.txt(1981460);1935.exe(263759);more.exe(709037)is.pdf(769159);belatedly.zip(571105)away.zip(153576);technical.exe(256158)minor.txt(65741);des.pdf(1696740);series.txt(990349)relief.jpg(1448633)frontier.pdf(1262139)sources.doc(907421);merely.exe(1194239),12928095,21,0.9999995833335069,0.0,0.15
RKF1268,2010-01-04,4,4,0,0,,102779,4,0.9999975000062501,0.0,0.15
RKG0607,2010-01-04,5,5,1,0,keith.doc(959261);cougars.zip(1281293),2390219,5,0.9999980000040001,0.0,0.15
RKM0478,2010-01-04,19,19,3,0,down.txt(348515);national.exe(840359);around.pdf(611837);failing.pdf(524243);1934.exe(1189106);plot.exe(443764);earlier.exe(165821)natural.jpg(1425252);1986.zip(1277333)1777.jpg(399291);possible.doc(288241);main.jpg(1039753);closed.pdf(100358)accepting.exe(211428);termed.txt(409799);look.pdf(717309);rubber.zip(475229)pause.txt(131499),11169413,16,0.9999994736844876,0.0,0.15
RKW1936,2010-01-04,43,43,11,0,indeed.doc(353494)those.txt(239442)woodland.exe(292436);pleasant.exe(1058968)lost.txt(1698176);northeast.jpg(275773)fortress.doc(539208);account.exe(1599475);kind.exe(308359);imperial.exe(238704)protocols.doc(895919);eighth.jpg(1140945);caused.zip(555356);tried.zip(1553334)particularly.zip(190343)staff.jpg(799862),13041942,38,0.9999997674419144,0.0,0.15
RLF0472,2010-01-04,40,40,0,0,fieldturf.zip(492635)losing.jpg(145004);may.pdf(1419325);levels.exe(721486)fought.zip(1001412);second.exe(945332)100.zip(528506);little.txt(793801);action.jpg(1378188);south.doc(380285);ballads.jpg(154235);marks.pdf(1069023)burned.exe(2084262)appearance.jpg(119774);west.pdf(827106);became.txt(139943);near.zip(1197485)decision.doc(1657);there.zip(974615)further.txt(299365)southern.exe(1470659);hospital.jpg(1572949);catholic.pdf(1426792)acquired.exe(502790)how.exe(2193474)27.jpg(632565);sir.pdf(1027163);grenades.doc(267127);shore.exe(577641),25528505,31,0.9999997500000625,0.0,0.15
RLM1578,2010-01-04,10,10,1,0,removal.exe(509751);2.zip(2536668)concluded.zip(1281569);usurping.exe(1654475)concluded.zip(1281569);usurping.exe(1654475)few.zip(1020215);appearance.zip(801055);philosophical.zip(1020703)investigation.doc(1066177);mississippi.txt(681482);chase.pdf(744554);indiscriminate.exe(381297)satisfied.exe(906789);too.zip(2063761),17874829,8,0.9999990000010001,0.0,0.15
RLP0666,2010-01-04,22,22,0,0,governed.zip(616252);captain.txt(865842);at.txt(1440000)prolonged.doc(528170)component.txt(605333)reservoirs.pdf(173373);reservoirs.zip(1739471)historically.exe(414358);easter.exe(1446717)week.jpg(1203787);party.doc(1008013);first.doc(1379196);first.txt(883757)raising.pdf(791884);raising.txt(401821),14123067,19,0.9999995454547521,0.0,0.15
RMB1821,2010-01-04,40,40,0,0,hours.doc(87926);keller.jpg(301638);selectors.exe(934250);help.txt(718733)prince.zip(1323895)scientist.zip(917811)rise.jpg(1080267);september.exe(390632)gangs.doc(237226);term.doc(667086)according.pdf(1848341);cross.exe(997529)number.pdf(537859),11350343,33,0.9999997500000625,0.0,0.15
RMH0906,2010-01-04,16,16,2,0,robert.pdf(725582);suddenly.pdf(865995);hence.jpg(207917);crew.jpg(1227345);oriented.jpg(355385);addition.zip(1782686);oath.exe(1127334);commercial.pdf(834016);waiting.exe(853171)different.exe(1669593);promoted.txt(706702),10779357,13,0.9999993750003906,0.0,0.15
RMK1771,2010-01-04,116,116,42,0,difficulties.zip(462762);promote.jpg(158531);rich.txt(1303660);methods.exe(243288);account.zip(1335219);none.zip(1350705);rich.zip(1305348);hey.txt(53520);meanwhile.pdf(2189536)those.txt(239442)fire.zip(348905)get.exe(187378)problems.txt(684496)distant.txt(946912)originated.zip(351791)upgraded.jpg(440831)role.pdf(767658);concept.txt(2756459);large.txt(318605);upset.doc(646086);be.exe(375800)al.jpg(523170);open.doc(340478)ten.exe(1428944);nukualofa.txt(359308);1.exe(1612821);northwest.jpg(749935)relative.pdf(849719)important.pdf(595298);forum.pdf(1272205)stated.pdf(1595200);intends.txt(315247)week.zip(267660);duration.jpg(1090337);most.jpg(670468)60.doc(364623)circumhorizontal.exe(405100);cirrus.pdf(1667796)whom.doc(495325);took.txt(1932462)significantly.zip(716883);matthau.exe(1015106)young.doc(1331547)crimes.pdf(2197655)1968.zip(326086);21.jpg(2082326)bureaucracy.pdf(125961)weeks.jpg(1395145)actually.pdf(328256);section.exe(1443423)profitably.jpg(330232)unpopular.pdf(431586)wreck.doc(1857545)per.zip(899215);facsimile.jpg(10720)59.pdf(338264)particularly.zip(190343)staff.jpg(799862)once.doc(417703);post.doc(1751042)occurred.zip(1301775),55703223,93,0.9999999137931108,0.0,0.15
RMN1226,2010-01-04,27,27,4,0,advisories.jpg(69448)fabrication.jpg(1051776);why.jpg(1683586)mixture.jpg(1214850)mixture.jpg(1214850)cave.zip(720403);fighting.pdf(549836);act.doc(903805),8227426,22,0.9999996296297669,0.0,0.15
RMP0754,2010-01-04,18,18,3,0,other.jpg(997743)figure.doc(19080);fixed.zip(846852);eventually.txt(873976);9.pdf(107769)removed.zip(99652);meet.exe(826108);eventually.jpg(1525598)stands.pdf(406664)consisting.txt(1355184);26.txt(1893373),9491545,17,0.9999994444447531,0.0,0.15
RMT0496,2010-01-04,44,44,0,0,training.pdf(1023178)can.jpg(1133261)20.zip(302934)98.exe(817055);abusive.jpg(1768270);production.zip(1101523)98.exe(817055);abusive.jpg(1768270);production.zip(1101523)achievement.zip(1101364)achievement.zip(1101364)such.pdf(974868);introduced.pdf(137643);had.doc(911358);living.pdf(1855822);country.jpg(198067);companions.jpg(1160238);it.pdf(1038728);be.zip(1932534)such.pdf(974868);introduced.pdf(137643);had.doc(911358);living.pdf(1855822);country.jpg(198067);companions.jpg(1160238);it.pdf(1038728);be.zip(1932534),29951584,30,0.9999997727273243,0.0,0.15
RMV1820,2010-01-04,51,51,0,0,eight.zip(91356)characteristic.pdf(62536)time.txt(62626);broda.pdf(341267);opening.txt(387883)keep.doc(1099736)commercial.zip(1007483);commercial.exe(985986);run.zip(864291)separate.pdf(907075);chemical.zip(1071401);altogether.exe(1838406);closest.pdf(843359);rites.doc(426523);daniels.pdf(1651471)hesitant.txt(357459);end.jpg(819884);played.zip(1369095);contradicts.pdf(1116391)shown.pdf(386919);look.txt(769613);incapable.zip(1419930)gangs.doc(237226);term.doc(667086)used.jpg(653764)attacked.jpg(1852127);throwing.exe(1787715);baltic.jpg(252352)dim.pdf(1428120)aid.zip(2364016)editor.pdf(867172)court.txt(970893);james.pdf(1069365);one.pdf(23961);liquidated.pdf(1132534)subject.txt(194910)boy.exe(1635325);origins.jpg(838942)main.exe(378560);completely.doc(58296),35940208,43,0.999999803921607,0.0,0.15
RNB1685,2010-01-04,4,4,0,0,local.doc(984273);mixed.zip(713253);perception.exe(950567);phrase.exe(1330760)ephraim.txt(1361202);weapons.txt(1835698),7282413,4,0.9999975000062501,0.0,0.15
RNC1295,2010-01-04,59,59,0,0,trying.doc(332810);unconventional.exe(454911);powters.pdf(683038)emphasised.exe(953087);reality.jpg(1388071)mountains.txt(124304)losing.txt(1179303)zealand.txt(1922238)without.exe(876238)divisional.jpg(181618);their.jpg(1496866);recalls.pdf(16796);company.exe(84350);official.jpg(878785);divisional.pdf(1963097);stock.doc(892682)congress.zip(719912);february.zip(2132785);found.doc(1136167)congress.zip(719912);february.zip(2132785);found.doc(1136167)sit.pdf(1097154)policies.jpg(242270)employed.pdf(455249)age.txt(518563)time.doc(815288)rain.exe(531050);washington.pdf(753797)employed.pdf(455249)age.txt(518563)time.doc(815288)rain.exe(531050);washington.pdf(753797)however.doc(587322);named.txt(930665);build.jpg(767943),32998491,33,0.9999998305085033,0.0,0.15
ROA0482,2010-01-04,21,21,0,0,extremely.pdf(717473)natural.jpg(1425252);1986.zip(1277333)accepting.exe(211428);termed.txt(409799);look.pdf(717309);rubber.zip(475229)too.jpg(867924);these.pdf(270825),6983931,20,0.9999995238097505,0.0,0.15
ROB0477,2010-01-04,33,33,4,0,destroyers.zip(32622)did.doc(1256198);poetry.txt(475060)gave.exe(1127624);came.txt(904097)look.exe(1943695)look.exe(1943695)expands.jpg(61341)expands.jpg(61341)1777.jpg(399291);possible.doc(288241);main.jpg(1039753);closed.pdf(100358)1777.jpg(399291);possible.doc(288241);main.jpg(1039753);closed.pdf(100358)pause.txt(131499)lights.jpg(1009322)although.exe(214469);met.doc(35912),13875997,22,0.9999996969697887,0.0,0.15
RPJ1159,2010-01-04,36,36,3,0,heart.doc(491802);flags.exe(2082380);newspaper.exe(900302);48.exe(1840955);submit.pdf(735162);seconds.zip(1154730);denial.txt(518233);needless.pdf(1608393)like.txt(663994);1947.pdf(676470);common.doc(962986)space.exe(83339)catastrophic.doc(203012)catastrophic.doc(203012)based.exe(398767)based.exe(398767)collinwood.txt(923917);domed.pdf(1506727);talk.txt(947468)virtually.jpg(1540657)virtually.jpg(1540657),20382579,21,0.9999997222222993,0.0,0.15
RPM0125,2010-01-04,7,7,0,0,april.pdf(93547);provincial.doc(762809);biting.zip(643177)test.exe(127363);policy.jpg(790769),2580915,7,0.9999985714306123,0.0,0.15
RQB0884,2010-01-04,9,9,0,0,numerous.jpg(433432)north.jpg(1297437);per.txt(846301);commercial.doc(597849)policy.jpg(103205)equivalent.exe(664656)register.doc(760543);debates.zip(231462),5236456,9,0.9999988888901234,0.0,0.15
RRC0891,2010-01-04,34,34,0,0,william.doc(172549)style.txt(1168552)properties.jpg(668008)rehearsals.zip(755911);northern.txt(936105);non.jpg(584344)wildlife.jpg(215265);materials.pdf(1405205)dr.jpg(1188038);period.pdf(835175)game.txt(760834)140.pdf(47654)rift.pdf(35171)inch.exe(699117),10562063,30,0.9999997058824394,0.0,0.15
RRG1253,2010-01-04,4,4,1,0,,116627,4,0.9999975000062501,0.0,0.15
RRS0056,2010-01-04,25,25,0,0,declared.pdf(885774);railroads.doc(545980)alerted.pdf(1585510)not.jpg(848555)sharpened.doc(560449)despite.zip(465389);voters.doc(34367)plants.doc(528311)had.txt(752893)votes.txt(1460433),8437180,22,0.99999960000016,0.0,0.15
RSB1054,2010-01-04,3,3,0,0,,81655,3,0.9999966666777778,0.0,0.15
RSH0836,2010-01-04,7,7,0,0,twenty.jpg(1206958)however.zip(573705);222.exe(520051),2448615,7,0.9999985714306123,0.0,0.15
RSM1133,2010-01-04,26,26,11,0,had.zip(186942)rebounded.jpg(417858)came.jpg(708815)acquire.doc(17794)offers.doc(454111)around.doc(1521214);pals.zip(1210837)third.jpg(1122778);part.doc(1342806)drivers.doc(22132),7811401,25,0.9999996153847633,0.0,0.15
RSM1426,2010-01-04,13,13,0,0,chocolate.zip(1949544);united.jpg(211620)who.doc(1361685);behind.exe(1186285),5116115,13,0.9999992307698226,0.0,0.15
RSS1825,2010-01-04,36,36,0,0,time.txt(62626);broda.pdf(341267);opening.txt(387883)convince.exe(980083)court.txt(970893);james.pdf(1069365);one.pdf(23961);liquidated.pdf(1132534)circumventing.exe(377572)25.doc(1660720)major.exe(909199)vale.zip(115178)number.pdf(537859)1930.zip(1005482)subject.txt(194910)would.doc(558886);g4tv.jpg(557417);versa.jpg(2066055),14116905,31,0.9999997222222993,0.0,0.15
RTB0140,2010-01-04,20,20,0,0,vacancy.pdf(731696),1365825,18,0.9999995000002501,0.0,0.15
RTH0564,2010-01-04,19,19,0,0,lawyers.jpg(918623);percentage.exe(504502)high.zip(906900)convince.exe(980083),3899376,16,0.9999994736844876,0.0,0.15
RUM0165,2010-01-04,32,32,0,0,burning.exe(618411)delegates.jpg(224108);poor.zip(1289432);suspend.doc(90517)bursting.jpg(1065354)rather.exe(170600)liberal.zip(832261)stock.exe(1251172),6491774,28,0.9999996875000976,0.0,0.15
RVJ0046,2010-01-04,21,21,0,0,continued.doc(203950)leisure.zip(631100)out.zip(1427795),2906062,20,0.9999995238097505,0.0,0.15
RWJ1403,2010-01-04,31,31,0,0,wind.pdf(74607)concluded.doc(1674014)concern.zip(1305226)sank.jpg(984588)coast.zip(1120323);outfitted.exe(756153)required.txt(899307)quickly.doc(1941121);day.pdf(1592724);edward.exe(1424929)massively.txt(1178292);arrival.jpg(1357090);site.doc(1746484);time.pdf(1067874);disease.pdf(87424);rock.jpg(739353);strongholds.pdf(231431);defended.pdf(750293)mid.zip(16695);northern.doc(1860752)sneaked.doc(1433142),23185012,29,0.9999996774194589,0.0,0.15
RWP1153,2010-01-04,23,23,0,0,underpin.exe(322874);rule.pdf(1255688)100.jpg(729602);can.pdf(1154137)prefers.txt(1439402);disperser.zip(1213653);clutch.txt(1751455)once.jpg(567026);contemplation.jpg(532236)145.zip(645981)married.doc(1175164);sent.txt(2239404),13702327,20,0.9999995652175804,0.0,0.15
RWR0991,2010-01-04,16,16,0,0,15.doc(374875);filling.jpg(225795)alleged.zip(1002419),2006047,13,0.9999993750003906,0.0,0.15
RXH1139,2010-01-04,42,42,0,0,saga.exe(1260521);arrival.exe(1262598)100.jpg(729602);can.pdf(1154137)later.jpg(160639);rendering.exe(531219)this.pdf(589199)april.zip(1503171);been.zip(953795);been.jpg(1079428);r.txt(286451);square.txt(1615306);april.doc(1246969);way.jpg(13341);photo.pdf(1140443);way.doc(471287)finish.zip(646607);always.doc(877792)finish.zip(646607);always.doc(877792)145.zip(645981)145.zip(645981)n.exe(672693)n.exe(672693)classification.txt(859189)married.doc(1175164);sent.txt(2239404),25053041,31,0.9999997619048185,0.0,0.15
RYG0413,2010-01-04,27,27,0,0,distant.txt(946912)heroes.txt(871449);faked.doc(752594)stock.txt(427582)per.jpg(936543);issues.exe(996172)job.doc(323222);go.txt(1382543)used.exe(683026)1968.zip(326086);21.jpg(2082326),10481395,26,0.9999996296297669,0.0,0.15
RYP0839,2010-01-04,5,5,0,0,responded.pdf(298112)however.zip(573705);222.exe(520051)however.zip(573705);222.exe(520051),2606192,4,0.9999980000040001,0.0,0.15
RZB0358,2010-01-04,53,53,6,0,robert.pdf(725582);suddenly.pdf(865995);hence.jpg(207917);crew.jpg(1227345);oriented.jpg(355385);addition.zip(1782686);oath.exe(1127334);commercial.pdf(834016);waiting.exe(853171)distraught.exe(288958)master.zip(527906);teaching.txt(1241200)course.pdf(2028075);23.exe(243817)connect.pdf(354995)mate.txt(633464)been.pdf(909466)eventually.pdf(857572);announced.jpg(374816);pregnant.zip(916999);december.zip(806437)how.pdf(578798)bauer.exe(1713638);spending.txt(513658)none.pdf(285386)atlantic.zip(79411);1940.doc(2252614);reviewed.zip(58707)lived.doc(1142146);setting.pdf(1661264)primary.txt(211478);reaches.jpg(141560)fired.doc(770136)product.exe(206670);great.exe(882079);and.doc(328659);about.pdf(1289543),30978088,39,0.9999998113207903,0.0,0.15
SAA0374,2010-01-04,9,9,0,0,again.jpg(637992);regardless.exe(64351)whereas.doc(462894);precede.jpg(674643);interstellar.zip(74294)speculative.jpg(625592);following.exe(1195595)should.txt(909339),4911405,9,0.9999988888901234,0.0,0.15
SAF1261,2010-01-04,8,8,2,0,switzerland.doc(103424);overweight.exe(395443),777717,6,0.9999987500015626,0.0,0.15
SAF1942,2010-01-04,59,59,6,0,those.txt(239442)resolution.jpg(797087);200.exe(457793);sub.doc(178990);veils.doc(653851);emissions.zip(2349658);sub.exe(47176);down.pdf(1010979)resolution.jpg(797087);200.exe(457793);sub.doc(178990);veils.doc(653851);emissions.zip(2349658);sub.exe(47176);down.pdf(1010979)regarding.zip(1360073)attention.exe(764743)set.exe(471884)set.exe(471884)circumhorizontal.exe(405100);cirrus.pdf(1667796)circumhorizontal.exe(405100);cirrus.pdf(1667796)incoming.doc(1311195);lowered.doc(1706869);shadows.zip(1112486)incoming.doc(1311195);lowered.doc(1706869);shadows.zip(1112486)frequently.doc(513772)frequently.doc(513772)34.pdf(1219139);david.doc(1027109)britains.jpg(407973);1902.jpg(1020593)britains.jpg(407973);1902.jpg(1020593)points.zip(529728);fashion.pdf(2013774);republican.pdf(732511),37896207,36,0.9999998305085033,0.0,0.15
SAH0833,2010-01-04,4,4,0,0,units.jpg(79264);was.pdf(176277),393580,4,0.9999975000062501,0.0,0.15
SAM0628,2010-01-04,6,6,0,0,19th.doc(765754);l.zip(1019353)19th.doc(765754);l.zip(1019353)holmenkollbakken.zip(217949);her.doc(1626635)dignitaries.exe(784278);represented.zip(418945),6767619,5,0.9999983333361112,0.0,0.15
SAM0911,2010-01-04,18,18,0,0,prince.pdf(1145904);ankh.doc(643558);prince.txt(329957)1844.pdf(603806);turn.doc(719082)non.zip(156346)his.doc(1137177)opposed.doc(1522388),6881425,16,0.9999994444447531,0.0,0.15
SAW1961,2010-01-04,13,13,0,0,already.jpg(1162766);specific.txt(663800)joseph.exe(1855106);grants.txt(1454989)changes.exe(829794);put.doc(606678)process.txt(456270);fourth.txt(397103)nineties.doc(141677);uk.pdf(862202),8927128,10,0.9999992307698226,0.0,0.15
SBL1161,2010-01-04,13,13,3,0,german.jpg(627548);253.zip(868867),1850426,10,0.9999992307698226,0.0,0.15
SBN1279,2010-01-04,41,41,1,0,irish.zip(1060885)to.doc(1135542)memoirs.exe(408343);horse.zip(2210972)corroboration.txt(1598231)defense.zip(524126)lost.jpg(1681522);figure.exe(682105);until.doc(1107246);force.exe(213431);if.exe(208003);past.doc(1161054);whole.exe(1069583)case.exe(1590636)however.doc(587322);named.txt(930665);build.jpg(767943)conference.txt(608025)toward.exe(567203);larger.doc(733216),20000192,32,0.9999997560976204,0.0,0.15
SBP1176,2010-01-04,22,22,1,0,kill.txt(359452);whose.zip(2532202);20.pdf(686799)technology.zip(2498985)prince.doc(785212)prince.pdf(1495119)consequently.doc(535562),9532278,21,0.9999995454547521,0.0,0.15
SCB0187,2010-01-04,31,31,3,0,secretly.doc(2680737);10.pdf(1005053)august.pdf(793137);suggested.zip(1134997);construction.jpg(731608)comedy.zip(910675);are.zip(1044736)step.exe(1212513)step.exe(1212513)upset.pdf(932948);surviving.jpg(104180);around.zip(1117308)upset.pdf(932948);surviving.jpg(104180);around.zip(1117308),16015241,18,0.9999996774194589,0.0,0.15
SCC0379,2010-01-04,7,7,0,0,,265811,6,0.9999985714306123,0.0,0.15
SCC1470,2010-01-04,1,1,0,0,,34177,1,0.9999900000999989,0.0,0.15
SCF0430,2010-01-04,5,5,0,0,equivalent.exe(664656)dubbed.zip(1432779),2260580,5,0.9999980000040001,0.0,0.15
SCH0670,2010-01-04,20,20,0,0,united.zip(592410);knight.jpg(648660)then.zip(930373);moment.jpg(959271)announced.pdf(2255380)while.jpg(1239799);plains.exe(123143)accessible.doc(1487805);souls.exe(933069)distinguish.doc(770197)popular.doc(598609);or.jpg(1056533),12220203,17,0.9999995000002501,0.0,0.15
SCI0778,2010-01-04,17,17,1,0,shaped.txt(789413)live.exe(956055);bought.jpg(469741);praised.zip(421024);those.txt(579085)hometown.txt(1159007)problem.doc(57784)standing.zip(884980)b.pdf(857436);b.doc(2541);room.pdf(1375793),8010092,16,0.9999994117650519,0.0,0.15
SCO1719,2010-01-04,33,33,6,0,regular.pdf(683105);accompanying.jpg(993339)cinematic.zip(287541)1030.doc(828496)half.txt(177403);secure.pdf(1515829)railway.txt(561159)aside.doc(878471);greatly.txt(481258)filewilliam.exe(1324213)became.txt(244249)golden.jpg(177964)century.exe(790943);demand.jpg(2055833)boundaries.exe(1242427),13300774,27,0.9999996969697887,0.0,0.15
SCW1456,2010-01-04,26,26,4,0,early.jpg(267290)bush.zip(955513)be.doc(816088),2814572,21,0.9999996153847633,0.0,0.15
SDF0318,2010-01-04,32,32,0,0,arabic.exe(1635183);rose.doc(229556);unusual.exe(510013);well.exe(435991)whose.zip(1484211);graduated.exe(434453);8.doc(1859027)office.doc(153616)office.doc(153616)secretary.exe(1200752)hints.doc(1252390);retain.zip(512163)secretary.exe(1200752)along.doc(338362);died.jpg(921385);austria.doc(767351)hints.doc(1252390);retain.zip(512163)along.doc(338362);died.jpg(921385);austria.doc(767351),17991708,21,0.9999996875000976,0.0,0.15
SDH1854,2010-01-04,14,14,1,0,keeping.exe(1306450)crown.doc(1498087);department.doc(37773)six.doc(483714);strength.zip(579329),4349120,12,0.9999992857147959,0.0,0.15
SDL0541,2010-01-04,25,25,7,0,god.doc(1811486);god1.doc(56376);feast.exe(1017945)variety.doc(89031)convincing.jpg(112461);ten.jpg(433188);thousands.pdf(740509)contact.pdf(1743040)caught.pdf(506813)inflicted.exe(107765);james.zip(178032)mis.txt(824869);lore.txt(1692229);sorcerers.exe(2042594)1365.exe(21399)kilbourn.doc(1072642)came.doc(134972);particularly.txt(1265629),14612985,23,0.99999960000016,0.0,0.15
SDR0388,2010-01-04,11,11,0,0,southeastern.exe(385701)internet.zip(719603)panels.txt(921527),2368773,8,0.9999990909099173,0.0,0.15
SDT0600,2010-01-04,8,8,2,0,main.doc(1448712);two.exe(1503218)importance.exe(124494)decade.exe(79297);idea.txt(634011);described.pdf(968087)langley.txt(696676),5688065,8,0.9999987500015626,0.0,0.15
SDW1781,2010-01-04,20,20,0,0,main.exe(621742);underwater.zip(177247)note.exe(261497)begins.pdf(352419)complex.jpg(344918);footing.doc(699851)affairs.pdf(1970463);europe.zip(1270768),6257701,18,0.9999995000002501,0.0,0.15
SEC0985,2010-01-04,26,26,4,0,states.jpg(236072)associated.jpg(2705180)per.txt(1554506)basement.txt(48114);nagasaki.zip(1240028)when.zip(2164602)1883.txt(1694962);he.exe(1443616);he.doc(1230353);he.txt(1395567);himself.txt(340370),14852869,21,0.9999996153847633,0.0,0.15
SEL1062,2010-01-02,15,15,0,15,any.txt(2447416),2921689,15,0.9999993333337778,0.0,0.15
SEL1062,2010-01-03,15,15,0,15,apart.zip(227719)half.zip(1341244)election.exe(1456061),3428965,14,0.9999993333337778,0.0,0.15
SEL1062,2010-01-04,43,43,0,0,table.txt(657178);contemporary.jpg(472870);incorporation.zip(607195);factor.txt(1430121);gain.exe(8950);annual.txt(281427);gulf.exe(193808);battle.txt(811671)families.pdf(671839)renewed.txt(1026270)discharges.zip(405108)shape.jpg(1234470);black.pdf(327001);shape.zip(652009)settings.jpg(832858);reporting.doc(668265)july.zip(1274371);misl.txt(139391)elevation.zip(925416)gumilev.exe(1066559);childhood.pdf(518483)dutch.doc(567290);pieces.txt(77874);youngster.doc(1740412);elements.jpg(1808163);vikings.exe(1618532);bedford.doc(452104)immediate.zip(771764);positive.zip(1090294);alongside.exe(2383939);international.pdf(1299925);alongside.jpg(1492684);europeans.doc(1276507);number.jpg(310827);positive.exe(47878);alongside1.exe(113376),30511650,37,0.9999997674419144,0.0,0.15
SEO0946,2010-01-04,23,23,0,0,mixed.exe(208924);outer.txt(783181)prince.jpg(1693245)suggestion.txt(658591);en.jpg(1438205)741.doc(688483)9.jpg(1385666);memorial.pdf(1182117);very.jpg(434780),9112485,21,0.9999995652175804,0.0,0.15
SFA1912,2010-01-03,1,1,0,1,,42878,1,0.9999900000999989,0.0,0.15
SFA1912,2010-01-04,3,3,0,0,,65657,3,0.9999966666777778,0.0,0.15
SFG1360,2010-01-04,6,6,1,0,no.jpg(1036791);until.jpg(1326922);cirrocumulus.zip(74332)commercial.zip(1007483);commercial.exe(985986);run.zip(864291)two.zip(870664);websites.pdf(701202),7055785,6,0.9999983333361112,0.0,0.15
SFJ0856,2010-01-02,14,14,2,14,it.txt(849402)heroes.txt(871449);faked.doc(752594),2836996,13,0.9999992857147959,0.0,0.15
SFJ0856,2010-01-03,15,15,0,15,intensity.exe(112928)99.pdf(306267),858109,14,0.9999993333337778,0.0,0.15
SFJ0856,2010-01-04,21,21,0,0,havent.doc(1063035);into.zip(1060469)used.exe(683026)from.zip(929013);overall.exe(1591402),5986029,16,0.9999995238097505,0.0,0.15
SFS1109,2010-01-04,11,11,3,0,soul.pdf(264111);philosophy.doc(582486);saptibhag.exe(264173)history.exe(1138835);loud.jpg(766690),3335096,11,0.9999990909099173,0.0,0.15
SGB0428,2010-01-04,8,8,0,0,chaos.txt(332528)fell.jpg(382391);body.jpg(1019149)early.txt(1543250);listing.txt(1053615)equivalent.exe(664656)ascent.jpg(751660);eight.zip(1859806);26.pdf(254559),8156450,7,0.9999987500015626,0.0,0.15
SGH0834,2010-01-04,4,4,0,0,sail.pdf(1785620);struck.doc(1429112),3333787,4,0.9999975000062501,0.0,0.15
SGN0146,2010-01-04,7,7,0,0,part.txt(64045);brown.zip(913627)ocean.zip(138872);an.pdf(135820);air.zip(533275)control.jpg(365113),2390677,7,0.9999985714306123,0.0,0.15
SHC1499,2010-01-04,30,30,4,0,move.txt(193564);december.jpg(301916);ignored.zip(930755);resume.jpg(322167)infinite.doc(1048680)historical.zip(696987);maymun.txt(604252);returned.pdf(241377)acclaimed.zip(103334);hills.jpg(681738);1930.pdf(1169689)round.txt(48256)recovery.doc(1357208);accolades.exe(961730)musical.exe(1275200)program.zip(316099)most.exe(542050);their.pdf(813164),12488207,28,0.9999996666667778,0.0,0.15
SIG0640,2010-01-04,37,37,0,0,presence.exe(609668);recalled.doc(640614);made.doc(1301560);hell.pdf(1297519);subject.zip(892196)leads.jpg(53704)general.exe(1359703)copies.exe(374393)gathering.txt(230009);central.txt(471896);several.exe(1292850),9618464,31,0.9999997297298027,0.0,0.15
SIH0801,2010-01-04,16,16,4,0,arrival.doc(1465065)student.txt(35280);funeral.jpg(524580),2494908,15,0.9999993750003906,0.0,0.15
SIS0042,2010-01-04,35,35,0,0,had.jpg(1003472)eyes.txt(1699699)introduced.jpg(1002074);catch.exe(761048)marine.pdf(739400);colors.jpg(194760)27.pdf(467219)findings.jpg(1685879)prince.doc(1539213);prince.exe(43647);prince.jpg(229561)similar.zip(249219)leucistic.jpg(1904535);where.pdf(277805),12795845,26,0.9999997142857958,0.0,0.15
SIV1287,2010-01-04,43,43,1,0,spoon.txt(1486715)retreat.doc(1461041);briefly.zip(728617)ammunition.exe(1785026);led.exe(519148)ammunition.exe(1785026);led.exe(519148)recaptured.jpg(1182777);sent.doc(161058);ultimatum.exe(792032);hur.pdf(43296);bemoaned.zip(1327191);combined.pdf(919915)recaptured.jpg(1182777);sent.doc(161058);ultimatum.exe(792032);hur.pdf(43296);bemoaned.zip(1327191);combined.pdf(919915)realisation.jpg(781034)realisation.jpg(781034)decision.jpg(693160)king.zip(686201)wants.jpg(1057271);york.txt(527148);charity.jpg(461387)wants.jpg(1057271);york.txt(527148);charity.jpg(461387)decided.doc(100720);creates.pdf(545745)decided.doc(100720);creates.pdf(545745)broke.txt(1376265)broke.txt(1376265),29546224,25,0.9999997674419144,0.0,0.15
SJA0635,2010-01-04,18,18,0,0,subsequently.exe(1578838);pushkin.doc(1760684);would.txt(652709)advance.txt(793214);official.doc(417122);new.zip(679620)sol.jpg(1000525);again.zip(14407)engine.exe(33830);votes.pdf(1659504);will.doc(920585)created.zip(764363);tail.doc(192366);gave.exe(6299),10983299,14,0.9999994444447531,0.0,0.15
SJC0232,2010-01-04,73,73,10,0,lorenzo.pdf(2766938);option.jpg(1305805);southern.doc(1294491);chose.doc(538262);cannons.zip(190389);successfully.pdf(894932);hagglund.doc(287949);line.zip(494343)looked.txt(1044258)prince.txt(513443);prince.doc(82383)densities.zip(449339);significantly.zip(1342820);7.zip(495555);50000.pdf(2014568)since.exe(547688)supported.doc(798172)man.exe(1171152);delivered.pdf(715891)1930.zip(1005482)realize.pdf(1911276);under.doc(1305372)retreated.txt(1202270)plants.doc(528311),25179469,62,0.9999998630137173,0.0,0.15
SJC1563,2010-01-04,25,25,2,0,across.txt(402709);low.zip(587782);incorporated.jpg(803589)stroke.pdf(359175)already.doc(94202);difficult.txt(626014),3622891,25,0.99999960000016,0.0,0.15
SJD1957,2010-01-04,20,20,0,0,governed.zip(616252);captain.txt(865842);at.txt(1440000)1969.jpg(151365);bring.jpg(757798);low.txt(1289438)associated.jpg(2705180)continuing.txt(1163706)made.pdf(369219),10004388,15,0.9999995000002501,0.0,0.15
SJG0228,2010-01-02,18,18,0,18,valuable.exe(109997);catholic.doc(760313);staff.pdf(674992)valuable.exe(109997);catholic.doc(760313);staff.pdf(674992)famer.jpg(74976)famer.jpg(74976)prone.jpg(214220)prone.jpg(214220)army.jpg(1698369);depends.doc(337114);honored.txt(959834);were.doc(420782);depends.pdf(858526);army.pdf(1201144)army.jpg(1698369);depends.doc(337114);honored.txt(959834);were.doc(420782);depends.pdf(858526);army.pdf(1201144),15243704,8,0.9999994444447531,0.0,0.15
SJG0228,2010-01-04,47,47,7,0,118.exe(975747);official.jpg(247965);spent.exe(1166072)crisis.pdf(1120875);perhaps.jpg(1106813)ok.exe(556344);lot.txt(594258)without.exe(943460)attention.doc(932470)71.exe(52491);milky.jpg(1323689)71.exe(52491);milky.jpg(1323689)noted.doc(22673);january.jpg(1607436)all.exe(271932)moved.exe(954612)moved.exe(954612)numbers.doc(737318)occasions.doc(224812)frentzen.exe(674890);an.zip(338939)james.jpg(791052);jack.doc(141462);polish.pdf(2059786);land.exe(1420456);props.txt(325446);2009.jpg(9459);more.doc(1027863)james.jpg(791052);jack.doc(141462);polish.pdf(2059786);land.exe(1420456);props.txt(325446);2009.jpg(9459);more.doc(1027863)all.zip(32328)all.zip(32328),29220881,30,0.9999997872340878,0.0,0.15
SJG1417,2010-01-04,17,17,0,0,is.jpg(136577);owners.exe(1336634)peaking.pdf(1044590)like.pdf(118891);landed.zip(1703931)cue.zip(1190094);sonic.jpg(550521);convinced.pdf(890812);grudges.exe(1483900)rank.zip(17485);given.jpg(205043),9102904,15,0.9999994117650519,0.0,0.15
SJP1023,2010-01-04,23,23,0,0,tanager.doc(623712);largely.doc(2323736)tanager.doc(623712);largely.doc(2323736),6509020,14,0.9999995652175804,0.0,0.15
SKB1024,2010-01-04,14,14,0,0,united.jpg(1911281)been.jpg(1578050);praise.zip(1351781)segundo.jpg(697237);too.jpg(1097754),6995297,14,0.9999992857147959,0.0,0.15
SKB1962,2010-01-04,19,19,0,0,governed.zip(616252);captain.txt(865842);at.txt(1440000)had.jpg(1003472)settlement.exe(565171);canadian.exe(988293)minor.doc(1677253);300.exe(1646529)similar.zip(249219),9582380,16,0.9999994736844876,0.0,0.15
SKC0074,2010-01-02,31,31,4,31,similar.doc(1200664);capable.jpg(63685)similar.doc(1200664);capable.jpg(63685)3.txt(595918)3.txt(595918)initially.doc(1181620);60.zip(602011);guided.doc(258279)meat.txt(843285)pistol.exe(2040553);consciousness.jpg(376970)pistol.exe(2040553);consciousness.jpg(376970),12442357,15,0.9999996774194589,0.0,0.15
SKC0074,2010-01-04,44,44,0,0,depression.txt(1448774);depression1.txt(906609)comes.zip(1730579)destruction.zip(547439)animal.jpg(17492)bone.jpg(1001146);only.txt(1542276);kind.jpg(395706)grew.jpg(1811028);stokes.zip(477028)match.txt(1820771)part.txt(1172637)grew.jpg(1811028);stokes.zip(477028)match.txt(1820771)part.txt(1172637)ocean.exe(1188132);threat.jpg(74552)ocean.exe(1188132);threat.jpg(74552)local.exe(673125)local.exe(673125),23388748,24,0.9999997727273243,0.0,0.15
SKE1251,2010-01-04,2,2,0,0,,66278,2,0.9999950000249999,0.0,0.15
SKF0786,2010-01-04,19,19,0,0,future.jpg(1862001)going.doc(626621)intensively.pdf(185570)new.doc(308633)canadian.zip(1060237),4627501,18,0.9999994736844876,0.0,0.15
SKF1892,2010-01-03,19,19,1,19,began.jpg(183328)began.jpg(183328)escape.pdf(936876);besieging.pdf(109291)6000.exe(439781)escape.pdf(936876);besieging.pdf(109291)6000.exe(439781),3805527,10,0.9999994736844876,0.0,0.15
SKF1892,2010-01-04,29,29,0,0,freeze.doc(720743)excellent.jpg(566376);convinced.pdf(136175)excellent.jpg(566376);convinced.pdf(136175)lost.jpg(122096)lost.jpg(122096)absence.pdf(1559501);enlistments.doc(843330)absence.pdf(1559501);enlistments.doc(843330)control.jpg(500442)reclaimed.exe(696928)control.jpg(500442)reclaimed.exe(696928)through.txt(544524),10993369,19,0.9999996551725328,0.0,0.15
SKH1910,2010-01-04,5,5,0,0,further.pdf(688167);directly.pdf(969051);becoming.zip(310757)further.pdf(688167);directly.pdf(969051);becoming.zip(310757)roster.pdf(1277788),5354106,4,0.9999980000040001,0.0,0.15
SKL0325,2010-01-04,15,15,0,0,show.doc(1042601)alone.doc(1223338);middle.exe(396493)prince.txt(914312);prince1.txt(1252060);prince.doc(1699453);prince.jpg(1492320);prince2.doc(893751),9318173,15,0.9999993333337778,0.0,0.15
SKN1688,2010-01-04,5,5,0,0,acting.exe(1334210)leading.txt(1082047)expensive.jpg(795046);heavy.jpg(949923),4314234,5,0.9999980000040001,0.0,0.15
SKV0041,2010-01-04,47,47,0,0,professional.exe(756014)radio.doc(730140)radio.doc(730140)regional.exe(989904)regional.exe(989904)existing.txt(575666);world.zip(45482)existing.txt(575666);world.zip(45482)appear.doc(588588)appear.doc(588588)depressions.txt(1744274);gape.exe(352789);width.txt(963745)unchallenged.doc(665033);hannibal.txt(1293436)wider.exe(386005);lasts.zip(760904);features.exe(768049)wider.exe(386005);lasts.zip(760904);features.exe(768049)yellow.pdf(149882)yellow.pdf(149882),17106927,33,0.9999997872340878,0.0,0.15
SKW0066,2010-01-02,22,22,0,22,news.zip(808845)news.zip(808845)aground.doc(386410);1966.zip(483278)aground.doc(386410);1966.zip(483278)lists.exe(354975)lists.exe(354975)members.doc(2262770)members.doc(2262770)initially.doc(1181620);60.zip(602011);guided.doc(258279)initially.doc(1181620);60.zip(602011);guided.doc(258279),13501974,11,0.9999995454547521,0.0,0.15
SKW0066,2010-01-03,22,22,0,22,1.txt(698179);pennsylvania.zip(1145386);primary.pdf(996326);received.exe(728396);foggy.exe(1003973)1.txt(698179);pennsylvania.zip(1145386);primary.pdf(996326);received.exe(728396);foggy.exe(1003973)another.txt(698836)like.jpg(101455)down.txt(348515);national.exe(840359);around.pdf(611837);failing.pdf(524243);1934.exe(1189106);plot.exe(443764);earlier.exe(165821)another.txt(698836)like.jpg(101455)down.txt(348515);national.exe(840359);around.pdf(611837);failing.pdf(524243);1934.exe(1189106);plot.exe(443764);earlier.exe(165821)extremely.pdf(717473)extremely.pdf(717473),20956190,11,0.9999995454547521,0.0,0.15
SKW0066,2010-01-04,35,35,0,0,anaphylactic.exe(312709)look.exe(1943695)1777.jpg(399291);possible.doc(288241);main.jpg(1039753);closed.pdf(100358)de.zip(506072)but.exe(1458702);stationed.txt(1210217);hampered.txt(822859);favorable.jpg(908206);empty.pdf(1008354)but.exe(1458702);stationed.txt(1210217);hampered.txt(822859);favorable.jpg(908206);empty.pdf(1008354)did.zip(1078067);highest.txt(730930)did.zip(1078067);highest.txt(730930)although.exe(214469);met.doc(35912)although.exe(214469);met.doc(35912)between.exe(995533),21516962,21,0.9999997142857958,0.0,0.15
SLC1391,2010-01-04,38,38,6,0,violence.pdf(655245)campaign.txt(899468);contributed.doc(141534);plus.exe(1138543)formed.zip(366309)coast.zip(1120323);outfitted.exe(756153),6178939,31,0.9999997368421745,0.0,0.15
SLC1419,2010-01-04,12,12,3,0,first.exe(1438296)southern.jpg(2077268)landscape.pdf(505181);among.zip(1006185)centro.doc(427240);running.zip(1099369)opened.jpg(1057968),7957846,10,0.9999991666673611,0.0,0.15
SLC1865,2010-01-04,13,13,2,0,485.txt(382299);mobile.exe(129823),878395,11,0.9999992307698226,0.0,0.15
SLD1471,2010-01-04,3,3,0,0,hero.doc(513494);participated.doc(1207711),1819936,3,0.9999966666777778,0.0,0.15
SLF1195,2010-01-04,29,29,1,0,took.pdf(942537);vary.txt(488821);suggests.txt(1210965)formed.txt(27105);re.zip(836594)system.pdf(689180)foe.doc(1214053);1977.pdf(1031344)probed.doc(692043)memories.jpg(412119);vol.exe(725506)displayed.pdf(1549573),10638614,22,0.9999996551725328,0.0,0.15
SLL0193,2010-01-04,17,17,0,0,not.doc(547239);played.pdf(1359359)28.jpg(730100)one.exe(726882)easily.txt(2259309);graduated.pdf(2053730);within.doc(2131024);chancellor.pdf(22260),10310738,13,0.9999994117650519,0.0,0.15
SLM1526,2010-01-04,15,15,1,0,dense.txt(156358);5.exe(221309)11.pdf(169424);jamaica.jpg(332484);70.pdf(526178)indicated.exe(712668);dedicated.pdf(304853)indicated.exe(712668);dedicated.pdf(304853)continuing.txt(1383684)continuing.txt(1383684),6696871,12,0.9999993333337778,0.0,0.15
SLS1969,2010-01-04,21,21,0,0,prestige.zip(642028);2006.pdf(573465);revealed.pdf(1223045)joseph.exe(1855106);grants.txt(1454989)prince.doc(480866)such.pdf(974868);introduced.pdf(137643);had.doc(911358);living.pdf(1855822);country.jpg(198067);companions.jpg(1160238);it.pdf(1038728);be.zip(1932534),15154189,17,0.9999995238097505,0.0,0.15
SLZ0276,2010-01-04,31,31,10,0,spitfire.txt(1546244);later.doc(378978);dacres.exe(1785380)himself.doc(973747)campaign.txt(2182180);connecticut.doc(166346);wynkoop.exe(1029224)valley.pdf(1059460)broken.zip(2046944)concern.zip(1305226)courtiers.txt(1251776);regulations.pdf(1552057);how.zip(1303437);led.doc(1073994)first.pdf(1958458)jittery.txt(1064206)burn.doc(1277537)reading.txt(173710);bending.exe(269442)ownership.jpg(2009173),25321652,24,0.9999996774194589,0.0,0.15
SMB0473,2010-01-04,27,27,8,0,style.txt(1168552)initially.doc(1181620);60.zip(602011);guided.doc(258279)extended.txt(764827)1979.jpg(759869)gave.exe(1127624);came.txt(904097)correspondent.zip(621243);into.doc(763180);intensity.doc(180675)moved.txt(1726237),10886891,22,0.9999996296297669,0.0,0.15
SME1271,2010-01-04,41,41,1,0,prosecutor.zip(455466)later.pdf(198018);7.pdf(1763892);reporters.pdf(525230)nominated.pdf(1344747);success.txt(512550);bank.pdf(282215);called.exe(751867)and.doc(825393)retreat.doc(1461041);briefly.zip(728617)july.txt(573687)sit.pdf(1097154)three.pdf(551650)defense.zip(524126)agree.exe(718767);quantum.doc(27017);accelerating.txt(309115)through.txt(544524)broke.txt(1376265),15685490,35,0.9999997560976204,0.0,0.15
SMK1323,2010-01-04,15,15,0,0,league.jpg(1015587)descending.txt(437912);winner.doc(416341),2250971,15,0.9999993333337778,0.0,0.15
SMN0397,2010-01-04,41,41,0,0,seventh.doc(341285)soul.zip(867387)prince.zip(533150);prince.doc(1119240)prince.zip(533150);prince.doc(1119240)sea.pdf(608291)conference.txt(286905);majority.doc(592378)non.doc(1811109)tortured.zip(1165403);valley.jpg(1549084);taylor.pdf(2048915)pads.jpg(662615);m12.txt(565716);missed.doc(404983);unseen.doc(1850866)all.doc(279546);1969.doc(667700)philip.pdf(823308),18957798,28,0.9999997560976204,0.0,0.15
SMS0432,2010-01-04,32,32,0,0,led.zip(1042666);nio.txt(1146835)the.doc(918971)minded.exe(1038664)depended.exe(538028);elements.zip(1673705)larger.doc(593664);who.doc(972343)title.txt(408966)annexation.jpg(1121404)carefree.jpg(1455447);faced.zip(1968476);experimented.exe(627998),14381928,25,0.9999996875000976,0.0,0.15
SMW1131,2010-01-04,30,30,1,0,rebounded.jpg(417858)streaks.jpg(463282);quantity.zip(89971)able.pdf(33820);game.zip(258031)even.zip(172995);cash.jpg(776253)third.jpg(1122778);part.doc(1342806)drivers.doc(22132)relatively.doc(880396)listed.jpg(150855);mark.doc(1519803)solubilisation.zip(1287873);branching.txt(165143);life.pdf(370317),10021185,24,0.9999996666667778,0.0,0.15
SMW1764,2010-01-04,24,24,0,0,emerging.zip(968362);thirteen.zip(554669)association.pdf(1669480);when.jpg(1233024);daughter.jpg(1832498);half.doc(1086822)american.exe(634756);18.doc(669723)about.jpg(1525747);briefly.pdf(1979000)into.doc(454235)into.doc(454235)these.exe(308378)present.txt(408118);death.pdf(698186),15181020,21,0.9999995833335069,0.0,0.15
SNA0415,2010-01-04,27,27,0,0,confrontation.jpg(671631);help.jpg(1597627);black.jpg(1553044)world.zip(1775577)prior.zip(1848153)stressing.exe(1913554)six.pdf(2037736);pressure.exe(1691521);undergo.txt(655410)after.jpg(1331257),15935052,23,0.9999996296297669,0.0,0.15
SNC0218,2010-01-04,11,11,0,0,while.zip(227177),571715,11,0.9999990909099173,0.0,0.15
SNC1721,2010-01-04,38,38,7,0,twenty.jpg(1206958)regular.pdf(683105);accompanying.jpg(993339)filewilliam.exe(1324213)next.txt(104442)407.exe(131005)emmy.zip(1545413);construction.jpg(251644)followed.pdf(455556);interstellar.txt(692991),8461313,33,0.9999997368421745,0.0,0.15
SNK1280,2010-01-04,48,48,0,0,everyone.txt(685827);night.exe(1144879);candidate.exe(569162)trying.doc(332810);unconventional.exe(454911);powters.pdf(683038)irish.zip(1060885)sings.exe(705484)prosecutor.zip(455466)rapid.pdf(792948);increase.exe(213251);cream.pdf(986552);onward.zip(1693300)lost.jpg(1681522);figure.exe(682105);until.doc(1107246);force.exe(213431);if.exe(208003);past.doc(1161054);whole.exe(1069583)positive.jpg(1740885)advises.zip(1306773);prefers.doc(2069147)own.zip(1389267);quarters.zip(1164640),24961569,37,0.99999979166671,0.0,0.15
SNO0033,2010-01-03,24,24,0,24,fine.txt(919394)speech.jpg(1389640);ultimate.txt(71959);longtime.txt(1705627)although.txt(224305)speech.jpg(1389640);ultimate.txt(71959);longtime.txt(1705627)although.txt(224305)submarines.jpg(551376)submarines.jpg(551376)par.jpg(1622431)par.jpg(1622431)14.doc(582381)14.doc(582381),14135950,11,0.9999995833335069,0.0,0.15
SNO0033,2010-01-04,24,24,0,0,var.pdf(174189);mercury.exe(1180191)var.pdf(174189);mercury.exe(1180191)prince.txt(879632);prince.doc(1210938);prince.exe(578599)prince.txt(879632);prince.doc(1210938);prince.exe(578599)general.doc(1567660)general.doc(1567660)rainstorms.jpg(1556872)telling.txt(1914605);site.txt(82669);match.pdf(1222548),16688092,13,0.9999995833335069,0.0,0.15
SOP1142,2010-01-04,26,26,0,0,n.exe(672693)proposed.pdf(234962)dig.zip(1179835),2812692,24,0.9999996153847633,0.0,0.15
SPB1853,2010-01-04,9,9,0,0,bridged.doc(253691);rebellin.pdf(912886)where.pdf(329513),1807352,9,0.9999988888901234,0.0,0.15
SPH1244,2010-01-04,4,4,1,0,dozens.pdf(804905)solange.txt(493161);trunks.txt(63125),1482057,3,0.9999975000062501,0.0,0.15
SQC1072,2010-01-04,38,38,4,0,1st.doc(1641669);newer.txt(740088)table.txt(657178);contemporary.jpg(472870);incorporation.zip(607195);factor.txt(1430121);gain.exe(8950);annual.txt(281427);gulf.exe(193808);battle.txt(811671)appealing.doc(1383304)among.txt(234021)relatively.zip(55316)incubator.pdf(1130717)manager.jpg(81253)playboy.jpg(260379);shore.zip(125139);adopted.jpg(1901727)another.pdf(284620)ulysses.exe(1721713)extensive.exe(1827718);looked.exe(647734);high.zip(1759399)standards.exe(1130671);eastern.pdf(612959);main.pdf(246214);42.jpg(1643686),23057519,27,0.9999997368421745,0.0,0.15
SQC1296,2010-01-04,35,35,0,0,better.jpg(1217826)tournament.exe(621080);final.pdf(631364)mountains.txt(124304)congress.zip(719912);february.zip(2132785);found.doc(1136167)have.zip(887785)oats.zip(980361);elements.zip(760960);great.pdf(960036)through.txt(544524)decided.doc(100720);creates.pdf(545745),12452697,33,0.9999997142857958,0.0,0.15
SRC1468,2010-01-04,3,3,0,0,,143416,3,0.9999966666777778,0.0,0.15
SRM1184,2010-01-04,30,30,0,0,nimitz.pdf(1489914);light.pdf(738771)subvert.zip(1306497),4432983,29,0.9999996666667778,0.0,0.15
SRP1576,2010-01-04,4,4,1,0,number.pdf(537859)modern.txt(1416683);korn.jpg(181399);participated.doc(796996),3065775,4,0.9999975000062501,0.0,0.15
SRR0324,2010-01-04,52,52,2,0,winter.txt(1636411);not.doc(755787)touloubre.txt(897159);diet.jpg(823488)were.txt(1230036);development.pdf(789850);delay.zip(285576)direct.zip(951913)argues.zip(1209989)animated.doc(1098037)district.doc(1550426);merging.exe(633675)their.doc(1755934);electric.txt(1686234);such.txt(896659)15th.jpg(540337)be.jpg(318554)than.jpg(1642775);arrows.doc(1633312)many.exe(463548)spoof.doc(1371720);told.jpg(816748)number.exe(1245659)possible.jpg(1348494);basic.zip(1102012)mainland.jpg(377316);stopped.jpg(423078)monks.txt(144714);received.exe(1538122),30766560,47,0.9999998076923446,0.0,0.15
SRR1521,2010-01-04,8,8,1,0,these.txt(835676);space.exe(314860),1415133,8,0.9999987500015626,0.0,0.15
SSA0188,2010-01-04,29,29,0,0,current.txt(1221681)beorhtwulfs.zip(538369)beorhtwulfs.zip(538369)materials.txt(490);regarded.exe(496178)materials.txt(490);regarded.exe(496178)silenced.txt(665478)silenced.txt(665478),5339209,17,0.9999996551725328,0.0,0.15
SSG0726,2010-01-04,35,35,0,0,heavy.pdf(435706)12.jpg(353537);january.exe(964828);contain.jpg(225333);approval.txt(772133);tasted.jpg(285099);62.txt(1159626);away.txt(1116349)gynaecologists.pdf(499478);one.pdf(637649)these.exe(855929)received.doc(1001509)original.jpg(1832524);along.zip(923426);original1.jpg(836161)maddox.pdf(29209)number.pdf(610969)pop.zip(1724192);some.doc(849682)visiting.doc(867775);being.exe(1142885);4.doc(1148693),19238695,30,0.9999997142857958,0.0,0.15
SSH1780,2010-01-04,26,26,0,0,main.exe(621742);underwater.zip(177247)age.exe(567531)begins.pdf(352419)at.zip(1683365);of.txt(567925);much.txt(894029);viewed.zip(494368)main.zip(838767);situated.jpg(66602)difficult.jpg(923624),7999961,23,0.9999996153847633,0.0,0.15
SSM1663,2010-01-04,10,10,3,0,,331199,9,0.9999990000010001,0.0,0.15
SSN1130,2010-01-04,29,29,9,0,source.exe(1775160)dropping.zip(1145175)including.txt(1556358);appropriated.jpg(771941)reestablish.zip(2131777);75.zip(979539)throw.doc(512664)publication.exe(35058)pushing.zip(1587107),11349283,23,0.9999996551725328,0.0,0.15
SSS1057,2010-01-04,5,5,0,0,brief.txt(1567085);erect.jpg(287085)brief.txt(1567085);erect.jpg(287085)consider.zip(288654);thoroughfare.txt(802292),4918764,4,0.9999980000040001,0.0,0.15
SSS1129,2010-01-04,39,39,6,0,before.jpg(296847);incorporated.pdf(784222);rendezvous.exe(588173)before.jpg(296847);incorporated.pdf(784222);rendezvous.exe(588173)parish.exe(700591)listened.exe(825326);any.txt(1119995);any.exe(350861);any.jpg(1320969);favor.jpg(750529);favor1.jpg(529462);dozen.doc(463529)publication.exe(35058)publication.exe(35058)school.doc(441438);unrest.jpg(80365);view.zip(547855)school.doc(441438);unrest.jpg(80365);view.zip(547855)tomb.doc(1214921),13946436,27,0.9999997435898093,0.0,0.15
SSS1683,2010-01-04,4,4,0,0,pursue.exe(625838);believed.doc(2224701)intended.txt(1702314);feature.txt(1573249)prince.doc(785212),7040008,4,0.9999975000062501,0.0,0.15
STH0135,2010-01-04,52,52,0,0,above.zip(754629)prince.exe(397082)preferred.exe(1419203);small.exe(783087)agreed.jpg(762645);other.zip(309945)provides.exe(1078384),6957910,41,0.9999998076923446,0.0,0.15
STH0353,2010-01-04,22,22,0,0,flagship.doc(405283);cause.pdf(558277)party.pdf(1544275)pop.zip(1724192);some.doc(849682)provides.exe(1078384),6832552,18,0.9999995454547521,0.0,0.15
STW0237,2010-01-04,76,76,0,0,contacted.jpg(719961)him.exe(319162)747s.doc(2065830)is.zip(1172876)food.jpg(881677);or.txt(897163);northeastern.pdf(1559314)help.txt(972538);massive.zip(908874)segments.txt(1470574)would.doc(319078)segments.txt(1470574)would.doc(319078)fore.exe(1585465)fore.exe(1585465)magazines.txt(969993)magazines.txt(969993)along.pdf(217611)along.pdf(217611)court.jpg(1292171);ceramics.exe(961168)caves.txt(442766)gatherings.txt(2391231);interests.exe(267080);students.zip(943835)country.zip(409291);idea.exe(923103)brought.zip(1064980);dedicated.zip(777642);recorded.exe(1123555);requested.doc(202045);that.doc(619639);happier.txt(277362);requested.txt(1775150)brought.zip(1064980);dedicated.zip(777642);recorded.exe(1123555);requested.doc(202045);that.doc(619639);happier.txt(277362);requested.txt(1775150)observed.pdf(1227747)observed.pdf(1227747)across.doc(121419)across.doc(121419)introduced.doc(639082)or.pdf(1183772)clearing.pdf(72077);before.exe(464538);phil.txt(1300470),46573791,51,0.9999998684210699,0.0,0.15
SVB0209,2010-01-04,9,9,0,0,daughter.zip(1627039)historically.exe(414358);easter.exe(1446717)historically.exe(414358);easter.exe(1446717),5680248,7,0.9999988888901234,0.0,0.15
SVF1858,2010-01-02,3,3,2,3,,125947,3,0.9999966666777778,0.0,0.15
SVF1858,2010-01-03,4,4,0,4,,124826,4,0.9999975000062501,0.0,0.15
SVF1858,2010-01-04,10,10,0,0,cross.exe(615125);wide.txt(232151)countries.pdf(504769);fast.exe(105080)decided.doc(598856);seven.doc(925847)kmh.jpg(941305);different.pdf(1212556),5398045,10,0.9999990000010001,0.0,0.15
SWB1809,2010-01-04,1,1,0,0,,69327,1,0.9999900000999989,0.0,0.15
SWC1392,2010-01-04,31,31,3,0,eric.jpg(46854);stages.txt(393230)population.exe(202916)coast.zip(1120323);outfitted.exe(756153)inquiry.pdf(1561493)twelve.zip(603191);interview.zip(1476289);fact.jpg(301943),7446366,29,0.9999996774194589,0.0,0.15
SWM1101,2010-01-04,7,7,0,0,metropolitan.jpg(1141574);notions.pdf(1492223)kundakunda.doc(627052)mid.zip(16695);northern.doc(1860752)man.zip(612471)although.jpg(1005108);november.txt(1423206),8419065,6,0.9999985714306123,0.0,0.15
SWM1653,2010-01-04,8,8,0,0,concerned.zip(921579);system.txt(338354);system.zip(1372326);hear.pdf(1455484);asked.txt(749622)sixty.pdf(240074);toward.txt(132274)widely.pdf(970672);core.doc(1717382),8103284,8,0.9999987500015626,0.0,0.15
SYB0093,2010-01-04,29,29,0,0,within.txt(1373850);heavily.doc(16367)then.jpg(315898);tasted.txt(536381);week.exe(424196)prince.exe(397082)airport.txt(319803)airport.txt(319803)preferred.exe(1419203);small.exe(783087)preferred.exe(1419203);small.exe(783087)agencies.zip(1429467)mixture.jpg(1214850),11636688,21,0.9999996551725328,0.0,0.15
SYH1902,2010-01-04,4,4,0,0,preferred.txt(760196);inspection.exe(515130)culture.doc(196356),1594598,4,0.9999975000062501,0.0,0.15
SZN1421,2010-01-04,28,28,5,0,neither.pdf(1046040);1968.zip(975633);21.pdf(656195);21.zip(1631798);harassment.doc(437859)deaths.pdf(302159)survey.pdf(49776)november.txt(1026872)while.jpg(1239799);plains.exe(123143)later.exe(833749)explain.jpg(598365)known.pdf(364517);ten.zip(357017)contemporary.exe(1014948);surpassed.txt(825278)contemporary.exe(1014948);surpassed.txt(825278),14165056,21,0.9999996428572704,0.0,0.15
TAB0519,2010-01-04,20,20,0,0,,603364,16,0.9999995000002501,0.0,0.15
TAG1610,2010-01-04,18,18,0,0,tanager.doc(623712);largely.doc(2323736)skirmishers.exe(1310321)3.exe(506350);currents.zip(1604209);consistent.exe(4607)shamatari.txt(291839);taken.txt(1268528)holds.zip(607280);14th.doc(2101310);americans.txt(134624)base.txt(1091998)bahamas.pdf(370230),12736102,17,0.9999994444447531,0.0,0.15
TAH0300,2010-01-04,33,33,18,0,becomes.jpg(1518718)suffocating.doc(2015145)multiple.zip(17065);survey.zip(642131);sky.exe(964232);cycle.exe(278233)heavily.doc(86676)gets.zip(847001)20000.jpg(437841)stayed.doc(2643468);per.exe(1876478)war.jpg(704488)adversely.exe(2336570);succeeded.zip(798804),16120962,31,0.9999996969697887,0.0,0.15
TAJ0023,2010-01-04,41,41,0,0,effects.exe(1743079)include.pdf(2788764)seventh.doc(341285)circle.txt(844666);lawrence.doc(1193756);trends.jpg(584581);law.jpg(1917429)pads.jpg(662615);m12.txt(565716);missed.doc(404983);unseen.doc(1850866)came.exe(771103)congress.zip(719912);february.zip(2132785);found.doc(1136167)acting.pdf(288278);embarrassing.exe(58659);miss.zip(1201263);until.zip(353009)philip.pdf(823308),21608751,32,0.9999997560976204,0.0,0.15
TAK0501,2010-01-04,16,16,0,0,passed.jpg(1274491)20.zip(302934)form.zip(1074157)meat.txt(843285)anti.doc(1711146)spraying.pdf(1064339);leading.doc(1138843)prince.pdf(634545),8462113,14,0.9999993750003906,0.0,0.15
TAL1665,2010-01-04,25,25,8,0,stable.jpg(1928921)prohibited.doc(351664)pennsylvania.zip(1447128)west.doc(147683)elegant.exe(123590)placed.jpg(1730652);tea.jpg(796168)colonies.pdf(856410);seven.jpg(1658313);departure.zip(23643);attention.pdf(131402);returned.zip(482553),10384145,22,0.99999960000016,0.0,0.15
TAW0689,2010-01-04,44,44,12,0,865.pdf(933630)bobcats.jpg(1778323);frequency.txt(1034919);hours.zip(1479448);especially.exe(1599037)rain.zip(927168)exact.exe(817987)rate.pdf(866584);full.jpg(572832);send.zip(188136)rate.pdf(866584);full.jpg(572832);send.zip(188136)headway.exe(1866724);requested.zip(353010)about.zip(856824)headway.exe(1866724);requested.zip(353010)about.zip(856824),19409931,28,0.9999997727273243,0.0,0.15
TBA0283,2010-01-04,26,26,1,0,spitfire.txt(1546244);later.doc(378978);dacres.exe(1785380)home.doc(639351)associated.zip(889125);work.txt(287202);privy.txt(1080802);1868.doc(127427);swords.doc(1317562);both.exe(29561);privy.exe(1786096);company.doc(453789);normally.txt(1478189)panelling.doc(2047877);did.jpg(242345);people.zip(992337)several.exe(1029560);against.doc(592163)courtiers.txt(1251776);regulations.pdf(1552057);how.zip(1303437);led.doc(1073994)first.pdf(1958458)days.jpg(951372),25556884,22,0.9999996153847633,0.0,0.15
TBE1972,2010-01-04,16,16,0,0,what.jpg(855073);early.txt(1980740)body.jpg(870577),4191000,13,0.9999993750003906,0.0,0.15
TBF1107,2010-01-04,6,6,1,0,number.jpg(1300454);us.pdf(561571);one.doc(688994),2747661,5,0.9999983333361112,0.0,0.15
TBH1514,2010-01-04,19,19,0,0,radiators.exe(1055188),1687080,17,0.9999994736844876,0.0,0.15
TBM1476,2010-01-04,5,5,0,0,been.pdf(909466)hero.doc(513494);participated.doc(1207711),2771199,5,0.9999980000040001,0.0,0.15
TBM1904,2010-01-04,5,5,0,0,contain.exe(379445);separate.doc(420157),950800,5,0.9999980000040001,0.0,0.15
TBP0548,2010-01-04,27,27,8,0,begins.zip(779465)god.doc(1811486);god1.doc(56376);feast.exe(1017945)database.txt(2391029)absorb.pdf(1033499)reputation.pdf(544035);grew.exe(810245)suggest.exe(471002)better.jpg(986854);unless.txt(1321985);institute.doc(1633912);independence.zip(301988)1365.exe(21399)founded.txt(860996)successor.pdf(727799);reason.zip(2007578),17567628,24,0.9999996296297669,0.0,0.15
TCA1183,2010-01-04,47,47,13,0,the.doc(918971)prince.zip(770605)focus.pdf(1014245);typifying.pdf(296794);before.exe(80421);their.txt(577495)war.jpg(704488)ankh.doc(58473)depended.exe(538028);elements.zip(1673705)blues.doc(1064991)title.txt(408966)despite.pdf(1232903);captain.exe(1196491),12117519,36,0.9999997872340878,0.0,0.15
TCC0311,2010-01-04,34,34,2,0,most.zip(841445);f.pdf(1119978)national.jpg(494002);five.txt(1511369)provided.zip(1066028)medical.doc(266286);baseball.zip(628651);was.txt(1383693);baseball1.zip(1003975)after.txt(1078077);mid.doc(783094)case.jpg(728951),11943046,27,0.9999997058824394,0.0,0.15
TCC0771,2010-01-04,18,18,0,0,thought.txt(1282892);sequence.txt(837551);archaean.exe(626551)king.zip(686201)maternity.doc(1172528),5176979,17,0.9999994444447531,0.0,0.15
TCC1298,2010-01-04,42,42,1,0,problems.txt(684496)better.jpg(1217826)more.pdf(577757)people.exe(1118708);people.doc(989188);public.jpg(1314457);minute.txt(47074)petawawa.exe(1520545)caves.pdf(1153684);variation.txt(808901);distribution.txt(1859985);frequency.doc(943724);head.zip(876539);agile.zip(784861);agile1.zip(286524);habituates.jpg(920340);head.doc(779840)rain.exe(531050);washington.pdf(753797)served.txt(1824593);reaches.jpg(999790);mouth.zip(36937)own.zip(1389267);quarters.zip(1164640),23932279,39,0.9999997619048185,0.0,0.15
TCF0559,2010-01-04,29,29,17,0,sale.txt(1168960)48.txt(1747528);night.txt(2149517)designated.exe(81963)48.txt(1747528);night.txt(2149517)designated.exe(81963)rather.zip(820283)rather.zip(820283)responded.exe(576907);over.jpg(683139);reported.zip(1858998);plata.doc(1565032)responded.exe(576907);over.jpg(683139);reported.zip(1858998);plata.doc(1565032)rendered.doc(1960903)1075.zip(1081465)1075.zip(1081465)classification.doc(1235906)still.txt(399080);tends.jpg(158399),26844691,17,0.9999996551725328,0.0,0.15
TCH0264,2010-01-04,38,38,7,0,similar.doc(1200664);capable.jpg(63685)thirteen.pdf(2019347)afternoon.pdf(1477158)42.zip(1799387)singing.jpg(165624)than.zip(307185);quoted.txt(429549)very.exe(195639);km2.doc(496011);buried.doc(761113);accepted.jpg(762336),10824046,33,0.9999997368421745,0.0,0.15
TCL0855,2010-01-04,24,24,0,0,century.pdf(2023081);cultural.zip(1582404)99.pdf(306267)world.zip(1775577)65.jpg(1054891)people.exe(1118708);people.doc(989188);public.jpg(1314457);minute.txt(47074)northern.txt(416537);since.txt(1347578)trained.txt(480778),13220642,22,0.9999995833335069,0.0,0.15
TCP0380,2010-01-04,3,3,0,0,,75900,3,0.9999966666777778,0.0,0.15
TCW1808,2010-01-04,3,3,0,0,intended.doc(63630);vicinity.exe(333296),464258,3,0.9999966666777778,0.0,0.15
TDB1920,2010-01-04,2,2,0,0,,70289,2,0.9999950000249999,0.0,0.15
TDC0800,2010-01-04,23,23,1,0,arrival.doc(1465065)large.jpg(546425)six.doc(434495)material.doc(50531);accord.exe(149090)measures.txt(681261)depending.doc(1917627);judge.txt(2098992),8083522,20,0.9999995652175804,0.0,0.15
TDC1086,2010-01-04,50,50,5,0,responded.pdf(298112)responded.pdf(298112)merely.jpg(671641);pictures.txt(376811)soon.exe(483437);north.jpg(1462697)francis.zip(109161);tale.zip(784791)francis.zip(109161);tale.zip(784791)army.pdf(631668)more.txt(796814)extensive.exe(1827718);looked.exe(647734);high.zip(1759399)extensive.exe(1827718);looked.exe(647734);high.zip(1759399)american.exe(350400)american.exe(350400),17478580,27,0.99999980000004,0.0,0.15
TDF0785,2010-01-04,13,13,0,0,producers.zip(2092020)singer.jpg(86060);cobains.exe(1556069),4164812,11,0.9999992307698226,0.0,0.15
TDH1351,2010-01-04,35,35,7,0,appetite.doc(1153902)autumn.doc(862282);took.doc(1196004);repeatedly.jpg(537792);generally.pdf(300941);an.exe(566130)involved.exe(720101)1930s.zip(24130);valemount.zip(1025641);west.exe(375073)for.exe(627818);alfred.zip(1084103)ensure.doc(268542);overwhelmed.doc(88468);rode.doc(1304677)purposes.txt(1259350)tokyo.txt(1986562),14375886,30,0.9999997142857958,0.0,0.15
TDK0753,2010-01-04,34,34,2,0,prince.doc(397641)traditional.pdf(1606724)anything.jpg(980141)september.pdf(1047238);reform.jpg(459728);last.txt(386105)established.jpg(1834924);mount.doc(2014061);mount.exe(582487);football.zip(974536);in.jpg(104557)back.doc(979276);6000.exe(1058388)broken.zip(2046944)staff.doc(90192)totalled.jpg(94598);token.doc(519356)prince.txt(714356)manchurian.jpg(946113);has.jpg(1602193)prince.jpg(530044);prince.doc(388952)massachusetts.zip(930635)prince.doc(1628422)colloquially.exe(1800579)overall.txt(1106584);interceptor.doc(74838);entirely.pdf(1307826);world.doc(618707);8.jpg(249876),28064263,26,0.9999997058824394,0.0,0.15
TDR1930,2010-01-04,61,61,9,0,get.exe(187378)upgraded.jpg(440831)perennial.doc(268861)lasted.exe(1294803);ejection.zip(793798)hills.doc(926188);illuminating.pdf(775584)like.doc(1768307);mistake.exe(782966)unremarkable.pdf(1840972);been.jpg(35336)helped.txt(627153)helped.txt(627153)actually.pdf(328256);section.exe(1443423)going.doc(52338);nor.doc(744175);1798.doc(289895);clinging.doc(430935);contributed.pdf(1260538);going.pdf(1028068);contributed.zip(1134069);process.exe(445111)named.zip(676481)late.pdf(1159999);time.txt(448144)late.pdf(1159999);time.txt(448144),23241476,37,0.9999998360656006,0.0,0.15
TES1536,2010-01-04,16,16,3,0,these.txt(835676);space.exe(314860)defect.txt(1082147);hung.txt(285117),3018645,16,0.9999993750003906,0.0,0.15
TFS1081,2010-01-04,31,31,4,0,although.zip(1123200)july.zip(1274371);misl.txt(139391)mechanically.doc(362020);usurping.pdf(461873)goods.doc(2608210)during.pdf(713133)american.exe(350400),7921781,25,0.9999996774194589,0.0,0.15
TFW1388,2010-01-04,40,40,3,0,america.exe(1515493);individual.jpg(1012911);gully.zip(1765439);education.exe(1287859)lost.exe(1124418)formed.zip(366309)wants.pdf(830324);possibility.zip(346270);appearances.zip(867205)pieces.doc(930809);marine.jpg(33780)journey.exe(1389432)120000.pdf(1403658)1934.exe(1064006),15258523,30,0.9999997500000625,0.0,0.15
TFW1681,2010-01-04,7,7,0,0,monetary.zip(957437);satisfy.doc(1978396)as.doc(157168);definition.txt(127588),3416377,7,0.9999985714306123,0.0,0.15
THB1069,2010-01-02,20,20,0,20,breast.exe(1402519)seals.jpg(1366463);television.exe(361207),3772341,19,0.9999995000002501,0.0,0.15
THB1069,2010-01-04,33,33,0,0,half.zip(1341244)spotlight.zip(282967)experiences.exe(1468784)army.pdf(631668)another.pdf(284620)travel.zip(1489848),6454983,30,0.9999996969697887,0.0,0.15
TIH0573,2010-01-04,19,19,0,0,scholars.jpg(21982)tattoos.txt(552945);new.exe(461672);13.exe(593906),2182763,12,0.9999994736844876,0.0,0.15
TIR0025,2010-01-04,32,32,1,0,programmers.exe(660496)is.pdf(769159);belatedly.zip(571105)unchallenged.doc(665033);hannibal.txt(1293436)from.pdf(41377)southern.doc(430832);tail.exe(975495);conditions.txt(1745236),8135469,31,0.9999996875000976,0.0,0.15
TJB1012,2010-01-04,24,24,0,0,united.jpg(1911281)rate.doc(1796670)rate.doc(1796670)type.exe(1063990)type.exe(1063990)subvert.zip(1306497),9628666,19,0.9999995833335069,0.0,0.15
TJG0170,2010-01-04,57,57,13,0,changed.jpg(790946)moment.txt(252194);along.doc(2697123)beginning.txt(648073)run.pdf(96666)back.zip(718488);840s.pdf(565747)basis.txt(430687);cool.zip(1030814)whose.zip(1239530);drawn.doc(695289);quality.exe(344762)saw.pdf(2325361)sloop.doc(392131);himself.txt(811553);involve.pdf(481641)best.doc(858587)receptions.exe(395096)is.doc(2209484);earl.pdf(1281658),19984652,46,0.9999998245614342,0.0,0.15
TJO0663,2010-01-04,7,7,0,0,value.txt(972963);soon.zip(352124)negotiating.zip(1139539),2693763,6,0.9999985714306123,0.0,0.15
TJP0616,2010-01-04,6,6,2,0,potential.zip(477617);miss.doc(2154221);source.txt(748373);source.zip(1510921),5064541,5,0.9999983333361112,0.0,0.15
TKH1718,2010-01-02,30,30,0,30,faster.pdf(389522)hurlbuts.zip(84700)faster.pdf(389522)life.txt(62448)15.exe(158398);panama.pdf(1072070)hurlbuts.zip(84700)life.txt(62448)twenty.jpg(1206958)15.exe(158398);panama.pdf(1072070)twenty.jpg(1206958)thoroughly.exe(187689);few.pdf(1233127)thoroughly.exe(187689);few.pdf(1233127),9647922,14,0.9999996666667778,0.0,0.15
TKH1718,2010-01-03,32,32,0,32,ensure.doc(780095);lived.txt(2458906);coincide.txt(196517)jr.exe(601226)ensure.doc(780095);lived.txt(2458906);coincide.txt(196517)jr.exe(601226)ill.jpg(489654)ill.jpg(489654)traits.pdf(327158);mirror.zip(845835);such.exe(1980133)traits.pdf(327158);mirror.zip(845835);such.exe(1980133)purchased.pdf(761321)purchased.pdf(761321),17845984,15,0.9999996875000976,0.0,0.15
TKH1718,2010-01-04,53,53,2,0,influence.zip(396160)urges.pdf(551551)urges.pdf(551551)which.zip(70791);rejected.pdf(322360)which.zip(70791);rejected.pdf(322360)reported.jpg(1684040);farmers.zip(116957);border.exe(1021524);known.exe(901422)reported.jpg(1684040);farmers.zip(116957);border.exe(1021524);known.exe(901422)quickly.doc(265688)greatly.txt(496310);greatly.doc(1940799);2000.exe(138505);signal.doc(1457150);aunt.exe(1156043)greatly.txt(496310);greatly.doc(1940799);2000.exe(138505);signal.doc(1457150);aunt.exe(1156043)sick.doc(968145);one.txt(1044901)sick.doc(968145);one.txt(1044901)argued.txt(973936)argued.txt(973936)1942.doc(1085210);starring.jpg(1865314);games.zip(703252)hence.zip(1902407)1942.doc(1085210);starring.jpg(1865314);games.zip(703252)hence.zip(1902407)battle.txt(749918)script.txt(1608294),41473582,30,0.9999998113207903,0.0,0.15
TKP1186,2010-01-04,21,21,0,0,start.doc(965825)than.pdf(1805171);mood.jpg(1406515);yet.jpg(717443)mixed.exe(208924);outer.txt(783181)place.pdf(772536)small.doc(312431)old.zip(212099);targeted.zip(227325)along.pdf(1549286);vicinity.pdf(817452);australasian.txt(383656);declared.txt(1386113)so.jpg(322151);persistent.exe(737855);hair.jpg(1570192);had.txt(2252483);energy.doc(2396301);ground.exe(2516789);amongst.txt(748866);after.exe(964116);second.jpg(1348713),25042333,19,0.9999995238097505,0.0,0.15
TLB0894,2010-01-04,44,44,0,0,145.pdf(560813);plans.zip(1401292);somewhat.jpg(1237903);men.txt(271643)rear.doc(1963785);or.doc(709966);personal.zip(351730);november.exe(1498135)afternoon.zip(79593);eight.doc(501731)operations.jpg(1106674)blown.pdf(775738);strictly.exe(2287724)controversy.pdf(900800)no.txt(1253226);input.pdf(1947524)charge.pdf(925291)added.pdf(530446),19567451,38,0.9999997727273243,0.0,0.15
TLM0421,2010-01-02,32,32,0,32,cooper.zip(845608)cooper.zip(845608)subject.jpg(1564235);development.zip(1864127)can.jpg(1133261)subject.jpg(1564235);development.zip(1864127)can.jpg(1133261)department.exe(1192314)department.exe(1192314)confrontation.jpg(671631);help.jpg(1597627);black.jpg(1553044)confrontation.jpg(671631);help.jpg(1597627);black.jpg(1553044)world.zip(1775577)could.doc(1593169);points.doc(799102)could.doc(1593169);points.doc(799102),28328081,16,0.9999996875000976,0.0,0.15
TLM0421,2010-01-04,28,28,0,0,used.exe(683026)used.exe(683026)at.zip(684950)at.zip(684950)northern.txt(416537);since.txt(1347578)after.jpg(1331257)locked.txt(809510);every.exe(1332236);conference.jpg(1012844);rivers.doc(896084)locked.txt(809510);every.exe(1332236);conference.jpg(1012844);rivers.doc(896084),14875136,20,0.9999996428572704,0.0,0.15
TLS0643,2010-01-04,45,45,0,0,03f.exe(543520);rain.zip(813204)03f.exe(543520);rain.zip(813204)scene.doc(623556)saw.exe(195446);area.txt(2231114)wild.exe(955553);jose.zip(443009);nashville.txt(275893)role.jpg(913822);move.txt(1171397);december.exe(621203);independent.doc(1253209)role.jpg(913822);move.txt(1171397);december.exe(621203);independent.doc(1253209)involved.exe(1094580)involved.exe(1094580),18874205,28,0.9999997777778271,0.0,0.15
TLW1050,2010-01-04,2,2,0,0,,47438,2,0.9999950000249999,0.0,0.15
TLW1555,2010-01-04,28,28,2,0,speech.zip(1113765);common.pdf(973136);against.jpg(540166)24.doc(565117)relax.doc(815821),4853798,23,0.9999996428572704,0.0,0.15
TMC0934,2010-01-04,36,36,0,0,including.txt(879583);mean.pdf(1116530);seen.exe(1194238);these.exe(280486);either.jpg(374093)including.txt(879583);mean.pdf(1116530);seen.exe(1194238);these.exe(280486);either.jpg(374093)poem.exe(1272842);between.txt(1235714);implied.doc(1032746);hardly.pdf(187090);old.zip(613901);casket.jpg(1266493);accounts.zip(1021003);inspiration.jpg(1312967)flying.doc(1400560)flying.doc(1400560)name.zip(322601);enter.doc(1015865)name.zip(322601);enter.doc(1015865),22284359,27,0.9999997222222993,0.0,0.15
TME0887,2010-01-04,6,6,0,0,annexation.jpg(1121404),1289196,6,0.9999983333361112,0.0,0.15
TMM0292,2010-01-04,19,19,0,0,along.pdf(813387)sail.pdf(1785620);struck.doc(1429112)only.pdf(735740);seeking.zip(214642);britain.pdf(884916)eastern.txt(1404651);genuine.exe(563476),8334422,18,0.9999994736844876,0.0,0.15
TMR0186,2010-01-04,22,22,2,0,august.pdf(793137);suggested.zip(1134997);construction.jpg(731608)comedy.zip(910675);are.zip(1044736)fourteen.exe(857334)how.jpg(486448)step.exe(1212513)upset.pdf(932948);surviving.jpg(104180);around.zip(1117308)costumes.pdf(275168),10280933,17,0.9999995454547521,0.0,0.15
TMT0851,2010-01-04,49,49,0,0,brothels.pdf(1700666)brothels.pdf(1700666)per.jpg(936543);issues.exe(996172)per.jpg(936543);issues.exe(996172)stressing.exe(1913554)stressing.exe(1913554)2.zip(879553)2.zip(879553)ten.jpg(191995);first.zip(1798875),16323832,32,0.9999997959184089,0.0,0.15
TMT1509,2010-01-04,25,25,1,0,strong.jpg(505644);attained.jpg(622130)infinite.doc(1048680)greatest.zip(908808)i.pdf(480070)capital.pdf(1185218),5451204,21,0.99999960000016,0.0,0.15
TMW1907,2010-01-04,2,2,0,0,still.doc(443940)contain.exe(379445);separate.doc(420157),1303889,2,0.9999950000249999,0.0,0.15
TNB1616,2010-01-04,40,40,0,0,developers.jpg(912221);cannot.doc(132516)emit.exe(1050455);spread.jpg(1744693);administrations.jpg(765896)20th.zip(1705735);obtained.doc(676370)best.jpg(31793)break.doc(1197474)without.zip(1268723)decided.doc(598856);seven.doc(925847)decided.doc(598856);seven.doc(925847)distinction.txt(543073)distinction.txt(543073)25th.txt(383313)white.doc(372039)base.txt(1091998)too.jpg(1103036);29.txt(802426);manner.doc(486579)early.txt(319258);army.pdf(477516);after.doc(974601);cossacks.pdf(792379);retain.pdf(366517)left.pdf(1345058);crashed.doc(846364),24037068,27,0.9999997500000625,0.0,0.15
TNH1048,2010-01-04,5,5,1,0,colour.txt(388240),530124,5,0.9999980000040001,0.0,0.15
TOL1914,2010-01-04,2,2,0,0,,51000,2,0.9999950000249999,0.0,0.15
TPO1049,2010-01-04,3,3,0,0,,76792,3,0.9999966666777778,0.0,0.15
TRA1671,2010-01-04,18,18,5,0,chicago.jpg(1383855)german.doc(1343724);proposal.exe(358005);or.pdf(426932)kalasan.jpg(919014);numerous.txt(112324);interchange.doc(1114578);twice.txt(1464306)elegant.exe(123590),7770988,13,0.9999994444447531,0.0,0.15
TRB1093,2010-01-04,7,7,1,0,ordinary.exe(838577);lianqing.exe(693151)referring.zip(509789);bound.zip(1497242)trials.zip(1867081),5643248,7,0.9999985714306123,0.0,0.15
TRB1702,2010-01-04,8,8,0,0,ephraim.txt(1361202);weapons.txt(1835698)hosts.txt(1234533);linked.txt(1276736);more.zip(1278843),7212964,6,0.9999987500015626,0.0,0.15
TRC1838,2010-01-04,38,38,0,0,14th.exe(1052191)commercial.zip(1007483);commercial.exe(985986);run.zip(864291)numerous.txt(2130291);and.doc(69350);joel.txt(197919);number.pdf(1068428)before.jpg(963669),9498644,32,0.9999997368421745,0.0,0.15
TRP0892,2010-01-04,79,79,23,0,help.txt(273059);decision.txt(1648127);french.exe(794166);forgotten.zip(699586);nourishes.doc(867487);19.txt(43639);forgotten1.zip(606879);help.jpg(1430050)country.zip(150888);considered.exe(704290)eight.doc(2920721)opposition.jpg(307586)lungs.txt(459480)kingdom.exe(1907861);people.txt(846952);ubiquity.doc(1186273)confidence.doc(415576)no.txt(385865);mutual.doc(2033674)problem.txt(998595)nightfall.zip(396314);but.txt(637024);hsien.exe(120371);carry.txt(2058445);5.doc(755587)established.jpg(1834924);mount.doc(2014061);mount.exe(582487);football.zip(974536);in.jpg(104557)steel.exe(1574304)amount.exe(655238)totalled.jpg(94598);token.doc(519356)bass.txt(2285188);adult.zip(227424)asked.doc(1109202);expected.txt(33982)oars.exe(997022)small.doc(76084);did.exe(782520);borders.doc(1026022);master.doc(311097);persons.jpg(1165696)sky.jpg(1279636)apart.txt(522637);time.pdf(1945102)crunch.txt(1623499)helped.pdf(718976);applied.doc(599755)massachusetts.zip(930635)colloquially.exe(1800579)possible.zip(1449968)christmas.exe(303865)benefit.exe(204230);successful.txt(980046);referred.jpg(1463513)mark.zip(800556),55966147,61,0.9999998734177376,0.0,0.15
TRS0224,2010-01-03,22,22,18,22,crisis.pdf(1120875);perhaps.jpg(1106813)personal.exe(1032119)crisis.pdf(1120875);perhaps.jpg(1106813)personal.exe(1032119),7255262,9,0.9999995454547521,0.0,0.15
TRS0224,2010-01-04,35,35,3,0,without.exe(943460)without.exe(943460)re.txt(1087173)re.txt(1087173)mortality.zip(178225);abandoned.jpg(1369530);nearest.exe(675367);professional.exe(1485025);circulation.jpg(144879);most.jpg(817827)mortality.zip(178225);abandoned.jpg(1369530);nearest.exe(675367);professional.exe(1485025);circulation.jpg(144879);most.jpg(817827)workers.zip(550585);key.txt(345041)workers.zip(550585);key.txt(345041)much.zip(963757);efforts.txt(1621698);demoted.pdf(326253);nothing.pdf(771445)numbers.doc(737318)1948.zip(945625);went.jpg(531118);optioned.doc(772818),22851081,22,0.9999997142857958,0.0,0.15
TRW0667,2010-01-04,9,9,0,0,leads.jpg(53704)consisting.txt(1355184);26.txt(1893373),3566717,9,0.9999988888901234,0.0,0.15
TSB1546,2010-01-04,13,13,2,0,money.exe(836365);bay.doc(353729),1595731,10,0.9999992307698226,0.0,0.15
TSG0262,2010-01-02,32,32,0,32,let.txt(581406);charted.jpg(845674)let.txt(581406);charted.jpg(845674)1779.txt(172324)1779.txt(172324)full.txt(153092);billion.jpg(704475);developer.doc(962654),5857463,17,0.9999996875000976,0.0,0.15
TSG0262,2010-01-04,36,36,8,0,profoundly.zip(1199641);ran.pdf(563113);wrote.doc(632393);overseas.zip(576161)mission.doc(65772);quite.txt(1220788)profoundly.zip(1199641);ran.pdf(563113);wrote.doc(632393);overseas.zip(576161)sum.txt(502625)charged.pdf(748097)charged.pdf(748097)milton.pdf(307823)franchise.doc(585291),11363345,24,0.9999997222222993,0.0,0.15
TSH1734,2010-01-04,40,40,3,0,jr.exe(601226)force.doc(1355351)eighteenth.doc(1741877);local.txt(561340)first.pdf(1059856)century.exe(790943);demand.jpg(2055833)meanwhile.txt(2013627);railroad.zip(587049);batgirl.txt(809952);division.txt(1398734);ambiguous.pdf(973617);stored.exe(1251078)wealthy.jpg(1071299);billionaire.exe(1199953);vast.doc(1597437);manner.pdf(594695),20940286,35,0.9999997500000625,0.0,0.15
TSJ0655,2010-01-04,9,9,0,0,trip.doc(1113587)then.zip(930373);moment.jpg(959271)consisting.txt(1355184);26.txt(1893373),6539751,8,0.9999988888901234,0.0,0.15
TTD0288,2010-01-04,31,31,0,0,killer.doc(532544);spoof.pdf(1001786)snow.jpg(364287)embarked.pdf(172897);19th.doc(150993),3176786,18,0.9999996774194589,0.0,0.15
TTG0460,2010-01-04,31,31,3,0,rested.doc(999799)bloodhounds.pdf(1613831)wrote.jpg(884941)undergone.pdf(2110111);before.exe(1965253);reaction.jpg(63072)garden.exe(972485)dream.txt(1423326);braithwaite.zip(1008921);even.doc(545380);appear.jpg(584033);total.pdf(365519);total.exe(2299613);appear.zip(917897);deficiency.txt(573486)evelyn.doc(55236);able.txt(615622)burwick.zip(1038013)prince.pdf(1248888);prince1.pdf(813461),21030917,29,0.9999996774194589,0.0,0.15
TTM0059,2010-01-04,24,24,0,0,declared.pdf(885774);railroads.doc(545980)not.jpg(848555)sharpened.doc(560449)despite.zip(465389);voters.doc(34367)had.txt(752893)votes.txt(1460433),6306911,21,0.9999995833335069,0.0,0.15
TTR1792,2010-01-02,4,4,0,4,display.pdf(865802);not.jpg(1194396),2149681,3,0.9999975000062501,0.0,0.15
TTR1792,2010-01-04,4,4,0,0,probed.doc(692043),837443,4,0.9999975000062501,0.0,0.15
TUJ1007,2010-01-04,23,23,0,0,145.pdf(560813);plans.zip(1401292);somewhat.jpg(1237903);men.txt(271643)episode.pdf(1526489)all.pdf(1000975);twelve.exe(1690382);objecting.txt(452407);am.exe(1141383);along.jpg(243038)blown.pdf(775738);strictly.exe(2287724),13316292,19,0.9999995652175804,0.0,0.15
TWB1223,2010-01-04,26,26,3,0,prince.doc(397641)prince.txt(615818);ahmose.exe(1428612)leading.doc(1124312);43.zip(1092717)prince.jpg(530044);prince.doc(388952)massachusetts.zip(930635)mark.zip(800556),8024302,20,0.9999996153847633,0.0,0.15
UAB0534,2010-01-04,12,12,1,0,figure.doc(19080);fixed.zip(846852);eventually.txt(873976);9.pdf(107769)towards.doc(1189648);long.jpg(1144732),4565348,9,0.9999991666673611,0.0,0.15
UAM1108,2010-01-04,8,8,2,0,facing.pdf(561680);considers.txt(9277)ordinary.exe(838577);lianqing.exe(693151)aqha.exe(1386490);meadows.doc(741306);be.txt(71546)aspects.exe(787688);downtown.zip(880456),6251814,8,0.9999987500015626,0.0,0.15
UAR0024,2010-01-04,15,15,0,0,1962.exe(360492);word.exe(99277)gags.doc(771516);all.zip(497656)son.jpg(595863),2792610,12,0.9999993333337778,0.0,0.15
UBG1493,2010-01-04,34,34,4,0,2006.jpg(1475046)any.exe(1639969)numerous.jpg(201519);king.jpg(1274303),5592525,29,0.9999997058824394,0.0,0.15
UCC0395,2010-01-04,33,33,1,0,record.txt(115251)those.exe(1026087);people.pdf(651546);niuafoou.txt(218504)began.txt(218099);recurrences.doc(1279440);comes.pdf(683881),5200136,23,0.9999996969697887,0.0,0.15
UCD0608,2010-01-04,7,7,0,0,11.jpg(566472),800618,6,0.9999985714306123,0.0,0.15
UCM1572,2010-01-04,2,2,0,0,isthmus.exe(730905);marks.zip(752648),1538567,2,0.9999950000249999,0.0,0.15
UEH0944,2010-01-04,23,23,0,0,badly.zip(1593987)is.exe(745556);within.jpg(934114)instructor.doc(873895),4922459,16,0.9999995652175804,0.0,0.15
UGB0031,2010-01-04,27,27,0,0,1991.zip(263692);enough.txt(2312333);led.pdf(1826857);enough.exe(1345379)1991.zip(263692);enough.txt(2312333);led.pdf(1826857);enough.exe(1345379)really.jpg(1665214)really.jpg(1665214)brother.pdf(657007);attended.zip(1493853)brother.pdf(657007);attended.zip(1493853),19841350,14,0.9999996296297669,0.0,0.15
UHM1273,2010-01-04,65,65,3,0,animals.txt(1046392);feed.doc(395666);weight.txt(199256);practicalities.pdf(867718);eurasian.zip(502497);strategic.jpg(609757)to.doc(1135542)sometimes.zip(67923)hall.doc(118321);hold.jpg(562419)long.txt(1565391)lost.jpg(1681522);figure.exe(682105);until.doc(1107246);force.exe(213431);if.exe(208003);past.doc(1161054);whole.exe(1069583)employed.pdf(455249)positive.jpg(1740885)from.jpg(264258)from.jpg(264258)relatively.jpg(999460)recuperating.zip(1639877)appearance.pdf(2605593);further.pdf(1286707)recently.doc(2257288);1966.zip(116003)relatively.jpg(999460)recuperating.zip(1639877)appearance.pdf(2605593);further.pdf(1286707)recently.doc(2257288);1966.zip(116003)american.exe(350400),36015611,43,0.9999998461538697,0.0,0.15
UIS1637,2010-01-04,14,14,0,0,teeth.jpg(5934)maximum.txt(702674);produce.exe(1120681),2215222,12,0.9999992857147959,0.0,0.15
UJC0329,2010-01-04,26,26,2,0,ahmose.exe(658241);ahmose.pdf(239440)progress.jpg(300485)formed.txt(27105);re.zip(836594)manchurian.jpg(946113);has.jpg(1602193)frontier.pdf(1262139)before.pdf(1513204);suburbs.doc(1431357)overall.txt(1106584);interceptor.doc(74838);entirely.pdf(1307826);world.doc(618707);8.jpg(249876)stands.pdf(406664)prince.pdf(634545),13995035,25,0.9999996153847633,0.0,0.15
UKG0386,2010-01-04,5,5,0,0,skyline.txt(927297);nothing.jpg(365988);led.exe(680491),2161961,5,0.9999980000040001,0.0,0.15
UKM0845,2010-01-04,4,4,0,0,however.zip(573705);222.exe(520051),1185022,4,0.9999975000062501,0.0,0.15
UMB0108,2010-01-04,28,28,8,0,leap.exe(778690);intent.doc(614595)god.doc(1811486);god1.doc(56376);feast.exe(1017945)1935.pdf(149956);1935.txt(264265);cut.zip(187457)amount.txt(1182508)advice.doc(1036475)layers.doc(866367);eight.pdf(87649);this.zip(76318)bulk.pdf(928090);fireworks.zip(1057191);where.jpg(1102852)left.doc(493482)ship.doc(990106),13548439,23,0.9999996428572704,0.0,0.15
UMB0310,2010-01-04,20,20,1,0,most.zip(841445);f.pdf(1119978)travels.exe(960201);travels1.exe(629011)maddox.pdf(29209)referred.doc(2397451)thrust.exe(186091)33.pdf(81852);help.exe(117071);average.txt(1011013),7886460,17,0.9999995000002501,0.0,0.15
UMB0322,2010-01-04,35,35,0,0,imaginary.zip(1262311);intent.zip(1165945);lyman.txt(14418);coolness.jpg(475678);culminated.txt(664266)direct.zip(951913)attempted.zip(1112016)future.pdf(606370)interested.zip(99909)hints.doc(1252390);retain.zip(512163)company.pdf(351344);water.zip(1146869),10755438,29,0.9999997142857958,0.0,0.15
UMH1547,2010-01-04,52,52,14,0,accord.exe(1448955)24.exe(1071501);need.doc(391275);nations.pdf(1561603)cross.pdf(1601478);but.doc(2031610);but.txt(471476)pressure.doc(183643)agencies.jpg(1072555);minor.jpg(912928);young.exe(1973026)individuals.pdf(469282)gags.doc(771516);all.zip(497656)altitude.exe(135520)lake.zip(762459);fired.exe(405350);sometimes.jpg(860786);paranoid.pdf(824711);letters.zip(881285)1936.exe(1217476)hours.txt(1386196);forcing.zip(588271),23020833,45,0.9999998076923446,0.0,0.15
UMT1084,2010-01-04,53,53,2,0,145.pdf(560813);plans.zip(1401292);somewhat.jpg(1237903);men.txt(271643)rough.exe(619965);poor.doc(2021465);wishes.exe(1403534);carried.zip(941617);worries.pdf(446236)appealing.doc(1383304)appealing.doc(1383304)structure.doc(580405);art.jpg(804823)structure.doc(580405);art.jpg(804823)03.exe(1323083);criminals.zip(56805);criminals.txt(832415);influenced.exe(184511)03.exe(1323083);criminals.zip(56805);criminals.txt(832415);influenced.exe(184511)washington.zip(1079546);g.zip(73089)coastline.pdf(258410)june.doc(506965)june.doc(506965)soon.exe(483437);north.jpg(1462697)soon.exe(483437);north.jpg(1462697)married.jpg(1207201)married.jpg(1207201)manager.jpg(81253)manager.jpg(81253),29715078,35,0.9999998113207903,0.0,0.15
UNN0707,2010-01-04,21,21,0,0,those.exe(1026087);people.pdf(651546);niuafoou.txt(218504)began.txt(218099);recurrences.doc(1279440);comes.pdf(683881)administrators.txt(716293);given.txt(776237),6240126,14,0.9999995238097505,0.0,0.15
UOR1486,2010-01-04,6,6,0,0,recognize.zip(808612),960606,6,0.9999983333361112,0.0,0.15
URB1668,2010-01-04,21,21,2,0,extensive.exe(868370);lifted.jpg(53122);data.jpg(1946072);one.pdf(1063006)while.zip(3038492)fuse.exe(734167)kalasan.jpg(919014);numerous.txt(112324);interchange.doc(1114578);twice.txt(1464306)believe.txt(1000698);19.zip(1219008);history.pdf(254098);agreeing.doc(734923);apollo.pdf(96784)west.jpg(565250)elegant.exe(123590)placed.jpg(1730652);tea.jpg(796168),18368512,16,0.9999995238097505,0.0,0.15
USM0703,2010-01-04,17,17,0,0,through.exe(360723)walls.jpg(753224);run.jpg(1224522)1883.txt(1694962);he.exe(1443616);he.doc(1230353);he.txt(1395567);himself.txt(340370),8995078,15,0.9999994117650519,0.0,0.15
USW1994,2010-01-04,28,28,0,0,died.jpg(1731139);occasions.doc(1497741),4145950,16,0.9999996428572704,0.0,0.15
UTM0493,2010-01-04,38,38,0,0,300.pdf(1841764)meat.txt(843285)immediately.txt(973143);seven.pdf(983966)can.txt(1497309)ankh.pdf(1243141);prince.jpg(515924);prince1.jpg(1685910)richards.txt(2460114);entry.pdf(501563);they.zip(172904)two.exe(1701190);retreats.exe(1082982);randalls.pdf(1294608)increasingly.txt(794529);offers.jpg(911162)reducing.pdf(1198946)greenwich.jpg(1518400),22433201,35,0.9999997368421745,0.0,0.15
VAC0731,2010-01-04,18,18,0,0,received.doc(1001509)intended.txt(1702314);feature.txt(1573249),4837833,16,0.9999994444447531,0.0,0.15
VAH1292,2010-01-04,36,36,0,0,more.pdf(577757)tournament.exe(621080);final.pdf(631364)joke.pdf(664117);korea.pdf(297178)leaky.zip(83268);each.zip(73413)sometimes.zip(67923)decided.txt(586559);this.pdf(1121085)next.pdf(290285)wants.jpg(1057271);york.txt(527148);charity.jpg(461387),8065825,35,0.9999997222222993,0.0,0.15
VBK0007,2010-01-04,72,72,21,0,newton.txt(782442)trials.jpg(1287564);large.doc(282771)government.pdf(576480)cruel.pdf(1275530)soil.pdf(1160621);extract.doc(1487094)intervention.doc(1759672);critical.zip(848328);multiple.exe(1687188);expressing.pdf(818367);prompted.zip(783693);been.txt(1531382)against.txt(312231)1969.exe(191747)structures.pdf(518482);modern.txt(1366929)strong.jpg(1529411);roman.zip(13670);tempted.doc(1517912)northwestern.doc(2059238);designs.zip(206031)2007.doc(1064045);replaced.txt(1600979)design.txt(377389)together.doc(571744);met.zip(2138364)additional.doc(269139)external.exe(37795)affected.exe(1040251);although.txt(1025859)attached.exe(665610)parents.pdf(1116976);computer.zip(647982);film.exe(118750)described.jpg(393840);deliberation.doc(1106887);island.zip(1422842);design.txt(928897);faryl.jpg(1246624);positively.zip(640912);quite.txt(1037618)excitement.pdf(443900);shorter.zip(1847375),43973420,59,0.9999998611111304,0.0,0.15
VCB1325,2010-01-04,15,15,0,0,josiah.exe(1048126);conditions.pdf(1755431);change.jpg(1542847)remnant.zip(1357725);having.txt(354612)ring.doc(69341)look.exe(1943695)six.doc(434495)discovered.exe(585357);that.zip(758739)as.pdf(1049356)gate.zip(1835329),13186771,12,0.9999993333337778,0.0,0.15
VCC0258,2010-01-04,53,53,8,0,sighted.exe(1125495);skagerrak.exe(1612256);field.doc(494735)studied.jpg(809178)corner.jpg(1888820);moved.pdf(2167638)under.txt(187217)nigeria.zip(2074278)ever.jpg(1712984);curved.exe(365774);overall.txt(704944)alerted.exe(728565);when.zip(1634850);1974.doc(664038)worked.zip(1973462)how.exe(2193474),21975446,40,0.9999998113207903,0.0,0.15
VCF1602,2010-01-03,34,34,4,34,towards.jpg(1108574);widely.zip(1970648)jackson.exe(825918);helped.txt(1397951)jackson.exe(825918);helped.txt(1397951)1854.doc(1337571)1854.doc(1337571)route.doc(159282);reorganized.pdf(906235);extra.txt(778304)route.doc(159282);reorganized.pdf(906235);extra.txt(778304)developers.jpg(912221);cannot.doc(132516)developers.jpg(912221);cannot.doc(132516)freezes.exe(1553174)freezes.exe(1553174)novels.exe(1369092)novels.exe(1369092),22828641,19,0.9999997058824394,0.0,0.15
VCF1602,2010-01-04,37,37,0,0,idea.jpg(415470)eastern.txt(1852453)25.exe(1087378);sought.zip(1025371);clustered.doc(1610744);showcases.exe(1111075);director.jpg(1504000)25.exe(1087378);sought.zip(1025371);clustered.doc(1610744);showcases.exe(1111075);director.jpg(1504000)real.txt(128347);19th.exe(1832865);incubator.jpg(1297509)real.txt(128347);19th.exe(1832865);incubator.jpg(1297509)white.doc(372039)white.doc(372039)25th.txt(383313)25th.txt(383313)copies.exe(374393),24447297,25,0.9999997297298027,0.0,0.15
VCG1873,2010-01-04,11,11,1,0,unique.doc(2338140);german.txt(1013284)his.pdf(1467733)beasts.jpg(905707);shield.jpg(1603020),7642115,10,0.9999990909099173,0.0,0.15
VCH0461,2010-01-04,39,39,9,0,emerging.zip(968362);thirteen.zip(554669)exactly.pdf(959596)some.txt(1951638);first.exe(971286);safe.zip(430771);mission.pdf(472457)reportedly.txt(1378551)retreated.zip(87815)garden.exe(972485),9861406,33,0.9999997435898093,0.0,0.15
VCM0992,2010-01-04,21,21,0,0,praised.txt(1047256)twelve.exe(1360772)surgeon.doc(698497)minister.doc(1307496)all.pdf(1000975);twelve.exe(1690382);objecting.txt(452407);am.exe(1141383);along.jpg(243038)presidents.doc(17835);new.zip(1898004)20.exe(84601);right.doc(933699),12504284,21,0.9999995238097505,0.0,0.15
VDB0481,2010-01-04,19,19,0,0,another.txt(698836)prone.jpg(214220)destroyers.zip(32622)temporary.doc(422141);defiance.txt(1800993)lights.jpg(1009322)did.zip(1078067);highest.txt(730930),6523644,17,0.9999994736844876,0.0,0.15
VFA1284,2010-01-04,36,36,3,0,set.exe(299465)spoon.txt(1486715)sings.exe(705484)without.exe(876238)hall.doc(118321);hold.jpg(562419)rocky.jpg(1174439);all.jpg(550770)sit.pdf(1097154)king.zip(686201)opposed.doc(1062300);teaching.zip(1081310);harsh.zip(1540698)served.txt(1824593);reaches.jpg(999790);mouth.zip(36937),15153036,32,0.9999997222222993,0.0,0.15
VLV0933,2010-01-04,30,30,0,0,alan.pdf(378010)onomastic.pdf(372500)cedarside.txt(733643)beyond.jpg(435141)updates.zip(2048332);updates.exe(817206)types.doc(1139406)navy.txt(1123689),7982002,25,0.9999996666667778,0.0,0.15
VMD0850,2010-01-04,26,26,0,0,havent.doc(1063035);into.zip(1060469)educational.doc(701288);formed.doc(2252705),5929509,24,0.9999996153847633,0.0,0.15
VMP1252,2010-01-04,7,7,1,0,characters.pdf(5138);maniraptora.exe(1081457)sequences.pdf(281675);two.doc(873434)interpretations.zip(277439)interpretations.zip(277439),2969444,6,0.9999985714306123,0.0,0.15
VPA0974,2010-01-02,18,18,8,18,neither.pdf(1046040);1968.zip(975633);21.pdf(656195);21.zip(1631798);harassment.doc(437859)neither.pdf(1046040);1968.zip(975633);21.pdf(656195);21.zip(1631798);harassment.doc(437859)tennessee.exe(819779)tennessee.exe(819779)plot.pdf(566920);failure.doc(1090180);facility.txt(1053814)plot.pdf(566920);failure.doc(1090180);facility.txt(1053814),17061736,9,0.9999994444447531,0.0,0.15
VPA0974,2010-01-04,30,30,0,0,occurring.zip(824098);knock.jpg(505276)acknowledged.jpg(2139950);port.exe(1059721);backdrop.txt(595936);silver.zip(510637);year.txt(858333)distinguish.doc(770197)saying.pdf(1084502);luxembourg.exe(262272)recolonization.jpg(1318809);exceeding.exe(129013)recolonization.jpg(1318809);exceeding.exe(129013)popular.doc(598609);or.jpg(1056533)popular.doc(598609);or.jpg(1056533)authors.txt(1819086)authors.txt(1819086)1992.zip(734619)1992.zip(734619),20852578,18,0.9999996666667778,0.0,0.15
VRP0267,2010-01-02,24,24,19,24,journalists.exe(413776)prominently.doc(321539)orbit.doc(40737);apart.zip(826223)journalists.exe(413776)prominently.doc(321539)orbit.doc(40737);apart.zip(826223),4013006,15,0.9999995833335069,0.0,0.15
VRP0267,2010-01-03,25,25,1,25,violence.pdf(1085946)violence.pdf(1085946)see.jpg(1518319);resides.exe(1382773);resides.doc(374099);generally.txt(1725923);reach.doc(1680589);resides1.exe(408620);550.doc(1152724)see.jpg(1518319);resides.exe(1382773);resides.doc(374099);generally.txt(1725923);reach.doc(1680589);resides1.exe(408620);550.doc(1152724)narrowly.txt(82176)narrowly.txt(82176)operation.jpg(1564971)setting.zip(391467)operation.jpg(1564971)setting.zip(391467)torched.pdf(423265);long.doc(1158703);indies.txt(472763),25612432,14,0.99999960000016,0.0,0.15
VRP0267,2010-01-04,35,35,4,0,carrying.doc(453829);launched.doc(710123);finally.pdf(880804);called.jpg(101807);just.exe(1562508);gundalow.txt(884907)carrying.doc(453829);launched.doc(710123);finally.pdf(880804);called.jpg(101807);just.exe(1562508);gundalow.txt(884907)fined.zip(854933)whose.zip(1239530);drawn.doc(695289);quality.exe(344762)limbs.pdf(1384005)irregular.zip(331183);system.jpg(1509570);with.exe(1596018)unpredictable.txt(1937846),20185302,21,0.9999997142857958,0.0,0.15
VSB1317,2010-01-04,10,10,0,0,sinks.jpg(265004)frequent.jpg(166066),708493,10,0.9999990000010001,0.0,0.15
VSH1899,2010-01-04,7,7,0,0,preferred.txt(760196);inspection.exe(515130),1468159,6,0.9999985714306123,0.0,0.15
VUW0873,2010-01-04,11,11,0,0,worker.zip(1552107)worker.zip(1552107)further.txt(1051429)ascent.jpg(751660);eight.zip(1859806);26.pdf(254559)ascent.jpg(751660);eight.zip(1859806);26.pdf(254559),10243794,8,0.9999990909099173,0.0,0.15
VVG0624,2010-01-04,4,4,0,0,among.doc(721426);male.zip(1215446)among.doc(721426);male.zip(1215446),4004877,3,0.9999975000062501,0.0,0.15
VWM0491,2010-01-04,21,21,0,0,introduced.exe(2147346);same.exe(1693132)introduced.jpg(1002074);catch.exe(761048)nonetheless.txt(1643223)are.txt(587563)lakefront.jpg(1054043)than.doc(574929);given.txt(895804)use.doc(1964720)stopped.txt(878750);crucial.txt(1021059)less.txt(266055);using.exe(367140);metres.jpg(324260),15831305,14,0.9999995238097505,0.0,0.15
WAF1652,2010-01-04,26,26,0,0,nimitz.pdf(1489914);light.pdf(738771)type.exe(1063990)j.doc(1899587)subvert.zip(1306497)achr.jpg(747190)travelling.pdf(87878);whereas.pdf(822964),8908381,26,0.9999996153847633,0.0,0.15
WAH0793,2010-01-04,20,20,0,0,shortly.exe(1488791)can.jpg(1728768)angrily.pdf(1289131);sense.zip(148477);dalhousie.doc(1547676);technical.txt(480436),7314129,16,0.9999995000002501,0.0,0.15
WAH1774,2010-01-04,25,25,0,0,sold.jpg(768233);taken.zip(1148327)begins.pdf(352419)since.exe(1039588)press.doc(813217);enemy.doc(138500)at.zip(1683365);of.txt(567925);much.txt(894029);viewed.zip(494368)because.zip(1892162);closed.doc(270215)difficult.jpg(923624),11654071,23,0.99999960000016,0.0,0.15
WAS1823,2010-01-04,46,46,0,0,1980.jpg(352485)gangs.doc(237226);term.doc(667086)25.jpg(1765746)editor.pdf(867172)subject.txt(194910)national.txt(2232983);central.zip(306741),8150902,41,0.9999997826087429,0.0,0.15
WBB0339,2010-01-04,21,21,1,0,why.doc(1414752);down.pdf(1651624);off.doc(541148);opinion.doc(1625408)thought.txt(1282892);sequence.txt(837551);archaean.exe(626551)brand.jpg(1806181);joolas.txt(436514)into.pdf(763182)problem.doc(57784)maternity.doc(1172528)standing.zip(884980),13689736,17,0.9999995238097505,0.0,0.15
WBK1077,2010-01-04,55,55,2,0,jerry.exe(305546);21.txt(1322098);village.doc(214844)appealing.doc(1383304)stem.doc(1009332);wisconsinian.exe(527148)instead.exe(705129);arisen.zip(1376616);while.pdf(721722)more.txt(796814)more.txt(796814)comeback.exe(572431)during.pdf(713133)comeback.exe(572431)during.pdf(713133)aimed.doc(2802598);ensuing.jpg(231350)aimed.doc(2802598);ensuing.jpg(231350)ulysses.exe(1721713)ulysses.exe(1721713)standards.exe(1130671);eastern.pdf(612959);main.pdf(246214);42.jpg(1643686)standards.exe(1130671);eastern.pdf(612959);main.pdf(246214);42.jpg(1643686),30121265,34,0.9999998181818511,0.0,0.15
WBP0828,2010-01-04,18,18,0,0,positive.doc(1636595);surrounded.exe(832253)professed.txt(593325);entertaining.zip(390557);is.zip(837030)4.pdf(825529);published.exe(95581)statistics.pdf(134456);time.txt(1089843)mothers.exe(142952);designed.pdf(2696873)according.pdf(718329);machine.jpg(527556);released.pdf(1759242),12824644,12,0.9999994444447531,0.0,0.15
WCB0806,2010-01-04,14,14,1,0,reduced.jpg(518374);revealed.doc(1367781)students.doc(1033919)spoof.doc(1371720);told.jpg(816748)monks.txt(144714);received.exe(1538122),7238534,14,0.9999992857147959,0.0,0.15
WCN0261,2010-01-04,29,29,9,0,let.txt(581406);charted.jpg(845674)tabloid.zip(1788150)landmark.txt(872154)deployed.exe(461748)singing.jpg(165624)won.txt(154934),5802316,23,0.9999996551725328,0.0,0.15
WCO0020,2010-01-04,34,34,0,0,one.txt(112777);stage.doc(1129838);time.exe(700754);instruction.zip(1289528)companies.doc(736551);contributed.zip(114281)beautiful.exe(345476);winner.exe(563119)between.pdf(409102)southwest.pdf(753939);within.txt(1096695)still.doc(443940),8748431,28,0.9999997058824394,0.0,0.15
WCR1830,2010-01-04,39,39,0,0,also.doc(1613770)november.pdf(2204860);costumes.doc(542666)he.txt(1131747);because.doc(1621767)illyria.jpg(535320);port.pdf(618895)7.jpg(366992);decision.exe(2293231);main.exe(706880);face.pdf(530176);penetrated.zip(15684);50.jpg(1183334)main.exe(378560);completely.doc(58296)grayson.zip(382587)national.txt(2232983);central.zip(306741),17796821,36,0.9999997435898093,0.0,0.15
WCR1998,2010-01-04,18,18,0,0,worldwide.doc(731359),1263135,18,0.9999994444447531,0.0,0.15
WCW1013,2010-01-04,36,36,6,0,becomes.jpg(1518718)suffocating.doc(2015145)now.jpg(913397)25.zip(1700853);begun.doc(425576)suggested.exe(1112283)most.doc(1029000);may.doc(288991);indicated.zip(362081),10342887,29,0.9999997222222993,0.0,0.15
WDP1689,2010-01-04,9,9,0,0,pursue.exe(625838);believed.doc(2224701)be.pdf(1800586)expensive.jpg(795046);heavy.jpg(949923)expensive.jpg(795046);heavy.jpg(949923),8425682,8,0.9999988888901234,0.0,0.15
WDS1286,2010-01-04,57,57,1,0,more.pdf(577757)more.pdf(577757)mountains.txt(124304)losing.txt(1179303)three.pdf(551650)three.pdf(551650)another.zip(1019220);surrounding.doc(42833)another.zip(1019220);surrounding.doc(42833)decision.jpg(693160)case.exe(1590636)appearance.pdf(2605593);further.pdf(1286707)results.txt(460209)results.txt(460209),14399006,38,0.9999998245614342,0.0,0.15
WDT1634,2010-01-04,14,14,0,0,shape.jpg(1234470);black.pdf(327001);shape.zip(652009)sixty.pdf(240074);toward.txt(132274)conditions.doc(1547669)allow.exe(560644),5160319,14,0.9999992857147959,0.0,0.15
WDT1754,2010-01-04,15,15,0,0,advised.zip(1456915),1937287,15,0.9999993333337778,0.0,0.15
WEC0304,2010-01-04,17,17,0,0,lakefront.jpg(1054043)declined.exe(221773),1792187,14,0.9999994117650519,0.0,0.15
WFV0687,2010-01-04,26,26,6,0,suffocating.zip(499137)used.zip(400474)output.txt(37211)inaugural.exe(1025229);victoria.pdf(499690)lay.exe(1092255)irregular.zip(331183);system.jpg(1509570);with.exe(1596018)statistics.txt(1773135)cue.zip(1190094);sonic.jpg(550521);convinced.pdf(890812);grudges.exe(1483900)slowly.zip(812795)unpredictable.txt(1937846)britains.jpg(407973);1902.jpg(1020593)prince.exe(2664026),20573076,23,0.9999996153847633,0.0,0.15
WGF1260,2010-01-04,5,5,0,0,fans.exe(1346448);takes.exe(1568309);age.jpg(1360954);referred.txt(238370);described.zip(821532)oussouye.txt(1899887);reluctant.exe(804530);only.jpg(1701893)solange.txt(493161);trunks.txt(63125),10426075,5,0.9999980000040001,0.0,0.15
WHB1247,2010-01-04,2,2,0,0,,45681,2,0.9999950000249999,0.0,0.15
WHG1669,2010-01-04,22,22,4,0,stable.jpg(1928921)couldnt.exe(1401629);2006.zip(1196083)german.doc(1343724);proposal.exe(358005);or.pdf(426932)vital.jpg(1419899)extensive.exe(868370);lifted.jpg(53122);data.jpg(1946072);one.pdf(1063006)happy.txt(1803409);into.exe(789531);birth.zip(1356661)while.zip(3038492)unexpected.jpg(287002);he.jpg(84590)was.zip(1976806);battalion.txt(175231)elegant.exe(123590),22288617,19,0.9999995454547521,0.0,0.15
WIR1720,2010-01-03,16,16,1,16,negotiations.pdf(579591);advantage.zip(886878)strongest.jpg(837393)professional.jpg(341328);caspian.exe(893405);event.zip(764165);land.exe(1606519),6343991,16,0.9999993750003906,0.0,0.15
WIR1720,2010-01-04,39,39,0,0,urges.pdf(551551)simply.pdf(672101)story.txt(824818)golden.jpg(177964)script.txt(1608294),4985453,32,0.9999997435898093,0.0,0.15
WIW1212,2010-01-04,25,25,0,0,indicates.exe(1216659)form.zip(57732);become.txt(1168303)made.exe(678157)fault.zip(799145);dated.zip(1406568)year.jpg(1864840),7976691,22,0.99999960000016,0.0,0.15
WJM1922,2010-01-04,3,3,0,0,,66545,3,0.9999966666777778,0.0,0.15
WLH1827,2010-01-04,43,43,0,0,franchise.zip(606951);chords.txt(191938);stability.doc(842625);end.txt(709549);human.exe(1922833);chords.zip(157866);youngest.zip(1046249);collaborated.exe(1278968)commercial.zip(1007483);commercial.exe(985986);run.zip(864291)newspapers.pdf(1221511);sharing.txt(704990)are.exe(396011);along.txt(693870)stop.doc(454641)engagements.doc(508072)gangs.doc(237226);term.doc(667086)boy.exe(1635325);origins.jpg(838942),18332710,36,0.9999997674419144,0.0,0.15
WLN0852,2010-01-04,32,32,0,0,intensity.exe(112928)heroes.txt(871449);faked.doc(752594)people.exe(1118708);people.doc(989188);public.jpg(1314457);minute.txt(47074)arrest.exe(25151)havent.doc(1063035);into.zip(1060469)general.pdf(173749)announced.pdf(2255380)prior.zip(1848153)services.pdf(886764)pressure.zip(586900)september.doc(1321577),15378434,30,0.9999996875000976,0.0,0.15
WLN1730,2010-01-04,39,39,8,0,ensure.doc(780095);lived.txt(2458906);coincide.txt(196517)purchased.pdf(761321)reviewer.pdf(153328);they.txt(1051941)thoroughly.exe(187689);few.pdf(1233127)faster.pdf(389522)longer.txt(651150);bustling.exe(66985)half.txt(177403);secure.pdf(1515829)begun.zip(1793477);batplane.jpg(651006);1930.txt(98322)quickly.doc(265688)billion.pdf(503246)supporting.doc(175152);1926.zip(292874)walking.zip(1261495);modified.exe(1781978),17638374,30,0.9999997435898093,0.0,0.15
WLP0123,2010-01-04,25,25,0,0,primary.pdf(492666);became.jpg(306176);outpost.pdf(1554927);way.doc(960610);safety.zip(210245)what.pdf(411605)april.pdf(93547);provincial.doc(762809);biting.zip(643177)seeking.jpg(1187055);welcomed.zip(214490)located.pdf(594081);illegal.txt(1007899);honor.exe(182524);windows.doc(1341661);created.doc(629484);established.doc(207193)extends.doc(262228)significantly.zip(716883);matthau.exe(1015106)young.doc(1331547)young.doc(1331547)scandinavia.jpg(1556175);below.zip(787269)areas.txt(1696793);amr.pdf(999744);an.exe(593256),21796905,18,0.99999960000016,0.0,0.15
WMH1300,2010-01-04,5,5,0,0,josiah.exe(1048126);conditions.pdf(1755431);change.jpg(1542847),4497269,5,0.9999980000040001,0.0,0.15
WMS0486,2010-01-04,24,24,0,0,opposite.pdf(931178)prince.txt(358264)receipts.doc(78287)born.exe(1995301)body.jpg(870577)first.pdf(1659973);enforcement.jpg(437290),7086058,20,0.9999995833335069,0.0,0.15
WMS1274,2010-01-04,43,43,2,0,senate.exe(971047)looked.zip(926425);cohesion.jpg(930841);our.doc(830165);abraham.pdf(154725)sometimes.zip(67923)decided.txt(586559);this.pdf(1121085)son.txt(90479)recaptured.jpg(1182777);sent.doc(161058);ultimatum.exe(792032);hur.pdf(43296);bemoaned.zip(1327191);combined.pdf(919915)rain.exe(531050);washington.pdf(753797)conference.txt(608025)wants.jpg(1057271);york.txt(527148);charity.jpg(461387),15360678,39,0.9999997674419144,0.0,0.15
WNB1558,2010-01-04,21,21,4,0,prime.zip(640155)world.txt(1142628)widespread.pdf(1198929)horse.zip(10841);before.doc(1112212)hopeless.exe(587033);area.exe(519008);set.exe(345965);taken.zip(1283415);costs.doc(792925)clear.exe(434138)contrails.jpg(1108827);milky.pdf(271816),10056294,20,0.9999995238097505,0.0,0.15
WOG0797,2010-01-04,33,33,0,0,expire.zip(699054)their.pdf(392248);local.doc(492866)angrily.pdf(1289131);sense.zip(148477);dalhousie.doc(1547676);technical.txt(480436)axis.jpg(945374);dwarf.jpg(897874)affirmative.txt(1280661);decide.exe(1760323)canadian.zip(1060237)brought.exe(39346)effectively.doc(2574558);then.pdf(1719752),16191519,29,0.9999996969697887,0.0,0.15
WOM1587,2010-01-04,7,7,1,0,promoting.jpg(346970);years.doc(1074995);reefs.zip(442391)highly.pdf(667081);project.pdf(1654948)against.doc(2260208);now.pdf(1661367),8277555,6,0.9999985714306123,0.0,0.15
WOS1834,2010-01-04,38,38,0,0,newspapers.pdf(1221511);sharing.txt(704990)are.exe(396011);along.txt(693870)november.pdf(2204860);costumes.doc(542666),6918255,37,0.9999997368421745,0.0,0.15
WPC1984,2010-01-04,8,8,0,0,,220383,8,0.9999987500015626,0.0,0.15
WPL0086,2010-01-04,25,25,0,0,anhydrous.zip(895561)united.zip(592410);knight.jpg(648660)bullion.txt(1097940)hero.doc(513494);participated.doc(1207711)15.doc(583594)compete.doc(830142)cave.zip(720403);fighting.pdf(549836);act.doc(903805)consider.zip(288654);thoroughfare.txt(802292),10429114,21,0.99999960000016,0.0,0.15
WRB1978,2010-01-04,9,9,0,0,already.jpg(1162766);specific.txt(663800)council.zip(940328);out.jpg(588927);privy.zip(685818),4299206,9,0.9999988888901234,0.0,0.15
WRH0526,2010-01-04,21,21,5,0,is.exe(649959);fog.jpg(583229)friends.exe(1752851)100.doc(1963226)body.jpg(747301)sank.jpg(810274)prince.exe(1503056);prince.pdf(55802)hometown.jpg(1642051)celebrate.pdf(19500);2005.txt(285355);where.pdf(803181);42.zip(1465564);born.jpg(970134);advantage.zip(33133);corey.exe(449712);version.txt(709651);stopped.exe(329207)towards.doc(1189648);long.jpg(1144732)previous.jpg(114868),17858439,21,0.9999995238097505,0.0,0.15
WRH0868,2010-01-04,40,40,0,0,stock.txt(427582)educational.doc(701288);formed.doc(2252705)educational.doc(701288);formed.doc(2252705)at.zip(684950)moderate.doc(660913)diagnosed.pdf(622692)diagnosed.pdf(622692)economy.doc(102577);observed.exe(1486449)installed.txt(625904)installed.txt(625904)prison.jpg(1565524);saw.txt(474191);following.doc(725756)prison.jpg(1565524);saw.txt(474191);following.doc(725756),18650990,26,0.9999997500000625,0.0,0.15
WSE1363,2010-01-04,8,8,2,0,no.jpg(1036791);until.jpg(1326922);cirrocumulus.zip(74332)gloucester.exe(151438);1800.pdf(2208586)gloucester.exe(151438);1800.pdf(2208586),7404342,7,0.9999987500015626,0.0,0.15
WSK1857,2010-01-04,8,8,0,0,verbally.jpg(685513);laurence.exe(589449)cross.exe(615125);wide.txt(232151)than.txt(1784948);complaints.txt(1298995),5438691,7,0.9999987500015626,0.0,0.15
WSW1091,2010-01-04,8,8,1,0,referring.zip(509789);bound.zip(1497242),2228845,8,0.9999987500015626,0.0,0.15
WTC0699,2010-01-03,9,9,0,9,along.pdf(813387)month.pdf(1634330);mbar.doc(1008495);from.zip(491031),4207515,9,0.9999988888901234,0.0,0.15
WTC0699,2010-01-04,12,12,0,0,court.doc(696238);spherical.pdf(1181307)but.jpg(1261269)well.exe(927165);south.zip(1245872);by.pdf(404447)known.jpg(51981);we.jpg(467477);private.doc(2273956);harsher.pdf(2428278);would.txt(468992),11746959,9,0.9999991666673611,0.0,0.15
WWW0701,2010-01-04,13,13,0,0,southwest.pdf(1129013);birth.doc(1090910);from.exe(570047)agreed.exe(226768)into.doc(454235)prince.jpg(1481296),5313671,12,0.9999992307698226,0.0,0.15
WYG0599,2010-01-04,18,18,3,0,ten.exe(1428944);nukualofa.txt(359308);1.exe(1612821);northwest.jpg(749935)1937.pdf(1093145);lambert.jpg(1324250);habitats.pdf(1104031)slater.doc(1328440)had.pdf(1210990)according.pdf(718329);machine.jpg(527556);released.pdf(1759242),13761778,13,0.9999994444447531,0.0,0.15
WZB0733,2010-01-04,23,23,6,0,1969.jpg(151365);bring.jpg(757798);low.txt(1289438)young.zip(1603746);young.jpg(1855332)states.jpg(236072)while.exe(971898)adversely.exe(2336570);succeeded.zip(798804),10649443,23,0.9999995652175804,0.0,0.15
XAB0622,2010-01-04,4,4,0,0,within.doc(1501272);three.txt(1111695)including.exe(833464);expected.txt(151030),3674220,4,0.9999975000062501,0.0,0.15
XAM0376,2010-01-04,15,15,2,0,body.zip(901033);run.pdf(1208662)system.doc(802457)explained.doc(375073),3786935,12,0.9999993333337778,0.0,0.15
XAO1684,2010-01-04,2,2,0,0,thick.pdf(1374763);increase.exe(1027494)be.pdf(1800586),4257835,2,0.9999950000249999,0.0,0.15
XAW0912,2010-01-04,33,33,2,0,prince.zip(170543)can.jpg(1728768)became.exe(613511)exploit.doc(731563);system.pdf(94010);crowd.zip(612608)from.pdf(41377)improving.doc(108734);created.doc(1742314);birth.txt(796948)before.pdf(1513204);suburbs.doc(1431357)prince.jpg(253450),10776061,31,0.9999996969697887,0.0,0.15
XBK0246,2010-01-02,11,11,0,11,warns.pdf(480361)food.jpg(881677);or.txt(897163);northeastern.pdf(1559314)is.zip(1172876)spot.txt(1124459);while.zip(193333)747s.doc(2065830),8710462,9,0.9999990909099173,0.0,0.15
XBK0246,2010-01-04,23,23,0,0,would.doc(319078)along.pdf(217611)court.jpg(1292171);ceramics.exe(961168)caves.txt(442766)gatherings.txt(2391231);interests.exe(267080);students.zip(943835)country.zip(409291);idea.exe(923103),8810098,21,0.9999995652175804,0.0,0.15
XCC1786,2010-01-04,17,17,0,0,affairs.pdf(1970463);europe.zip(1270768)being.doc(1301959)difficult.jpg(923624),5925058,13,0.9999994117650519,0.0,0.15
XDG1256,2010-01-04,3,3,0,0,champion.doc(105107);du.jpg(1119570)interpretations.zip(277439),1587619,3,0.9999966666777778,0.0,0.15
XDM0723,2010-01-04,14,14,0,0,our.pdf(1036804);royal.doc(1602348)original.jpg(1832524);along.zip(923426);original1.jpg(836161)number.pdf(610969),7226454,10,0.9999992857147959,0.0,0.15
XFK0050,2010-01-04,28,28,0,0,basis.txt(430687);cool.zip(1030814)saw.pdf(2325361)washington.zip(1079546);g.zip(73089)finished.txt(1989731)receptions.exe(395096)31.pdf(1505109)is.doc(2209484);earl.pdf(1281658),13227387,27,0.9999996428572704,0.0,0.15
XJB1052,2010-01-04,4,4,0,0,present.doc(228989);sweet.txt(1217743);greek.jpg(323292),1894075,4,0.9999975000062501,0.0,0.15
XJH0483,2010-01-04,22,22,0,0,training.pdf(1023178)young.doc(686126)finest.exe(68947)vessels.exe(1114691);appeared.exe(630007)100000.doc(1221283)ft.zip(81379);parents.txt(1775516)outline.jpg(998618);hock.exe(908048),9295917,21,0.9999995454547521,0.0,0.15
XJP1627,2010-01-04,25,25,0,0,inches.exe(1433578)1880s.pdf(1403518)decided.doc(598856);seven.doc(925847)real.txt(128347);19th.exe(1832865);incubator.jpg(1297509)welcome.txt(67124);rabbis.pdf(840475);growth.zip(806495);spread.exe(924958),10962201,23,0.99999960000016,0.0,0.15
XJS1358,2010-01-03,2,2,0,2,online.zip(590186);reported.exe(1897212)online.zip(590186);reported.exe(1897212),5022326,1,0.9999950000249999,0.0,0.15
XJS1358,2010-01-04,2,2,0,0,,77326,1,0.9999950000249999,0.0,0.15
XKB0040,2010-01-04,37,37,0,0,mute.txt(1816818);guard.doc(2131699)entering.jpg(267874)some.txt(1951638);first.exe(971286);safe.zip(430771);mission.pdf(472457)rested.doc(999799)them.zip(21837)faces.txt(1442013)anti.pdf(1268651);of.pdf(2111704);paper.txt(577332)undergone.pdf(2110111);before.exe(1965253);reaction.jpg(63072)loosely.jpg(346746)important.exe(618212)blacks.zip(197127),20901586,28,0.9999997297298027,0.0,0.15
XKB1829,2010-01-04,32,32,0,0,waiting.exe(1119563);commissioned.exe(934208);vast.exe(532008);harriet.zip(787448)mob.txt(1083311)26.doc(58248)gangs.doc(237226);term.doc(667086)faunas.exe(628994);pronounced.txt(531947)25.doc(1660720)now.jpg(913397)suggested.exe(1112283),11250694,27,0.9999996875000976,0.0,0.15
XKR0168,2010-01-04,24,24,17,0,performance.zip(528735)moment.txt(252194);along.doc(2697123)properly.pdf(802407)cruel.pdf(1275530)public.exe(2748)victoria.jpg(618144);liberal.pdf(2085126);july.zip(1078937);were.exe(876158);twice.exe(448589);july.pdf(1178724)classed.jpg(764509);genus.exe(868414);campsites.jpg(141742);july.zip(1121150);removed.zip(925778);subsequently.doc(698783);reflect.pdf(849256);ailments.jpg(1228120);trip.pdf(805312)mandate.zip(1463034);departments.zip(843136);latter.pdf(797120);appointed.pdf(642185);successive.doc(1148715);appointed.zip(931762);tombalbaye.doc(1094146)nekron.zip(302156)beetles.zip(128664);center.pdf(608303),27904340,19,0.9999995833335069,0.0,0.15
XMG1579,2010-01-04,8,8,0,0,cited.zip(1756915);image.jpg(587286)few.zip(1020215);appearance.zip(801055);philosophical.zip(1020703)few.zip(1020215);appearance.zip(801055);philosophical.zip(1020703)satisfied.exe(906789);too.zip(2063761)isthmus.exe(730905);marks.zip(752648),12684518,5,0.9999987500015626,0.0,0.15
XNC1338,2010-01-02,20,20,1,20,13.doc(1835701);army.doc(1931135);covered.jpg(857454);parliamentary.pdf(50720);next.doc(646408)human.doc(888369)human.doc(888369)where.doc(1177354);cars.zip(220952);disappeared.doc(347607)where.doc(1177354);cars.zip(220952);disappeared.doc(347607)involved.exe(720101)post.jpg(275051);post1.jpg(830832)post.jpg(275051);post1.jpg(830832),14059819,12,0.9999995000002501,0.0,0.15
XNC1338,2010-01-03,21,21,1,21,appetite.doc(1153902)appetite.doc(1153902)kilometres.zip(1040343);local.zip(375670)lee.zip(814987)kilometres.zip(1040343);local.zip(375670)lee.zip(814987)autumn.doc(862282);took.doc(1196004);repeatedly.jpg(537792);generally.pdf(300941);an.exe(566130)autumn.doc(862282);took.doc(1196004);repeatedly.jpg(537792);generally.pdf(300941);an.exe(566130)bring.txt(117833),14422165,12,0.9999995238097505,0.0,0.15
XNC1338,2010-01-04,29,29,0,0,style.pdf(231506);major.pdf(734448)adaptation.pdf(683668);ones.jpg(1123078);use.doc(1055261);flight.jpg(1353559);defends.jpg(323771)adaptation.pdf(683668);ones.jpg(1123078);use.doc(1055261);flight.jpg(1353559);defends.jpg(323771)new.zip(935269)new.zip(935269),12796479,16,0.9999996551725328,0.0,0.15
XRS0498,2010-01-04,35,35,0,0,depression.txt(1448774);depression1.txt(906609)printed.doc(440193);their.pdf(830855);may.exe(1400723)burning.exe(618411)similar.doc(1200664);capable.jpg(63685)changed.pdf(124733)long.doc(1029952);325.zip(144377)rather.exe(170600)prefecture.doc(619388);highest.txt(491451);coordinates.doc(273878);near.txt(1240008);consistent.pdf(2529555);independently.exe(1883447);30.exe(252754);return.txt(1757025)novel.pdf(1854421)liberal.zip(832261)stock.exe(1251172),22332876,35,0.9999997142857958,0.0,0.15
YBD1929,2010-01-04,49,49,12,0,overturned.doc(966257)week.zip(267660);duration.jpg(1090337);most.jpg(670468)provide.exe(2072421)nearly.doc(1420431)frequently.doc(513772)relieved.exe(771870);secretly.zip(1455544);1893.txt(126578);period.exe(73214);1893.doc(795004)home.doc(1334722)when.exe(711835);fell.jpg(1906061);city.pdf(1365063)usd.jpg(610974)information.zip(898959),18501097,44,0.9999997959184089,0.0,0.15
YBH0948,2010-01-04,38,38,0,0,progress.jpg(300485)dr.jpg(1188038);period.pdf(835175)dr.jpg(1188038);period.pdf(835175)recreation.zip(960970)control.txt(1350693)along.pdf(1549286);vicinity.pdf(817452);australasian.txt(383656);declared.txt(1386113)i.zip(314027);research.doc(1020980);compound.zip(366488);members.zip(235552)gun.zip(368927),14252815,22,0.9999997368421745,0.0,0.15
YBH1926,2010-01-04,41,41,7,0,set.exe(471884)act.txt(2104260)blind.txt(322406);south.jpg(1393240);had.exe(1914038)actually.pdf(328256);section.exe(1443423)by.txt(1175817)59.pdf(338264)staff.jpg(799862)occurred.zip(1301775),12806952,31,0.9999997560976204,0.0,0.15
YCC0119,2010-01-04,32,32,0,0,factions.jpg(1460261);energy.zip(895203)factions.jpg(1460261);energy.zip(895203)inherent.jpg(1848378)inherent.jpg(1848378)world.jpg(240113)world.jpg(240113)checking.jpg(120477)checking.jpg(120477)until.pdf(1300968);imposed.exe(1390316)1885.doc(628479)near.zip(560529)locally.txt(885385);america.exe(476765),15420339,20,0.9999996875000976,0.0,0.15
YDH0577,2010-01-04,18,18,0,0,slowed.jpg(1295746);campaign.jpg(449986);herself.exe(1316335)17.exe(1626731);installment.doc(1631685)just.doc(1762509)tattoos.txt(552945);new.exe(461672);13.exe(593906)as.pdf(1049356),11361457,16,0.9999994444447531,0.0,0.15
YDM1822,2010-01-04,33,33,0,0,hours.doc(87926);keller.jpg(301638);selectors.exe(934250);help.txt(718733)troubled.txt(694378)numerous.txt(2130291);and.doc(69350);joel.txt(197919);number.pdf(1068428)7.jpg(366992);decision.exe(2293231);main.exe(706880);face.pdf(530176);penetrated.zip(15684);50.jpg(1183334)they.doc(1962716)attacked.jpg(1852127);throwing.exe(1787715);baltic.jpg(252352)aid.zip(2364016),20462851,27,0.9999996969697887,0.0,0.15
YEG1439,2010-01-04,8,8,0,0,chocolate.zip(1949544);united.jpg(211620)landscape.pdf(505181);among.zip(1006185),3920351,8,0.9999987500015626,0.0,0.15
YHO0982,2010-01-04,31,31,2,0,ahmose.exe(658241);ahmose.pdf(239440)panelling.doc(2047877);did.jpg(242345);people.zip(992337)panelling.doc(2047877);did.jpg(242345);people.zip(992337)passed.doc(1758225)passed.doc(1758225)condition.pdf(782625);overhaul.pdf(1592285);quit.jpg(1329872);between.doc(564479);put.exe(849721);weapons.doc(498481)condition.pdf(782625);overhaul.pdf(1592285);quit.jpg(1329872);between.doc(564479);put.exe(849721);weapons.doc(498481),23126851,19,0.9999996774194589,0.0,0.15
YIN0342,2010-01-04,30,30,0,0,cornet.exe(437578)extended.txt(764827)several.doc(599755);july.txt(614732)several.doc(599755);july.txt(614732),4392431,17,0.9999996666667778,0.0,0.15
YJB0171,2010-01-02,18,18,0,18,the.doc(918971)among.doc(84266)defence.zip(264406);enforced.txt(279756),2142035,17,0.9999994444447531,0.0,0.15
YJB0171,2010-01-04,46,46,0,0,otherwise.doc(1012721);experience.txt(2054176);stanislavski.pdf(1291892);glories.jpg(155462);stanislavski.exe(35726);actors.doc(1302340);change.exe(1526446);columns.jpg(1320803);described.txt(210691)government.pdf(576480)properly.pdf(802407)sale.jpg(615559);november.doc(247601)focus.pdf(1014245);typifying.pdf(296794);before.exe(80421);their.txt(577495)war.jpg(704488)minded.exe(1038664)depended.exe(538028);elements.zip(1673705)title.txt(408966)mandate.zip(1463034);departments.zip(843136);latter.pdf(797120);appointed.pdf(642185);successive.doc(1148715);appointed.zip(931762);tombalbaye.doc(1094146),25871826,37,0.9999997826087429,0.0,0.15
YJB0829,2010-01-04,6,6,0,0,excellent.doc(460399);alongside.pdf(930373);from.jpg(1289040),2853907,6,0.9999983333361112,0.0,0.15
YKW1943,2010-01-04,51,51,15,0,shaky.doc(1301589)tunnel.pdf(282304)al.jpg(523170);open.doc(340478)expanded.exe(1198208)offensive.zip(955160);hull.pdf(1238698);guns.jpg(1112645);commodore.jpg(1099237);resign.pdf(367923);180.jpg(1488009)nearly.doc(1420431)gully.doc(1575991);which.jpg(748821)immediate.jpg(364819)example.exe(1618382)cables.pdf(680887);loft.zip(1251150)act.txt(2104260)when.exe(711835);fell.jpg(1906061);city.pdf(1365063)by.txt(1175817)particularly.zip(190343),26532128,42,0.999999803921607,0.0,0.15
YLH0423,2010-01-04,29,29,0,0,front.exe(749896)it.txt(849402)northern.txt(416537);since.txt(1347578)from.zip(929013);overall.exe(1591402),6777632,23,0.9999996551725328,0.0,0.15
YLR1188,2010-01-04,23,23,2,0,contributions.doc(597885);illustrate.pdf(1969003)knowledge.txt(415249);pard.pdf(1280431),4921986,19,0.9999995652175804,0.0,0.15
YMF1089,2010-01-04,6,6,0,0,consequently.doc(535562),695747,3,0.9999983333361112,0.0,0.15
YMJ0243,2010-01-04,32,32,0,0,spot.txt(1124459);while.zip(193333)food.jpg(881677);or.txt(897163);northeastern.pdf(1559314)magazines.txt(969993)court.jpg(1292171);ceramics.exe(961168)caves.txt(442766)gatherings.txt(2391231);interests.exe(267080);students.zip(943835)brought.zip(1064980);dedicated.zip(777642);recorded.exe(1123555);requested.doc(202045);that.doc(619639);happier.txt(277362);requested.txt(1775150)later.exe(1512649),20232479,30,0.9999996875000976,0.0,0.15
YNC1336,2010-01-04,21,21,5,0,spread.doc(1417863)emerging.zip(968362);thirteen.zip(554669)emphasised.exe(953087);reality.jpg(1388071)attempted.zip(1112016)exclusive.exe(1124633),8164547,19,0.9999995238097505,0.0,0.15
YNO0103,2010-01-04,41,41,9,0,thought.exe(139903)influence.pdf(723724)april.pdf(1491851);passed.zip(1657300);collisions.txt(78174);implies.pdf(90332);degrees.pdf(154116);away.exe(760617);eye.jpg(919293)are.jpg(2106105)killed.pdf(4450);area.doc(858548);seemingly.pdf(1639452);received.txt(1110619);ever.exe(2144581);threw.exe(480379)importance.exe(124494)receipts.doc(78287)eeriness.txt(659372);attempted.doc(63594);political.pdf(421163)eeriness.txt(659372);attempted.doc(63594);political.pdf(421163)germans.zip(935853);begun.pdf(959544);short.exe(314085)possibly.pdf(952299)possibly.pdf(952299)murder.zip(313612),22658785,31,0.9999997560976204,0.0,0.15
YSH1997,2010-01-04,18,18,0,0,what.pdf(411605)spurred.zip(27251);1250.jpg(901360)more.doc(666210);direction.pdf(1082799)characteristics.pdf(921766);operations.doc(1067760)blocks.zip(573876),6202527,14,0.9999994444447531,0.0,0.15
YVJ0986,2010-01-04,25,25,5,0,ahmose.exe(658241);ahmose.pdf(239440)european.doc(507822);never.doc(914720)honour.pdf(2011377);highest.pdf(15835);honour.jpg(2181703)anti.doc(1711146),8935019,22,0.99999960000016,0.0,0.15
YWF1562,2010-01-04,25,25,3,0,prime.zip(640155)world.txt(1142628)senate.exe(971047)agencies.jpg(1072555);minor.jpg(912928);young.exe(1973026)hopeless.exe(587033);area.exe(519008);set.exe(345965);taken.zip(1283415);costs.doc(792925)centre.doc(143111);city.exe(663038)relax.doc(815821),12622419,21,0.99999960000016,0.0,0.15
YYH0949,2010-01-04,22,22,0,0,regional.exe(989904)southwest.pdf(753939);within.txt(1096695)prince.pdf(1248888);prince1.pdf(813461),5581655,18,0.9999995454547521,0.0,0.15
ZAC0499,2010-01-04,34,34,0,0,established.jpg(1834924);mount.doc(2014061);mount.exe(582487);football.zip(974536);in.jpg(104557)anything.jpg(980141)american.pdf(884750);organized.doc(1029032)help.txt(273059);decision.txt(1648127);french.exe(794166);forgotten.zip(699586);nourishes.doc(867487);19.txt(43639);forgotten1.zip(606879);help.jpg(1430050)scientists.jpg(933636);them.zip(420888);papers.jpg(64892)300.pdf(1841764)staff.doc(90192)newspapers.pdf(1221511);sharing.txt(704990)apart.txt(522637);time.pdf(1945102)prince.jpg(530044);prince.doc(388952)helped.pdf(718976);applied.doc(599755)local.exe(673125),26419862,24,0.9999997058824394,0.0,0.15
ZAD1035,2010-01-04,3,3,0,0,,77742,2,0.9999966666777778,0.0,0.15
ZAD1345,2010-01-04,20,20,4,0,girder.jpg(766661);left.pdf(379481)development.txt(714181);deputy.exe(874763)germany.doc(830681);no.exe(580925);valid.zip(1115607)tokyo.txt(1986562)new.zip(935269)directly.txt(417930)options.zip(778160),9976258,16,0.9999995000002501,0.0,0.15
ZAD1621,2010-01-04,33,33,0,0,distribution.pdf(385642)centre.doc(1409742);held.jpg(765099)1880s.pdf(1403518)luther.jpg(1112923);l.doc(405014)gale.zip(226070);most.txt(460950);6.exe(1671212);07p.txt(1349030);time.pdf(319342)occasionally.exe(454308)advantage.doc(1150248),12220875,31,0.9999996969697887,0.0,0.15
ZAH0598,2010-01-04,12,12,1,0,walls.jpg(753224);run.jpg(1224522)system.doc(802457)delegates.jpg(224108);poor.zip(1289432);suspend.doc(90517)keith.doc(959261);cougars.zip(1281293)between.zip(534707),7563514,11,0.9999991666673611,0.0,0.15
ZAR0235,2010-01-04,79,79,8,0,fort.jpg(1409355);2008.txt(2491196)of.doc(241879);william.zip(711111)densities.zip(449339);significantly.zip(1342820);7.zip(495555);50000.pdf(2014568)hermanus.txt(545004);realizing.txt(1497117);each.pdf(379897);most.doc(307635);part.zip(936837)summer.pdf(37273);valley.jpg(1098319)since.exe(547688)compared.doc(1729585)declared.exe(1901814)supported.doc(798172)man.exe(1171152);delivered.pdf(715891)gap.txt(456729)father.jpg(704756);newspaper.txt(448036)realize.pdf(1911276);under.doc(1305372)while.jpg(135977)did.doc(66659)on.exe(768015)now.jpg(913397)retreated.txt(1202270)indies.doc(1317347);cautiously.txt(854083);boarded.txt(395205)gone.pdf(121284);gundalow.txt(154602),34017334,67,0.9999998734177376,0.0,0.15
ZBC0291,2010-01-04,27,27,0,0,month.pdf(1634330);mbar.doc(1008495);from.zip(491031)lover.txt(376932)permit.pdf(126988)spectators.pdf(2167584)treaty.exe(931252)tumbling.jpg(754762);approximately.exe(42130)tumbling.jpg(754762);approximately.exe(42130)though.pdf(541027)though.pdf(541027),10179489,16,0.9999996296297669,0.0,0.15
ZBG0938,2010-01-04,24,24,0,0,up.txt(2512737);235.zip(729241)attracts.jpg(1541547)penetrating.zip(1808669)culture.doc(196356)pearsons.exe(1377485);1904.txt(854604)them.jpg(1505550)fair.zip(1090742)complete.exe(803767),13274351,21,0.9999995833335069,0.0,0.15
ZCB0983,2010-01-04,15,15,0,0,if.pdf(505084);a.exe(2338165),3285546,15,0.9999993333337778,0.0,0.15
ZDH1266,2010-01-04,2,2,0,0,resolves.jpg(1558821);darker.pdf(2080688)solange.txt(493161);trunks.txt(63125),4281585,2,0.9999950000249999,0.0,0.15
ZEH0685,2010-01-04,21,21,3,0,committee.jpg(1207336)about.zip(856824),2710854,18,0.9999995238097505,0.0,0.15
ZEP0543,2010-01-04,24,24,9,0,chapels.pdf(1071613);21.txt(727874)database.txt(2391029)last.doc(355755);furniture.zip(1120012);controls.zip(975250)restlessness.txt(746874);trials.pdf(1131502)subject.jpg(364695)bad.zip(1057527)10000.jpg(327151);tennessee.txt(1196120);ten.doc(1766418);twelve.zip(719202)portage.zip(290895)mis.txt(824869);lore.txt(1692229);sorcerers.exe(2042594),19532410,20,0.9999995833335069,0.0,0.15
ZHB1104,2010-01-04,8,8,1,0,solange.txt(493161);trunks.txt(63125)attributes.doc(1687936),2518074,7,0.9999987500015626,0.0,0.15
ZHP0989,2010-01-04,32,32,0,0,called.exe(1301966)twelve.exe(1360772)episode.pdf(1526489)surgeon.doc(698497)surgeon.doc(698497)guerre.jpg(934004)fly.zip(643630);law.doc(174785);recalled.jpg(714394)guerre.jpg(934004)fly.zip(643630);law.doc(174785);recalled.jpg(714394)upgraded.txt(544652)allowed.pdf(207313);cancer.txt(530937);time.doc(1190920)allowed.pdf(207313);cancer.txt(530937);time.doc(1190920)sides.zip(258253),16091397,21,0.9999996875000976,0.0,0.15
ZHR0596,2010-01-02,2,2,0,2,main.doc(1448712);two.exe(1503218)main.doc(1448712);two.exe(1503218),5966020,1,0.9999950000249999,0.0,0.15
ZHR0596,2010-01-03,2,2,0,2,,30586,1,0.9999950000249999,0.0,0.15
ZHR0596,2010-01-04,3,3,0,0,all.exe(271932),388179,3,0.9999966666777778,0.0,0.15
ZIE0741,2010-01-04,18,18,1,0,prince.txt(334241);prince.doc(228277);ankh.pdf(361680);ankh.jpg(416012);prince.exe(1304416);prince1.exe(11669);ankh2.pdf(655172)road.zip(1820997),5694101,16,0.9999994444447531,0.0,0.15
ZIN1633,2010-01-04,9,9,0,0,northeastern.jpg(1228822);385.zip(257584);miles.jpg(259260)followed.doc(48309);whole.jpg(569709)last.zip(1895444);expertly.zip(1183793);last.exe(1015876),6736684,8,0.9999988888901234,0.0,0.15
ZJN1492,2010-01-04,24,24,0,0,months.zip(2465090);pierce.exe(517067);consistently.doc(1569987)east.exe(1291096)historical.zip(696987);maymun.txt(604252);returned.pdf(241377)declared.zip(185761);bluntly.jpg(764141);would.exe(1607840);accumulating.doc(1145005)english.jpg(1549198)15.zip(228476)costumes.pdf(1062374),14679022,21,0.9999995833335069,0.0,0.15
ZJT1601,2010-01-04,43,43,0,0,sector.pdf(235620);since.jpg(1099219)conference.doc(294347)eastern.txt(1852453)eastern.txt(1852453)take.zip(1047165)take.zip(1047165)skirmishers.exe(1310321)skirmishers.exe(1310321)city.txt(2227947);set.pdf(905268);prior.jpg(885290)holds.zip(607280);14th.doc(2101310);americans.txt(134624)holds.zip(607280);14th.doc(2101310);americans.txt(134624)during.doc(1220691);constructed.jpg(250973),22534719,30,0.9999997674419144,0.0,0.15
ZKH0164,2010-01-04,13,13,0,0,,386346,12,0.9999992307698226,0.0,0.15
ZKP0542,2010-01-04,24,24,2,0,caught.pdf(506813)1935.pdf(149956);1935.txt(264265);cut.zip(187457)amount.txt(1182508)reputation.pdf(544035);grew.exe(810245)advice.doc(1036475)popular.pdf(1863002);weather.exe(881346)ellipsoids.exe(507659),8619897,22,0.9999995833335069,0.0,0.15
ZLM1418,2010-01-04,13,13,2,0,century.pdf(2023081);cultural.zip(1582404)rank.zip(17485);given.jpg(205043)rank.zip(17485);given.jpg(205043),4367320,8,0.9999992307698226,0.0,0.15
ZNP1565,2010-01-04,29,29,0,0,around.doc(1429400)owing.doc(1026027);competition.jpg(659342)horse.zip(10841);before.doc(1112212)lake.zip(762459);fired.exe(405350);sometimes.jpg(860786);paranoid.pdf(824711);letters.zip(881285)case.exe(1590636)centre.doc(143111);city.exe(663038)relax.doc(815821),12134605,26,0.9999996551725328,0.0,0.15
ZOC0154,2010-01-04,5,5,2,0,among.doc(721426);male.zip(1215446),2060698,5,0.9999980000040001,0.0,0.15
ZOF1559,2010-01-04,22,22,1,0,24.exe(1071501);need.doc(391275);nations.pdf(1561603)cross.pdf(1601478);but.doc(2031610);but.txt(471476)pressure.doc(183643)across.txt(402709);low.zip(587782);incorporated.jpg(803589),9719888,19,0.9999995454547521,0.0,0.15
ZPG1909,2010-01-04,5,5,0,0,prolonged.doc(528170)beasts.jpg(905707);shield.jpg(1603020),3196776,5,0.9999980000040001,0.0,0.15
ZRF1980,2010-01-04,11,11,0,0,coaxing.pdf(349483);photograph.txt(141643)council.zip(940328);out.jpg(588927);privy.zip(685818)too.jpg(867924);these.pdf(270825)denotes.exe(209438),4431432,9,0.9999990909099173,0.0,0.15
ZUR1449,2010-01-04,24,24,2,0,freezes.zip(406913)with.txt(259014);with1.txt(1054705);contest.zip(450449);fourth.pdf(1160474);aaat.doc(1049725)television.txt(562095);forced.jpg(1116878)participate.doc(1389649);signs.zip(90040)luz.zip(112772)bush.zip(955513)be.doc(816088),10165054,21,0.9999995833335069,0.0,0.15
ZVW1475,2010-01-04,7,7,0,0,inculcate.jpg(1125237);among.jpg(810299);humanity.zip(255513)game.doc(481677);universally.pdf(799920)mid.jpg(835397);long.zip(1442843),5984742,7,0.9999985714306123,0.0,0.15
ZWS0755,2010-01-04,21,21,1,0,prince.zip(397462);prince1.zip(113517)futurity.zip(1205558);nor.jpg(1454726)coronation.doc(1058540)prince.txt(513443);prince.doc(82383)300.doc(396399);drum.txt(518906);bulu.exe(1668566);addition.pdf(1043571);technically.pdf(1135099)lists.txt(499330)overall.txt(1106584);interceptor.doc(74838);entirely.pdf(1307826);world.doc(618707);8.jpg(249876),14132796,18,0.9999995238097505,0.0,0.15
ZXR1452,2010-01-04,27,27,3,0,show.doc(1705231);nevertheless.zip(394106);three.exe(1504700)style.exe(1368311)with.txt(259014);with1.txt(1054705);contest.zip(450449);fourth.pdf(1160474);aaat.doc(1049725)sub.doc(215521);employed.zip(418882)decision.txt(355544)boston.zip(717434);provincial.jpg(1103617);any.zip(1493021)reached.txt(1742549),15832722,25,0.9999996296297669,0.0,0.15
